8.998833072837442e-05,9.109899110626429e-05,9.034743561642244e-05,8.654317207401618e-05,7.939884380903095e-05,6.96032220730558e-05,5.8342309785075486e-05,4.688966873800382e-05
3.6408215237315744e-05,2.77924718830036e-05,2.1489935534191318e-05,1.7477552319178358e-05
1.5463745512533933e-05,1.5117446309886873e-05,1.623913885850925e-05,1.890228122647386e-05
2.346949440834578e-05
3.037365422642324e-05,3.976346488343552e-05,5.1345632527954876e-05,6.457985000452027e-05,7.885818195063621e-05,9.332929039373994e-05,0.00010654433572199196,0.0001164692803286016,0.00012118693121010438,0.00011973567598033696,0.0001123516631196253,0.00010016294982051477,8.478452218696475e-05,6.795307126594707e-05,5.1152142987120897e-05,3.548117820173502e-05
2.185144148825202e-05,1.112564768845914e-05,3.969074441556586e-06,5.147350634615577e-07,1.739848727311255e-07,1.8682607105802163e-06,4.513998646871187e-06
7.313517926377244e-06,9.71389908954734e-06,1.1297795026621316e-05,1.1831193660327699e-05
1.138538482337026e-05,1.0265038326906506e-05,8.910612450563349e-06,7.810439456079621e-06
7.056966751406435e-06,6.181016942718998e-06,4.8930874072539154e-06,3.723713916770066e-06
3.4901261187769705e-06,4.6964942157501355e-06,7.371212177531561e-06,1.0633754754962865e-05
1.3361711353354622e-05,1.5627369066351093e-05,1.847116436692886e-05,2.243072958663106e-05
2.699399738048669e-05,3.155077502015047e-05,3.63710532838013e-05
4.2054503865074366e-05,4.814482235815376e-05,5.2957984735257924e-05,5.5378051911247894e-05
5.657043948303908e-05,5.903071360080503e-05,6.398497498594224e-05,7.015212759142742e-05,7.488572737202048e-05,7.659907714696601e-05,7.587822619825602e-05,7.409608224406838e-05
7.181312685133889e-05,6.871218647575006e-05,6.440053402911872e-05,5.905664147576317e-05,5.335871173883788e-05,4.800994793185964e-05,4.357709622127004e-05,4.043311855639331e-05,3.840481804218143e-05,3.6548641219269484e-05,3.373113941051997e-05
2.9916684070485644e-05,2.6665282348403707e-05,2.6009156499640085e-05,2.9123320928192697e-05
3.5687044146470726e-05,4.384004569146782e-05,5.109044286655262e-05,5.5404358136001974e-05
5.5944710766198114e-05,5.377659181249328e-05,5.112060171086341e-05,4.8871115723159164e-05
4.5743599912384525e-05,4.077431367477402e-05,3.573251160560176e-05,3.3796921343309805e-05
3.643278978415765e-05,4.2097148252651095e-05,4.74041371489875e-05,5.0503389502409846e-05
5.3117822972126305e-05,5.7635650591691956e-05,6.340991239994764e-05
6.678765203105286e-05,6.44000101601705e-05,5.6499608035665005e-05,4.608719973475672e-05
3.554091017576866e-05,2.5556975742802024e-05,1.6257043171208352e-05,8.318985237565357e-06,2.8624822334677447e-06,3.498743978980201e-07,8.782414084862467e-08,8.898429086912074e-07
2.072768893413013e-06,3.6115282000537263e-06,5.370686722017126e-06,6.396678145392798e-06
5.748766398028238e-06,3.964821189583745e-06,2.312090600753436e-06,1.3431649676931556e-06,9.593117056283518e-07,9.90811258816393e-07,1.3974699868413154e-06
2.182708840337e-06,3.3253434139624005e-06,4.946286480844719e-06,7.47978629078716e-06
1.1522346540004946e-05,1.7394586393493228e-05,2.473948734404985e-05,3.2294137781718746e-05
3.832889342447743e-05,4.209466351312585e-05,4.43792887381278e-05,4.6257293433882296e-05
4.7794252168387175e-05,4.852514757658355e-05,4.878515028394759e-05,4.938575511914678e-05
5.0347829528618604e-05,5.087109457235783e-05,-0.007131585385650396,-0.007195342797785997
-0.007425147108733654,-0.007798530161380768,-0.0081946961581707
-0.008526220917701721,-0.008817631751298904,-0.009143741801381111,-0.009532532654702663,-0.009937185794115067,-0.010266462340950966,-0.010421732440590858,-0.01032651774585247
-0.00997606385499239,-0.009437983855605125,-0.008768852800130844,-0.007979716174304485
-0.007090929429978132,-0.006175368092954159,-0.005355158820748329,-0.004768285434693098
-0.0045018503442406654,-0.004522073548287153,-0.00468883803114295,-0.004867182578891516
-0.005025949329137802,-0.005226445849984884,-0.005507112946361303
-0.005821065045893192,-0.0060956948436796665,-0.006295591127127409,-0.006440140772610903
-0.006575553212314844,-0.006739798933267593,-0.006956950761377811,-0.007208043709397316
-0.007402032148092985,-0.0074111083522439,-0.007162768859416246,-0.006694909650832415
-0.0060929046012461185,-0.005408235359936953,-0.004659358412027359,-0.003865150734782219
-0.003049134276807308,-0.002223092596977949,-0.0014001796953380108,-0.0006301889661699533
1.4714431017637253e-05,0.0004981373203918338,0.0008455492206849158
0.001116191386245191,0.001346828998066485,0.0015144129283726215,0.001558445394039154
0.0014504267601296306,0.001245414838194847,0.0010486075188964605,0.0009270879672840238,0.0008668663795106113,0.0008305051596835256,0.0008500242256559432,0.0010054296581074595
0.0013111528242006898,0.0016919985646381974,0.0020850361324846745,0.002528849057853222
0.003113481681793928,0.003855874063447118,0.004657744895666838,0.0053747789934277534,0.0059295957908034325,0.006361689884215593,0.006754853297024965
0.007130191195756197,0.007432975340634584,0.0076278760097920895,0.007776780519634485
0.007985172793269157,0.008286561816930771,0.008617345243692398,0.008891952224075794
0.009073127061128616,0.009169816970825195,0.009180614724755287,0.0090560307726264
0.008729871362447739,0.008194269612431526,0.007520412094891071,0.0067927115596830845
0.006050257943570614,0.005297976545989513,0.004556525964289904,0.00389223825186491
0.0034029120579361916,0.0031767464242875576,0.0032515530474483967
0.0035996155347675085,0.004144599195569754,0.004787167999893427,0.0054472386837005615
0.006106499116867781,0.006777020171284676,0.007426856551319361,0.007953528314828873,0.008247106336057186
0.008283430710434914,0.00812455452978611,0.007845776155591011,0.007479751016944647
0.007025387138128281,0.006524669472128153,0.006100426893681288,0.005892869550734758
0.0059591117314994335,0.006218329071998596,0.006527959369122982,0.00682736374437809
0.007160180248320103,0.007570535875856876,0.007996790111064911,0.008251190185546875
0.008128993213176727,0.00755327008664608,0.006609691772609949,0.005452412646263838
0.0041825599037110806,0.002836514264345169,0.0014811637811362743,0.00026696640998125076,-0.0006282805115915835,-0.0011148552875965834,-0.0012537423754110932,-0.0011906253639608622
-0.0010400452883914113,-0.0008242611074820161,-0.0005116087850183249,-0.00011446891585364938,0.0002748163533397019,0.0005260785692371428,0.0005365997785702348,0.00028990322607569396
-0.00014115238445810974
-0.0006583402864634991,-0.0012295205378904939,-0.0019146096892654896,-0.0027736600022763014
-0.0037673115730285645,-0.0047574592754244804,-0.005599202588200569,-0.0062384093180298805
-0.006709107663482428,-0.007051859982311726,-0.007256016600877047,-0.007261410355567932
-0.007027478888630867,-0.006604405585676432,-0.006120010744780302,-0.005724472925066948
-0.0055336859077215195,-0.005591561086475849,-0.005889615043997765,-0.0064067598432302475
-0.007123785093426704,-0.008005533367395401,-0.008973199874162674
-0.009921398013830185,-0.010751958936452866,-0.011368055827915668,-0.011687204241752625
-0.011684845201671124,-0.011387195438146591,-0.010823697783052921,-0.010011286474764347
-0.008986643515527248,-0.007832718081772327,-0.006676694378256798,-0.005675781052559614
-0.004957693163305521,-0.004556835163384676,-0.004434972535818815,-0.004547763615846634
-0.004883220419287682,-0.005446869879961014,-0.0062074363231658936,-0.007070534862577915
-0.007915511727333069,-0.008645673282444477,-0.009211251512169838
-0.009594672359526157,-0.009774464182555676,-0.009731924161314964,-0.009497474879026413
-0.009152088314294815,-0.008767078630626202,-0.008357127197086811,-0.00790637731552124
-0.007426641881465912,-0.006966672837734222,-0.006569340825080872,-0.006234386470168829,-0.005920313764363527,-0.0055717602372169495,-0.005143402144312859,-0.004603747744113207
-0.003923893440514803,-0.0030688070692121983,-0.002020013751462102,-0.0008206435013562441,0.0004250219790264964,0.0015985860954970121,0.0026068841107189655
0.0033927629701793194,0.003924141637980938,0.004197671078145504,0.004245017655193806
0.004116306081414223,0.003868396859616041,0.003550098743289709,0.0031933600548654795
0.0028279677499085665,0.0024859008844941854,0.002195548266172409,0.001979332184419036
0.0018626826349645853,0.0018917302368208766,0.002127030398696661,0.0026110862381756306
0.00333132641389966,0.004207949619740248,0.005134560167789459,0.006028716452419758
0.006835243199020624,0.0075083584524691105,0.00800563208758831
0.008297031745314598,0.008384771645069122,0.008297000080347061,0.008060356602072716
0.007706610951572657,0.00730289937928319,0.006953009869903326,0.006755869835615158
0.006748149171471596,0.006889450363814831,0.007109990809112787,0.007367089856415987
0.00765698216855526,0.007961282506585121,0.008193746209144592,0.008233185857534409
0.00800669752061367,0.007540922146290541,0.006938701029866934,0.0063117025420069695
0.005743915680795908,0.0053025828674435616,0.005058044567704201
0.0050681279972195625,0.0053305537439882755,0.005768229253590107,0.006278411019593477
0.006788269616663456,0.007250999100506306,0.00761146517470479,0.007814999669790268
0.007843577302992344,0.007724669296294451,0.00751311844214797,0.007262649480253458,0.007001766003668308,0.006721859332174063,0.006390039809048176,0.005996474530547857,0.005584675818681717,0.00521773099899292,0.004926192108541727,0.004704934079200029,0.004551505204290152,0.004484680015593767,0.0045191505923867226
0.004636568482965231,0.004791366867721081,0.004940284416079521,0.005045198369771242
0.005050117149949074,0.004891198594123125,0.004528299905359745,0.003959351684898138
0.003219920676201582,0.0023653858806937933,0.0014487805310636759,0.0005186746129766107
-0.0003680072259157896,-0.0011397002963349223,-0.0017300047911703587,-0.002113152062520385
-0.002316805999726057,-0.002399783581495285,-0.0024168742820620537,-0.002401827834546566
-0.002373887225985527,-0.0023513883352279663,-0.0023662149906158447
-0.002459969837218523,-0.002656636293977499,-0.00294798007234931,-0.003305866150185466
-0.003708642441779375,-0.00416168849915266,-0.004680781625211239,-0.005254226736724377
-0.005832454189658165,-0.006349335890263319,-0.006753197871148586,-0.007021700963377953
-0.007153377868235111,-0.007154877297580242,-0.00704085873439908,-0.00684988871216774
-0.006645597983151674,-0.0064860498532652855,-0.00639970600605011,-0.006400940474122763
-0.006518826819956303,-0.006787741556763649,-0.007206522859632969
-0.007719886023551226,-0.008248751983046532,-0.008734998293220997,-0.009139364585280418
-0.009398944675922394,-0.009423717856407166,-0.009155193343758583,-0.008608410134911537,-0.007849248126149178,-0.006956730503588915,-0.0060227918438613415,-0.005171790719032288
-0.004543167073279619,-0.0042282878421247005,-0.004229497164487839,-0.004487375728785992
-0.0049354201182723045,-0.005527227185666561,-0.006224372424185276,-0.006966698914766312,-0.007661625277251005,-0.00821717455983162,-0.00859885849058628
-0.008846569806337357,-0.00902344286441803,-0.009153575636446476,-0.009208695963025093
-0.009145749732851982,-0.00895153172314167,-0.008644159883260727,-0.008243538439273834
-0.007762136869132519,-0.007223224733024836,-0.006666652392596006,-0.006125633604824543
-0.005603629630059004,-0.0050703976303339005,-0.0044883848167955875,-0.0038524200208485126,-0.0031824465841054916,-0.002480638213455677,-0.001722213113680482,-0.0008896244689822197,-9.89600084722042e-06,0.0008499083342030644,0.0016277696704491973,0.0022960747592151165
0.002849317854270339,0.0032753641717135906,0.0035401424393057823,0.003603411838412285,0.0034574868623167276,0.0031463680788874626,0.0027358545921742916,0.002276024082675576
0.0018071234226226807,0.0013859661994501948,0.0010848529636859894,0.0009629102423787117,0.0010508664418011904,0.0013630141038447618,0.0019051276613026857,0.0026587573811411858
0.003564201295375824,0.004540201276540756,0.005523678846657276,0.0064817992970347404
0.007397265639156103,0.0082494355738163
0.009003901854157448,0.00961250625550747,0.01002386212348938,0.010207800194621086
0.010173354297876358,0.009958462789654732,0.009604561142623425,0.009149407967925072
0.008641836233437061,0.008140623569488525,0.0076902383007109165,0.007303521037101746
0.006964301224797964,0.006641505751758814,0.00630174158141017,0.0059186420403420925,0.0054826894775033,0.005014440510421991,0.0045721749775111675,0.004236162174493074,0.004073446616530418,0.004105987027287483,0.004314584657549858
0.00467524491250515,0.0051741693168878555,0.005788453854620457,0.006467226892709732
0.007136174477636814,0.007726836949586868,0.008201399818062782,0.008549136109650135
0.008774122223258018,0.008891554549336433,0.008921559900045395,0.008879678323864937
0.008777164854109287,0.008627297356724739,0.008446531370282173,0.008247911930084229
0.008033975958824158,0.007797995116561651,0.007534389849752188,0.007245910819619894
0.0069321258924901485,0.0065795741975307465,0.006176710594445467
0.005732025485485792,0.005267055705189705,0.0047841682098805904,0.004246626980602741
0.0036108556669205427,0.0028818012215197086,0.0021253565791994333,0.001428902382031083
0.0008475992362946272,0.00037722522392868996,-2.560130087658763e-05,-0.0004025533562526107
-0.0007684982265345752,-0.0011083120480179787,-0.0013899565674364567,-0.0015888719353824854
-0.0017100581899285316,-0.001787010463885963,-0.0018568543018773198,-0.0019369854126125574
-0.0020257700234651566,-0.0021293023601174355,-0.002279701642692089
-0.0025113974697887897,-0.002832753350958228,-0.0032343086786568165,-0.0037101421039551497,-0.004264465533196926,-0.004895397461950779,-0.005567882210016251,-0.006214769557118416
-0.006775600370019674,-0.007233907002955675,-0.007619084790349007,-0.007969831116497517
-0.00829035509377718,-0.008546644821763039,-0.008709333837032318,-0.008792425505816936
-0.008846928365528584,-0.008927252143621445,-0.009061723947525024,-0.00924677588045597
-0.009465081617236137,-0.009695645421743393,-0.009912517853081226
-0.010090137831866741,-0.010207838378846645,-0.010250169783830643,-0.010198746807873249
-0.010018005967140198,-0.009662671945989132,-0.00910898856818676,-0.008378641679883003
-0.007542237173765898,-0.006702244281768799,-0.00595285976305604,-0.005346887279301882
-0.004900053609162569,-0.004609229043126106,-0.0044621615670621395,-0.004441539756953716
-0.004524288699030876,-0.0046831537038087845,-0.004895355552434921,-0.005152157507836819
-0.005453853867948055,-0.005791494622826576,-0.006145341321825981
-0.0065023512579500675,-0.006864633411169052,-0.007238459773361683,-0.007617318537086248
-0.00797966867685318,-0.008296821266412735,-0.008527848869562149,-0.00861409306526184
-0.008500183001160622,-0.008163622580468655,-0.007619176525622606,-0.0069000450894236565
-0.006038037594407797,-0.00505701033398509,-0.003981691785156727,-0.002847264986485243
-0.0016930014826357365,-0.0005499713588505983,0.0005516618839465082,0.0015646107494831085
0.0024286105763167143,0.0030949339270591736,0.0035466293338686228
0.0037999225314706564,0.0038860784843564034,0.003830274799838662,0.0036472943611443043,0.003358992747962475,0.003012878354638815,0.0026742753107100725,0.0024020702112466097,0.00223750458098948,0.0022086165845394135,0.002335864584892988,0.0026259543374180794
0.003058373462408781,0.00358798960223794,0.004166517872363329,0.004759007133543491
0.005344434641301632,0.005913800559937954,0.006467191036790609,0.0070015923120081425,0.007503724191337824,0.007958059199154377,0.00835081934928894
0.008658453822135925,0.008846353739500046,0.008887721225619316,0.00877976045012474
0.008547785691916943,0.008232234045863152,0.007867636159062386,0.007480064406991005,0.007096961140632629,0.0067438604310154915,0.006433544214814901,0.0061559234745800495
0.005863359197974205,0.005491042044013739,0.005021759774535894,0.004511231556534767
0.004047038499265909,0.0036957741249352694,0.0034813573583960533,0.0034089486580342054,0.003491267329081893,0.0037386089097708464,0.004141229670494795
0.00466474425047636,0.005253634415566921,0.005841967649757862,0.006365056149661541
0.006770378444343805,0.007036414463073015,0.007182377390563488,0.007250644266605377
0.007290427573025227,0.007344631012529135,0.007427562959492207,0.007523925043642521
0.0076049985364079475,0.007647328544408083,0.007646417245268822,0.007603845093399286
0.007518060505390167,0.007390143815428019,0.007218695245683193,0.006998773664236069
0.0067236050963401794,0.006386259105056524,0.0059900046326220036
0.005540213547646999,0.005023425444960594,0.004410332068800926,0.003683257382363081
0.00286325765773654,0.00200770515948534,0.0011844092514365911,0.0004540509544312954
-0.00013998686335980892,-0.0005784325767308474,-0.000861590204294771,-0.001001942902803421
-0.0010192720219492912,-0.0009433809318579733,-0.0008212669636122882
-0.0007057205075398088,-0.0006327692535705864,-0.0006196494796313345,-0.0006802192656323314,-0.0008303290815092623,-0.0010840343311429024,-0.0014523528516292572,-0.0019341647857800126,-0.002501718234270811,-0.0031005539931356907,-0.0036706863902509212,-0.004172724671661854
-0.004599668085575104,-0.0049712639302015305,-0.0053120763041079044,-0.005635011475533247
-0.005944331642240286,-0.00623888336122036,-0.006517334375530481,-0.006783604621887207
-0.0070435176603496075,-0.0073082647286355495,-0.007592890411615372,-0.007901033386588097
-0.008219081908464432,-0.008521756157279015,-0.008786819875240326,-0.009008511900901794
-0.009189242497086525,-0.00933060422539711,-0.009438738226890564
-0.00952335074543953,-0.009580468758940697,-0.009567813947796822,-0.009407293982803822,-0.009032529778778553,-0.008436789736151695,-0.0076769678853452206,-0.006843033246695995,-0.006030874792486429,-0.00533120846375823,-0.004817656707018614,-0.004530446138232946
-0.0044681536965072155,-0.004595449194312096,-0.004859355743974447,-0.0052031781524419785
-0.005576025694608688,-0.005934201646596193,-0.006242914125323296,-0.006487867794930935
-0.0066807689145207405,-0.006847694981843233,-0.007014285307377577
-0.007201049011200666,-0.007414763327687979,-0.007639716379344463,-0.007860531099140644,-0.008071796968579292,-0.008252348750829697,-0.008370762690901756,-0.008394354023039341
-0.008279863744974136,-0.007990182377398014,-0.007506451569497585,-0.006826505996286869
-0.005968037527054548,-0.004960919730365276,-0.0038391519337892532,-0.002640245482325554
-0.001403511269018054,-0.00017308187671005726,0.0010009643156081438,0.0020679014269262552
0.0029775924049317837,0.003683514427393675,0.004135882016271353
0.004279169719666243,0.00409577414393425,0.003638854017481208,0.0030068738851696253
0.0023008668795228004,0.0015898561105132103,0.000914440955966711,0.00032973347697407007
-7.986684795469046e-05,-0.0002344658423680812,-9.017760748974979e-05,0.0003604613884817809,0.0010938566410914063,0.002054025884717703,0.0031618508510291576,0.0043266224674880505
0.005458787549287081,0.00649041123688221,0.007372332736849785,0.008056432008743286,0.008508775383234024,0.008729735389351845,0.008751900866627693
0.008628299459815025,0.008406476117670536,0.008117472752928734,0.007795924320816994
0.007491971831768751,0.007258445490151644,0.0071264649741351604,0.007104473654180765
0.007191654294729233,0.007390378043055534,0.00769303273409605,0.008028829470276833
0.00828179158270359,0.00836113840341568,0.008230725303292274,0.007913238368928432
0.0074609932489693165,0.006934421602636576,0.006394599098712206,0.005886325612664223
0.005453441292047501,0.005153278820216656,0.005039359908550978
0.005132211837917566,0.005402145441621542,0.005800783634185791,0.0062940651550889015
0.00684758648276329,0.007417221087962389,0.007959520444273949,0.008438097313046455
0.00882571842521429,0.00909830816090107,0.009229972958564758,0.009199624881148338
0.009009502828121185,0.008690087124705315,0.008269745856523514,0.007753617130219936
0.00714045949280262,0.006443873979151249,0.005699761211872101,0.004960099700838327
0.00427024532109499,0.0036522499285638332,0.003112237202003598
0.0026561967097222805,0.0023004678077995777,0.002060788683593273,0.001928683021105826
0.001868336577899754,0.0018215536838397384,0.0017317989841103554,0.001579150790348649
0.0013638566015288234,0.001087874872609973,0.0007610731991007924,0.00039292493602260947
-8.256174623966217e-07,-0.0003971292171627283,-0.0007806374924257398,-0.0011461214162409306
-0.0014960609842091799,-0.001832658308558166,-0.0021597964223474264,-0.0024862366262823343
-0.002826204989105463,-0.0032023638486862183,-0.0036295491736382246
-0.004107152111828327,-0.004627412185072899,-0.00517831277102232,-0.005747104063630104,-0.006317955441772938,-0.006867565680295229,-0.0073685115203261375,-0.007798796519637108
-0.008151380345225334,-0.008427804335951805,-0.008631477132439613,-0.008761711418628693,-0.008799850009381771,-0.008721381425857544,-0.008522968739271164,-0.008238567039370537
-0.007922748103737831,-0.007617100607603788,-0.007366541773080826,-0.007230456918478012,-0.007256580051034689,-0.007471640594303608,-0.007870920933783054
-0.008419289253652096,-0.009050970897078514,-0.009646708145737648,-0.010063622146844864
-0.010202774778008461,-0.01004121545702219,-0.009617523290216923,-0.008995866402983665
-0.008252854458987713,-0.007475102785974741,-0.0067406902089715,-0.006100326310843229
-0.005574059206992388,-0.005170243326574564,-0.004897287115454674,-0.004751266445964575
-0.0047161765396595,-0.0047820997424423695,-0.004949011839926243,-0.0052117551676929
-0.0055543119087815285,-0.005953056737780571,-0.006378456950187683
-0.006807308178395033,-0.007223305758088827,-0.007603791542351246,-0.007918337360024452,-0.008121779188513756,-0.008150875568389893,-0.007953546941280365,-0.007509555667638779
-0.00681504188105464,-0.005879528354853392,-0.004743262194097042,-0.003479713574051857
-0.002188002923503518,-0.0009777136147022247,6.146496161818504e-05,0.0008822527015581727
0.0014772547874599695,0.0018730796873569489,0.002122982405126095,0.0022776734549552202
0.0023778376635164022,0.0024742698296904564,0.0026128944009542465
0.002816390711814165,0.003086080076172948,0.0033927252516150475,0.003681253409013152
0.0038897639606148005,0.003976592794060707,0.003949357196688652,0.0038436278700828552
0.003676935099065304,0.0034507911186665297,0.0031869288068264723,0.0029384843073785305
0.002763188211247325,0.002690352965146303,0.002713194815441966,0.002810567384585738
0.002976846182718873,0.00322899897582829
5.084519216325134e-05,4.4759690354112536e-05,3.987708987551741e-05,3.6718651244882494e-05,3.53575378539972e-05,3.5665230825543404e-05,3.74811643268913e-05,4.070117574883625e-05,4.514057582127862e-05,5.025905920774676e-05,5.514385338756256e-05,5.88256043556612e-05
6.056575875845738e-05,5.993993181618862e-05,5.685840005753562e-05,5.158389103598893e-05,4.4669777707895264e-05,3.6801186070078984e-05
2.864792986656539e-05,2.0837065676460043e-05,1.3918187505623791e-05,8.284329851449002e-06,4.175195044808788e-06,1.6260078155028168e-06,3.853125178920891e-07,1.2652330738660567e-08
5.341301445582758e-08,1.6347034659247583e-07,1.6743123865126108e-07,6.718136091876659e-08
1.4578572724022187e-11,9.276391921275717e-08,3.026711112852354e-07,4.354001248429995e-07,3.420004759391304e-07,9.106997822527774e-08,3.718418994935746e-08,7.631236940142117e-07
2.823124759743223e-06,6.4050627770484425e-06,1.1157188055221923e-05
1.6263047655229457e-05,2.0809471607208252e-05,2.4265174943138845e-05,2.662755287019536e-05,2.821171801770106e-05,2.937369754363317e-05,3.037235546798911e-05,3.141330671496689e-05
3.273591573815793e-05,3.465455665718764e-05,3.749672760022804e-05,4.135724884690717e-05
4.595779682858847e-05,5.089568003313616e-05,5.58835054107476e-05,6.0698883316945285e-05,6.514344568131492e-05,6.907193892402574e-05,7.240731065394357e-05,7.516538607887924e-05
7.75309672462754e-05,7.993949111551046e-05
8.286895172204822e-05,8.633868128526956e-05,8.942240674514323e-05,9.031470108311623e-05,8.744806837057695e-05,8.074125071289018e-05,7.162421388784423e-05,6.210264109540731e-05
5.383150346460752e-05,4.7681631258456036e-05,4.382523547974415e-05,4.203408752800897e-05
4.1910050640581176e-05,4.299193460610695e-05,4.470363273867406e-05,4.6301287511596456e-05
4.712767986347899e-05,4.6946228394517675e-05,4.594285928760655e-05,4.45008699898608e-05
4.2940257117152214e-05,4.1426628740737215e-05,4.0248556615551934e-05
4.006245217169635e-05,4.1664348827907816e-05,4.5511118514696136e-05,5.131964644533582e-05,5.802845043945126e-05,6.432231748476624e-05,6.922227476025e-05,7.206462032627314e-05,7.21346223144792e-05,6.868810305604711e-05,6.140155164757743e-05,5.0795424613170326e-05
3.8271406083367765e-05,2.5669465685496107e-05,1.4697169717692304e-05,6.544404641317669e-06
1.6999160834529903e-06,1.3993368241926873e-08,9.302860917159705e-07,3.6837623156316113e-06
7.4349864007672295e-06,1.131998942582868e-05,1.446706028218614e-05
1.6137981219799258e-05,1.5958294170559384e-05,1.4134847333480138e-05,1.1387362974346615e-05
8.486750630254392e-06,5.9107942433911376e-06,3.866731276502833e-06,2.416813913441729e-06
1.5347293356171576e-06,1.1199816754015046e-06,1.0538279866523226e-06,1.2797216868420946e-06
1.833304168030736e-06,2.8234553610673174e-06,4.395695214043371e-06,6.701470283587696e-06
9.888061867968645e-06,1.410131881129928e-05,1.948377030203119e-05,2.6175379389314912e-05
3.428604395594448e-05,4.3818774429382756e-05,5.462037370307371e-05
6.639003549935296e-05,7.87358294473961e-05,9.11276729311794e-05,0.00010259349073749036
0.0001115825361921452,0.00011639991862466559,0.00011593088856898248,0.00011014407937182114
0.00010013266000896692,8.770269778324291e-05,7.455219747498631e-05,6.166022649267688e-05
4.945992986904457e-05,3.8302689063129947e-05,2.863598638214171e-05,2.0885272533632815e-05
1.5285339031834155e-05,1.1847218956972938e-05,0.0032281051389873028,0.0032915908377617598
0.0036149309016764164,0.004156436771154404,0.004856416489928961
0.005633410066366196,0.00639194343239069,0.007042368873953819,0.0075201974250376225
0.007798159494996071,0.007884381338953972,0.007808966096490622,0.007611180655658245,0.007334042340517044,0.007024455815553665,0.00673014298081398,0.006496994756162167
0.006372235249727964,0.006394877098500729,0.006572217680513859,0.006872049067169428,0.007238177582621574,0.007605141960084438,0.007898163050413132,0.0080348439514637
0.00794461090117693,0.007593016605824232,0.006985028274357319
0.006146084051579237,0.005113651044666767,0.003949359990656376,0.002740667201578617
0.0015837473329156637,0.0005682867486029863,-0.00023188861086964607,-0.0007715611136518419,-0.001045656274072826,-0.0010863528586924076,-0.0009447862976230681,-0.0006731579778715968
-0.0003250791341997683,3.745517460629344e-05,0.0003516442666295916,0.0005614064866676927
0.0006190884159877896,0.0004967937711626291,0.0001879859482869506,-0.0003056515706703067
-0.000967607251368463,-0.0017504479037597775,-0.0025877291336655617
-0.0034251385368406773,-0.004232767969369888,-0.004989190958440304,-0.005666240118443966,-0.006231446750462055,-0.0066572860814630985,-0.006924044340848923,-0.007018320262432098,-0.006936992984265089,-0.006693724077194929,-0.006325811613351107,-0.005902070552110672,-0.005515508819371462,-0.005260909907519817,-0.005217400845140219,-0.005429108161479235,-0.00588839128613472,-0.00654625054448843,-0.007333173882216215,-0.008169327862560749,-0.008972639217972755,-0.009671775624155998,-0.010218583978712559
-0.01058291457593441,-0.010729249566793442,-0.010608724318444729,-0.010190539993345737
-0.009502372704446316,-0.00863040704280138,-0.007690938655287027,-0.006808162666857243
-0.00608749920502305,-0.005591765511780977,-0.005337797570973635,-0.0052989572286605835
-0.005418881308287382,-0.005636454094201326,-0.005900372285395861,-0.006170752923935652,-0.00641408609226346,-0.006600962020456791,-0.0067109777592122555,-0.006736352574080229,-0.00668605649843812,-0.006596830673515797,-0.00652592908591032
-0.006517624016851187,-0.006590505130589008,-0.006751058157533407,-0.006994394585490227
-0.007295096758753061,-0.0076098209246993065,-0.007889661006629467,-0.00809129886329174
-0.00817957241088152
-0.008115435019135475,-0.007848075591027737,-0.007336324546486139,-0.006572325713932514
-0.0055822147987782955,-0.0044186958111822605,-0.003147105686366558,-0.0018315340857952833
-0.0005345710087567568,0.0006863466114737093,0.0017859460785984993,0.0027212679851800203
0.0034482874907553196,0.00394030474126339,0.004192398861050606,0.004213238134980202
0.004028914961963892,0.0036826743744313717,0.0032293053809553385,0.002734876936301589
0.002269128104671836,0.0018923974130302668,0.0016495431773364544,0.0015682950615882874
0.0016555654583498836,0.00189588766079396,0.002259533852338791,0.0027131387032568455
0.0032235069666057825,0.0037551664281636477,0.004266675096005201,0.004719210788607597
0.005095161497592926,0.005402032285928726,0.005664619151502848,0.005918820854276419,0.006196742877364159
0.006514783948659897,0.006879908964037895,0.007295981980860233,0.007760957349091768
0.00825517624616623,0.008731095120310783,0.009126748889684677,0.009386406280100346
0.009467503055930138,0.009345638565719128,0.00901125930249691,0.008458444848656654
0.007693012710660696,0.006755768321454525,0.0057347300462424755,0.00475183455273509,0.003932272084057331,0.003379202913492918,0.003158409148454666,0.003291542874649167,0.0037597904447466135,0.0045121703296899796,0.005475301295518875
0.0065564727410674095,0.0076463837176561356,0.008640404790639877,0.009456338360905647
0.010036272928118706,0.010353118181228638,0.010411360301077366,0.010237432084977627
0.009873305447399616,0.009367309510707855,0.008767131716012955,0.00812369305640459
0.007492325734347105,0.006925874389708042,0.006467872299253941,0.006142333149909973
0.005942536052316427,0.005837963428348303,0.005790392868220806,0.005751080811023712
0.005656290799379349,0.005445308517664671,0.005083020776510239
0.0045687612146139145,0.003924844320863485,0.003180398605763912,0.002374756382778287
0.001560852862894535,0.000792422448284924,0.00011172995436936617,-0.00045160314766690135,-0.0008719757315702736,-0.001127321389503777,-0.0012118605663999915,-0.0011429357109591365
-0.0009565067593939602,-0.0006941890460439026,-0.0003981527406722307,-0.00011828227434307337,9.713490726426244e-05,0.00021034615929238498,0.0001796258002286777,-3.142982313875109e-05
-0.00042401126120239496,-0.0009749087039381266,-0.0016639276873320341
-0.0024743869435042143,-0.003382942406460643,-0.004357040859758854,-0.0053547453135252
-0.0063094268552958965,-0.007129623554646969,-0.0077405222691595554,-0.008113216608762741
-0.008252350613474846,-0.00817984901368618,-0.007946189492940903,-0.007639494724571705
-0.007354103494435549,-0.0071583883836865425,-0.007100231945514679,-0.0072182281874120235
-0.007530784700065851,-0.00801108218729496,-0.0085831293836236,-0.009162941947579384
-0.009692402556538582,-0.010125065222382545,-0.010408494621515274
-0.010486745275557041,-0.010307799093425274,-0.009848089888691902,-0.009146738797426224
-0.00830227229744196,-0.007429199293255806,-0.00662107253447175,-0.005940081086009741
-0.005427372641861439,-0.0051178825087845325,-0.005028648767620325,-0.005138068925589323
-0.00539731327444315,-0.005756986327469349,-0.006188873201608658,-0.006685891654342413
-0.00722320144996047,-0.007736777421087027,-0.008156273514032364,-0.008437004871666431
-0.008557533845305443,-0.008507190272212029,-0.008289175108075142
-0.007936953566968441,-0.0075173270888626575,-0.007109698839485645,-0.0067850383929908276
-0.006594822742044926,-0.00655526714399457,-0.006634915713220835,-0.006767432205379009
-0.006873966194689274,-0.0068707759492099285,-0.006681916303932667,-0.006262148730456829
-0.005596681497991085,-0.004685650113970041,-0.0035467837005853653,-0.002230259357020259
-0.0008181373123079538,0.0005969032645225525,0.0019295921083539724,0.0031031756661832333
0.0040545593947172165,0.004753245040774345,0.005201703868806362
0.005405278876423836,0.00536410603672266,0.005107400007545948,0.004703763872385025
0.0042217266745865345,0.003697217209264636,0.003144289134070277,0.002587574999779463
0.0020750723779201508,0.0016638319939374924,0.001405065064318478,0.0013388374354690313
0.0014949548058211803,0.0018970557721331716,0.002553153783082962,0.0034302296116948128
0.004437755793333054,0.005442204885184765,0.006315317004919052,0.0069825854152441025
0.007432898040860891,0.007696699351072311,0.007818708196282387
0.007838435471057892,0.007791413925588131,0.007725945673882961,0.007700785528868437
0.007754744961857796,0.00789259560406208,0.008106378838419914,0.008384162560105324
0.008684195578098297,0.008922427892684937,0.009003635495901108,0.008859509602189064,0.008467732928693295,0.007860390469431877,0.007114558480679989,0.006333245895802975
0.005628328770399094,0.005093648564070463,0.004779506474733353,0.004687812644988298,0.0047851502895355225,0.0050202542915940285,0.005331379361450672
0.005655758082866669,0.005955322179943323,0.006220373325049877,0.0064439778216183186
0.006626366171985865,0.006804677192121744,0.007045222911983728,0.007391710299998522
0.007821660488843918,0.008260171860456467,0.008635809645056725,0.008908359333872795,0.009048324078321457,0.009020487777888775,0.008798934519290924,0.008385345339775085,0.007813563570380211,0.007147075142711401,0.006454261485487223,0.005769810173660517,0.005092124454677105,0.004409764427691698,0.003715979866683483
0.003018563147634268,0.0023406341206282377,0.0016957747284322977,0.0010727779008448124
0.00045169307850301266,-0.0001657012035138905,-0.0007398399757221341,-0.0012233455199748278
-0.0015986136859282851,-0.0018652095459401608,-0.0020102616399526596,-0.0020138537511229515
-0.0018784524872899055,-0.0016410588286817074,-0.0013583024265244603,-0.0010928893461823463
-0.0009013494709506631,-0.0008180984877981246,-0.0008635263657197356,-0.0010551323648542166,-0.0013947704574093223,-0.0018631918355822563,-0.0024299491196870804,-0.0030653548892587423
-0.003748715855181217,-0.004460287280380726,-0.005173956975340843,-0.005864073988050222
-0.00650628050789237,-0.007081971038132906,-0.007590030785650015,-0.008037644438445568
-0.00841592624783516,-0.008695794269442558,-0.008861218579113483,-0.008934497833251953
-0.008948946371674538,-0.00891504343599081,-0.008825358003377914,-0.008678428828716278,-0.008494390174746513,-0.00830923393368721,-0.008152684196829796,-0.008035251870751381
-0.007958641275763512,-0.007919961586594582
-0.007888815365731716,-0.007807212881743908,-0.007635878399014473,-0.00738717382773757
-0.007114171050488949,-0.006877511274069548,-0.006714457646012306,-0.006638701539486647
-0.0066579049453139305,-0.006767014507204294,-0.006938302423804998,-0.007136281579732895
-0.007323977537453175,-0.007453080266714096,-0.007476313970983028,-0.0073781972751021385
-0.007181642111390829,-0.006923216860741377,-0.006631538271903992,-0.006329914554953575
-0.006053635384887457,-0.0058533321134746075,-0.0057676322758197784
-0.005800677463412285,-0.005932446103543043,-0.006130367983132601,-0.0063483319245278835
-0.006531339138746262,-0.006621720269322395,-0.006568480748683214,-0.006346062757074833,-0.005957853049039841,-0.00541954580694437,-0.004747239872813225,-0.003956370055675507
-0.0030681341886520386,-0.0021171122789382935,-0.001148066483438015,-0.00020145042799413204
0.0007000266341492534,0.0015467785997316241,0.0023178234696388245,0.0029641645960509777,0.003426899667829275,0.0036735832691192627,0.0037113912403583527
0.003570492612197995,0.003290781518444419,0.002922255313023925,0.002514890395104885
0.0021098770666867495,0.001757902093231678,0.0015264608664438128,0.0014698079321533442,0.0016025783261284232,0.001902720658108592,0.0023321881890296936,0.002851276658475399,0.003414852311834693,0.0039740754291415215,0.0044884514063596725,0.004929978866130114,0.005286992061883211,0.005572163034230471,0.005823410116136074,0.006092184688895941,0.0064138080924749374,0.006780107971280813,0.007156608160585165
0.007520618382841349,0.007862454280257225,0.00816523376852274,0.008396463468670845
0.008517812937498093,0.008515731431543827,0.008414780721068382,0.008242908865213394,0.007994284853339195,0.007640267256647348,0.007169622462242842,0.006606999784708023
0.0060108499601483345,0.0054669007658958435,0.00505245104432106,0.004802985116839409,0.004721593111753464,0.004790435545146465,0.004985423758625984,0.005294742062687874,0.005699965637177229,0.006155121605843306,0.006602756679058075
0.007014466915279627,0.007393049541860819,0.007714750245213509,0.007934601977467537,0.008047277107834816,0.008071424439549446,0.008009648881852627,0.00786382332444191,0.007658776827156544,0.007427664939314127,0.0071882521733641624,0.006959839258342981,0.006777809467166662,0.006660734303295612,0.0065901377238333225,0.006532357074320316,0.006454961374402046,0.006326139904558659,0.006119418423622847,0.005815328564494848,0.005403447430580854,0.004893080797046423,0.004304772708564997
0.0036517558619379997,0.0029518792871385813,0.002249880461022258,0.0015980962198227644
0.0010192982153967023,0.0005096315871924162,6.426277104765177e-05,-0.0003183271619491279
-0.0006365953013300896,-0.0008728296961635351,-0.0010095727629959583,-0.0010566083947196603
-0.0010392663534730673,-0.0009844345040619373,-0.0009095499408431351,-0.0008245484787039459,-0.0007646116428077221,-0.0007878433098085225,-0.0009450418292544782,-0.0012619199696928263,-0.0017271889373660088,-0.0023151617497205734,-0.003009989857673645
-0.003792989067733288,-0.00463011022657156,-0.005464646965265274,-0.006229002960026264
-0.0068658930249512196,-0.007331465370953083,-0.007622675038874149,-0.0077919200994074345
-0.007908500730991364,-0.00803306233137846,-0.008199047297239304,-0.008396773599088192
-0.008603224530816078,-0.008805958554148674,-0.008988341316580772,-0.0091170072555542
-0.009148215875029564,-0.00905238650739193,-0.008839091286063194,-0.008559300564229488
-0.008265884593129158,-0.007955271750688553,-0.007584035396575928
-0.0071473438292741776,-0.006699024233967066,-0.006313759833574295,-0.006060629151761532
-0.005990029312670231,-0.006111632101237774,-0.006384780630469322,-0.0067499675787985325
-0.007152655627578497,-0.007531618699431419,-0.0078206155449152,-0.007972647435963154
-0.00798462238162756,-0.007902873679995537,-0.007795343641191721,-0.007708434481173754
-0.007645606528967619,-0.007590960245579481,-0.007535418961197138,-0.007464192342013121
-0.007351844105869532,-0.007182382047176361,-0.006963000632822514
-0.006725303363054991,-0.006504958961158991,-0.00633103447034955,-0.006237932480871677
-0.006241962779313326,-0.006305051036179066,-0.006346067879348993,-0.006287748459726572,-0.0060921586118638515,-0.00574995344504714,-0.005252049770206213,-0.004578806459903717
-0.003708739299327135,-0.002648907946422696,-0.0014505628496408463,-0.0001933285966515541
0.0010337108979001641,0.002146163024008274,0.0030645744409412146,0.0037227473221719265,0.004089456982910633,0.004155709408223629,0.0039359694346785545
0.0035159019753336906,0.003042771713808179,0.0026418280322104692,0.0023601839784532785
0.0021936960984021425,0.0021447825711220503,0.0022197836078703403,0.0024059864226728678
0.0026932540349662304,0.003081277944147587,0.0035547311417758465,0.004075375385582447,0.004601745866239071,0.005105393938720226,0.00556332990527153
0.005952547304332256,0.0062539540231227875,0.006459559313952923,0.006590208504348993,0.006702248472720385,0.006864539347589016,0.007113385945558548,0.007425562012940645
0.0077475798316299915,0.008036288432776928,0.008266683667898178,0.008426809683442116
0.008515439927577972,0.008545264601707458,0.008527310565114021,0.008436324074864388
0.008229654282331467,0.007899971678853035,0.0074673970229923725,0.006945374887436628
0.006344662979245186,0.005696655251085758,0.005064167082309723,0.004522550385445356
0.004135386552661657,0.003948447294533253,0.003993267193436623,0.0042935265228152275,0.0048440564423799515,0.005576702766120434,0.006367716006934643
0.007082333788275719,0.007632990833371878,0.007998809218406677,0.008195260539650917
0.008259568363428116,0.00823269784450531,0.00813891552388668,0.008013786748051643,0.007913210429251194,0.007874047383666039,0.007888483814895153,0.0078976359218359
0.007814556360244751,0.007591036148369312,0.007262478582561016,0.006907193455845118
0.006572341546416283,0.006268774624913931,0.00599626824259758,0.005728417541831732,0.0054236045107245445,0.0050557926297187805,0.004601421300321817
0.0040382156148552895,0.003359222784638405,0.0025493819266557693,0.001579037867486477
0.0004501563962548971,-0.0007718020933680236,-0.0019858707673847675,-0.003096311818808317,-0.004012874327600002,-0.004647182300686836,-0.004931430798023939,-0.004835099913179874,-0.004370161332190037,-0.0035906534176319838,-0.0025978272315114737,-0.001524345250800252,-0.0004987991414964199,0.0003719892702065408,0.0009969957172870636,0.0012942845933139324,0.0012209550477564335,0.0007868559332564473,3.032886888831854e-05
-0.0009706356795504689,-0.0021064162719994783,-0.003300297539681196,-0.004530946724116802
-0.005802193656563759,-0.007115179672837257,-0.008458202704787254,-0.009800485335290432,-0.011053500697016716,-0.012066842056810856,-0.012704486027359962,-0.012877843342721462
-0.012545212171971798,-0.011740525253117085,-0.010569256730377674,-0.009193399921059608,-0.007814167067408562,-0.006643905304372311,-0.0058767604641616344,-0.005607102066278458,-0.005801044870167971,-0.006362005602568388,-0.007144272793084383
-0.007955768145620823,-0.008611941710114479,-0.008977536112070084,-0.008974527940154076
-0.008590453304350376,-0.007912753149867058,-0.007113551255315542,-0.006361630745232105
-0.005770956631749868,-0.005403530318289995,-0.005270504858344793,-0.005339331459254026,-0.005565210245549679,-0.005908520892262459,-0.006297982297837734,-0.006621744018048048,-0.00680443923920393,-0.006854679901152849,-0.006844377610832453,-0.006870595272630453,-0.007010661065578461,-0.0073095569387078285,-0.007778593339025974
-0.008386371657252312,-0.009055952541530132,-0.009630665183067322,-0.009907301515340805,-0.009747758507728577,-0.009105311706662178,-0.008005423471331596,-0.006530940067023039,-0.004815937485545874,-0.00304061034694314,-0.0013580331578850746,0.0001060806680470705
0.001206158776767552,0.001855417969636619,0.0020735624711960554,0.0019544693641364574,0.00163722550496459,0.0012544628698378801,0.000918166246265173,0.0007239020196720958,0.0007276789983734488,0.0009460484143346548,0.0013331958325579762
0.0017866783309727907,0.0022260830737650394,0.0026136450469493866,0.002953845076262951,0.003305344143882394,0.003743723500519991,0.004340282175689936,0.00514207873493433,0.006129395216703415,0.00722196139395237,0.008309971541166306,0.009275203570723534
0.009990871883928776,0.010334514081478119,0.010237463749945164,0.009688952937722206
0.008745505474507809,0.007559847552329302,0.0063298228196799755,0.005240020342171192
0.00444446736946702,0.004046955611556768,0.004062073305249214
0.004396024160087109,0.004922178108245134,0.00554589694365859,0.00615497212857008
0.0066004046238958836,0.006769883446395397,0.006641760002821684,0.0062698982656002045
0.005733186844736338,0.005120527930557728,0.0045332289300858974,0.004070131108164787
0.0038279739674180746,0.00386389740742743,0.004154595546424389,0.004625832661986351
0.005185697227716446,0.005760569125413895,0.00629922142252326,0.006752988789230585
0.007144616916775703,0.007561321370303631,0.008031164295971394
0.008521429263055325,0.009002688340842724,0.009445274248719215,0.009781448170542717
0.00990324653685093,0.009737739339470863,0.00928134098649025,0.008551651611924171
0.007577902637422085,0.0064279455691576,0.00522751035168767,0.004155632574111223
0.0033844076097011566,0.0030093323439359665,0.003027826314792037,0.0033713658340275288,0.003941020928323269,0.004595031961798668,0.005163511261343956,0.005506712477654219
0.0055424184538424015,0.005255897529423237,0.004667706321924925
0.0038148481398820877,0.002811901504173875,0.0018122023902833462,0.0009085026104003191
0.00015043478924781084,-0.00042647001100704074,-0.0008148130727931857,-0.0010637134546414018
-0.0012684428365901113,-0.001484094886109233,-0.0017064751591533422,-0.0019142653327435255,-0.0020684069022536278,-0.002120368182659149,-0.0020267292857170105,-0.0017621604492887855,-0.0013573612086474895,-0.0009162677451968193,-0.0005916780792176723,-0.0005295617738738656
-0.0008172196103259921,-0.0014834379544481635,-0.002522523980587721
-0.0038856714963912964,-0.005453703925013542,-0.007055121473968029,-0.008517545647919178,-0.009698133915662766,-0.01049729622900486,-0.010861502960324287,-0.010791891254484653,-0.010374944657087326,-0.009769100695848465,-0.009123256430029869,-0.00853576697409153,-0.008083019405603409,-0.007818875834345818,-0.007739527150988579,-0.007796846330165863,-0.007939032278954983,-0.008102593012154102
4.848231401410885e-05,4.149961023358628e-05,3.394634768483229e-05,2.6137646273127757e-05,1.847146086220164e-05,1.1438328328949865e-05,5.632271040667547e-06,1.6741698800615268e-06,3.488298716547433e-08,7.904907874944911e-07,3.518135144986445e-06,7.465169346687617e-06
1.1799715139204636e-05,1.5711808373453096e-05,1.848381907620933e-05,1.971955680346582e-05,1.949961733771488e-05,1.8197972167399712e-05
1.6168913134606555e-05,1.3641645637108013e-05,1.0832783118530642e-05,8.052702469285578e-06,5.641421921609435e-06,3.795959173658048e-06,2.521163423807593e-06,1.7374413801007904e-06
1.3703361219086219e-06,1.3906200138080749e-06,1.8555402903075446e-06,2.9168263608880807e-06
4.783335953106871e-06,7.700722562731244e-06,1.1906315194210038e-05,1.7506590666016564e-05
2.4369082893827e-05,3.209003261872567e-05,4.0083512431010604e-05,4.780604285770096e-05
5.490619514603168e-05,6.1105027270969e-05,6.601234781555831e-05
6.922965258127078e-05,7.062400254653767e-05,7.043076766422018e-05,6.90970555297099e-05
6.695769116049632e-05,6.401169230230153e-05,6.0013651818735525e-05,5.482313281390816e-05
4.873431316809729e-05,4.242617069394328e-05,3.661290611489676e-05,3.1838346330914646e-05
2.8462625778047368e-05,2.6645207981346175e-05,2.6379591872682795e-05,2.7616099032456987e-05
3.0329287255881354e-05,3.448243660386652e-05,3.9925045712152496e-05,4.6223722165450454e-05
5.256386793917045e-05,5.795734250568785e-05,6.16689576418139e-05
6.344573921523988e-05,6.334698264254257e-05,6.14639648119919e-05,5.798421261715703e-05
5.346969192032702e-05,4.8757545300759375e-05,4.458308467292227e-05,4.141711178817786e-05
3.946817378164269e-05,3.8690981455147266e-05,3.885531987180002e-05,3.967488737544045e-05
4.089312642463483e-05,4.222879942972213e-05,4.325360350776464e-05,4.344648914411664e-05
4.247663673595525e-05,4.035410893266089e-05,3.725574060808867e-05,3.3334548788843676e-05
2.870278331101872e-05,2.353695708734449e-05,1.8197912140749395e-05
1.318503655056702e-05,8.93443666427629e-06,5.654359028994804e-06,3.3142796382890083e-06
1.7545484070069506e-06,7.960753123370523e-07,2.7572991712077055e-07,4.74953409934642e-08,1.788288184201292e-09,7.112372912843057e-08,2.1839932173861598e-07,4.4272911736698006e-07
7.816212246325449e-07,1.2984913837499334e-06,2.069767560897162e-06,3.1827394195715897e-06
4.753162556880852e-06,6.901139840920223e-06,9.641950782679487e-06,1.28161354950862e-05,1.6188858353416435e-05,1.9633314877864905e-05,2.3196980691864155e-05
2.6967314624926075e-05,3.086898141191341e-05,3.46580236509908e-05,3.814329829765484e-05
4.129935405217111e-05,4.4129988964414224e-05,4.655566954170354e-05,4.8490965127712116e-05
4.9990459956461564e-05,5.1323742809472606e-05,5.29035969520919e-05,5.5080625315895304e-05
5.795342804049142e-05,6.131047121016309e-05,6.472049426520243e-05,6.777587259421125e-05
7.031964196357876e-05,7.246564928209409e-05,7.440114131895825e-05,7.591908797621727e-05
7.615999493282288e-05,7.418103632517159e-05,6.972350820433348e-05
6.339102401398122e-05,5.6338678405154496e-05,4.97311120852828e-05,4.430591798154637e-05,4.031038406537846e-05,3.769701288547367e-05,3.633818414527923e-05,3.6135203117737547e-05,3.700155866681598e-05,3.8779107853770256e-05,4.124210317968391e-05,4.423821155796759e-05
4.780197923537344e-05,5.213348413235508e-05,5.745272210333496e-05,6.371222843881696e-05
7.031598215689883e-05,-0.008729610592126846,-0.008964075706899166,-0.009066520258784294
-0.00903728324919939,-0.008882123045623302,-0.008603263646364212
-0.00820394977927208,-0.0076942285522818565,-0.007095028646290302,-0.006438606418669224
-0.005757272709161043,-0.0050711133517324924,-0.004384985193610191,-0.0036916350945830345
-0.002981099532917142,-0.002250334480777383,-0.0015071930829435587,-0.0007714375387877226
-7.317785639315844e-05,0.000553061137907207,0.0010770716471597552,0.0014808832202106714
0.001768280752003193,0.0019706212915480137,0.0021337755024433136,0.002295487094670534
0.0024744216352701187,0.0026709558442234993,0.002873422112315893
0.0030649707186967134,0.0032239381689578295,0.0033193547278642654,0.0033160545863211155
0.003197746817022562,0.002984721679240465,0.0027223762590438128,0.002459872979670763
0.002244661096483469,0.0021257642656564713,0.0021491949446499348,0.0023446446284651756
0.002716850023716688,0.0032484615221619606,0.0039065442979335785,0.004648280795663595
0.005427380092442036,0.006200124509632587,0.006927419453859329,0.007572564296424389
0.008103368803858757,0.008502654731273651,0.008774688467383385
0.008935880847275257,0.008997767232358456,0.008959893137216568,0.008813252672553062
0.008536198176443577,0.008087852969765663,0.007429934572428465,0.006569853983819485
0.005580379627645016,0.004581836052238941,0.0037117283791303635,0.0030959623400121927
0.002820234512910247,0.0029146247543394566,0.003354467684403062,0.004064951092004776
0.004939013160765171,0.0058669960126280785,0.006751118693500757,0.007506703492254019
0.00806865468621254,0.008400068618357182,0.00849787425249815
0.008397146128118038,0.008165593259036541,0.007882989943027496,0.00761801702901721
0.007414108142256737,0.007288368418812752,0.007243625354021788,0.007275542709976435,0.007364652119576931,0.0074754380621016026,0.0075680045410990715,0.007605172693729401
0.007557900622487068,0.007411537226289511,0.007159761618822813,0.006793465465307236
0.006303421221673489,0.005694870371371508,0.004998516291379929,0.004261240363121033
0.0035200552083551884,0.0027902836445719004,0.002082688268274069
0.001425828319042921,0.0008692246628925204,0.0004641085397452116,0.00023232359671965241
0.00015385987353511155,0.00018853497749660164,0.0003004995232913643,0.0004622196138370782
0.0006435787654481828,0.0007957034977152944,0.0008490896434523165,0.0007373373955488205
0.00042817427311092615,-6.51472364552319e-05,-0.0006996672600507736,-0.0014265838544815779
-0.0022026514634490013,-0.002986958948895335,-0.003732090350240469,-0.0043832361698150635
-0.004888811148703098,-0.005215587560087442,-0.005365106277167797,-0.0053780581802129745
-0.00531541183590889,-0.005236280616372824,-0.005189473275095224,-0.005213978234678507
-0.005342276766896248,-0.005596204660832882,-0.00598073611035943,-0.006488441023975611
-0.007099944166839123,-0.007777117192745209,-0.008464646525681019,-0.009100127965211868
-0.009627318009734154,-0.010008021257817745,-0.010226303711533546,-0.010285580530762672
-0.010201416909694672,-0.00997964758425951,-0.009595964103937149,-0.009021099656820297,-0.008265974000096321,-0.007392180152237415
-0.006501780357211828,-0.005724203307181597,-0.0051843649707734585,-0.004958226345479488,-0.005047061946243048,-0.005389174446463585,-0.005898021627217531,-0.006493640132248402
-0.007103743962943554,-0.007650723215192556,-0.008054172620177269,-0.00825127586722374
-0.008222006261348724,-0.00799790769815445,-0.007638175506144762,-0.007194990757852793
-0.006705204024910927,-0.006213043816387653,-0.005790641997009516,-0.0055251820012927055,-0.005480255000293255,-0.005665923934429884,-0.006037158891558647
-0.006512686610221863,-0.007004745304584503,-0.007442878093570471,-0.007769796531647444
-0.007922982797026634,-0.00783371552824974,-0.007447668816894293,-0.006748245097696781
-0.005763860885053873,-0.004554062150418758,-0.0031928722746670246,-0.001768556423485279
-0.00038203061558306217,0.0008744798833504319,0.0019342262530699372,0.0027549038641154766
0.0033175742719322443,0.0036286236718297005,0.0037200222723186016,0.0036458782851696014
0.0034717924427241087,0.0032640285789966583,0.0030827599111944437
0.002970274770632386,0.002934710355475545,0.002952798968181014,0.003000064054504037
0.003076886525377631,0.0032010762952268124,0.0033786711283028126,0.003591395914554596
0.0038080820813775063,0.0039946213364601135,0.004123892169445753,0.004194333218038082
0.0042343949899077415,0.004278848879039288,0.0043448181822896,0.004433691501617432
0.004544110037386417,0.004682428203523159,0.004871260840445757,0.0051436396315693855
0.005524483509361744,0.006014788988977671,0.0065859099850058556
0.007191826123744249,0.007787482347339392,0.008328739553689957,0.008757035247981548,0.00899246521294117,0.008953847922384739,0.008597339503467083,0.007944982498884201,0.007089024875313044,0.0061693754978477955,0.0053316098637878895,0.004690126050263643
0.004313701298087835,0.004234696738421917,0.004463217221200466,0.004981333389878273
0.005726553499698639,0.006592159625142813,0.007453603204339743,0.008207048289477825,0.008790959604084492,0.009178364649415016,0.009358401410281658
0.00932842493057251,0.009102574549615383,0.008723856881260872,0.008255722001194954
0.007748761214315891,0.0072189695201814175,0.006670075468719006,0.006132954265922308
0.005669652484357357,0.005334703251719475,0.005139471497386694,0.005055235233157873
0.005038491915911436,0.005047542974352837,0.005048498045653105,0.005019201431423426
0.004945090971887112,0.004811916965991259,0.004605515860021114,0.00431252084672451
0.003926319535821676,0.003456739941611886,0.0029269957449287176
0.0023665651679039,0.0018081071320921183,0.0012817018432542682,0.0008146470645442605
0.0004364888882264495,0.00017355859745293856,3.088763332925737e-05,-2.121322904713452e-05
-3.327052399981767e-05,-4.332710523158312e-05,-5.900843825656921e-05,-7.339338480960578e-05
-0.00010357372229918838,-0.0002088737383019179,-0.0004613730125129223,-0.0009035016992129385
-0.0015264495741575956,-0.0022772185038775206,-0.003097028471529484,-0.003952917642891407
-0.004824408330023289,-0.0056721544824540615,-0.006432843394577503
-0.007048486731946468,-0.007499105762690306,-0.0077994102612137794,-0.007968291640281677
-0.00801793672144413,-0.00797047559171915,-0.007869672030210495,-0.007769752759486437
-0.007710601668804884,-0.007704064715653658,-0.007745472248643637,-0.007833614945411682
-0.007973605766892433,-0.0081631513312459,-0.008381670340895653,-0.008588343858718872
-0.008726494386792183,-0.008734051138162613,-0.008559956215322018,-0.008185715414583683,-0.0076381731778383255,-0.0069840094074606895,-0.006316627375781536
-0.0057363188825547695,-0.005318955052644014,-0.005096197593957186,-0.005070821847766638
-0.005241038277745247,-0.005596994888037443,-0.006102730054408312,-0.006693028379231691
-0.007291900459676981,-0.007842314429581165,-0.008317917585372925,-0.008702161721885204
-0.008966265246272087,-0.009073278866708279,-0.009001044556498528,-0.008765028789639473
-0.00841602310538292,-0.008009462617337704,-0.007578103803098202,-0.007129898760467768
-0.00667119724676013,-0.006232175976037979
-0.005857922602444887,-0.005576261784881353,-0.005384369287639856,-0.005259244702756405
-0.005170143209397793,-0.005082654766738415,-0.0049590799026191235,-0.004758067429065704
-0.0044373031705617905,-0.00396285206079483,-0.0033187433145940304,-0.002515726489946246
-0.0015975374262779951,-0.0006294173654168844,0.0003275673952884972,0.0012307694414630532
0.002051473828032613,0.0027624540962278843,0.0033296069595962763,0.0037150804419070482
0.0038877674378454685,0.003838633419945836,0.0035952029284089804
0.0032185756135731936,0.002783695701509714,0.002362719038501382,0.002018960192799568
0.0018026272300630808,0.0017459401860833168,0.001861759228631854,0.0021474193781614304,0.002593541983515024,0.003185381181538105,0.0038876126054674387,0.004636967089027166
0.005363717675209045,0.006016759667545557,0.006568483542650938,0.007008302956819534
0.007334405090659857,0.007551131304353476,0.007674509193748236,0.007733654696494341
0.007762475870549679,0.007788400165736675,0.007822854444384575,0.007859444245696068
0.007885202765464783,0.007891484536230564,0.007863510400056839,0.00776087399572134
0.007525220979005098,0.007118150591850281,0.0065544298849999905,0.005900557618588209
0.0052446024492383,0.004669427406042814,0.004241119138896465,0.004002384375780821
0.003968806937336922,0.0041267601773142815,0.004435475450009108,0.0048408787697553635
0.005291059613227844,0.005744087975472212,0.006174618378281593,0.006573998369276524
0.006936286110430956,0.00724784703925252
0.007495096884667873,0.007677495013922453,0.007811618037521839,0.00792071595788002
0.008018290624022484,0.008106833323836327,0.008187102153897285,0.0082584572955966,0.008311730809509754,0.00832628458738327,0.008276630192995071,0.008144483901560307
0.007925687357783318,0.0076250857673585415,0.0072468300350010395,0.006791993509978056
0.006258371751755476,0.005636835470795631,0.004916711710393429,0.0041021984070539474,0.0032214494422078133,0.002319899620488286,0.0014467127621173859
0.0006440060678869486,-5.7214521802961826e-05,-0.0006363868014886975,-0.0010823759948834777,-0.0013939229538664222,-0.001580835902132094,-0.001661567366681993,-0.0016553530003875494,-0.0015744048869237304,-0.0014270846731960773,-0.0012325264979153872,-0.0010262357536703348,-0.0008519626571796834,-0.0007534476462751627,-0.0007667497266083956,-0.0009150102268904448,-0.001206270419061184,-0.0016298829577863216,-0.002158274408429861,-0.002751707099378109,-0.0033609489910304546,-0.0039398861117661,-0.0044627804309129715
-0.004926292225718498,-0.0053332652896642685,-0.0056698936969041824,-0.0059056999161839485
-0.0060278503224253654,-0.006068417802453041,-0.006092258729040623,-0.006163936574012041,-0.006323796696960926,-0.006586210802197456,-0.006951628718525171,-0.007413357496261597,-0.007951147854328156,-0.008521598763763905,-0.009062904864549637,-0.00951208733022213,-0.009812133386731148,-0.009905563667416573,-0.009739275090396404,-0.009294257499277592,-0.00861523486673832,-0.00780585128813982,-0.006990901660174131
-0.0062812864780426025,-0.005763272754848003,-0.005496619734913111,-0.005508194677531719
-0.0057850987650454044,-0.006271829828619957,-0.00688179349526763,-0.007522614672780037
-0.0081120440736413,-0.00858409982174635,-0.008901672437787056,-0.009062197059392929
-0.009084520861506462,-0.008989487774670124,-0.008788885548710823,-0.008490227162837982
-0.008109724149107933,-0.007678430061787367,-0.007238116580992937,-0.006830355618149042
-0.006483237259089947,-0.006209710147231817,-0.006019909866154194
-0.005927057936787605,-0.005935173016041517,-0.00601952662691474,-0.006123040337115526
-0.006175979971885681,-0.006120582111179829,-0.005918015260249376,-0.005535059608519077
-0.004938383121043444,-0.004110480658710003,-0.0030685774981975555,-0.0018738200888037682
-0.0006225742399692535,0.0005810930160805583,0.0016495957970619202,0.0025209984742105007
0.0031601630616933107,0.0035546752624213696,0.0037120108027011156,0.003660010639578104
0.003440530737861991,0.0031000550370663404,0.0026889718137681484
0.002263955306261778,0.0018853831570595503,0.001610316801816225,0.0014829307328909636
0.0015316455392166972,0.0017727037193253636,0.002206007717177272,0.0028093159198760986
0.003543777856975794,0.004360363818705082,0.005200003273785114,0.006000564433634281
0.006710088346153498,0.007291607093065977,0.0077189006842672825,0.007972631603479385
0.008047353476285934,0.007965609431266785,0.007779743988066912,0.007553362753242254
0.00733566889539361,0.007154714781790972,0.007038526702672243
0.007031395565718412,0.007168574724346399,0.007426106836646795,0.007705331780016422
0.007880947552621365,0.007870839908719063,0.007667564786970615,0.007317682728171349
0.0068828086368739605,0.006423513870686293,0.006001630332320929,0.005671313498169184
0.0054659778252244,0.005395080894231796,0.00544847222045064,0.005607699044048786
0.005849905777722597,0.006141495890915394,0.006442028097808361,0.0067201335914433
0.0069652278907597065,0.007181545253843069,0.0073706526309251785
0.007523147389292717,0.007626326754689217,0.007678003050386906,0.0076853143982589245
0.007646652869880199,0.0075499527156353,0.007393755484372377,0.00719919940456748
0.006999935023486614,0.006819927133619785,0.006658956408500671,0.006501101888716221
0.00632771011441946,0.0061186086386442184,0.005856053903698921,0.005529516376554966
0.005130046512931585,0.0046461280435323715,0.004067297093570232,0.003390346886590123
0.002628088230267167,0.00181348598562181,0.0009918177966028452
0.00021349929738789797,-0.0004683213192038238,-0.0010086080292239785,-0.0013790730154141784,-0.0015658740885555744,-0.0015725670382380486,-0.0014238631119951606,-0.00115859298966825
-0.0008185876067727804,-0.00043737294618040323,-3.709457814693451e-05,0.00035602395655587316
0.0006929528317414224,0.0009043568861670792,0.0009218880441039801,0.0006958264857530594
0.00020238547585904598,-0.000549974269233644,-0.001519572688266635,-0.0026436271145939827,-0.00385268428362906,-0.005078217014670372,-0.0062547726556658745
-0.007319751661270857,-0.008216338232159615,-0.008900661021471024,-0.009350314736366272
-0.009568917565047741,-0.009581059217453003,-0.009423904120922089,-0.009142653085291386
-0.00878634862601757,-0.008402928709983826,-0.0080393822863698,-0.0077467733062803745,-0.0075773922726511955,-0.007566429674625397,-0.007711154408752918
-0.0079605458304286,-0.008216026239097118,-0.008356073871254921,-0.008288867771625519
-0.007992584258317947,-0.007510045077651739,-0.006919997278600931,-0.0063169533386826515
-0.00579623319208622,-0.005435108672827482,-0.005277779418975115,-0.005330168642103672
-0.005564983002841473,-0.005934073124080896,-0.00637942785397172,-0.006841432303190231
-0.0072737582959234715,-0.007656892295926809,-0.007989754900336266,-0.008269097656011581
-0.008480511605739594,-0.008603331632912159,-0.008622569963335991,-0.008540557697415352
-0.008376318030059338,-0.008147884160280228,-0.007855935022234917,-0.007489856798201799
-0.007049263454973698,-0.006560058798640966,-0.006066304165869951
-0.005603154189884663,-0.005187402479350567,-0.004830513149499893,-0.004541628062725067
-0.004317681770771742,-0.004135897383093834,-0.003949674777686596,-0.0036965932231396437
-0.003322010859847069,-0.0027957940474152565,-0.002113100839778781,-0.0012926284689456224
-0.0003746454603970051,0.0005828816792927682,0.0015087239444255829,0.002332173055037856
0.003002984682098031,0.003495421726256609,0.0037964347284287214,0.0039000443648546934,0.0038157980889081955,0.00358033599331975,0.0032528575975447893
0.0028950455598533154,0.002560935914516449,0.0022992726881057024,0.0021503427997231483,0.0021374691277742386,0.002267631469294429,0.002544812159612775,0.0029738591983914375
0.003542869118973613,0.004207407124340534,0.0048975590616464615,0.005543357692658901
0.00609693443402648,0.006541108246892691,0.006887474097311497,0.007157969754189253
0.0073609561659395695,0.007486315444111824,0.007517837453633547,0.007450840901583433
0.007304234895855188,0.0071165477856993675,0.006936597637832165
0.006815941538661718,0.006787472870200872,0.006840538699179888,0.006929946132004261
0.007013665046542883,0.007073587737977505,0.007107175420969725,0.007113131228834391
0.007089270744472742,0.007043866440653801,0.006996150594204664,0.006955892778933048
0.00691270362585783,0.006845966447144747,0.006736923940479755,0.006577543914318085
0.006372540257871151,0.006134057883173227,0.005879724398255348,0.005633752793073654
0.00542618241161108,0.00528713921085,0.005236759781837463
0.005279972683638334,0.005406842567026615,0.005597198382019997,0.005832538940012455
0.006107724737375975,0.006430058274418116,0.0068028890527784824,0.007208381313830614
0.0076044294983148575,0.007934997789561749,0.008146680891513824,0.008199883624911308
0.00807255320250988,0.007764958310872316,0.007298214361071587,0.006699702702462673
0.005991716403514147,0.005195137578994036,0.0043358937837183475,0.003442111425101757
0.002539953915402293,0.0016565893311053514,0.0008228332735598087
7.173733320087194e-05,-0.0005650423699989915,-0.0010670742485672235,-0.0014335907762870193
-0.0016785233747214079,-0.0018174179131165147,-0.0018578626913949847,-0.001802234211936593
-0.001661143614910543,-0.0014625873882323503,-0.001246345811523497,-0.0010471830610185862
-0.00088093476369977,-0.0007494474411942065,-0.0006640393985435367,-0.000663905986584723
-0.0008086215821094811,-0.0011502511333674192,-0.0017096209339797497,-0.0024734530597925186,-0.0034026538487523794,-0.004438407719135284,-0.005506560206413269
-0.006523936055600643,-0.007413014303892851,-0.008123286068439484,-0.00864144042134285
-0.008979776874184608,-0.00915483944118023,-0.009177511557936668,-0.009059136733412743
-0.008821405470371246,-0.008503090590238571,-0.00815938226878643,-0.007851175963878632
-0.007631801068782806,-0.00753743015229702,-0.007576359435915947,-0.007713547442108393
-0.007872156798839569,-0.007971839979290962,-0.007971172221004963,-0.007876306772232056
-0.007726594805717468,-0.007575178053230047,-0.007471460849046707
-0.0074560982175171375,-0.007556765340268612,-0.007770874537527561,-0.00805828720331192
-0.008356872014701366,-0.0086036566644907,-0.008750122040510178,-0.008767543360590935,-0.008647017180919647,-0.008402528241276741,-0.00807088240981102,-0.007703763898462057,-0.007356264628469944,-0.007072560489177704,-0.0068749492056667805,-0.006767215207219124,-0.006744982674717903,-0.006795444991439581,-0.006888257805258036,-0.0069755627773702145,-0.007007203996181488,-0.006949572823941708,-0.006796201691031456
-0.0065641822293400764,-0.006277137435972691,-0.005944610573351383,-0.0055532753467559814
-0.005077080335468054,-0.004491232801228762,-0.00377946300432086,-0.002942868275567889
-0.0020067100413143635,-0.0010160966776311398,-1.9160215742886066e-05,0.0009503421606495976
0.001868126797489822,0.002703646430745721,0.0034219748340547085,0.0039965370669960976
0.004413903690874577,0.004670585971325636,0.004773903638124466,0.004747135564684868
0.004625651985406876,0.0044475132599473,0.004248391836881638
0.00405783811584115,0.003896832698956132,0.0037782771978527308,0.003712779376655817
0.0037175300531089306,0.00381278432905674,0.004008269868791103,0.004299730062484741
0.004672743380069733,0.005103057716041803,0.005558414850383997,0.006002527661621571
0.00639884639531374,0.006713792681694031,0.0069172922521829605,0.0069867586717009544
0.006918199826031923,0.006733433343470097,0.006473329849541187,0.006185848731547594
0.0059235841035842896,0.005744632799178362,0.005697989370673895
0.005791714880615473,0.005974355153739452,0.006160808727145195,0.006283080670982599
0.006320320535451174,0.006296226289123297,0.006259204354137182,0.006258403416723013
0.006327004171907902,0.006479933392256498,0.006716087460517883,0.007012480869889259,0.007316928822547197,0.007555326912552118,0.007659692317247391,0.0075981938280165195
0.007380383089184761,0.007042637560516596
8.059058927756269e-06,7.248488600453129e-06,5.155782218935201e-06,2.6068464649142697e-06,6.483098786702612e-07,3.8984699912703036e-09,8.122032681967539e-07,2.6492748474993277e-06,4.653003088606056e-06,5.807760771858739e-06,5.4316064961312804e-06,3.632719653978711e-06
1.3423403970591608e-06,1.7369693239288608e-08,1.2498995829446358e-06,6.404072792065563e-06,1.6299642084049992e-05,3.079390444327146e-05
4.859438195126131e-05,6.762221892131492e-05,8.569708006689325e-05,0.00010109489812748507
0.00011267918307567015,0.00011985850869677961,0.0001224982988787815,0.00012088866787962615
0.00011575304961297661,0.00010814059351105243,9.928616782417521e-05,9.024808241520077e-05
8.171737135853618e-05,7.424802606692538e-05,6.818570545874536e-05,6.327810842776671e-05
5.8636236644815654e-05,5.335945388651453e-05,4.7278892452595755e-05,4.097878627362661e-05
3.531254333211109e-05,3.102515620412305e-05,2.8510270567494445e-05
2.7677529942593537e-05,2.805099757097196e-05,2.9099035600665957e-05,3.0516255719703622e-05
3.2187384931603447e-05,3.403770460863598e-05,3.600176569307223e-05,3.7994468584656715e-05
3.9818471122998744e-05,4.1158709791488945e-05,4.180863470537588e-05,4.195006476948038e-05,4.208194513921626e-05,4.2642092012101784e-05,4.379998426884413e-05,4.557359716272913e-05
4.797249494004063e-05,5.0855618610512465e-05,5.3729363571619615e-05,5.5977030569920316e-05
5.727131792809814e-05,5.76418788114097e-05,5.7219989685108885e-05
5.5957272707019e-05,5.361247167456895e-05,4.99324596603401e-05,4.483093653107062e-05
3.848315463983454e-05,3.123578062513843e-05,2.3550383048132062e-05,1.603408054506872e-05
9.351000699098222e-06,4.1328339648316614e-06,9.190395644509408e-07,1.6883523912269993e-08
1.4534418824041495e-06,5.028387477068463e-06,1.0252596439386252e-05,1.6339236026396975e-05
2.2377571440301836e-05,2.743704681051895e-05,3.0695860914420336e-05,3.17408557748422e-05
3.071113314945251e-05,2.8138712877989747e-05,2.4649054466863163e-05
2.0733201381517574e-05,1.67192720255116e-05,1.2814244655601215e-05,9.167186362901703e-06
6.012871835991973e-06,3.636891733549419e-06,2.1422792997327633e-06,1.4087685258346028e-06
1.2761573771058465e-06,1.751003878780466e-06,3.116402695013676e-06,5.853187758475542e-06
1.0391448995505925e-05,1.686708492343314e-05,2.5072265998460352e-05,3.450831354712136e-05
4.43879071099218e-05,5.3702256991527975e-05,6.139847391750664e-05,6.66345440549776e-05
6.900226435391232e-05,6.86169951222837e-05,6.608963303733617e-05
6.213969754753634e-05,5.711046469514258e-05,5.111013524583541e-05,4.450591586646624e-05
3.79632692784071e-05,3.214800017303787e-05,2.7644256988423876e-05,2.492014209565241e-05
2.4194880097638816e-05,2.547014992160257e-05,2.8649823434534483e-05,3.361016570124775e-05
4.017206447315402e-05,4.785534838447347e-05,5.5692202295176685e-05,6.244593532755971e-05
6.702084647258744e-05,6.868875061627477e-05,6.71311718178913e-05,6.253168976400048e-05
5.559272176469676e-05,4.733497917186469e-05,3.8914455217309296e-05
3.146036033285782e-05,2.5788907805690542e-05,2.2203299522516318e-05,2.0609431885532103e-05
2.0807041437365115e-05,2.2685047952109016e-05,2.624978696985636e-05,3.152140197926201e-05
3.824210580205545e-05,4.555320629151538e-05,5.2117327868472785e-05,5.665721255354583e-05
5.826180859003216e-05,5.636892092297785e-05,5.088339821668342e-05,4.240871930960566e-05
3.2282980100717396e-05,0.004713773261755705,0.003693685866892338,0.002697661751881242
0.001779105979949236,0.0009553406853228807,0.0002100400160998106
-0.0004805546486750245,-0.0011200604494661093,-0.001679921057075262,-0.0021155390422791243
-0.0023916782811284065,-0.002485673176124692,-0.002386798383668065,-0.0021077669225633144,-0.0016906952951103449,-0.0012049259385094047,-0.0007375598652288318,-0.00036800041561946273
-0.00014065502909943461,-6.380252307280898e-05,-0.0001292699744226411,-0.00032789926626719534
-0.0006616978789679706,-0.001144360052421689,-0.0017792629078030586,-0.0025451695546507835,-0.0034024904016405344,-0.004301189444959164,-0.005183772183954716
-0.005995427258312702,-0.006701526697725058,-0.007284843362867832,-0.00772938784211874
-0.008018423803150654,-0.008140133693814278,-0.008098648861050606,-0.007924886420369148
-0.00766668701544404,-0.007368539925664663,-0.007068582810461521,-0.006808868143707514
-0.006632638163864613,-0.006561442278325558,-0.006569626275449991,-0.006586972624063492
-0.006542418152093887,-0.0064148372039198875,-0.0062460084445774555,-0.00611271383240819
-0.006095669697970152,-0.006263395305722952,-0.006651147268712521
-0.007241236977279186,-0.007970554754137993,-0.008751226589083672,-0.009485173970460892
-0.010077835991978645,-0.010449597612023354,-0.010544265620410442,-0.010343044064939022
-0.009873946197330952,-0.009199341759085655,-0.008390316739678383,-0.007509713992476463
-0.006614615675061941,-0.005768919829279184,-0.005044792778789997,-0.004505296237766743
-0.004183505661785603,-0.004077392630279064,-0.004162472672760487,-0.0044095502234995365
-0.004788762889802456,-0.005253029987215996,-0.005727596580982208
-0.0061278147622942924,-0.006381757091730833,-0.0064390250481665134,-0.006272452417761087
-0.005869331769645214,-0.005224189721047878,-0.004351576790213585,-0.0032975967042148113
-0.002136364346370101,-0.000968145439401269,9.479105938225985e-05,0.0009665631223469973
0.0016092340229079127,0.0020179254934191704,0.0021950891241431236,0.0021378230303525925
0.0018553452100604773,0.0014017460634931922,0.0008778392802923918,0.00039404642302542925
3.389955963939428e-05,-0.0001579509989824146,-0.0001654597872402519
2.001531538553536e-05,0.0004016687744297087,0.000963396392762661,0.0016704417066648602,0.0024716760963201523,0.003306601196527481,0.004134809132665396,0.004949172958731651
0.005751312710344791,0.0065254829823970795,0.007230687886476517,0.0078158900141716
0.008253054693341255,0.008547519333660603,0.008721545338630676,0.008799288421869278
0.008793601766228676,0.00870450772345066,0.00853562168776989,0.00830983929336071
0.008063077926635742,0.007811405695974827,0.007528755348175764,0.007163138594478369
0.00667959451675415,0.006098313722759485,0.005483451299369335,0.004901644308120012
0.004407394211739302,0.004048614762723446,0.0038698127027601004,0.0039046178571879864
0.00415680930018425,0.004596078768372536,0.005173522979021072,0.005836564116179943
0.006532098166644573,0.0071977307088673115,0.00776439905166626,0.0081789530813694
0.008419757708907127,0.008486894890666008,0.008380311541259289,0.008099809288978577
0.007667354308068752,0.007137585431337357
0.006582019850611687,0.006059362553060055,0.005604300647974014,0.005243970546871424
0.0050064073875546455,0.004910110495984554,0.004957930650562048,0.005138855427503586
0.005429146811366081,0.005789050832390785,0.006161038298159838,0.006483052391558886
0.006702910177409649,0.0067761787213385105,0.006661709398031235,0.006329142954200506
0.005772569216787815,0.0050110649317502975,0.004079121630638838,0.003031390253454447
0.0019444706849753857,0.0008923760615289211,-7.720815483480692e-05
-0.0009441011352464557,-0.001692789955995977,-0.002277676947414875,-0.002625717781484127
-0.0026856879703700542,-0.002461788011714816,-0.002003696281462908,-0.0013819767627865076
-0.000671571702696383,4.98300651088357e-05,0.0006941690808162093,0.001166395377367735
0.001381607144139707,0.0012841438874602318,0.0008592524100095034,0.00012753531336784363
-0.0008645072812214494,-0.00204935553483665,-0.0033492445945739746,-0.004686386790126562
-0.005990372505038977,-0.007200844120234251,-0.008260110393166542
-0.009107502177357674,-0.00968216173350811,-0.009944004938006401,-0.009901070035994053
-0.009600921534001827,-0.009102189913392067,-0.008466411381959915,-0.0077638751827180386
-0.0070758406072855,-0.006479991599917412,-0.006031133234500885,-0.005755184683948755,-0.005643736105412245,-0.0056493207812309265,-0.0056941029615700245,-0.0056939637288451195
-0.005597088951617479,-0.005411683116108179,-0.005198206752538681,-0.00504685565829277
-0.005056771915405989,-0.005300009157508612,-0.0057815792970359325
-0.006436574272811413,-0.007165670394897461,-0.007872674614191055,-0.008482453413307667
-0.00894068367779255,-0.00920710526406765,-0.00925813801586628,-0.009100159630179405
-0.008777286857366562,-0.008364427834749222,-0.007949486374855042,-0.007606634870171547
-0.007371323183178902,-0.007235689554363489,-0.007164135575294495,-0.00711832707747817
-0.007075606379657984,-0.0070287976413965225,-0.006975757423788309,-0.006910861469805241
-0.006826562806963921,-0.006716691888868809,-0.006566251628100872
-0.006343611050397158,-0.006012502126395702,-0.005547570530325174,-0.004936500918120146
-0.004180170129984617,-0.00330099044367671,-0.002340778009966016,-0.0013475012965500355
-0.0003705273848026991,0.0005433289334177971,0.001356958644464612,0.0020431391894817352
0.002583374734967947,0.002967770677059889,0.0031901607289910316,0.003248447086662054
0.0031581236980855465,0.0029566327575594187,0.0026925671845674515,0.0024218347389250994
0.002199846552684903,0.002062257844954729,0.002016747836023569
0.002057556761428714,0.0021869607735425234,0.0024093748070299625,0.0027171624824404716
0.003098815679550171,0.003541843267157674,0.004025792703032494,0.004519275389611721
0.004984969273209572,0.005399101879447699,0.0057595279067754745,0.006070273462682962
0.006326865404844284,0.006514790002256632,0.006627834867686033,0.006687159650027752
0.006729363463819027,0.006785511039197445,0.0068766274489462376,0.007009834982454777
0.007165322080254555,0.00728438189253211,0.007277406752109528
0.007061630021780729,0.006605868227779865,0.005947524216026068,0.005174948833882809
0.004395994823426008,0.003715978469699621,0.003230166155844927,0.0030170967802405357
0.0031236903741955757,0.0035475215408951044,0.004237447865307331,0.005122358910739422
0.006135602947324514,0.00721163023263216,0.00826973095536232,0.00920969806611538
0.00993686355650425,0.010396763682365417,0.010580011643469334,0.01050338800996542
0.010193913243710995,0.00968371145427227,0.009016319178044796
0.008247642777860165,0.007438597735017538,0.006651618983596563,0.005943728145211935
0.0053630247712135315,0.004952005576342344,0.004738024435937405,0.004717457108199596
0.004858661442995071,0.005116477608680725,0.005432847887277603,0.005732521414756775
0.0059360358864068985,0.005978540983051062,0.005819826386868954,0.0054480829276144505
0.004874689970165491,0.004120930097997189,0.0032089408487081528,0.0021660656202584505
0.0010357813443988562,-0.00011677818838506937,-0.0012076980201527476
-0.0021468172781169415,-0.002853036392480135,-0.003262150567024946,-0.0033345527481287718
-0.0030734327156096697,-0.002537717344239354,-0.0018286250997334719,-0.0010587719734758139
-0.0003241434460505843,0.0003037478309124708,0.0007659178227186203,0.001010275213047862
0.0009992658160626888,0.0007158617372624576,0.00016619311645627022,-0.0006183712976053357
-0.001586447935551405,-0.0026773554272949696,-0.003829523455351591,-0.004985867068171501
-0.006092500872910023,-0.007092360407114029,-0.007923808880150318
-0.008532542735338211,-0.008892537094652653,-0.00901327095925808,-0.00892494898289442
-0.00866350345313549,-0.008266394957900047,-0.007776245474815369,-0.0072540417313575745,-0.0067825294099748135,-0.006443917751312256,-0.006292928475886583
-0.006337443832308054,-0.006526149809360504,-0.006765499711036682,-0.006966945715248585
-0.0070822578854858875,-0.007105717901140451,-0.0070529719814658165,-0.006945309694856405
-0.006823007483035326,-0.006753704976290464,-0.00680397916585207,-0.007002864498645067
-0.007334234192967415,-0.007757117040455341,-0.008225806057453156,-0.008693447336554527
-0.009105026721954346,-0.00939744058996439,-0.009521368891000748,-0.009470614604651928
-0.0092855766415596,-0.009025922045111656,-0.008740589022636414,-0.008456568233668804
-0.008184779435396194,-0.007928610779345036,-0.007688248064368963,-0.007464438211172819
-0.007257968652993441,-0.007064810022711754,-0.006876244675368071,-0.006676294840872288,-0.006437558680772781,-0.006131464149802923,-0.005735719110816717
-0.005234524607658386,-0.004632227588444948,-0.0039568389765918255,-0.003242350649088621
-0.002522737253457308,-0.0018332635518163443,-0.0011995499953627586,-0.0006269343430176377
-0.00010278134141117334,0.0003910333616659045,0.0008643483743071556,0.0013100208016112447
0.0017082446720451117,0.002043111715465784,0.0023114022333174944,0.00251710694283247
0.00265736086294055,0.0027163305785506964,0.0026904530823230743,0.00261361850425601
0.002538911532610655,0.0025027103256434202,0.002516654320061207
0.0025888471864163876,0.0027439184486865997,0.0030174769926816225,0.00343050598166883
0.003973585553467274,0.004613114520907402,0.005305520258843899,0.006008475087583065
0.006682988256216049,0.007289225235581398,0.0077904448844492435,0.008162846788764
0.008398960344493389,0.008510300889611244,0.00853312760591507,0.008522281423211098
0.008521073497831821,0.008532202802598476,0.00852857157588005,0.008486548438668251
0.008391490206122398,0.008211989887058735,0.007892823778092861
0.0073927221819758415,0.0067276484332978725,0.0059801191091537476,0.0052674864418804646
0.004692102316766977,0.004314348567277193,0.00415371498093009,0.004201128147542477
0.004433076363056898,0.00481811910867691,0.005319724325090647,0.005894852802157402
0.006488076876848936,0.007036362309008837,0.007483626250177622,0.007795436307787895
0.00796007551252842,0.007977238856256008,0.00785879697650671,0.007634980138391256
0.007348400540649891,0.007038746494799852,0.006733520422130823
0.0064510502852499485,0.00619620643556118,0.005960618145763874,0.005742871202528477,0.00555403484031558,0.005401650443673134,0.005282001104205847,0.005184654146432877
0.005096903536468744,0.00500448327511549,0.004889896605163813,0.004730006214231253
0.004500372335314751,0.004189067520201206,0.0038055956829339266,0.00336393341422081
0.002849454991519451,0.0022185652051120996,0.001439219806343317,0.0005271824775263667,-0.0004485062090680003,-0.0013895779848098755,-0.00219642068259418
-0.0027797361835837364,-0.003072954248636961,-0.0030495095998048782,-0.002728816820308566
-0.0021685785613954067,-0.0014486340805888176,-0.0006565949879586697,0.00011931301560252905
0.0007965442491695285,0.0012993975542485714,0.0015534874983131886,0.0014933448983356357
0.001091194455511868,0.00038079603109508753,-0.0005579071585088968,-0.0016407199436798692
-0.002794960979372263,-0.00394408218562603,-0.0050041042268276215,-0.005906686186790466
-0.006624967325478792,-0.0071735745295882225,-0.007582567166537046
-0.007869736291468143,-0.00803341530263424,-0.008070142939686775,-0.007995661348104477
-0.007845459505915642,-0.007657243404537439,-0.00745734665542841,-0.007263442501425743
-0.007099737413227558,-0.0070092035457491875,-0.007033207453787327,-0.007163342088460922
-0.00732613168656826,-0.007432358805090189,-0.007435706909745932,-0.00733702490106225
-0.007156267762184143,-0.0069227819330990314,-0.006677282974123955,-0.00646193278953433
-0.006307600066065788,-0.006231876090168953,-0.00624206755310297
-0.0063364761881530285,-0.00650617852807045,-0.006738053169101477,-0.007013463880866766
-0.007298042066395283,-0.007538056932389736,-0.007683695759624243,-0.007717246189713478
-0.007647636812180281,-0.007484064437448978,-0.007230342831462622,-0.006905014161020517
-0.006556269247084856,-0.00624868692830205,-0.00603517098352313,-0.00594188692048192
-0.005967931821942329,-0.006088902708142996,-0.006265196483582258,-0.0064519718289375305
-0.00660259835422039,-0.006665227469056845,-0.006584195885807276
-0.006320327054709196,-0.005872400011867285,-0.005271389149129391,-0.004561346024274826
-0.0037908609956502914,-0.003006524173542857,-0.002240782603621483,-0.0015073693357408047
-0.0008055592188611627,-0.00012748665176331997,0.0005298223113641143,0.001156349666416645
0.0017341494094580412,0.002245852490887046,0.002673981711268425,0.003001853358000517
0.0032234638929367065,0.0033482867293059826,0.003394888248294592,0.003375587984919548
0.003292920533567667,0.0031646685674786568,0.0030393539927899837
0.0029751521069556475,0.003012092085555196,0.003163898829370737,0.0034311613999307156,0.003817182034254074,0.00431985966861248,0.004907957743853331,0.005517252720892429
0.006074440199881792,0.006524443626403809,0.006844590418040752,0.007041687611490488
0.007134264335036278,0.007138786371797323,0.007068498991429806,0.006936743389815092
0.0067642973735928535,0.0065799131989479065,0.006406692322343588,0.0062493872828781605,0.006085368804633617,0.005868745967745781,0.005562577396631241
0.005172176286578178,0.004755341447889805,0.004409070126712322,0.004231227561831474
0.0042816875502467155,0.004568742588162422,0.005059393122792244,0.005700943525880575
0.006429917644709349,0.0071686506271362305,0.007833452895283699,0.00835555698722601
0.008701980113983154,0.00887896679341793
0.008907518349587917,0.00879417173564434,0.00852908007800579,0.008112112060189247
0.007582011632621288,0.007014991715550423,0.006485877558588982,0.006031379569321871
0.005650091450661421,0.005334163084626198,0.005097744520753622,0.004972315393388271
0.004977620672434568,0.005102332215756178,0.005312642548233271,0.005568437743932009
0.0058311279863119125,0.006061546970158815,0.006203150376677513,0.006185268983244896
0.005966918542981148,0.005565277300775051,0.005031828302890062,0.004410898312926292
0.0037246644496917725,0.002991215791553259,0.00225057452917099,0.0015642221551388502
0.0009828107431530952,0.0005241414764896035,0.00018284836551174521,-5.660360329784453e-05
-0.00021744047990068793,-0.00032813550205901265,-0.00041917175985872746,-0.000519803783390671
-0.0006487151840701699,-0.0008034986676648259,-0.0009614400914870203,-0.0010958949569612741
-0.0011971781495958567,-0.0012730752350762486,-0.0013326976913958788,-0.0013871254632249475
-0.0014668970834463835,-0.0016255928203463554,-0.0019175938796252012,-0.002370546106249094
-0.0029787877574563026,-0.0037167256232351065,-0.004549725446850061,-0.005432565230876207
-0.006306496448814869,-0.007105295546352863,-0.007771133910864592
-0.008271804079413414,-0.008607648313045502,-0.008807085454463959,-0.008912364020943642
-0.008956657722592354,-0.008950717747211456,-0.008894935250282288,-0.008796526119112968
-0.008666353300213814,-0.008497694507241249,-0.008248239755630493,-0.007858779281377792
-0.007307370193302631,-0.00664144940674305,-0.005956090521067381,-0.005352374631911516
-0.004912964999675751,-0.0046963077038526535,-0.0047398097813129425,-0.005054918117821217
-0.0056077782064676285,-0.006319182924926281,-0.007089456543326378
-0.007814023643732071,-0.008392063900828362,-0.008744729682803154,-0.008831759914755821
-0.008655333891510963,-0.008257733657956123,-0.007716415449976921,-0.007130422629415989
-0.006599660497158766,-0.006204430479556322,-0.005991114769130945,-0.005965379998087883
-0.006095266900956631,-0.006326721049845219,-0.006600989028811455,-0.006866453681141138
-0.007083031348884106,-0.007215673569589853,-0.007225142791867256,-0.007068220525979996
-0.006714159622788429,-0.006164464633911848,-0.005450737196952105
-0.004614938981831074,-0.0036948006600141525,-0.002725370228290558,-0.0017502140253782272
-0.0008208176586776972,1.6669626347720623e-05,0.0007288872147910297,0.001294180634431541
0.001696774736046791,0.0019207119476050138,0.0019489307887852192,0.0017759151523932815
0.001434172736480832,0.001001480151899159,0.0005692291306331754,0.00020175048848614097
-7.17771181371063e-05,-0.000223129682126455,-0.00019780779257416725,5.7245284551754594e-05
0.0005481848493218422,0.0012294994667172432,0.002033882075920701
0.0028987014666199684,0.0037655564956367016,0.004568895325064659,0.005244338884949684
0.005746759474277496,0.006062163971364498,0.006214369088411331,0.006252861116081476
0.0062259105034172535,0.006171199027448893,0.006128211040049791,0.006148682441562414
0.0062898024916648865,0.006586827337741852,0.007022792007774115,0.0075332047417759895
0.00804731622338295,0.008507680147886276,0.008841386996209621,0.008940169587731361
0.00870074424892664,0.008096646517515182,0.007207521703094244
0.006180598866194487,0.005172779783606529,0.004316501319408417,0.003711132798343897,0.003420855151489377,0.003462722059339285,0.0037959234323352575,0.004333076998591423
0.004975027404725552,0.005645304452627897,0.006298006046563387,0.006900258827954531
0.007407383061945438,0.007763827685266733,0.007940318435430527,0.007954576052725315
0.007849140092730522,0.007661692798137665,0.007411360740661621,0.007105573080480099,0.006761257071048021,0.006413022056221962,0.006096188444644213
0.005830083042383194,0.005625381134450436,0.005501511041074991,0.005487810354679823
0.005606950726360083,0.005856182426214218,0.006203749682754278,0.006598975975066423
0.0069783939979970455,0.007269364781677723,0.007396752946078777,0.007292286492884159
0.006910082884132862,0.006236797198653221,0.005292448215186596,0.004132418893277645
0.0028407969512045383,0.001512604532763362,0.00024188030511140823,-0.0008829443249851465
-0.001785592408850789,-0.0024112286046147346,-0.002732151187956333
-0.0027506821788847446,-0.0025036255829036236,-0.0020651116501539946,-0.001540659461170435
-0.0010393420234322548,-0.0006341306725516915,-0.0003535256255418062,-0.00020469375886023045
-0.0001882453798316419,-0.00030494137899950147,-0.0005568875931203365,-0.000933766714297235
-0.0014147998299449682,-0.001988048432394862,-0.002650807611644268,-0.0033966293558478355
-0.00420492235571146,-0.005037015303969383,-0.005843861028552055,-0.006576998624950647
-0.007195066194981337,-0.007668233476579189,-0.007981227710843086
-0.008134828880429268,-0.008145289495587349,-0.00804086122661829,-0.007855813950300217
-0.007626126520335674,-0.007392229046672583,-0.007199130952358246,-0.007085916120558977
-0.007070604711771011,-0.007131147664040327,-0.007202732376754284,-0.0072124856524169445
-0.007119633257389069,-0.006926293484866619,-0.006668593734502792,-0.006406710017472506
-0.00621367571875453,-0.00615768413990736,-0.006278585642576218,-0.006568592973053455
-0.006979660131037235,-0.007455217652022839,-0.007947213016450405
-0.008405108004808426,-0.008765107952058315,-0.008961480110883713,-0.008955331519246101
-0.008754538372159004,-0.008401928469538689,-0.007948251441121101,-0.007439801935106516
-0.006918345112353563,-0.006424489431083202,-0.00600418820977211,-0.005702416878193617
-0.0055423700250685215,-0.005515454802662134,-0.005590651649981737,-0.005729549564421177,-0.005892974324524403
6.6539655563246924e-06,8.50848027766915e-06,1.0685937922971789e-05,1.3267896974866744e-05
1.6434898498118855e-05,2.036647310887929e-05,2.519775807741098e-05,3.106561416643672e-05
3.8086909626144916e-05,4.619771789293736e-05,5.505038279807195e-05,6.407727778423578e-05
7.261686550918967e-05,7.996802014531568e-05,8.522018470102921e-05,8.716208685655147e-05
8.474924834445119e-05,7.777612336212769e-05
6.71307643642649e-05,5.45066905033309e-05,4.179937604931183e-05,3.057414505747147e-05
2.1767389625892974e-05,1.56196783791529e-05,1.1887640539498534e-05,1.0196251423622016e-05
1.029125451168511e-05,1.211050221172627e-05,1.5697089111199602e-05,2.100702840834856e-05
2.7735557523556054e-05,3.5324846976436675e-05,4.309755968279205e-05,5.0292012019781396e-05
5.6089062127284706e-05,5.980347850709222e-05,6.108302477514371e-05,6.002862210152671e-05
5.7185967307304963e-05,5.3225576266413555e-05,4.867276948061772e-05
4.40483090642374e-05,3.991823905380443e-05,3.662889139377512e-05,3.4178370697190985e-05
3.236769771319814e-05,3.1027728255139664e-05,3.0075587346800603e-05,2.9343773348955438e-05
2.848358235496562e-05,2.7128589863423258e-05,2.514359039196279e-05,2.27125365199754e-05
2.0147766917943954e-05,1.7623120584175922e-05,1.5157514098973479e-05,1.2761842299369164e-05
1.0470330380485393e-05,8.312285899592098e-06,6.318541181826731e-06,4.502887350099627e-06
2.8770798508048756e-06,1.5062699958434678e-06,5.11726000240742e-07
3.1257666677220186e-08,1.1804544186588828e-07,6.132923999757622e-07,1.19291235023411e-06
1.5658949905628106e-06,1.6160432778633549e-06,1.4070432143853395e-06,1.0823783895830275e-06
7.647124107279524e-07,5.285965585244412e-07,4.200191767722572e-07,4.900927592643711e-07
8.755022804507462e-07,1.8997279767063446e-06,4.059871116623981e-06,7.81016206019558e-06
1.3248893083073199e-05,1.993325349758379e-05,2.7015747036784887e-05,3.3666325180092826e-05
3.932795152650215e-05,4.371392788016237e-05,4.680431811721064e-05
4.8776895710034296e-05,4.992433241568506e-05,5.060819603386335e-05,5.108900222694501e-05
5.1353494200157e-05,5.12320184498094e-05,5.073419015388936e-05,5.013839472667314e-05,4.9713933549355716e-05,4.939283462590538e-05,4.8581368901068345e-05,4.6450069930870086e-05
4.27000668423716e-05,3.782971907639876e-05,3.263675171183422e-05,2.7828331440105103e-05
2.39973196585197e-05,2.1622756321448833e-05,2.0974795916117728e-05,2.2073732907301746e-05
2.4848804969224147e-05,2.9337250452954322e-05,3.5665067116497084e-05
4.386807631817646e-05,5.3703955927630886e-05,6.44925530650653e-05,7.513521995861083e-05
8.43726666062139e-05,9.10963281057775e-05,9.460024011787027e-05,9.46539657888934e-05
9.13598996703513e-05,8.509743929607794e-05,7.659174298169091e-05,6.685137486783788e-05
5.6973261962411925e-05,4.791718674823642e-05,4.030027048429474e-05,3.431833829381503e-05
2.989560380228795e-05,2.6899488148046657e-05,2.5209794330294244e-05,2.4719816792639904e-05
2.528756158426404e-05,2.6561836421024054e-05,2.7894533559447154e-05
2.850983219104819e-05,2.7773667170549743e-05,2.5436080250074156e-05,2.1676467440556735e-05
1.6899286492844112e-05,1.1644458936643787e-05,6.634015335293952e-06,2.672552454896504e-06
4.1413915141674806e-07,1.1120515353013616e-07,1.538728838568204e-06,4.162421646469738e-06
7.335552254517097e-06,1.0421357728773728e-05,1.2896260159322992e-05,1.4453200492425822e-05
1.499889822298428e-05,0.003810327732935548,0.003614055924117565,0.0033007217571139336
0.00291265151463449,0.002502485178411007,0.0021271442528814077
0.0018540122546255589,0.0017519870307296515,0.001868264633230865,0.0022113793529570103
0.0027518440037965775,0.0034332177601754665,0.004184989258646965,0.004938237834721804
0.0056372107937932014,0.006245169788599014,0.006746792234480381,0.007139524910598993
0.007424559909850359,0.007612430490553379,0.0077278572134673595,0.007798219099640846
0.007837539538741112,0.007841313257813454,0.007785204332321882,0.007625211495906115
0.007316321600228548,0.006839333102107048,0.006214235909283161
0.00550561398267746,0.004812377039343119,0.004235029220581055,0.0038496917113661766,0.003699301043525338,0.0037911187391728163,0.004103229381144047,0.004591124132275581
0.005189076066017151,0.00582097377628088,0.006419082172214985,0.006932257674634457
0.0073213293217122555,0.007557172328233719,0.0076280743815004826,0.007550391368567944
0.007368588820099831,0.0071360161527991295,0.006894090212881565,0.006668302696198225,0.006474371999502182,0.006323554553091526,0.006223576609045267
0.006175163667649031,0.006170924752950668,0.006200865842401981,0.006256973836570978
0.0063325949013233185,0.006418473552912474,0.0064920163713395596,0.0065134740434587
0.006444655358791351,0.006265070289373398,0.005968240089714527,0.0055525340139865875
0.005014496389776468,0.004353747703135014,0.0035877153277397156,0.0027535685803741217
0.0018981352914124727,0.0010718796402215958,0.0003210618160665035,-0.0003241261001676321
-0.0008477603551000357,-0.0012360099935904145,-0.0014803058002144098
-0.0015896717086434364,-0.0015861879801377654,-0.001492614159360528,-0.0013308384222909808
-0.001126074930652976,-0.0009086270583793521,-0.0007075988687574863,-0.000539689848665148
-0.00040993141010403633,-0.00032703313627280295,-0.0003157640458084643,-0.00041223433800041676
-0.0006495200796052814,-0.001050492050126195,-0.0016245061997324228,-0.0023598256520926952
-0.0032166435848921537,-0.004128149710595608,-0.005018600262701511,-0.005827274173498154
-0.006516852881759405,-0.007068493403494358,-0.007472822908312082
-0.007729964796453714,-0.007857540622353554,-0.007884196937084198,-0.007837722077965736
-0.007744483649730682,-0.007631424814462662,-0.007526171859353781,-0.007453086320310831
-0.00741549814119935,-0.007368097081780434,-0.007222068961709738,-0.006901138927787542
-0.006389280315488577,-0.005733566824346781,-0.005027909763157368,-0.0043940977193415165
-0.003957855980843306,-0.003817051649093628,-0.0040098316967487335,-0.004507698118686676
-0.0052408077754080296,-0.006128543522208929,-0.007090667728334665,-0.008041433990001678,-0.008885331451892853,-0.009528829716145992,-0.009904185310006142,-0.009982834570109844,-0.00977310724556446,-0.009321276098489761,-0.00870593637228012,-0.008014864288270473,-0.007329522166401148,-0.0067185224033892155,-0.006228066049516201,-0.005878138355910778,-0.005664793308824301,-0.005567152984440327,-0.005555661860853434,-0.005595621652901173,-0.0056560467928647995,-0.005720020271837711,-0.005780254025012255,-0.00582610908895731,-0.005833105184137821,-0.005761910229921341
-0.005573292262852192,-0.005242379382252693,-0.004754174966365099,-0.004096753895282745
-0.003268824890255928,-0.002289403462782502,-0.0012029658537358046,-8.097058162093163e-05
0.0009919368894770741,0.0019414303824305534,0.0027168476954102516,0.0032898779027163982
0.0036457411479204893,0.0037806686013936996,0.0037121279165148735,0.0034884377382695675
0.0031808926723897457,0.0028576834592968225,0.0025611750315874815,0.002312285592779517
0.002132216701284051,0.0020513469353318214,0.002094544004648924
0.0022598691284656525,0.0025210892781615257,0.002853136509656906,0.0032439986243844032
0.0036842050030827522,0.004153191111981869,0.004612583667039871,0.005015287548303604
0.005328419152647257,0.005547562148422003,0.005689670331776142,0.005773903336375952
0.005809014197438955,0.0058020930737257,0.0057775783352553844,0.005775308236479759
0.005827150773257017,0.005934725049883127,0.006061437539756298,0.006155531853437424
0.006188109051436186,0.006161853671073914,0.0060938638634979725
0.006005866918712854,0.0059287054464221,0.0059053292497992516,0.0059791565872728825
0.006170549429953098,0.006459264550358057,0.006790705490857363,0.00709878746420145
0.007325505372136831,0.0074368929490447044,0.007433698046952486,0.007342087104916573
0.007191848941147327,0.006999443285167217,0.006756890565156937,0.006435447838157415
0.0060152835212647915,0.005516604986041784,0.004997646901756525,0.0045247930102050304
0.0041470094583928585,0.0038987519219517708,0.0038243702147156
0.003991131670773029,0.0044669802300632,0.005268700420856476,0.0063300784677267075,0.007534268777817488,0.008775217458605766,0.009985392913222313,0.011119403876364231
0.012120168656110764,0.012897181324660778,0.013341670855879784,0.013367610052227974
0.012935553677380085,0.012046076357364655,0.010720198042690754,0.008985411375761032
0.006880318745970726,0.004467369522899389,0.001834056805819273,-0.0009088034275919199,-0.0036203875206410885,-0.006134266033768654,-0.008284874260425568
-0.009940702468156815,-0.011027297005057335,-0.011527112685143948,-0.011461482383310795
-0.010877326130867004,-0.009848825633525848,-0.008489553816616535,-0.0069590117782354355
-0.005435662809759378,-0.004062843043357134,-0.0029188706539571285,-0.002030720701441169
-0.0014025869313627481,-0.0010291596408933401,-0.0008818436181172729,-0.0008913071360439062
-0.0009613397996872663,-0.0010116228368133307,-0.001012983382679522,-0.0009857299737632275
-0.0009691771701909602,-0.0009946816135197878,-0.001085420255549252
-0.0012766921427100897,-0.0016248396132141352,-0.002188386395573616,-0.0030063814483582973
-0.004093363881111145,-0.005440600216388702,-0.007020483259111643,-0.00878114253282547,-0.010619282722473145,-0.012376299127936363,-0.013885639607906342,-0.015022876672446728
-0.015718363225460052,-0.015944648534059525,-0.015703270211815834,-0.015023603104054928
-0.01397110614925623,-0.012649865821003914,-0.011191722936928272,-0.009734873659908772,-0.008400248363614082,-0.00728296535089612,-0.006458716932684183
-0.005986484698951244,-0.005898603238165379,-0.006179007701575756,-0.006744973827153444
-0.007454969454556704,-0.008145589381456375,-0.008672282099723816,-0.008926557376980782
-0.008837252855300903,-0.008374106138944626,-0.007552561350166798,-0.006433432921767235
-0.005105070769786835,-0.003652216400951147,-0.002141257282346487,-0.0006271342281252146
0.0008307771058753133,0.002152080647647381,0.0032353424467146397,0.003979540895670652
0.00431641424074769,0.004233882296830416,0.0037684240378439426
0.002982089528813958,0.0019493766594678164,0.0007556027267128229,-0.0004947574343532324
-0.0016742319567129016,-0.0026453423779457808,-0.0032855626195669174,-0.003515523159876466
-0.003308461979031563,-0.0026841326616704464,-0.0017211700323969126,-0.0005712362471967936
0.0005681900074705482,0.0015156656736508012,0.0021616516169160604,0.0024845250882208347
0.002527194796130061,0.0023573455400764942,0.0020361056085675955,0.0016197016229853034
0.0011877381475642323,0.000859786756336689,0.0007658580434508622
0.0009842092404142022,0.001511234324425459,0.0022856108844280243,0.003221916500478983
0.004228623583912849,0.005222152918577194,0.006137399468570948,0.006930054631084204
0.007577638607472181,0.008072307333350182,0.00840800255537033,0.008585335686802864,0.008624257519841194,0.00855783186852932,0.008414318785071373,0.008211271837353706
0.007960072718560696,0.007661432959139347,0.007299227174371481,0.006855650804936886,0.006343998946249485,0.005830018315464258,0.005424495320767164
0.0052522229962050915,0.005397311877459288,0.005850737914443016,0.0065061841160058975
0.007201606873422861,0.007784504443407059,0.008163129910826683,0.008299218490719795,0.008177168667316437,0.007796991616487503,0.007181362248957157
0.006393163464963436,0.005541887599974871,0.004744021687656641,0.004072565585374832
0.003544315928593278,0.00313788210041821,0.002821366535499692,0.0025694197975099087
0.0023551147896796465,0.0021456738468259573,0.0019238421227782965,0.0017063587438315153
0.0015536383725702763,0.0015643755905330181,0.0018211094429716468,0.002325918525457382
0.0029970379546284676,0.0037305662408471107,0.004473111126571894,0.005222907289862633
0.00596740934997797,0.006655603647232056,0.007221749983727932,0.007624518591910601
0.007878230884671211,0.008030544966459274,0.008104048669338226,0.008079521358013153
0.007921811193227768,0.007599328178912401,0.007081073708832264,0.006321726366877556,0.005266285967081785,0.003893660381436348,0.0022568050771951675
0.00047261943109333515,-0.0013203866546973586,-0.0030012617353349924,-0.004483490716665983,-0.0057110353372991085,-0.006661549676209688,-0.007349435240030289,-0.007805196102708578
-0.008056145161390305,-0.008127412758767605,-0.008057068102061749,-0.007914571091532707
-0.007794484030455351,-0.0077753858640789986,-0.00787377543747425,-0.008033383637666702
-0.0081619992852211,-0.008175940252840519,-0.008009192533791065,-0.0076108332723379135,-0.006972969509661198,-0.0061586229130625725,-0.005283617880195379
-0.004463424906134605,-0.003761864732950926,-0.0031957505270838737,-0.002794496715068817
-0.002621021121740341,-0.0027233483269810677,-0.0030787528958171606,-0.0035780100151896477
-0.004073472693562508,-0.004467245191335678,-0.004759256727993488,-0.005008187144994736
-0.00523721007630229,-0.005363135598599911,-0.005218761507421732,-0.004650248680263758
-0.0035944548435509205,-0.002100542886182666,-0.00032783858478069305,0.0014760522171854973
0.0030096108093857765,0.003921263851225376,0.003789379959926009
0.00217873090878129,-0.001173879485577345,-0.006165743805468082,-0.012284568510949612
-0.018747642636299133,-0.02473273314535618,-0.02953556925058365,-0.032573673874139786
-0.03337229788303375,-0.031667836010456085,-0.027567969635128975,-0.02163967676460743
-0.014814751222729683,-0.00809754990041256,-0.0022751744836568832,0.0021620946936309338
0.0049257706850767136,0.005845927633345127,0.004939495585858822,0.002556511200964451
-0.0006283062975853682,-0.0038517117500305176,-0.006556409876793623
-0.00851699523627758,-0.00970546342432499,-0.010077156126499176,-0.009528565220534801
-0.008013776503503323,-0.005623030476272106,-0.0025234632194042206,0.0011578351259231567
0.005363629199564457,0.01000548992305994,0.01482691802084446,0.019366178661584854
0.02305818907916546,0.02538134530186653,0.025933939963579178,0.02442902699112892
0.020725645124912262,0.01495010033249855,0.00757785327732563,-0.0005996003746986389
-0.00858273170888424,-0.015346738509833813,-0.02004341594874859
-0.02209814265370369,-0.02122204378247261,-0.017458464950323105,-0.011253084987401962
-0.0034202206879854202,0.0050226496532559395,0.01304614171385765,0.019763201475143433
0.02454439178109169,0.027062157168984413,0.02725745551288128,0.025294043123722076
0.021550532430410385,0.016609949991106987,0.011184753850102425,0.0059863245114684105
0.0015969499945640564,-0.0015936901327222586,-0.003377311397343874,-0.00368712842464447
-0.002555734710767865,-9.360094554722309e-05,0.0035027479752898216
0.00795006100088358,0.012890361249446869,0.017886802554130554,0.022399190813302994
0.02580135129392147,0.027510294690728188,0.02714630216360092,0.024611473083496094
0.020105428993701935,0.014107070863246918,0.007336411625146866,0.000705154612660408
-0.004787940997630358,-0.008218626491725445,-0.008925766684114933,-0.0066954828798770905
-0.0018383776769042015,0.004879467189311981,0.012364581227302551,0.01934026926755905
0.02452990785241127,0.026879414916038513,0.02577062137424946
0.021141348406672478,0.013463398441672325,0.003618713468313217,-0.007251559291034937
-0.017885994166135788,-0.027037112042307854,-0.03362591564655304,-0.03691442310810089
-0.03663340210914612,-0.032981012016534805,-0.026501361280679703,-0.017948035150766373
-0.008209727704524994,0.001718856394290924,0.010819792747497559,0.018229205161333084
0.02338210865855217,0.026006828993558884,0.026018880307674408,0.023436414077878
0.01838390715420246,0.011166514828801155,0.002348463051021099
-0.00723839458078146,-0.016583414748311043,-0.02464008517563343,-0.030463166534900665
-0.03330983221530914,-0.032720841467380524,-0.02860032580792904,-0.021267887204885483
-0.011456677690148354,-0.0002506617456674576,0.011036726646125317,0.021033823490142822
0.02849842607975006,0.03245548531413078,0.03228836506605148,0.02784511260688305
0.019531676545739174,0.008301746100187302,-0.004495267756283283,-0.01734890043735504
-0.028812382370233536,-0.03768431395292282,-0.043128639459609985
-0.04473114013671875,-0.04253466799855232,-0.037035562098026276,-0.029087908565998077
-0.019732890650629997,-0.010016832500696182,-0.0008604656904935837,0.006986407563090324
0.01293431781232357,0.016580848023295403,0.01779412478208542,0.016724156215786934
0.01369412336498499,0.009089858271181583,0.0033397236838936806,-0.003014405257999897
-0.009255782701075077,-0.014560563489794731,-0.018171895295381546,-0.01957562565803528
-0.01857980154454708,-0.0152779221534729,-0.009999673813581467
-0.0033085932955145836,0.004002006724476814,0.010987539775669575,0.01673225313425064
0.020532730966806412,0.021981727331876755,0.020959794521331787,0.01759367249906063
0.012263230979442596,0.005634092725813389,-0.0014064135029911995,-0.007917246781289577,-0.013095618225634098,-0.01641387864947319
-0.017658784985542297,-0.016919467598199844,-0.014552019536495209,-0.011105346493422985
-0.007219109684228897,-0.0035115256905555725,-0.0004967404529452324,0.001444194815121591
0.002073568757623434,0.0013299679849296808,-0.0006263443501666188,-0.0034254053607583046
-0.006579967215657234,-0.009604446589946747,-0.012097994796931744,-0.013748440891504288
-0.014305640012025833,-0.0136040560901165,-0.011609252542257309,-0.00842992216348648
-0.004282086156308651,0.0005562114529311657,0.005741767585277557,0.010839536786079407
0.015341300517320633,0.01874549686908722,0.020667221397161484,0.02091600000858307
0.019504474475979805,0.01660824753344059,0.012526655569672585,0.007674751803278923
0.002559991553425789,-0.002269648015499115,-0.006255581043660641,-0.008871116675436497
-0.009716378524899483,-0.008634883910417557,-0.005807643290609121,-0.0017566042952239513
0.002764538861811161,0.0069526182487607,0.010140168480575085,0.011881964281201363
0.011948451399803162,0.010307776741683483,0.00711810402572155,0.0027321046218276024
-0.0023218097630888224,-0.007414121180772781,-0.011908257380127907,-0.015247393399477005
-0.01701504923403263,-0.016972992569208145,-0.01510748639702797
-0.011647305451333523,-0.0070116035640239716,-0.0017108293250203133,0.0037618461064994335
0.009008139371871948,0.013737690635025501,0.017720721662044525,0.020740900188684464
0.02260272577404976,0.02317132242023945,0.022421658039093018,0.0204850472509861
0.01765228435397148,0.014331838116049767,0.010977569967508316,0.008001686073839664
0.005724694579839706,0.004373631905764341,0.0040979753248393536,0.004966080188751221
0.006906766444444656,0.009642358869314194,0.012693697586655617
0.015461862087249756,0.017350956797599792,0.017892956733703613,0.016834862530231476
0.014176215045154095,0.010169906541705132,0.005291105248034,0.00016563571989536285
-0.004539754707366228,-0.008240221999585629,-0.010520830750465393,-0.011153202503919601
-0.010079555213451385,-0.0074319131672382355,-0.0035711750388145447,0.0009263744577765465
0.005359498783946037,0.0090407719835639,0.011438872665166855,0.012271678075194359
0.011529359966516495,0.0094399843364954,0.006387421861290932
0.002815291751176119,-0.0008407570421695709,-0.004192093852907419,-0.006913947407156229
-0.008746158331632614,-0.009504360146820545,-0.009102780371904373,-0.007572133094072342
-0.005067481193691492,-0.0018523852340877056,0.0017440465744584799,0.005376042332500219
0.008714703842997551,0.011455148458480835,0.013302629813551903,0.013962475582957268
0.01315720658749342,0.01068156398832798,0.00649129506200552,0.0007878346368670464
-0.00595880625769496,-0.01307487953454256
-0.019808121025562286,-0.025462284684181213,-0.029499705880880356,-0.03159548342227936
-0.031649500131607056,-0.02976442687213421,-0.026208901777863503,-0.021401328966021538
-0.015908868983387947,-0.010411815717816353,-0.005614111199975014,-0.00212045107036829
-0.00031755678355693817,-0.0003100540488958359,-0.0019307538168504834,-0.004801053553819656
-0.008409734815359116,-0.01219228282570839,-0.015618904493749142,-0.018286194652318954
-0.019952546805143356,-0.02049049735069275,-0.019829442724585533
-0.01796463131904602,-0.015021093189716339,-0.011287941597402096,-0.007160256616771221,-0.0030349530279636383,0.0007599219679832458,0.003974893130362034,0.00640163104981184
0.007841934449970722,0.008124945685267448,0.007162817288190126,0.005006762687116861
0.0018605380319058895,-0.0019411689136177301,-0.005948140285909176,-0.009619863703846931
-0.012404607608914375,-0.013860860839486122,-0.013761157169938087,-0.012126978486776352,-0.009193078614771366,-0.005340286530554295,-0.0010385848581790924
0.0031943819485604763,0.0068449052050709724,0.009465412236750126,0.01073409989476204
0.010512019507586956,0.008878606371581554,0.006127574481070042,0.0027296170592308044
-0.000741817057132721,-0.0037267315201461315,-0.005802662577480078,-0.006752657704055309
-0.006549027748405933,-0.005292316433042288,-0.003160288091748953,-0.0003886357881128788
0.002732421038672328,0.005876543466001749,0.008727687411010265,0.011031693778932095
0.012622060254216194,0.013425284996628761,0.013460250571370125
0.012824077159166336,0.011663003824651241,0.010136948898434639,0.008391258306801319
0.006553485058248043,0.004757347516715527,0.003175020217895508,0.0020207432098686695
0.001508824760094285,0.0017946002772077918,0.0029215132817626,0.004784704186022282
0.00713090505450964,0.009598763659596443,0.011780327185988426,0.013284644111990929
0.01379536371678114,0.013115151785314083,0.01119557861238718,0.008156021125614643
0.00428435206413269,1.5630852431058884e-05,-0.004117851611226797
-0.007575754076242447,-0.009909155778586864,-0.010829768143594265,-0.01024693250656128
-0.008278336375951767,-0.005229521542787552,-0.0015382291749119759,0.0023179007694125175
0.005919349379837513,0.008953793905675411,0.011212904006242752,0.01257721520960331
0.013016907498240471,0.012611642479896545,0.01155227143317461,0.010095762088894844
0.008507894352078438,0.007022286765277386,0.005810004658997059,0.0049702320247888565
0.0045452844351530075,0.00452754320576787,0.004857833497226238
0.005452179349958897,0.006243889220058918,0.007194514386355877,0.008255364373326302,0.00930975005030632,0.010168202221393585,0.010636568069458008,0.01058852206915617
0.009986642748117447,0.008857774548232555,0.007257381454110146,0.0052566626109182835
0.0029637631960213184,0.0005566873587667942,-0.0017130315536633134,-0.0035621067509055138,-0.004741515964269638,-0.00510045699775219
0.00012966518988832831,0.00010649204341461882,8.5392442997545e-05,6.600979395443574e-05,4.8433874326292425e-05,3.3094365790020674e-05,2.0590381609508768e-05,1.1472560800029896e-05
5.868739663128508e-06,3.2301043120241957e-06,2.6598331714922097e-06,3.7572328892565565e-06
6.881786248413846e-06,1.2472813068598043e-05,2.035633588093333e-05,2.9592161808977835e-05,3.8641235732939094e-05,4.589494346873835e-05
5.054524808656424e-05,5.324235462467186e-05,5.6203018175438046e-05,6.274822953855619e-05
7.66655575716868e-05,0.00010161432874156162,0.00013954548921901733,0.00018773866759147495
0.0002370795700699091,0.00027459822013042867,0.00028907551313750446,0.0002758499176707119
0.00023844312818255275,0.00018617384193930775,0.00012993923155590892,7.976889901328832e-05
4.266351243131794e-05,1.9872464690706693e-05,7.800919775036164e-06,2.0760262486874126e-06
6.386926543200389e-08,7.403886570500617e-07,3.6990222724853083e-06
8.640749001642689e-06,1.5125550817174371e-05,2.2158652427606285e-05,2.7927104383707047e-05
2.9900498702772893e-05,2.6142211936530657e-05,1.7613918316783383e-05,8.254962267528754e-06
1.9806043383141514e-06,6.7259735558877765e-09,7.530484253948089e-07,1.680847276475106e-06,1.3830233456246788e-06,3.475532821539673e-07,9.39888593620708e-08,1.7629612329983502e-06
5.294833954394562e-06,9.58132750383811e-06,1.3225166185293347e-05,1.5157019333855715e-05,1.4948018360882998e-05,1.308968694502255e-05,1.0560238479229156e-05
7.990005542524159e-06,5.698223503713962e-06,4.032347078464227e-06,3.2978266517602606e-06
3.793715450228774e-06,6.209693310665898e-06,1.1869358786498196e-05,2.2196069039637223e-05
3.7599398638121784e-05,5.7188102800864726e-05,7.975590415298939e-05,0.00010380565072409809
0.00012639824126381427,0.0001433975121472031,0.00015090357919689268,0.0001459214836359024
0.00012739958765450865,9.848945774137974e-05,6.645952089456841e-05,3.878515417454764e-05
1.935734508151654e-05,8.068598617683165e-06,2.740772515608114e-06
8.405000357925019e-07,4.6020878130548226e-07,9.577946684657945e-07,3.1912195481709205e-06
8.679047823534347e-06,1.8079945220961235e-05,3.107429074589163e-05,4.735165202873759e-05,6.668869900749996e-05,8.79229191923514e-05,0.0001084666364477016,0.00012504239566624165
0.0001343632029602304,0.0001338383590336889,0.00012266190606169403,0.00010228365863440558
7.658392132725567e-05,5.12579244968947e-05,3.119731991318986e-05,1.8172462660004385e-05
1.1208753676328342e-05,8.455141141894273e-06,8.608096322859637e-06
1.1285766959190369e-05,1.6475949450978078e-05,2.3545091607957147e-05,3.093147824984044e-05
3.703736001625657e-05,4.0999231714522466e-05,4.231850107316859e-05,4.018632898805663e-05
3.415848550503142e-05,2.552254773036111e-05,1.659341069171205e-05,8.920497748476919e-06
3.2032394301495515e-06,2.0961280711162544e-07,9.727010592541774e-07,5.957779649179429e-06
1.4019451555213891e-05,2.237598891952075e-05,2.809833677019924e-05,2.9706825444009155e-05
2.698547177715227e-05,2.0333265638328157e-05,1.1483743037388194e-05
3.7587283259199467e-06,1.4086472788221727e-07,1.0780884167616023e-06,4.183939381618984e-06,6.0004012993886136e-06,4.732863544631982e-06,1.6698769513823208e-06,4.072940595900576e-10
2.4009193566598697e-06,9.763976777321659e-06,2.13789153349353e-05,3.533992276061326e-05
4.8691385018173605e-05,5.801043153041974e-05,6.150735862320289e-05,6.019491411279887e-05
5.5994492868194357e-05,-0.0070555624552071095,-0.006437895353883505,-0.005601093638688326,-0.004614389967173338,-0.0036118929274380207,-0.0027070718351751566
-0.00197426974773407,-0.001473885728046298,-0.001294277491979301,-0.0015661834040656686
-0.0023847720585763454,-0.003692524041980505,-0.00525260204449296,-0.00675637973472476
-0.00796210952103138,-0.00875198096036911,-0.009106281213462353,-0.00905757024884224
-0.008679484948515892,-0.008091451600193977,-0.0074288747273385525,-0.00680018775165081
-0.0062749129720032215,-0.0059134988114237785,-0.005791719537228346,-0.0059506092220544815
-0.006340124644339085,-0.006863855291157961,-0.0074644009582698345
-0.008136944845318794,-0.008863933384418488,-0.009559674188494682,-0.01009141281247139,-0.010328089818358421,-0.010172945447266102,-0.009592258371412754,-0.008604110218584538
-0.007230974268168211,-0.0055004870519042015,-0.003493259660899639,-0.0013609137386083603
0.0007009627297520638,0.0024733059108257294,0.0037158436607569456,0.004206084180623293
0.003824812825769186,0.002629970433190465,0.0008460353128612041,-0.0012448737397789955,-0.003405459923669696,-0.005464031361043453,-0.007274579256772995
-0.008652634918689728,-0.009394130669534206,-0.009417080320417881,-0.00884332600980997
-0.007896127179265022,-0.006715526804327965,-0.005275965202599764,-0.003499086946249008
-0.0014155986718833447,0.000813108985312283,0.002984128426760435,0.004938370548188686
0.006569690071046352,0.007759432308375835,0.00835094228386879,0.008227447047829628
0.007406354416161776,0.006061646156013012,0.004464505240321159,0.0028814924880862236
0.0015050745569169521,0.0004668738692998886,-0.00012072967365384102
-0.000177950641955249,0.0002969364868476987,0.0012178783072158694,0.0024493259843438864
0.0038460518699139357,0.0052405232563614845,0.006435229443013668,0.007278032135218382
0.007729571778327227,0.007829191163182259,0.007613129913806915,0.007069590035825968
0.006175473798066378,0.00496139470487833,0.003526325337588787,0.002031426876783371
0.0006790757179260254,-0.0003445091424509883,-0.000893563381396234,-0.0008406210690736771
-8.810893632471561e-05,0.001378596411086619,0.0034643076360225677
0.005984543357044458,0.008685448206961155,0.011251483112573624,0.013343088328838348
0.014679179526865482,0.015129023231565952,0.014729088172316551,0.013603823259472847
0.011894832365214825,0.009754412807524204,0.007379461079835892,0.005035865120589733
0.002989917527884245,0.001389011275023222,0.00023908447474241257,-0.0004913844168186188
-0.0007380619063042104,-0.00033387626172043383,0.000834062637295574,0.0026936051435768604
0.005009734537452459,0.007490833289921284,0.0098781269043684,0.01194700412452221
0.013451365754008293,0.01413064543157816,0.013811188749969006,0.012513548135757446
0.01046866923570633,0.008031144738197327,0.005556230433285236,0.0033218557946383953
0.0015362012200057507,0.00036098062992095947,-0.00013490836136043072,-3.3979828003793955e-05
0.0004624372231774032,0.0011494079371914268,0.00189097854308784,0.0025759232230484486
0.0030715276952832937,0.00327245588414371,0.003161889035254717,0.0027997067663818598,0.002250116318464279,0.0015233592130243778
0.0005940780974924564,-0.000541669491212815,-0.0018237789627164602,-0.0031188097782433033
-0.004273113328963518,-0.0051813190802931786,-0.005784981418401003,-0.0060248891822993755
-0.005827211309224367,-0.005148984491825104,-0.004036968573927879,-0.0026442366652190685
-0.0012014831881970167,2.1038111299276352e-05,0.0007453170255757868,0.0007507475675083697
-3.667059354484081e-05,-0.0015259978827089071,-0.0035252515226602554,-0.005825231317430735
-0.008259142749011517,-0.010683780536055565,-0.012915576808154583
-0.014730033464729786,-0.015933988615870476,-0.016445577144622803,-0.016294701024889946
-0.015516754239797592,-0.014088361524045467,-0.012002632021903992,-0.00936593022197485
-0.006407368928194046,-0.0034118378534913063,-0.0006440626457333565,0.0016717800172045827
0.003326845122501254,0.004123486112803221,0.003924226388335228,0.002715002279728651
0.0006347452290356159,-0.002048853784799576,-0.005017170682549477,-0.00796916801482439
-0.010632667690515518,-0.012778517790138721,-0.014265375211834908
-0.015061095356941223,-0.01521410420536995,-0.014793085865676403,-0.013867967762053013
-0.012567929923534393,-0.011109626851975918,-0.009726774878799915,-0.008578742854297161
-0.00772187439724803,-0.007155344821512699,-0.006880384404212236,-0.006909939460456371
-0.007241462357342243,-0.0078101991675794125,-0.008448675274848938,-0.008926494047045708
-0.009041134268045425,-0.008643783628940582,-0.007615319453179836,-0.005887982435524464
-0.003503641113638878,-0.0006382339634001255,0.0024253535084426403
0.005356440320611,0.00783326756209135,0.009580042213201523,0.01042221114039421
0.01034897193312645,0.009502548724412918,0.008091731928288937,0.0062979138456285
0.0042424979619681835,0.002051152288913727,-7.464061491191387e-05,-0.0018881662981584668
-0.003208189271390438,-0.004014899022877216,-0.004410736262798309,-0.004456131719052792
-0.004088509827852249,-0.0032032059971243143,-0.0017621153965592384,0.00016790814697742462
0.002451486187055707,0.004929366055876017,0.007407325319945812
0.009637333452701569,0.011353101581335068,0.01234309934079647,0.012519432231783867
0.011944171972572803,0.010788088664412498,0.009256149642169476,0.00755536463111639
0.005907534621655941,0.004539247136563063,0.0036226785741746426,0.0032028709538280964
0.0031893339473754168,0.003434807062149048,0.003796524368226528,0.004129763692617416
0.004294034093618393,0.004210753366351128,0.003931982908397913,0.0036401927936822176
0.0035328336525708437,0.0036921962164342403,0.004055342637002468
0.004482503980398178,0.00487055629491806,0.005218807607889175,0.005586872808635235
0.006010034121572971,0.006472026463598013,0.006949134171009064,0.00745241018012166
0.008013099431991577,0.00863693282008171,0.009283032268285751,0.00988024938851595
0.010327771306037903,0.010484346188604832,0.010225131176412106,0.00951837282627821
0.008429284207522869,0.007082655094563961,0.005614966619759798,0.0041396296583116055
0.0027640508487820625,0.001613119849935174,0.0008127351757138968
0.00042721047066152096,0.00038720108568668365,0.0005320706404745579,0.0007618811214342713
0.0011139067355543375,0.0016881998162716627,0.002518670167773962,0.003517063334584236
0.0045316219329833984,0.005435956176370382,0.0061513944528996944,0.006605601869523525
0.006699466146528721,0.0063260276801884174,0.005434874910861254,0.004095496144145727
0.0024784537963569164,0.0007703162264078856,-0.0008658492006361485,-0.00227120378986001
-0.0032847579568624496,-0.00379132479429245,-0.0037892351392656565
-0.003385934280231595,-0.0027198470197618008,-0.001905733486637473,-0.001048788893967867
-0.0002831009915098548,0.00024889089399948716,0.0004747685743495822,0.00041624775622040033
0.0001242828438989818,-0.0003890335210599005,-0.0011575990356504917,-0.002211600309237838
-0.003510132897645235,-0.004908258561044931,-0.006202821619808674,-0.007224832661449909
-0.00787924975156784,-0.008116329088807106,-0.007899317890405655,-0.007205225992947817
-0.006065092980861664,-0.004603762645274401,-0.0030409698374569416
-0.0016812856774777174,-0.000872006407007575,-0.0008794612949714065,-0.0017543016001582146
-0.0033007459715008736,-0.005187872797250748,-0.0071245175786316395,-0.008943665772676468
-0.010554339736700058,-0.011855737306177616,-0.012706151232123375,-0.01300475001335144
-0.012808444909751415,-0.012298747897148132,-0.011620734818279743,-0.010795018635690212
-0.009770853444933891,-0.00853421539068222,-0.00715784402564168,-0.005746537819504738
-0.004352538380771875,-0.0029717921279370785,-0.0016279183328151703
-0.0004501838702708483,0.0003382580471225083,0.0005377491470426321,0.00010210220352746546
-0.0008535027736797929,-0.002145318314433098,-0.003592117689549923,-0.0050286706537008286,-0.006296033039689064,-0.007265921216458082,-0.007899722084403038
-0.0082439836114645,-0.008347959257662296,-0.008219713345170021,-0.007875650189816952
-0.007407550700008869,-0.0069679440930485725,-0.006678654346615076,-0.006566124968230724
-0.00657922588288784,-0.006647115107625723,-0.006727916654199362,-0.006818719673901796
-0.00690987054258585,-0.006932856049388647,-0.006779924035072327,-0.006374590564519167
-0.005696981679648161,-0.0047423020005226135,-0.0034835520200431347,-0.0018945143092423677
-4.6782661229372025e-06,0.002083132043480873,0.004204603843390942,0.006132740527391434
0.007615167647600174,0.008474673144519329,0.008681690320372581,0.008339622989296913
0.007603148464113474,0.006594355218112469,0.005387692246586084,0.0040575978346168995,0.002739987801760435,0.0016447263769805431,0.000960830831900239
0.0007406838703900576,0.0009089574450626969,0.0013748930068686604,0.002112348098307848
0.003134465776383877,0.004422569647431374,0.005907123908400536,0.0074984245002269745
0.009106453508138657,0.01062755286693573,0.011914551258087158,0.012756777927279472
0.012908770702779293,0.012199949473142624,0.010650547221302986,0.008475193753838539
0.0059921592473983765,0.003528591711074114,0.0013742758892476559,-0.00021851668134331703
-0.0010580647503957152,-0.001068765064701438,-0.0002993853995576501
0.0011241920292377472,0.003039333736523986,0.005237176548689604,0.007438525557518005
0.00935610756278038,0.010814262554049492,0.011779353953897953,0.012288215570151806,0.012375052087008953,0.012044558301568031,0.011288722045719624,0.010143705643713474
0.008740766905248165,0.00727921724319458,0.005949640180915594,0.004894477315247059
0.004226657561957836,0.0040575675666332245,0.004460987169295549,0.0054077208042144775
0.006779835559427738,0.008416466414928436,0.01010812446475029
0.011597925797104836,0.012625603005290031,0.012987698428332806,0.01258940901607275
0.011448237113654613,0.009653851389884949,0.007323989644646645,0.004595332778990269
0.001673977356404066,-0.001148303272202611,-0.00360445911064744,-0.0055697038769721985,-0.007039044983685017,-0.00801565870642662,-0.00844535417854786,-0.008247468620538712
-0.007400019094347954,-0.005995066836476326,-0.004200327210128307,-0.002176238689571619,-5.040830001235008e-05,0.0020409496501088142,0.003899337723851204
0.005271646194159985,0.005950537510216236,0.005867083091288805,0.005079543683677912
0.003697346430271864,0.0018346463330090046,-0.00035299058072268963,-0.0026166150346398354
-0.004666715860366821,-0.006295295432209969,-0.007428087294101715,-0.00807319488376379
-0.008254396729171276,-0.00801785197108984,-0.007477710489183664,-0.00679927971214056
-0.006131310015916824,-0.0055785588920116425,-0.005226135719567537,-0.00516038341447711
-0.005474668461829424,-0.006258226465433836,-0.007530333939939737
-0.009168884716928005,-0.010929528623819351,-0.012522373348474503,-0.013671807944774628
-0.01415223442018032,-0.013817586936056614,-0.01264234259724617,-0.01073568407446146
-0.008297886699438095,-0.00559057854115963,-0.0029405797831714153,-0.0007138741202652454
0.000750191044062376,0.0012287319405004382,0.000691643392201513,-0.0006988640525378287
-0.0026718792505562305,-0.00496625667437911,-0.007386947516351938,-0.00974178034812212
-0.011784774251282215,-0.013290735892951488,-0.01416841521859169
-0.01446837093681097,-0.014285385608673096,-0.013660434633493423,-0.012571999803185463
-0.01100732572376728,-0.00902348943054676,-0.00674356147646904,-0.004315053578466177
-0.0018802769482135773,0.0004047637339681387,0.0023273632396012545,0.0036355124320834875
0.00412345677614212,0.003710394026711583,0.00247471546754241,0.0006315405480563641
-0.0015308554284274578,-0.003687395481392741,-0.005491672083735466,-0.006649687420576811
-0.00702371122315526,-0.006653407122939825,-0.0056694271042943
-0.004207294899970293,-0.002421768382191658,-0.0005440919194370508,0.001142600434832275
0.002405314240604639,0.003130463883280754,0.003321066964417696,0.003056776709854603
0.0024282776284962893,0.0014981799758970737,0.000350966933183372,-0.0008466501603834331
-0.001879129558801651,-0.002574087353423238,-0.002848275937139988,-0.0026623238809406757
-0.00196522893384099,-0.0007183370180428028,0.0010586399585008621,0.0032810624688863754
0.005790444556623697,0.008348861709237099,0.010673807933926582
0.012495805509388447,0.013625099323689938,0.013995685614645481,0.013650896027684212
0.012689857743680477,0.011204793117940426,0.00927320308983326,0.007039143703877926
0.0047597819939255714,0.002713582944124937,0.00106291682459414,-0.0001864274963736534
-0.001098576351068914,-0.0016774239484220743,-0.0018212918657809496,-0.0014055890496820211
-0.0003889253130182624,0.0011611079098656774,0.0031093584839254618,0.005298626143485308
0.007549279369413853,0.009633287787437439,0.011297911405563354
0.012330656871199608,0.01261424832046032,0.012164786458015442,0.011122848838567734
0.009695391170680523,0.00810861587524414,0.006581378635019064,0.005291116423904896
0.004335595294833183,0.0037286486476659775,0.0034545371308922768,0.0035046811681240797
0.0038259117864072323,0.004278910346329212,0.004710113164037466,0.005054006818681955
0.005345271900296211,0.005655116401612759,0.006017440464347601,0.0063748531974852085
0.006589220371097326,0.0065342276357114315,0.006189020816236734
0.005647484213113785,0.005048813764005899,0.004513824358582497,0.004148530308157206
0.004056209698319435,0.0043054972775280476,0.004906246438622475,0.005804290995001793
0.0068716625683009624,0.007915409281849861,0.00870281271636486,0.008996132761240005,0.008610568940639496,0.007476053200662136
0.0056710513308644295,0.0033900057896971703,0.0008458714000880718,-0.00178057374432683
-0.004285646602511406,-0.006408162880688906,-0.007913177832961082,-0.008705009706318378
-0.008850932121276855,-0.008500248193740845,-0.007771686185151339,-0.006716366391628981
-0.0053712064400315285,-0.0038085822016000748,-0.002138886135071516,-0.00048527540639042854
0.0010450066765770316,0.002351078437641263,0.003312120446935296,0.00380126154050231
0.0037182909436523914,0.0030230418778955936,0.0017667016945779324,7.153931073844433e-05
-0.0019157696515321732,-0.004019977990537882,-0.006023850757628679,-0.007719121873378754
-0.008989507332444191,-0.009837687946856022,-0.010324126109480858,-0.010498551651835442
-0.010404505766928196,-0.01010502316057682,-0.009662888944149017,-0.009118827991187572
-0.00850265845656395,-0.007848847657442093,-0.0072181192226707935,-0.006725981365889311
-0.006523821037262678,-0.006717731710523367,-0.007295866496860981,-0.00813253317028284
-0.009063088335096836,-0.009942816570401192,-0.010641137138009071,-0.01104279886931181
-0.011074851267039776,-0.010696511715650558,-0.009882849641144276,-0.008656329475343227
-0.007136000785976648,-0.00555099081248045,-0.004186933860182762
-0.0032873847521841526,-0.0029666414484381676,-0.003185400040820241,-0.003821476362645626
-0.004776218440383673,-0.0059950463473796844,-0.007389504462480545,-0.008782479912042618
-0.009961815550923347,-0.010786928236484528,-0.01123675238341093,-0.01135263592004776
-0.011139823123812675,-0.010539596900343895,-0.009491647593677044,-0.008001750335097313
-0.006150007247924805,-0.004041627980768681,-0.0017628278583288193,0.0005951579660177231
0.0028800833970308304,0.004862929694354534,0.006286802235990763
0.006972137838602066,0.006895799655467272,0.006161087658256292,0.004923073574900627
0.003371492028236389,0.0017488317098468542,0.0003103895578533411,-0.0007781763561069965
-0.0014823128003627062,-0.0018198310863226652,-0.0017879492370411754,-0.001395824714563787
-0.0007161935791373253,0.00012493139365687966,0.0009801011765375733,0.0017200353322550654
0.0022936295717954636,0.0027414164505898952,0.003124655457213521,0.003452241187915206
0.003690165700390935,0.0038363116327673197,0.003956626169383526
0.0041335769928991795,0.004418550059199333,0.004841900430619717,0.00542479008436203
0.00618509016931057,0.007151826284825802,0.008352002128958702,0.00976201519370079
0.011253485456109047,0.012576496228575706,0.013420249335467815,0.01352935004979372
0.012811797671020031,0.011370925232768059,0.009422305971384048,0.007172945886850357
0.004799659829586744,0.0025236248038709164,0.0006373641081154346,-0.0005871669854968786
-0.0010311468504369259,-0.0007771709351800382,-1.7457350622862577e-05
0.001089697820134461,0.002474114065989852,0.004096942953765392,0.005873981397598982
0.007666886784136295,0.009344516322016716,0.010824533179402351,0.012041161768138409
0.012896368280053139,0.013253024779260159,0.01298156101256609,0.012048053555190563
0.010566084645688534,0.008740996941924095,0.006775443442165852,0.0048540434800088406
0.003185681998729706,0.0019852074328809977,0.001383085735142231,0.0013781249290332198
0.0018877077382057905,0.0028048697859048843,0.003984618466347456
0.00522632896900177,0.006317982450127602,0.0070940107107162476,0.007470270618796349
0.007451875600963831,0.0070890700444579124,0.006409971974790096,0.0053979442454874516
0.004035321529954672,0.0023712296970188618,0.0005352869629859924,-0.0013086884282529354
-0.0029968367889523506,-0.004378444980829954,-0.005335738882422447,-0.0057927994057536125
-0.005711895879358053,-0.005088321398943663,-0.0039553213864564896,-0.0024224594235420227
-0.0007076798938214779,0.0008924722205847502,0.0020782737992703915
0.0026409458369016647,0.0025309869088232517,0.0018245978280901909,0.0006218159105628729
-0.00098881172016263,-0.0028705354779958725,-0.0047888439148664474,-0.006463055498898029
-0.007699903100728989,-0.008474914357066154,-0.008863722905516624,-0.008914502337574959
-0.008604472503066063,-0.007895697839558125,-0.00681771757081151,-0.005490574054419994
-0.004066817928105593,-0.002673441544175148,-0.001410661730915308,-0.0003824993036687374
0.00027519476134330034,0.0004107286222279072,-5.6827018852345645e-05
-0.0010568697471171618,-0.002399192191660404,-0.003881096374243498,-0.005334038287401199
-0.006593480706214905,-0.007509502116590738,-0.008029786869883537,-0.008232176303863525
-0.008243119344115257,-0.008154220879077911,-0.008029909804463387,-0.007943691685795784
-0.007974499836564064,-0.008177673444151878,-0.008550595492124557,-0.009021015837788582
-0.00948827899992466,-0.009887109510600567,-0.01022083219140768,-0.010530131869018078
-0.010819511488080025,-0.011038222350180149,-0.011127184145152569
-0.011035510338842869,-0.010707121342420578,-0.010092691518366337,-0.009164800867438316
-0.007915014401078224,-0.006352501921355724,-0.004527384880930185,-0.002571596298366785
-0.0007062365766614676,0.0008040122920647264,0.0017221547896042466,0.0019216819200664759
0.0014450275339186192,0.0004659061087295413,-0.0008266931399703026,-0.002293828409165144
-0.003807905362918973,-0.005188746843487024,-0.00620843144133687,-0.00669559370726347
-0.006642109714448452,-0.00617961073294282,-0.00545699056237936
-0.004553136881440878,-0.0034892684780061245,-0.0022972277365624905,-0.0010426989756524563
0.00022202427498996258,0.0014915665378794074,0.0027743051759898663,0.004023680463433266
0.005095763131976128,0.005786649417132139,0.005939981900155544,0.0055332849733531475
0.004662795457988977,0.003467255737632513,0.0021003815345466137,0.0007626747246831656,-0.00030572665855288506
8.140862337313592e-05,0.00045041608973406255,0.0010533684398978949,0.0017997187096625566,0.0025761020369827747,0.0032350034452974796,0.0035975254140794277,0.003512332681566477
0.0029543216805905104,0.0020761333871632814,0.0011520142434164882,0.0004425718798302114
7.247189932968467e-05,5.294039965519914e-06,0.00011189477663720027,0.00025259394897148013,0.0003300848475191742,0.000314591103233397
0.00023369031259790063,0.00013576312630902976,5.879992022528313e-05,1.7296140867983922e-05
3.476477786534815e-06,1.6557584103793488e-06,6.405272415577201e-06,2.7033598598791286e-05
7.117180211935192e-05,0.00012623603106476367,0.00016805397171992809,0.00018940315931104124
0.00020861835218966007,0.00025313542573712766,0.0003435903927311301,0.0004816036089323461
0.0006389811751432717,0.0007630540640093386,0.0008012210018932819,0.0007253088988363743
0.0005417339270934463,0.0002959210833068937,7.623781129950657e-05
3.250965164625086e-06,0.00018516718409955502,0.0006504691555164754,0.0013111589942127466
0.0019886132795363665,0.0024817197117954493,0.002643589861690998,0.0024392881896346807
0.0019538672640919685,0.001339498208835721,0.0007454899605363607,0.0002837201172951609
3.093640407314524e-05,3.9319074858212844e-05,0.00033409552997909486,0.0008885604911483824
0.0015947709325700998,0.0022727663163095713,0.002733481815084815,0.002862535882741213,0.002661833306774497,0.002219832269474864,0.0016549286665394902
0.0010775949340313673,0.0005759416962973773,0.00021372365881688893,2.718892392294947e-05
1.2403055734466761e-05,0.00011868785077240318,0.0002728434919845313,0.0004189790051896125
0.0005374102620407939,0.0006338398670777678,0.0007148065487854183,0.0007680936250835657
0.0007603828562423587,0.0006587763782590628,0.0004669039335567504,0.00024332611064892262
7.187040318967775e-05,1.9758226699195802e-06,2.1335517885745503e-05,8.174820686690509e-05
0.0001376446889480576,0.00016541346849408,0.00016387335199397057
0.00014503556303679943,0.00012349373719189316,0.00011033974442398176,0.0001120843953685835
0.0001329726801486686,0.00017730015679262578,0.0002472663181833923,0.00033413086202926934,0.00040648330468684435,0.0004131479363422841,0.0003212819865439087,0.0001660043781157583
3.863594611175358e-05,1.2038675833991874e-07,2.711417619138956e-05,5.736413368140347e-05
5.6236469390569255e-05,3.0020313715795055e-05,4.331063792051282e-06,4.6861564442224335e-06
4.496627298067324e-05,0.00011819452629424632,0.0001922551600728184
0.00022490794071927667,0.00019638013327494264,0.00012489584332797676,4.993359834770672e-05
5.835700449097203e-06,3.897151600540383e-06,2.8831362214987166e-05,5.42340349056758e-05
6.444327300414443e-05,6.01632273173891e-05,4.8541078285779804e-05,3.42002822435461e-05
1.7996979295276105e-05,2.894954150178819e-06,5.0185340114694554e-06,6.012522862874903e-05
0.00021204754011705518,0.00048056477680802345,0.0008286290685646236,0.0011659108567982912
0.0013948822161182761,0.0014565279707312584,0.0013404751662164927
0.0010737015400081873,0.0007138379733078182,0.00034717711969278753,7.934546010801569e-05
2.9559946597146336e-06,0.00015120540047064424,0.00048410793533548713,0.0009246572735719383
0.001404647366143763,0.0018812956986948848,0.002321437234058976,0.002670529531314969
0.002835795283317566,0.0027120362501591444,0.002252449281513691,0.0015415581874549389
0.0007924025412648916,0.015478676185011864,0.0029000863432884216,-0.008089501410722733
-0.01641213335096836,-0.021453887224197388,-0.023019861429929733
-0.021313581615686417,-0.016906434670090675,-0.010603904724121094,-0.0032764840871095657
0.004212356172502041,0.011011662892997265,0.01635116897523403,0.01973988488316536
0.021206360310316086,0.021406155079603195,0.021423330530524254,0.022174231708049774
0.023754281923174858,0.025358008220791817,0.02587663196027279,0.02460804022848606
0.021534904837608337,0.017162149772047997,0.012235129252076149,0.007492417469620705
0.003509821370244026,0.0007544341497123241,-0.0002890236210078001
0.0007895458256825805,0.0040706852450966835,0.009185192175209522,0.015406740829348564
0.021786021068692207,0.02724221535027027,0.03072664886713028,0.031509581953287125
0.029408123344182968,0.024785174056887627,0.01837833598256111,0.011032463982701302
0.0033824145793914795,-0.004310290329158306,-0.012063451111316681,-0.019947582855820656
-0.02782166562974453,-0.035149503499269485,-0.041083432734012604,-0.0448216013610363
-0.045971259474754333,-0.044628433883190155,-0.04121527075767517
-0.03630286082625389,-0.03045279160141945,-0.024078577756881714,-0.017474360764026642
-0.01100689172744751,-0.005199991166591644,-0.0005557369440793991,0.002703410806134343
0.004766717087477446,0.0062046353705227375,0.007748170755803585,0.00992005318403244
0.012713412754237652,0.015511774457991123,0.017324749380350113,0.01724269986152649
0.014851552434265614,0.010362425819039345,0.004439627751708031,-0.0020875129848718643
-0.008450514636933804,-0.014043220318853855,-0.018465012311935425
-0.021562345325946808,-0.023407574743032455,-0.02419736422598362,-0.024151615798473358
-0.0234932042658329,-0.02250206097960472,-0.021520273759961128,-0.02085169032216072
-0.020575745031237602,-0.02029343508183956,-0.019062509760260582,-0.015835361555218697,-0.010205301456153393,-0.002851894125342369,0.004708032123744488,0.010831544175744057,0.014361290261149406,0.014869172126054764,0.012578215450048447,0.008065029978752136,0.0019853655248880386,-0.004922354128211737,-0.011685417965054512
-0.017153602093458176,-0.02031109295785427,-0.020560307428240776,-0.017787355929613113
-0.01230701431632042,-0.004842014983296394,0.0035408027470111847,0.011665469035506248
0.018542272970080376,0.02358485385775566,0.026690125465393066,0.02807720936834812
0.02795819193124771,0.026318389922380447,0.022935917600989342,0.01757165789604187,0.010224416851997375,0.001343902200460434,-0.008136557415127754,-0.017034310847520828,-0.024284712970256805,-0.02920200675725937,-0.031563855707645416,-0.031548872590065
-0.029523134231567383,-0.025792721658945084,-0.02057805098593235,-0.014241693541407585
-0.0074602700769901276,-0.0011161351576447487,0.004007442854344845,0.007524983957409859
0.00957188569009304,0.010693450458347797,0.011565452441573143,0.012675227597355843
0.014084521681070328,0.015378396958112717,0.015887003391981125,0.015093564055860043
0.012961180880665779,0.009975306689739227,0.006912999786436558,0.004537214525043964,0.003385331016033888,0.0036699394695460796
0.00526808574795723,0.00777282752096653,0.01061166450381279,0.013207674026489258
0.015073420479893684,0.015841789543628693,0.015274697914719582,0.013198556378483772
0.009502725675702095,0.004406901076436043,-0.0012016990222036839,-0.0058629317209124565
-0.008242243900895119,-0.00790887326002121,-0.005509987007826567,-0.0023046890273690224
0.00046209804713726044,0.001994926482439041,0.002067503985017538,0.0008126555476337671
-0.0015778393717482686,-0.0049104876816272736,-0.008824637159705162
-0.012704070657491684,-0.01580861583352089,-0.017477981746196747,-0.017226997762918472
-0.01479998230934143,-0.010289471596479416,-0.004185554571449757,0.0027470486238598824
0.009686018340289593,0.015987781807780266,0.02134176902472973,0.025716882199048996
0.029154431074857712,0.03159251809120178,0.032779328525066376,0.03224296495318413
0.02941824309527874,0.024000950157642365,0.016284480690956116,0.007164893671870232
-0.0021790005266666412,-0.0106809101998806,-0.01765257865190506
-0.02283119410276413,-0.0261805709451437,-0.027595538645982742,-0.026828255504369736
-0.023717734962701797,-0.018450509756803513,-0.011616799980401993,-0.004058165475726128
0.0033945459872484207,0.010166900232434273,0.01604987494647503,0.021147333085536957
0.025686092674732208,0.02972581423819065,0.03292306512594223,0.03454799950122833
0.03382527455687523,0.03041085973381996,0.02463870495557785,0.017403392121195793
0.009849226102232933,0.0030675632879137993,-0.002094028051942587
-0.005157811567187309,-0.006096978671848774,-0.005266780965030193,-0.0032280152663588524
-0.000600180123001337,0.002039913786575198,0.004180108662694693,0.0052753835916519165
0.00469472398981452,0.0019689667969942093,-0.002705775201320648,-0.008220643736422062
-0.012997983954846859,-0.01582936756312847,-0.016414688900113106,-0.015320478938519955
-0.013535743579268456,-0.011909901164472103,-0.010804892517626286,-0.010170826688408852
-0.00986340083181858,-0.009833193384110928,-0.010032923892140388
-0.010247609578073025,-0.010122211650013924,-0.009320219047367573,-0.007615457288920879
-0.0049485135823488235,-0.0014976589009165764,0.0023072201292961836,0.005842975806444883
0.008406238630414009,0.009418989531695843,0.008667590096592903,0.006379045080393553
0.003076569177210331,-0.0006469455547630787,-0.004358020611107349,-0.007977615110576153
-0.011798152700066566,-0.01623399555683136,-0.02146049030125141,-0.027217544615268707
-0.03288507089018822,-0.03773070126771927,-0.04121632128953934
-0.04321315139532089,-0.043936293572187424,-0.043642546981573105,-0.04238852113485336
-0.04004387930035591,-0.03648589923977852,-0.03181295469403267,-0.02642320841550827,-0.02085760422050953,-0.015514854341745377,-0.01045256294310093,-0.005385268479585648
0.00013448111712932587,0.0064377207309007645,0.013439948670566082,0.020486097782850266
0.026543084532022476,0.030638163909316063,0.032235968858003616,0.03136381134390831,0.02849012054502964,0.024330368265509605,0.01967686600983143
0.015199419111013412,0.011305858381092548,0.008247362449765205,0.006347955204546452
0.005997078493237495,0.007412970531731844,0.010479490272700787,0.014656087383627892
0.018915925174951553,0.021952848881483078,0.0227065309882164,0.020769506692886353
0.016311602666974068,0.009768305346369743,0.0016642669215798378,-0.007437971420586109,-0.01696208491921425,-0.026337476447224617,-0.03497421741485596,-0.04216264933347702
-0.04709876328706741,-0.04912072420120239,-0.04788028076291084
-0.043382707983255386,-0.03604897856712341,-0.026628680527210236,-0.0157986618578434
-0.00382867269217968,0.009248610585927963,0.02317432314157486,0.03723672032356262
0.05041675642132759,0.06166141480207443,0.07007287442684174,0.07503142207860947
0.07627294212579727,0.07381881773471832,0.06787519156932831,0.05886271223425865
0.04742360860109329,0.03435017541050911,0.02063114196062088,0.007600199431180954
-0.003127378411591053,-0.010085638612508774,-0.012522346340119839
-0.010768809355795383,-0.0062124887481331825,-0.0008453503251075745,0.0033915694802999496
0.005091027356684208,0.003404951887205243,-0.0021971012465655804,-0.011960530653595924
-0.025663889944553375,-0.0424821637570858,-0.06088762730360031,-0.07863537967205048
-0.0930510014295578,-0.10161711275577545,-0.10251434892416,-0.0948190987110138
-0.07848695665597916,-0.054346367716789246,-0.024076208472251892,0.00991029292345047
0.04477274790406227,0.0777403712272644,0.10646650195121765
0.12900561094284058,0.1436557024717331,0.14905987679958344,0.1446264684200287
0.1309104561805725,0.10962574183940887,0.08324826508760452,0.05433216691017151
0.024919167160987854,-0.003498278558254242,-0.029560239985585213
-0.05174538493156433,-0.0684828907251358,-0.07852654159069061,-0.0813702791929245
-0.07741755247116089,-0.06777495890855789,-0.05395232141017914,-0.037679996341466904
-0.020803499966859818,-0.005229184404015541,0.007208377122879028,0.015048526227474213
0.01745476759970188,0.014224560000002384,0.005763286724686623,-0.006729915738105774
-0.021113581955432892,-0.03460053727030754,-0.044393718242645264,-0.04827486723661423
-0.04502304270863533,-0.03468810021877289,-0.01857134699821472,0.0011894498020410538
0.02214142493903637,0.041820935904979706,0.05793892592191696,0.06862151622772217
0.07260285317897797,0.06930257380008698,0.058930691331624985,0.04263915494084358,0.022485993802547455,0.0010392442345619202,-0.019255520775914192
-0.036608923226594925,-0.05007099360227585,-0.059389397501945496,-0.06466519832611084
-0.06596845388412476,-0.06322133541107178,-0.056440625339746475,-0.046034228056669235
-0.032891009002923965,-0.018266476690769196,-0.0035920031368732452,0.009694067761301994
0.020290104672312737,0.027137406170368195,0.02946457825601101,0.02683592215180397
0.019282104447484016,0.007449356839060783,-0.0073917331174016,-0.023480957373976707
-0.038730062544345856,-0.050942130386829376,-0.05818042904138565
-0.0592452697455883,-0.05406501144170761,-0.04376647621393204,-0.03037533164024353
-0.016277901828289032,-0.00364004448056221,0.005979414563626051,0.011708813719451427
0.01324206031858921,0.010722098872065544,0.004781941883265972,-0.0033234963193535805
-0.011741841211915016,-0.018374573439359665,-0.021434694528579712,-0.01991003379225731
-0.013774953782558441,-0.003921138122677803,0.008188063278794289,0.020951058715581894
0.03290016949176788,0.04278460890054703,0.0496181845664978
0.05277710035443306,0.052045464515686035,0.04754721745848656,0.03968275338411331,0.029111947864294052,0.016702037304639816,0.0034416411072015762,-0.00963821355253458
-0.021557843312621117,-0.03152737766504288,-0.03905554115772247,-0.043878357857465744
-0.04574999958276749,-0.04433907940983772,-0.03933389112353325,-0.030666515231132507
-0.018762139603495598,-0.004704341292381287,0.00984211266040802,0.02298666164278984
0.03308581933379173,0.039089370518922806,0.04058855399489403
0.037666380405426025,0.030806805938482285,0.020924599841237068,0.009414594620466232
-0.0018936553969979286,-0.010996893048286438,-0.016182275488972664,-0.01650102064013481
-0.012022060342133045,-0.003745351918041706,0.006725774146616459,0.01756426692008972
0.027074839919805527,0.033997781574726105,0.03769034892320633,0.03814433515071869
0.03588274121284485,0.03179001435637474,0.02690092846751213,0.022192224860191345
0.018434081226587296,0.016123371198773384,0.015449714846909046
0.0162473414093256,0.01799754798412323,0.01993374153971672,0.021208003163337708
0.021106190979480743,0.019283093512058258,0.015901921316981316,0.011559310369193554
0.006973618641495705,0.0026007993146777153,-0.001549428328871727,-0.00577577855437994
-0.010364184156060219,-0.01532316580414772,-0.02032601274549961,-0.024857748299837112
-0.02842184528708458,-0.03062308579683304,-0.031091004610061646,-0.029391219839453697
-0.025100477039813995,-0.018057577311992645,-0.008591635152697563
0.0024353358894586563,0.01373673789203167,0.02379533089697361,0.031117187812924385
0.03451265022158623,0.033360131084918976,0.02776206098496914,0.018543127924203873
0.007119359448552132,-0.004759644158184528,-0.015343736857175827,-0.023160183802247047
-0.02718510851264,-0.026929572224617004,-0.022446613758802414,-0.01429825834929943
-0.0035347361117601395,0.008346199989318848,0.019542433321475983,0.02826862595975399
0.03321455419063568,0.03386226296424866,0.030432645231485367
0.023592233657836914,0.014165548607707024,0.0029600840061903,-0.009258040226995945
-0.021679801866412163,-0.03339410573244095,-0.04344215244054794,-0.05096343532204628
-0.055332161486148834,-0.05620457977056503,-0.0535086914896965,-0.0474257655441761
-0.03835202753543854,-0.026863902807235718,-0.013744764029979706,-3.928877413272858e-05
0.01295984722673893,0.02383445017039776,0.0312502421438694,0.03420413285493851
0.032255470752716064,0.025663232430815697,0.015363428741693497
0.002828536555171013,-0.010136907920241356,-0.02169312909245491,-0.030308518558740616
-0.034990765154361725,-0.03532765060663223,-0.031400103121995926,-0.023680919781327248
-0.013016089797019958,-0.0006739720702171326,0.011703805066645145,0.02238224260509014
0.029949303716421127,0.03363798186182976,0.03339901939034462,0.02972790040075779
0.023380421102046967,0.015140896663069725,0.005739379674196243,-0.004095396026968956
-0.013592226430773735,-0.022015292197465897,-0.028781704604625702
-0.03351583331823349,-0.03604605793952942,-0.036383941769599915,-0.03469996526837349
-0.03126778453588486,-0.026398517191410065,-0.020433509722352028,-0.013776678591966629
-0.006915075704455376,-0.00042597390711307526,0.005047572311013937,0.008887996897101402
0.01065175049006939,0.010224602185189724,0.007923413999378681,0.004490985535085201
0.0009595314040780067,-0.001599263632670045,-0.0023661614395678043,-0.0009600294288247824
0.0025858432054519653,0.00794975645840168,0.014593543484807014
0.021773163229227066,0.02854413166642189,0.03382132947444916,0.03653987497091293
0.03589751571416855,0.03160597383975983,0.024019774049520493,0.014038901776075363
0.0028500519692897797,-0.00834665261209011,-0.0185240488499403,-0.026889722794294357,-0.03286905959248543,-0.03609626367688179
-0.03644602745771408,-0.034067653119564056,-0.029370632022619247,-0.022944238036870956
-0.015450412407517433,-0.007555948570370674,9.954255074262619e-05,0.0069510722532868385
0.012571831233799458,0.016716789454221725,0.019298985600471497,0.020293675363063812
0.019675176590681076,0.01746373064815998,0.01381763070821762,0.00910249538719654
0.003930941224098206,-0.0008816677145659924,-0.004498044960200787,-0.0062798624858260155
-0.005915407091379166,-0.003437078557908535,0.000843169866129756,0.0064362045377492905
0.012744809500873089,0.019065160304307938,0.024568915367126465,0.02838708460330963
0.029824592173099518,0.028562331572175026,0.02473096363246441,0.018859123811125755
0.011744413524866104,0.004308081232011318,-0.0025298846885561943,-0.007955463603138924
-0.01133701205253601,-0.012248143553733826,-0.010474584996700287,-0.006062001921236515
0.0006476910784840584,0.009112430736422539,0.018840746954083443,0.02953798696398735
0.040863893926143646,0.0519668385386467,0.06125856935977936,0.06674157083034515
0.0666867047548294,0.06006383150815964,0.04651852324604988,0.026194747537374496
-0.0002840682864189148,-0.031497132033109665,-0.0648590549826622
-0.0968310683965683,-0.12380453944206238,-0.1430819183588028,-0.15327881276607513
-0.15399634838104248,-0.14536532759666443,-0.12799720466136932,-0.10316583514213562
-0.07284307479858398,-0.039408132433891296,-0.005058690905570984,0.02869175747036934
0.061022017151117325,0.09139949828386307,0.11916515976190567,0.14339789748191833
0.16303890943527222,0.1770366132259369,0.18440237641334534,0.18429435789585114
0.1761847287416458,0.16003592312335968,0.13646452128887177
0.10684449970722198,0.07320919632911682,0.037945427000522614,0.0034343600273132324
-0.02824375033378601,-0.05550840497016907,-0.07739898562431335,-0.09364776313304901
-0.10470716655254364,-0.111689992249012,-0.11616034805774689,-0.11974125355482101
-0.12359176576137543,-0.12797656655311584,-0.1322072297334671,-0.1349724978208542
-0.13482478260993958,-0.1305927038192749,-0.12159080058336258,-0.10765945166349411
-0.0891326516866684,-0.06675759702920914,-0.041588038206100464
-0.014859549701213837,0.01216576062142849,0.03833302855491638,0.06266439706087112
0.08439207077026367,0.10299927741289139,0.11822804063558578,0.12995097041130066
0.13794103264808655,0.14168985188007355,0.14041438698768616,0.13329176604747772
0.11981461942195892,0.10015352815389633,0.07537038624286652,0.047304704785346985
0.018229827284812927,-0.009515199810266495,-0.03386314585804939,-0.05328882858157158
-0.06697846949100494,-0.07490052282810211,-0.07777753472328186
-0.076972097158432,-0.07426796853542328,-0.07152655720710754,-0.07030896842479706
-0.07160097360610962,-0.07566020637750626,-0.08193830400705338,-0.08915622532367706
-0.09561256319284439,-0.09964224696159363,-0.10008307546377182,-0.09653867036104202
-0.08928228914737701,-0.0789300873875618,-0.06609940528869629,-0.05121366307139397
-0.03453269228339195,-0.016269296407699585,0.0033590812236070633,0.024128181859850883
0.04579776152968407,0.06803517043590546,0.09026236832141876
0.11151742935180664,0.1304245889186859,0.14530977606773376,0.15446598827838898,0.15651535987854004,0.15074150264263153,0.13730862736701965,0.11734271049499512
0.09282556176185608,0.066301628947258,0.04045381397008896,0.017633482813835144
-0.00048449262976646423,-0.013026360422372818,-0.019903967157006264,-0.02173726260662079
-0.019758228212594986,-0.015705496072769165,-0.011621934361755848,-0.009492497891187668,-0.010797102004289627,-0.016154352575540543,-0.02522500418126583
-0.03690248727798462,-0.0496712327003479,-0.0619882270693779,-0.07259100675582886
-0.08065949380397797,-0.0857999324798584,-0.08789387345314026,-0.08689317107200623
-0.08268462866544724,-0.07510355114936829,-0.06403005868196487,-0.04949604719877243
-0.031743235886096954,-0.011188607662916183,0.011588884517550468,0.03575996682047844
0.060150131583213806,0.08320485055446625,0.10306135565042496,0.11779213696718216
0.12575864791870117,0.12595272064208984,0.11825761198997498
0.10355084389448166,0.08357750624418259,0.06061640381813049,0.037040598690509796
0.014913395047187805,-0.004252871498465538,-0.019571900367736816,-0.030763786286115646
-0.038067713379859924,-0.04214678704738617,-0.04401470348238945,-0.044866930693387985
-0.04578308016061783,-0.04743490368127823,-0.04990794137120247,-0.05270960181951523
-0.0550013966858387,-0.055975399911403656,-0.05520222336053848,-0.05276917293667793
-0.049166154116392136,-0.04505940154194832,-0.04108879342675209
-0.03771771863102913,-0.035134103149175644,-0.0331999734044075,-0.03143442049622536
-0.029055189341306686,-0.025133313611149788,-0.01883290521800518,-0.009630406275391579
0.0025654835626482964,0.017378859221935272,0.03394002094864845,0.0508861169219017
0.06649589538574219,0.07898178696632385,0.08689729124307632,0.08953673392534256
0.08709011971950531,0.08045552670955658,0.07087399810552597,0.059614844620227814
0.047809261828660965,0.03636946529150009,0.025924354791641235
0.016780322417616844,0.00891050510108471,0.001966848038136959,-0.004641314037144184
-0.011556565761566162,-0.019219566136598587,-0.027649616822600365,-0.036339353770017624
-0.04434929043054581,-0.05060450732707977,-0.054261647164821625,-0.05497582629323006
-0.052940353751182556,-0.0487503856420517,-0.043244075030088425,-0.03733709082007408,-0.03183388710021973
7.575558242933766e-07,0.01436963677406311,0.06297394633293152,0.1486588418483734,0.26377877593040466,0.38794976472854614,0.4904446005821228,0.5405369997024536
0.5220981240272522,0.44230350852012634,0.326893150806427,0.20678384602069855
0.10674192756414413,0.03984807804226875,0.006981001701205969,0.0001926837576320395,0.007794068660587072,0.019516505300998688
0.029886307194828987,0.03822966665029526,0.04646196588873863,0.05696159228682518
0.07144610583782196,0.09049894660711288,0.11331210285425186,0.13776744902133942
0.1610545516014099,0.17997995018959045,0.19063600897789001,0.18898817896842957
0.17286986112594604,0.14380790293216705,0.10693412274122238,0.06877771019935608
0.035163044929504395,0.010893077589571476,0.00020764950022567064,0.006322852335870266
0.030059147626161575,0.06931313127279282,0.12000337988138199
0.17687050998210907,0.23274268209934235,0.2774107754230499,0.298797070980072
0.28737524151802063,0.24171322584152222,0.17118215560913086,0.09374969452619553
0.03075757622718811,0.0009193405858241022,0.013653893955051899,0.06314320117235184
0.12802879512310028,0.18055857717990875,0.20074297487735748,0.1845582127571106
0.14182843267917633,0.08898735046386719,0.04200677573680878,0.011523297987878323
0.00027946961927227676,0.0031553811859339476,0.010608047246932983
0.014485009014606476,0.012435981072485447,0.007360422983765602,0.003081891918554902
0.001035425579175353,0.0005588654312305152,0.0011294445721432567,0.00392707297578454
0.011837106198072433,0.027854429557919502,0.05253492295742035,0.08263566344976425
0.11222738027572632,0.13516207039356232,0.14706340432167053,0.14593902230262756
0.13234618306159973,0.10951917618513107,0.0823328047990799,0.05542474612593651
0.03205432370305061,0.014153160154819489,0.003022377146407962
0.0002019632956944406,0.008108184672892094,0.029901517555117607,0.0680905282497406
0.12214885652065277,0.18656931817531586,0.2509021461009979,0.3025274872779846
0.33069223165512085,0.32943692803382874,0.29880332946777344,0.2445092499256134
0.1770848035812378,0.10999167710542679,0.0551670603454113,0.018952934071421623
0.0019848314113914967,0.0018348580924794078,0.015556646510958672,0.04077081009745598,0.07563360780477524,0.11851384490728378,0.1675950288772583
0.22015374898910522,0.2713012993335724,0.3127082884311676,0.3333655297756195
0.32438716292381287,0.2850605547428131,0.22378374636173248,0.1534922868013382
0.0873316153883934,0.036370523273944855,0.00722787668928504,0.00018537951109465212
0.009715043939650059,0.027686990797519684,0.047441910952329636,0.06589464843273163
0.08273473381996155,0.09831160306930542,0.11253437399864197,0.12546995282173157
0.13817445933818817,0.15254884958267212,0.17020660638809204
0.19062070548534393,0.2095593363046646,0.2196897715330124,0.21376492083072662
0.18850457668304443,0.1470123529434204,0.09798461198806763,0.05215737968683243
0.018576571717858315,0.0019425252685323358,0.001729489304125309,0.013277383521199226,0.03002915531396866,0.04616327956318855,0.05812304466962814,0.06442347168922424
0.06519007682800293,-0.2491600513458252,-0.24021007120609283,-0.23312786221504211,-0.23006995022296906,-0.22921915352344513,-0.22516389191150665
-0.2110932320356369,-0.1819024235010147,-0.1363658905029297,-0.07696433365345001
-0.00859205424785614,0.0623910054564476,0.12916262447834015,0.1857118457555771
0.22800061106681824,0.2542976438999176,0.26422595977783203,0.257824182510376
0.2356419414281845,0.1993543952703476,0.1523130089044571,0.09895351529121399
0.04281731694936752,-0.014835216104984283,-0.0743446797132492,-0.1355419009923935
-0.19615870714187622,-0.25212568044662476,-0.29920637607574463
-0.3347744345664978,-0.35855716466903687,-0.3714199662208557,-0.3733539581298828
-0.3633560836315155,-0.3411073088645935,-0.30733299255371094,-0.2622624933719635,-0.20473504066467285,-0.13326293230056763,-0.04847000539302826,0.04464402794837952
0.13677702844142914,0.21747426688671112,0.2793416976928711,0.3201630711555481
0.3415600061416626,0.34623557329177856,0.3370027244091034,0.317795068025589
0.29425758123397827,0.2726985216140747,0.25784921646118164
0.2508171796798706,0.24898332357406616,0.2474614828824997,0.240655779838562
0.22392773628234863,0.19473952054977417,0.15259316563606262,0.09889078140258789
0.03683154284954071,-0.02910098433494568,-0.09368230402469635,-0.152168869972229
-0.20218311250209808,-0.24420681595802307,-0.2798570990562439,-0.309849351644516
-0.33341097831726074,-0.3489246666431427,-0.3550006151199341,-0.3511136770248413,-0.3374306559562683,-0.31442809104919434,-0.2825581431388855
-0.2422160655260086,-0.1940876990556717,-0.13932697474956512,-0.07976876199245453,-0.018060483038425446,0.04267335683107376,0.09897461533546448,0.14750267565250397,0.1862991452217102,0.21489346027374268,0.23265255987644196,0.2377094328403473
0.2276696115732193,0.20144079625606537,0.16108128428459167,0.11183145642280579
0.059636399149894714,0.008345261216163635,-0.040791045874357224,-0.087278351187706,-0.1298311948776245,-0.16681936383247375,-0.19719155132770538
-0.22056680917739868,-0.23678752779960632,-0.24509672820568085,-0.24405139684677124,-0.23312240839004517,-0.2142149806022644,-0.19099359214305878,-0.16634729504585266
-0.14021073281764984,-0.10978016257286072,-0.07216058671474457,-0.02740684151649475
0.020516157150268555,0.06580232083797455,0.1042858213186264,0.13524048030376434,0.1601351499557495,0.18048131465911865,0.19707144796848297,0.21018971502780914,0.22011230885982513,0.22769036889076233,0.23419024050235748,0.2405283898115158,0.24650704860687256,0.25041407346725464,0.24976004660129547,0.24228210747241974
0.22590814530849457,0.1987340897321701,0.15952157974243164,0.10807681083679199,0.04618722200393677,-0.02132415771484375,-0.08766289055347443,-0.1466960459947586,-0.19445031881332397,-0.22903305292129517,-0.24990929663181305,-0.25724679231643677,-0.2518689036369324,-0.235358327627182,-0.20998334884643555,-0.17838145792484283,-0.14264005422592163,-0.10365855693817139
-0.061447545886039734,-0.015684999525547028,0.033719949424266815,0.08640006184577942
0.14167147874832153,0.1978866010904312,0.25150835514068604,0.29802554845809937
0.33412182331085205,0.358256995677948,0.36911970376968384,0.3641786575317383
0.34005653858184814,0.2946109473705292,0.22945410013198853,0.15079693496227264
0.06720767915248871,-0.013929709792137146,-0.0879407674074173,-0.1521700769662857
-0.20524361729621887,-0.24668672680854797,-0.276623398065567
-0.2959030270576477,-0.30574238300323486,-0.30677950382232666,-0.2994310259819031
-0.2854492664337158,-0.2684210538864136,-0.2522357702255249,-0.23852872848510742
-0.22504007816314697,-0.20622995495796204,-0.17581862211227417,-0.12997251749038696
-0.06949968636035919,0.0006154701113700867,0.07390494644641876,0.14464415609836578
0.20833316445350647,0.26121145486831665,0.2998616099357605,0.321932852268219
0.32754290103912354,0.3197717070579529,0.3037395775318146
0.28443101048469543,0.26437127590179443,0.2431790828704834,0.21877796947956085
0.18828676640987396,0.14849692583084106,0.0967930257320404,0.03211062401533127
-0.04429899528622627,-0.1281418800354004,-0.21251073479652405,-0.2899235486984253
-0.35437121987342834,-0.40210479497909546,-0.4310918152332306,-0.4402809143066406
-0.42976614832878113,-0.4010176956653595,-0.3568445146083832,-0.30147266387939453
-0.23978647589683533,-0.17596063017845154,-0.11267626285552979
-0.05082136392593384,0.010166428983211517,0.07140232622623444,0.13398957252502441
0.1983308643102646,0.26268911361694336,0.32254862785339355,0.37238097190856934
0.40843015909194946,0.42969033122062683,0.43630099296569824,0.4273246228694916
0.4002930819988251,0.3529440760612488,0.28571170568466187,0.20275744795799255
0.11034625768661499,0.014186978340148926,-0.08171483874320984,-0.17400041222572327
-0.25828301906585693,-0.3293578028678894,-0.38344430923461914
-0.41967150568962097,-0.4389795958995819,-0.44180285930633545,-0.4273636043071747,-0.39552032947540283,-0.3489271104335785,-0.29282456636428833,-0.23243197798728943
-0.1703343689441681,-0.10598194599151611,-0.03748135268688202,0.03560604155063629
0.11056743562221527,0.18213343620300293,0.24434472620487213,0.2924562096595764
0.3240136504173279,0.33845266699790955,0.3363834321498871,0.3195202946662903,0.2906215190887451,0.25362446904182434,0.213967964053154
0.17764097452163696,0.1489676982164383,0.12928913533687592,0.11728838831186295,0.10988357663154602,0.10331612080335617,0.09390530735254288,0.0778646245598793
0.05128767341375351,0.011465974152088165,-0.04114820808172226,-0.10244471579790115
-0.1663600206375122,-0.22672589123249054,-0.27828460931777954,-0.31754350662231445
-0.3427809476852417,-0.3534654378890991,-0.35064220428466797,-0.3375644087791443
-0.31896448135375977,-0.2988775372505188,-0.27838045358657837
-0.2553747892379761,-0.22652111947536469,-0.18877728283405304,-0.13941651582717896
-0.07623529434204102,0.0007350817322731018,0.08747642487287521,0.1768350601196289
0.26166677474975586,0.33703550696372986,0.3999366760253906,0.4477892220020294
0.47742149233818054,0.48578497767448425,0.47184187173843384,0.4372566342353821
0.3852842450141907,0.319387823343277,0.24256139993667603,0.15790194272994995
0.06981423497200012,-0.016310378909111023,-0.09608078747987747
-0.16749851405620575,-0.23051634430885315,-0.28509968519210815,-0.329313188791275
-0.35972052812576294,-0.3739132285118103,-0.37223294377326965,-0.3571542203426361
-0.33113768696784973,-0.29487118124961853,-0.24771708250045776,-0.18965555727481842
-0.12275548279285431,-0.05150054395198822,0.018578417599201202,0.08333376049995422
0.14086361229419708,0.1902821958065033,0.2303646355867386,0.2590491771697998
0.2740646004676819,0.2746027708053589,0.26236492395401
0.24098481237888336,0.2148813009262085,0.18801257014274597,0.16285087168216705
0.14050425589084625,0.12107361853122711,0.10316338390111923,0.08364176005125046
0.05875515192747116,0.026376105844974518,-0.0123673714697361,-0.05390503257513046,-0.09440679103136063,-0.13108865916728973,-0.1619878113269806,-0.18489524722099304,-0.1971784383058548,-0.1970352679491043,-0.18457847833633423,-0.16214710474014282,-0.13400734961032867,-0.10466368496417999,-0.07671372592449188
-0.05073799937963486,-0.026599694043397903,-0.0035156793892383575,0.02076895162463188
0.04938823729753494,0.08419497311115265,0.12447848170995712,0.16805022954940796,0.21308565139770508,0.2586953043937683,0.30392879247665405
0.3459736704826355,0.37905800342559814,0.3955764174461365,0.3893965482711792
0.35908716917037964,0.3082806169986725,0.2429381012916565,0.1683468073606491
0.08852337300777435,0.0072786808013916016,-0.071715347468853,-0.14610782265663147
-0.21536031365394592,-0.2795618176460266,-0.33752161264419556,-0.38620972633361816
-0.42206084728240967,-0.44244498014450073,-0.44640159606933594,-0.43451181054115295
-0.4075968861579895,-0.3653564453125,-0.30655401945114136,-0.2308601438999176
-0.1410703957080841,-0.04371456801891327,0.05273508280515671,0.14063028991222382,0.21507835388183594,0.27412623167037964,0.3171047568321228,0.34269005060195923
0.34907805919647217,0.3358796536922455,0.30530932545661926
0.26194143295288086,0.21136577427387238,0.1585807353258133,0.10733407735824585
0.060052305459976196,0.01776108890771866,-0.019893372431397438,-0.05482646822929382
-0.09039758890867233,-0.12991677224636078,-0.17422065138816833,-0.22045597434043884
-0.2637370228767395,-0.3001939356327057,-0.3281685709953308,-0.34704163670539856
-0.35614854097366333,-0.3548288345336914,-0.3427371680736542,-0.3205126225948334
-0.2903890907764435,-0.25509119033813477,-0.2157551646232605
-0.17166823148727417,-0.12214657664299011,-0.06776975095272064,-0.009732685983181
0.0505504347383976,0.11068924516439438,0.16719141602516174,0.21640129387378693
0.25559622049331665,0.28385162353515625,0.30167263746261597,0.309074342250824
0.304019570350647,0.28273141384124756,0.2416480928659439,0.18006686866283417
0.10156586766242981,0.012685507535934448,-0.07950039207935333,-0.16835448145866394
-0.2473737895488739,-0.31028515100479126,-0.35234248638153076
-0.3718586266040802,-0.3700854778289795,-0.3498753011226654,-0.3149048686027527
-0.2693546414375305,-0.21781286597251892,-0.1655658334493637,-0.11804541945457458
-0.07870671153068542,-0.046962469816207886,-0.018295835703611374,0.013115137815475464
0.05107922479510307,0.09591811150312424,0.14517652988433838,0.19489049911499023
0.24086743593215942,0.27962881326675415,0.3084792494773865,0.32562005519866943
0.33056578040122986,0.324269562959671,0.3094108998775482
0.29065054655075073,0.2737163305282593,0.2631106376647949,0.259876012802124
0.26147282123565674,0.2633548080921173,0.26000088453292847,0.2453046441078186
0.21351194381713867,0.16088077425956726,0.08783386647701263,0.0003069937229156494
-0.09191454946994781,-0.1790490597486496,-0.2538048028945923,-0.3116905093193054
-0.3509608209133148,-0.37261366844177246,-0.3799082040786743,-0.377511203289032
-0.3703612685203552,-0.36202189326286316,-0.35317012667655945
-0.341785192489624,-0.3246854245662689,-0.2982439398765564,-0.25825777649879456
-0.20088937878608704,-0.12487716972827911,-0.032746270298957825,0.07046490907669067
0.179377481341362,0.2892009913921356,0.39519673585891724,0.491799533367157
0.5723347663879395,0.6295758485794067,0.6574549674987793,0.6531194448471069
0.6173652410507202,0.5535849332809448,0.46663928031921387,0.3621717691421509
0.24675914645195007,0.1279492974281311,0.012899547815322876
-0.093077152967453,-0.18659991025924683,-0.2651485204696655,-0.3257995843887329
-0.3655690550804138,-0.38359084725379944,-0.382670521736145,-0.36859315633773804
-0.34764787554740906,-0.3236766457557678,-0.29674407839775085,-0.2646654546260834
-0.22555401921272278,-0.17920280992984772,-0.12743274867534637,-0.07341523468494415
-0.020160429179668427,0.030125349760055542,0.07571198791265488,0.11516774445772171
0.14746800065040588,0.1726343333721161,0.19256791472434998
0.21087394654750824,0.23131988942623138,0.255481094121933,0.28126776218414307
0.30409151315689087,0.319261759519577,0.3227323293685913,0.3104298412799835
0.27830857038497925,0.22387200593948364,0.1482737511396408,0.05697481334209442
-0.042227067053318024,-0.14207231998443604,-0.23711137473583221,-0.32302114367485046
-0.39568400382995605,-0.4511522054672241,-0.48595139384269714,-0.49787402153015137
-0.48720481991767883,-0.45663100481033325,-0.41010311245918274
-0.35259294509887695,-0.28995028138160706,-0.22714561223983765,-0.16603976488113403
-0.1051686555147171,-0.04220260679721832,0.023141711950302124,0.08877907693386078
0.15242187678813934,0.213329017162323,0.2721710801124573,0.3295142650604248
0.3838496804237366,0.43090856075286865,0.4653245806694031,0.482909619808197
0.4815508723258972,0.46071889996528625,0.4206482470035553,0.3624875545501709
0.2889179587364197,0.20350980758666992,0.10939881205558777
0.008891984820365906,-0.09583649784326553,-0.20125989615917206,-0.30121666193008423
-0.38768237829208374,-0.453361451625824,-0.4939216673374176,-0.508755087852478
-0.49992215633392334,-0.4697711765766144,-0.4192737340927124,-0.34848833084106445
-0.2586827874183655,-0.1542312502861023,-0.04254627227783203,0.06744877994060516
0.1670975685119629,0.24947121739387512,0.30966639518737793,0.3442170023918152
0.3508149981498718,0.3287678360939026,0.2804083824157715
0.21255981922149658,0.13578467071056366,0.061208248138427734,-0.0021521374583244324
-0.04765704274177551,-0.07059504836797714,-0.06909061968326569,-0.04584277421236038
-0.008694764226675034,0.031015776097774506,0.06185712292790413,0.07591673731803894,0.0702851340174675,0.04560443013906479
0.003848530352115631,-0.05250050872564316,-0.11964051425457001,-0.19128426909446716
-0.25932446122169495,-0.3165951073169708,-0.3592143654823303,-0.38689929246902466
-0.4019501209259033,-0.40770208835601807,-0.40650302171707153,-0.397836297750473
-0.37786754965782166,-0.3409962058067322,-0.28288355469703674,-0.20299860835075378
-0.10477963089942932,0.00575864315032959,0.12152858078479767,0.23566600680351257
0.3418169617652893,0.4336337745189667,0.504880428314209,0.5504447221755981
0.567756175994873,0.5572582483291626,0.5210869312286377,0.4616517722606659
0.38161274790763855,0.28456395864486694,0.17562618851661682,0.06162317097187042
-0.049827612936496735,-0.1518326997756958,-0.23867762088775635,-0.3054545223712921
-0.34823018312454224,-0.3647804260253906,-0.3556480407714844,-0.3248674273490906
-0.27891555428504944,-0.22399058938026428,-0.1636103391647339,-0.09807154536247253
-0.025602400302886963,0.05572749674320221,0.1458444446325302,0.24109339714050293
0.3348679542541504,0.4203099310398102,0.49241578578948975,0.5477211475372314
0.5826061964035034,0.5927926301956177,0.5753172636032104
0.5312623977661133,0.4666142761707306,0.3905795216560364,0.3124575614929199
0.23916679620742798,0.17477324604988098,0.12057220935821533,0.07449400424957275
0.031217068433761597,-0.01596371829509735,-0.07231001555919647,-0.13939830660820007
-0.21441435813903809,-0.29102757573127747,-0.3617866635322571,-0.4206610918045044
-0.46351000666618347,-0.48730140924453735,-0.4907221794128418,-0.4757249653339386
-0.4476085603237152,-0.4135328233242035,-0.38095906376838684
-0.3564790189266205,-0.3447124660015106,-0.3469819128513336,-0.3599759042263031
-0.37576183676719666,-0.3841460347175598,-0.376083105802536,-0.3461270034313202
-0.2929396331310272,-0.2180163562297821,-0.12415683269500732,-0.015084683895111084
0.10371818393468857,0.22402355074882507,0.33563482761383057,0.42904534935951233
0.4971768856048584,0.5350419878959656,0.539391040802002,0.5093011856079102
0.44700387120246887,0.35848039388656616,0.2526057958602905
0.13849112391471863,0.02321682870388031,-0.08832069486379623,-0.19179297983646393
-0.2819422483444214,-0.35332608222961426,-0.4026952385902405,-0.4303830564022064
-0.43950098752975464,-0.4334177076816559,-0.4131397604942322,-0.37678420543670654
-0.32164570689201355,-0.24696290493011475,-0.1554276943206787,-0.053179025650024414
0.051513105630874634,0.1506647765636444,0.23866018652915955,0.3123713731765747
0.3696560859680176,0.40854358673095703,0.42840585112571716
0.4314718544483185,0.42274802923202515,0.4082809090614319,0.392925500869751,0.37933656573295593,0.3687354028224945,0.36164045333862305,0.3569495677947998
0.350485622882843,0.3351362943649292,0.30294230580329895,0.24815315008163452
0.17011509835720062,0.07415829598903656,-0.03077046573162079,-0.13568320870399475
-0.23300521075725555,-0.3162913918495178,-0.3807538151741028,-0.42418718338012695,-0.4468142092227936,-0.45070064067840576,-0.43928951025009155
-0.41685938835144043,-0.3878307044506073,-0.3555082082748413,-0.3208504617214203
-0.2824687659740448,-0.2379252016544342,-0.18577490746974945,-0.1267843246459961
-0.0629899799823761,0.004014953970909119,0.07366146892309189,0.1457110494375229
0.21868589520454407,0.2884213328361511,0.34867599606513977,0.3935556411743164
0.41900303959846497,0.4226991832256317,0.40365493297576904,0.36208376288414
0.3000008761882782,0.22166159749031067,0.13231432437896729
0.03636552393436432,-0.06320911645889282,-0.16402924060821533,-0.26248034834861755
-0.3523826003074646,-0.4263152480125427,-0.47887614369392395,-0.5087859034538269
-0.518445611000061,-0.5115708112716675,-0.49033665657043457,-0.4540073573589325
-0.4000530540943146,-0.32663434743881226,-0.2344459891319275,-0.12744903564453125
-0.012933388352394104,0.09999778866767883,0.20328406989574432,0.29122185707092285
0.3592701256275177,0.40296080708503723,0.4191441833972931
0.40845638513565063,0.3762410283088684,0.331068754196167,0.28202328085899353
0.23638686537742615,0.19895648956298828,0.17220641672611237,0.15570074319839478
0.14538449048995972,0.13430368900299072,0.11465759575366974,0.08035122603178024
0.029608935117721558,-0.03372975438833237,-0.101975217461586,-0.16702355444431305
-0.22236713767051697,-0.263679563999176,-0.2894394099712372,-0.30112791061401367
-0.30204713344573975,-0.29519224166870117,-0.2821117639541626
-0.2639005780220032,-0.24266788363456726,-0.22149279713630676,-0.2027072161436081
-0.18572354316711426,-0.1665293127298355,-0.13998480141162872,-0.10287030041217804
-0.05469375103712082,0.0035930126905441284,0.0707460269331932,0.1450277864933014
0.2230873852968216,0.29960349202156067,0.36842530965805054,0.42423301935195923
0.4637739658355713,0.48568853735923767,0.48890483379364014,0.4717402458190918
0.43320685625076294,0.37520113587379456,0.3028976321220398
0.222581148147583,0.13913296163082123,0.055427685379981995,-0.026124387979507446
-0.10165289044380188,-0.16611139476299286,-0.2157813161611557,-0.25017404556274414
-0.2718690037727356,-0.28489914536476135,-0.29223281145095825,-0.2934190630912781
-0.2841792106628418,-0.25819528102874756,-0.20991700887680054,-0.13751649856567383,-0.044568732380867004
0.038653235882520676,0.025184787809848785,0.015493061393499374,0.009152434766292572,0.005385414231568575,0.0034966773819178343,0.002857728861272335,0.0028993673622608185,0.0029461770318448544,0.0022013376001268625,0.0006215979810804129,0.00020949411555193365,0.004663450177758932,0.01663143001496792,0.035419609397649765,0.05773748829960823,0.07993321120738983,0.09940832853317261
0.1152026355266571,0.1280696839094162,0.13990244269371033,0.15273310244083405,0.16760234534740448,0.18385803699493408,0.1995392143726349,0.21232150495052338
0.2196291983127594,0.21773716807365417,0.20163525640964508,0.1674680858850479
0.117090605199337,0.061274413019418716,0.01709475927054882,1.1842159892694326e-06
0.01736673340201378,0.06723997741937637,0.13934090733528137,0.21691754460334778,0.281833291053772,0.32174134254455566,0.33357974886894226
0.3207860589027405,0.28848764300346375,0.24195988476276398,0.1880532205104828,0.1351359784603119,0.08998716622591019,0.05523069202899933,0.03009735979139805,0.012971082702279091,0.003054265631362796,5.98355143210938e-07,0.0025926600210368633
0.008631633594632149,0.01610746793448925,0.02377472259104252,0.030433472245931625,0.034109361469745636,0.03262188285589218,0.025470169261097908,0.014926696196198463,0.005044302903115749,8.478303061565384e-05,0.0035665875766426325
0.016959944739937782,0.03777429461479187,0.05950777605175972,0.07515858858823776
0.08136807382106781,0.07919950783252716,0.07160985469818115,0.060923341661691666
0.04860636219382286,0.03624929115176201,0.025625448673963547,0.017767390236258507,0.01244052778929472,0.0085529163479805,0.004979175515472889,0.0015383485006168485
3.66704844054766e-05,0.0042402250692248344,0.017679523676633835,0.04102304205298424
0.07187771797180176,0.1067042276263237,0.14246174693107605
0.1770169585943222,0.20899491012096405,0.23769737780094147,0.262983500957489,0.28468313813209534,0.3014272153377533,0.3101392388343811,0.30743902921676636
0.29131653904914856,0.2609488070011139,0.216048464179039,0.1582060009241104,0.0939435064792633,0.036612559109926224,0.0033441614359617233,0.007125256583094597,0.050715334713459015,0.12695451080799103,0.22202083468437195,0.317726731300354,0.3945503830909729,0.4376389980316162,0.4418180584907532
0.4106345772743225,0.35179606080055237,0.27477553486824036,0.19146570563316345
0.11541831493377686,0.05725206062197685,0.020655592903494835,0.003261242061853409
0.00039343678508885205,0.007611517328768969,0.02062613144516945,0.03460877388715744
0.04529191926121712,0.050795018672943115,0.05164329707622528,0.0490080788731575
0.04321274161338806,0.033930905163288116,0.02178574912250042,0.009539715014398098
0.001343881944194436,0.0010261646239086986,0.010871986858546734
0.030298979952931404,0.054405517876148224,0.07472334802150726,0.08351598680019379
0.078638955950737,0.06423519551753998,0.04681095480918884,0.031037913635373116
0.01873740926384926,0.010141505859792233,0.004920425824820995,0.0023249932564795017
0.0013310359790921211,0.0010833680862560868,0.0010034956503659487,0.0006285049021244049
4.423229620442726e-05,-0.025808636099100113,-0.06956510245800018,-0.11905737221240997
-0.16901792585849762,-0.2159889191389084,-0.25774848461151123
-0.2925565242767334,-0.3196564316749573,-0.33997949957847595,-0.35584285855293274
-0.36968719959259033,-0.3823377788066864,-0.392239511013031,-0.39681556820869446
-0.3942747116088867,-0.38346096873283386,-0.362199604511261,-0.32649320363998413
-0.27175992727279663,-0.19555190205574036,-0.09994423389434814,0.008612602949142456
0.12201882898807526,0.23310893774032593,0.3358061611652374,0.42382577061653137
0.490865558385849,0.5329087376594543,0.5499684810638428
0.5450590252876282,0.5213531255722046,0.4804496765136719,0.4234817624092102
0.35360366106033325,0.27668696641921997,0.19914257526397705,0.12506462633609772
0.05533209443092346,-0.010726429522037506,-0.07257099449634552,-0.12717905640602112
-0.17071059346199036,-0.20137226581573486,-0.22033387422561646,-0.22976627945899963
-0.23012162744998932,-0.21943563222885132,-0.19524389505386353,-0.15691791474819183
-0.10600180923938751,-0.04486987739801407,0.02403240278363228
0.09717461466789246,0.16831091046333313,0.22862794995307922,0.2696758806705475
0.287109375,0.2823055684566498,0.260916143655777,0.22944729030132294
0.19228754937648773,0.1516503244638443,0.10980267822742462,0.07039051502943039
0.037239208817481995,0.011832181364297867,-0.008250594139099121,-0.028745364397764206
-0.056546974927186966,-0.09695066511631012,-0.151249960064888,-0.21628886461257935
-0.28646212816238403,-0.35610345005989075,-0.4204045534133911
-0.4754534959793091,-0.5185559988021851,-0.5487288236618042,-0.5667286515235901
-0.5743046998977661,-0.5727846026420593,-0.562162458896637,-0.541858434677124
-0.5121675729751587,-0.4744131565093994,-0.42936134338378906,-0.375465452671051
-0.308806836605072,-0.22500011324882507,-0.12205184996128082,-0.002382025122642517
0.12778067588806152,0.2608759105205536,0.3895357847213745,0.5061136484146118
0.6022418737411499,0.6705671548843384,0.7074551582336426
0.7134533524513245,0.691077470779419,0.6427142024040222,0.5708463191986084,0.48005539178848267,0.3781673312187195,0.2744777202606201,0.17632746696472168
0.0871199369430542,0.007063686847686768,-0.06419951468706131,-0.12534759938716888,-0.17385849356651306,-0.2084633708000183,-0.23042917251586914,-0.24220266938209534,-0.24480901658535004,-0.23653662204742432,-0.21406881511211395,-0.17466910183429718,-0.11738035082817078,-0.042975857853889465,0.04610679671168327,0.1449328511953354,0.24497458338737488,0.3346024751663208,0.40212368965148926,0.4398804008960724,0.44671541452407837,0.4273419976234436,0.38910409808158875,0.3384598195552826,0.280081570148468,0.21849596500396729,0.15936970710754395,0.1087249219417572,0.0704982578754425,0.04416137933731079,0.02440137043595314,0.003100968897342682
-0.02771771512925625,-0.07328630983829498,-0.13483139872550964,-0.21006157994270325
-0.2945130169391632,-0.38232386112213135
-0.46633845567703247,-0.5388855934143066,-0.5936898589134216,-0.6275937557220459
-0.6408867835998535,-0.6362606883049011,-0.6171597242355347,-0.5867489576339722
-0.5480676293373108,-0.5041556358337402,-0.45680829882621765,-0.4048224687576294
-0.34380045533180237,-0.26794371008872986,-0.17271336913108826,-0.05723582208156586,0.07486101984977722,0.21671903133392334,0.3598754107952118,0.4945484399795532,0.6098260879516602,0.6958511471748352,0.7470628023147583
0.763386070728302,0.7482015490531921,0.7052596211433411,0.6376215815544128
0.5493042469024658,0.4471079111099243,0.339828759431839,0.23521986603736877
0.13754397630691528,0.047600507736206055,-0.034952253103256226,-0.10891245305538177
-0.17120106518268585,-0.21917656064033508,-0.25272947549819946,-0.2737915813922882,-0.2838929295539856,-0.28223371505737305,-0.2661036252975464,-0.23331581056118011,-0.1842283308506012,-0.12142769992351532,-0.04829888045787811
0.031123556196689606,0.11090874671936035,0.18250150978565216,0.23611673712730408
0.264137327671051,0.2644693851470947,0.24125097692012787,0.202212393283844,0.15471549332141876,0.10359103977680206,0.05208873748779297,0.0040578097105026245,-0.03540271893143654,-0.06163859739899635,-0.07314257323741913,-0.0731125921010971
-0.06873461604118347,-0.06890898942947388,-0.0817563533782959,-0.11266118288040161
-0.16322749853134155,-0.23128893971443176,-0.31131917238235474
-0.39462393522262573,-0.47038987278938293,-0.5285684466362,-0.5629504919052124
-0.5721858143806458,-0.558411717414856,-0.5249398350715637,-0.47519126534461975
-0.4133991599082947,-0.34514501690864563,-0.27615368366241455,-0.20990878343582153
-0.14597375690937042,-0.08039115369319916,-0.007988646626472473,0.0745541900396347
0.1668616384267807,0.26554539799690247,0.365705668926239,0.46099990606307983
0.5431951284408569,0.6036049127578735,0.6363424062728882
0.6405286192893982,0.6192325353622437,0.576350212097168,0.5147205591201782
0.43714529275894165,0.3486747145652771,0.2570772171020508,0.17039281129837036
0.09370411932468414,0.027898579835891724,-0.028833754360675812,-0.07815874367952347
-0.119990773499012,-0.1535150706768036,-0.17916089296340942,-0.19896681606769562
-0.21471944451332092,-0.22553707659244537,-0.22748351097106934,-0.215994194149971
-0.1887151151895523,-0.14596053957939148,-0.08926062285900116
-0.020643331110477448,0.05621667951345444,0.13444459438323975,0.20432689785957336
0.2563070058822632,0.284817099571228,0.2902395725250244,0.2777332067489624
0.2537861764431,0.22308582067489624,0.18825696408748627,0.15189746022224426
0.11802573502063751,0.09139228612184525,0.0750659927725792,0.0680001974105835
0.06461765617132187,0.05664537474513054,0.03580377250909805,-0.0038012228906154633
-0.06431204825639725,-0.14396679401397705,-0.23728293180465698
-0.3350619673728943,-0.42538097500801086,-0.496601939201355,-0.5410585403442383,-0.5569518804550171,-0.5475047826766968,-0.518348217010498,-0.4752620756626129
-0.42373916506767273,-0.36945998668670654,-0.31791260838508606,-0.27262458205223083
-0.23314115405082703,-0.1946595162153244,-0.1499657779932022,-0.09250573813915253
-0.018644973635673523,0.07196398824453354,0.17689302563667297,0.2907463610172272,0.40459370613098145,0.507000744342804,0.587335467338562
0.6390125751495361,0.6598637700080872,0.6499690413475037,0.6098670959472656,0.5410861968994141,0.44821763038635254,0.3399471342563629,0.2271326780319214
0.11906453967094421,0.02093413472175598,-0.0658310279250145,-0.14113718271255493
-0.20426246523857117,-0.2543027997016907,-0.29180556535720825,-0.31915637850761414
-0.33902132511138916,-0.35197713971138,-0.3555607497692108,-0.3461260497570038
-0.3216337263584137,-0.28223147988319397,-0.22874563932418823
-0.1618005484342575,-0.08288277685642242,0.0036729201674461365,0.0898275375366211
0.165544793009758,0.22247470915317535,0.257192999124527,0.2717019021511078
0.27090635895729065,0.2590857148170471,0.23829518258571625,0.20976310968399048
0.17623761296272278,0.14257746934890747,0.11388567090034485,0.09263638406991959
0.07702065259218216,0.06157079339027405,0.03926767408847809,0.0037904754281044006
-0.04886234551668167,-0.11959163099527359,-0.2059165984392166
-0.3015027940273285,-0.39603978395462036,-0.4773155450820923,-0.5352187752723694
-0.5647404193878174,-0.5660330057144165,-0.5421374440193176,-0.4968211352825165,-0.4344779849052429,-0.3610728085041046,-0.28401294350624084
-0.21040025353431702,-0.14446604251861572,-0.08583016693592072,-0.029930949211120605
0.02980489656329155,0.09949740767478943,0.1829770803451538,0.2806650400161743
0.3887708783149719,0.49894994497299194,0.5996840596199036,0.6798021793365479
0.7320142984390259,0.7538509964942932,0.7457680106163025,0.7086376547813416
0.6431660652160645,0.5517701506614685,0.4407736659049988,0.3200933039188385
0.20006680488586426,0.08796757459640503,-0.013125717639923096,-0.10267896950244904
-0.1804039627313614,-0.24579277634620667,-0.29925721883773804,-0.3427000641822815,-0.37841087579727173,-0.40695691108703613,-0.4260774850845337,-0.4322652816772461
-0.4235789477825165,-0.4003898501396179,-0.3636277914047241
-0.31316331028938293,-0.24823695421218872,-0.16972701251506805,-0.08246815204620361
0.004773363471031189,0.08239568024873734,0.14398415386676788,0.18822091817855835
0.21757805347442627,0.2350921332836151,0.24181526899337769,0.2371015101671219
0.2211533784866333,0.19704943895339966,0.17037129402160645,0.14660370349884033
0.12806367874145508,0.11259514093399048,0.09466224163770676,0.06762906908988953
0.025917477905750275,-0.03353746235370636,-0.1103612408041954
-0.1997966766357422,-0.29225584864616394,-0.37504124641418457,-0.43642985820770264
-0.4696449041366577,-0.47396746277809143,-0.4527035057544708,-0.41058337688446045
-0.35309335589408875,-0.2870804965496063,-0.22058039903640747,-0.1612345278263092
-0.1137474775314331,-0.07775497436523438,-0.0478774756193161,-0.016143392771482468
0.02476087585091591,0.07932991534471512,0.14877080917358398,0.23083317279815674
0.3191223740577698,0.403445303440094,0.4726814925670624
0.5188800096511841,0.5393943786621094,0.5354686975479126,0.509110689163208
0.46146872639656067,0.39400994777679443,0.31095829606056213,0.22016707062721252
0.13089948892593384,0.05012989044189453,-0.019552506506443024,-0.0791749656200409
-0.13094694912433624,-0.1765000969171524,-0.21700018644332886,-0.25391054153442383,-0.2887541651725769,-0.3215470612049103,-0.34931886196136475,-0.36701807379722595
-0.3704988360404968,-0.3582826554775238,-0.330483078956604
-0.2868710458278656,-0.2265678346157074,-0.14985914528369904,-0.06061778962612152
0.0329703763127327,0.12054982781410217,0.1934790015220642,0.2478746771812439
0.28483647108078003,0.30783116817474365,0.3193299174308777,0.3196093440055847
0.30853527784347534,0.2880539000034332,0.26280122995376587,0.238303542137146
0.2180265635251999,0.20130613446235657,0.18352444469928741,0.15806423127651215
0.1186390072107315,0.061068035662174225,-0.015697993338108063
-0.10888378322124481,-0.2111954391002655,-0.31120985746383667,-0.3963450491428375
-0.457177996635437,-0.48994627594947815,-0.49588292837142944,-0.47852659225463867,-0.44151365756988525,-0.38867419958114624,-0.32530778646469116,-0.25832343101501465
-0.19455742835998535,-0.13814960420131683,-0.08881747722625732,-0.04250074177980423
0.006393030285835266,0.06301594525575638,0.13095936179161072,0.21128760278224945
0.30113452672958374,0.39291882514953613,0.4762246906757355
0.5418392419815063,0.5847054719924927,0.6037343144416809,0.599393367767334
0.5716433525085449,0.5202181935310364,0.4469214379787445,0.35742688179016113
0.26027271151542664,0.1635710895061493,0.07219359278678894,-0.012579627335071564
-0.09126204252243042,-0.16432955861091614,-0.23196178674697876,-0.29460668563842773
-0.3528515696525574,-0.4062182903289795,-0.45195648074150085,-0.48558762669563293
-0.5032745599746704,-0.5037097334861755,-0.48752155900001526
-0.4550555646419525,-0.40516340732574463,-0.33634594082832336,-0.249453604221344
-0.14989697933197021,-0.047339290380477905,0.0474541112780571,0.1266910582780838
0.18777668476104736,0.23229533433914185,0.26282769441604614,0.28043100237846375
0.2850639522075653,0.27803027629852295,0.26345881819725037,0.2474047988653183
0.23517102003097534,0.22843486070632935,0.22413399815559387,0.21570998430252075
0.19554871320724487,0.1572961062192917,0.09746910631656647
0.01657797396183014,-0.07983694970607758,-0.18122084438800812,-0.2747509479522705
-0.3498115539550781,-0.40093013644218445,-0.42753490805625916,-0.43147268891334534
-0.41482385993003845,-0.38005656003952026,-0.3314763605594635,-0.27555689215660095,-0.21939828991889954,-0.16801734268665314,-0.1221025139093399,-0.07794854044914246
-0.02947012335062027,0.02929789200425148,0.10236245393753052,0.1905173808336258
0.290090948343277,0.39227503538131714,0.4847401976585388
0.5557172298431396,0.5980873107910156,0.610659658908844,0.5960425138473511
0.5572795271873474,0.49637502431869507,0.4158274531364441,0.3211228847503662
0.22108617424964905,0.12513157725334167,0.039577752351760864,-0.03402082622051239
-0.09776989370584488,-0.15515346825122833,-0.20942746102809906,-0.2631293833255768
-0.31794464588165283,-0.37420153617858887,-0.4299394190311432,-0.48063895106315613
-0.5207983255386353,-0.5462599396705627,-0.554877758026123
-0.5451104640960693,-0.514507532119751,-0.46001115441322327,-0.38026121258735657
-0.27834179997444153,-0.16271930932998657,-0.04521377384662628,0.06306237727403641
0.15528129041194916,0.22960716485977173,0.28679823875427246,0.3270954489707947,0.3493923544883728,0.3532261252403259
0.34119027853012085,0.3192581832408905,0.2946043610572815,0.27232176065444946
0.2531513571739197,0.2335575371980667,0.20763273537158966,0.16942328214645386
0.11480878293514252,0.042988792061805725,-0.04212072119116783,-0.13134317100048065
-0.21207356452941895,-0.2725215554237366,-0.30596625804901123,-0.31213706731796265
-0.29502400755882263,-0.2594325542449951,-0.2095658779144287,-0.15022186934947968
-0.08811433613300323,-0.03127702325582504,0.013413578271865845,0.04311160743236542
0.060018088668584824,0.06967999786138535,0.07852813601493835,0.09260902553796768
0.11685419827699661,0.1535501629114151,0.20048552751541138,0.25070005655288696
0.29504621028900146,0.3262498080730438,0.34143465757369995,0.34131258726119995
0.32729941606521606,0.29957789182662964,0.25791260600090027,0.20413938164710999
0.14353078603744507,0.08331547677516937,0.029370389878749847,-0.016279634088277817
-0.05553864687681198,-0.0924999862909317,-0.13151942193508148,-0.17602452635765076
-0.22794020175933838,-0.2872322201728821,-0.3511849641799927,-0.4140182137489319
-0.4682438373565674,-0.5074180364608765,-0.5277938842773438
-0.5274361968040466,-0.5042927265167236,-0.45567506551742554,-0.37989625334739685
-0.2789493799209595,-0.16026943922042847,-0.03585463762283325,0.08134981244802475
0.1817844659090042,0.2615610361099243,0.32146304845809937,0.3637455999851227
0.3894416093826294,0.39856669306755066,0.3924916386604309,0.3754907250404358
0.3539476990699768,0.33376210927963257,0.3174542188644409,0.3028709888458252
0.284223735332489,0.2544325590133667,0.20744073390960693
0.13989832997322083,0.0524226576089859,-0.04933619499206543,-0.15494374930858612
-0.2521240711212158,-0.3310326337814331,-0.3867141306400299,-0.4184413254261017
-0.427205353975296,-0.4139959216117859,-0.3805188536643982,-0.33091792464256287
-0.27202683687210083,-0.21149349212646484,-0.15491540729999542,-0.10422170162200928
-0.058521710336208344,-0.015604831278324127,0.027704861015081406,0.07538888603448868
0.13096751272678375,0.19520540535449982,0.26426130533218384
0.3304608464241028,0.3857935667037964,0.4253681004047394,0.4481631815433502
0.45495352149009705,0.4457536041736603,0.4194681644439697,0.3760817348957062
0.318983793258667,0.25482699275016785,0.19066816568374634,0.130683034658432
0.07493939995765686,0.020492173731327057,-0.03665366396307945,-0.09989097714424133
-0.17099685966968536,-0.24954156577587128,-0.3322521150112152,-0.4127064347267151
-0.48272809386253357,-0.5352938175201416,-0.5665249824523926
-0.5751316547393799,-0.5602990388870239,-0.5202812552452087,-0.45299866795539856
-0.3583187758922577,-0.2406114637851715,-0.10956838726997375,0.0219571590423584
0.14211677014827728,0.24358728528022766,0.32425031065940857,0.384876549243927
0.4260602593421936,0.44745364785194397,0.44964924454689026,0.4360475540161133
0.4126296937465668,0.3856685757637024,0.358784019947052,0.33131659030914307
0.29897451400756836,0.2559330463409424,0.1970541775226593
0.11957390606403351,0.02443718910217285,-0.08251963555812836,-0.19056695699691772
-0.286698579788208,-0.3600732088088989,-0.40535855293273926,-0.4228900372982025
-0.4159565269947052,-0.3877761662006378,-0.34107327461242676,-0.2800205945968628
-0.2115599513053894,-0.14428676664829254,-0.08562178909778595,-0.03969445079565048
-0.007435999810695648,0.01274089515209198,0.02509050816297531,0.036259107291698456
0.053522948175668716,0.08195789158344269,0.12178966403007507
0.16790354251861572,0.2125600427389145,0.24952071905136108,0.2762516736984253
0.29271501302719116,0.2985289394855499,0.2916531562805176,0.27001938223838806
0.23441708087921143,0.18959283828735352,0.14224623143672943,0.09753124415874481
0.05680824816226959,0.01781085878610611,-0.023663247004151344,-0.07185007631778717
-0.12960705161094666,-0.19765397906303406,-0.2741273045539856,-0.35408884286880493
-0.4298551380634308,-0.49315333366394043,-0.5377693176269531
-0.5603300333023071,-0.558896005153656,-0.5312594771385193,-0.47485142946243286
-0.3885338604450226,-0.27519965171813965,-0.14338037371635437,-0.006244048476219177
0.1220598891377449,0.23082375526428223,0.3152218759059906,0.375257670879364
0.41252562403678894,0.42790091037750244,0.4221327006816864,0.39816758036613464
0.36239585280418396,0.3236004710197449,0.2902821898460388,0.26753297448158264
0.2550719976425171,0.24765248596668243,0.2372508943080902
0.21559740602970123,0.17642830312252045,0.11764845252037048,0.042964667081832886
-0.038668591529130936,-0.11650943011045456,-0.18227636814117432,-0.23214000463485718
-0.2654907703399658,-0.2822381258010864,-0.2815900444984436,-0.26349860429763794,-0.23081444203853607,-0.18964783847332,-0.14761710166931152,-0.11154934763908386
-0.08619274199008942,-0.07373697310686111,-0.07296489924192429,-0.07850303500890732
-0.08171087503433228,-0.07345506548881531,-0.047785401344299316
-0.004535134881734848,0.05138697475194931,0.11348862200975418,0.17672434449195862
0.23785392940044403,0.2936286926269531,0.3391498923301697,0.36863571405410767
0.3783014118671417,0.36870282888412476,0.34438079595565796,0.3109492063522339
0.2718508839607239,0.22716845571994781,0.174726203083992,0.11192268133163452,0.03709135949611664
0.21511858701705933,0.2550240457057953,0.2822496294975281,0.28792548179626465
0.2690577805042267,0.22869016230106354,0.17322032153606415,0.11110951006412506
0.053428035229444504,0.013056011870503426,7.028852996882051e-05,0.015582188963890076
0.0500028058886528,0.08859799057245255,0.1196858212351799,0.13862186670303345,0.14652810990810394,0.14743845164775848
0.14619497954845428,0.1471567153930664,0.15340542793273926,0.1659349501132965,0.1824316531419754,0.19639316201210022,0.1982612907886505,0.1794218271970749,0.13768237829208374,0.08115518093109131,0.027876129373908043,0.0005739578045904636,0.01759936846792698,0.0824766680598259,0.1784653663635254,0.27501437067985535,0.34322330355644226,0.36837852001190186,0.35167205333709717,0.30406609177589417,0.2399248629808426,0.17334337532520294,0.11543406546115875
0.07203133404254913,0.04321509227156639,0.02529090829193592,0.013814026489853859
0.005776143632829189,0.0007118208450265229,0.0013263634173199534,0.01350705511868
0.04481346905231476,0.10049352049827576,0.1777455359697342,0.26283907890319824
0.3358626067638397,0.38001465797424316,0.38707056641578674,0.35668647289276123
0.29461807012557983,0.21300876140594482,0.12949888408184052,0.061512291431427
0.01884348690509796,0.0013050449779257178,0.002678372198715806
0.016153452917933464,0.03735452517867088,0.0647280290722847,0.09860218316316605
0.13979902863502502,0.1877129077911377,0.23790355026721954,0.2813150882720947
0.3075413703918457,0.31000858545303345,0.28795579075813293,0.24454143643379211,0.18513785302639008,0.11809138208627701,0.05596092343330383,0.013322715647518635
7.794383418513462e-05,0.015234234742820263,0.04749130457639694,0.08255893737077713,0.11044152081012726,0.12772539258003235,0.13610316812992096
0.13991856575012207,0.14401201903820038,0.15235723555088043,0.1672658920288086
0.1883210688829422,0.210921049118042,0.22595486044883728,0.2224208414554596
0.19281212985515594,0.13872963190078735,0.07340265810489655,0.019190730527043343
0.0002488236641511321,0.03172505274415016,0.10975490510463715,0.21049188077449799
0.3018420338630676,0.3592018783092499,0.37312182784080505,0.34691619873046875
0.29137122631073,0.22125835716724396,0.1519259512424469
0.0948694720864296,0.05470335856080055,0.02968423254787922,0.0150595773011446
0.006436316762119532,0.0014322169590741396,0.00012577525922097266,0.005189174320548773
0.021543120965361595,0.05441131442785263,0.10504510998725891,0.16655364632606506,0.22487720847129822,0.2655840218067169,0.28010016679763794,0.26655900478363037,0.22796005010604858,0.1717664897441864,0.1100238636136055,0.056356605142354965,0.020135432481765747,0.002937766956165433,0.00043948914390057325
0.0069811660796403885,0.018702857196331024,0.03428599610924721,0.05440386384725571,0.0807686299085617,0.11478930711746216,0.15548953413963318,0.19769501686096191,0.2330128252506256,0.25376594066619873,0.2561296820640564,0.2397610992193222,0.20588260889053345,0.15725892782211304,0.10040750354528427,0.04696206375956535,0.010624519549310207,0.012983396649360657,0.11983698606491089,0.20899371802806854
0.27686288952827454,0.3241686224937439,0.35438966751098633
0.37252578139305115,0.38427236676216125,0.3951401710510254,0.40931248664855957
0.42816948890686035,0.44899263978004456,0.4651314318180084,0.46793487668037415,0.4491173326969147,0.4024866223335266,0.3250243067741394,0.2175096869468689
0.08497658371925354,-0.06273862719535828,-0.21127283573150635,-0.344375878572464
-0.4484449326992035,-0.516124427318573,-0.5466050505638123,-0.5430645942687988,-0.5101702213287354,-0.4538349509239197,-0.3821260929107666
-0.30509260296821594,-0.23300951719284058,-0.1736547201871872,-0.1298871487379074
-0.09938021004199982,-0.07657700777053833,-0.05476922541856766,-0.02723364159464836
0.0116986483335495,0.06484827399253845,0.13024236261844635,0.2008194774389267
0.26705753803253174,0.3210213780403137,0.35849642753601074,0.3778834939002991
0.37793317437171936,0.3571437895298004,0.315541535615921,0.2569102346897125
0.188730850815773,0.11929132044315338,0.05436764657497406
-0.003981679677963257,-0.05648183077573776,-0.10523144155740738,-0.15275022387504578
-0.2013009488582611,-0.25208479166030884,-0.30408164858818054,-0.35332632064819336
-0.39409521222114563,-0.42156875133514404,-0.43347594141960144,-0.42922142148017883
-0.40772631764411926,-0.3663989305496216,-0.3022767901420593,-0.21471679210662842
-0.10799430310726166,0.008225485682487488,0.12124364078044891,0.2192615568637848
0.29471176862716675,0.3452891707420349,0.3730045557022095
0.382900208234787,0.3820214867591858,0.3781839609146118,0.3784027397632599
0.38713976740837097,0.4047395884990692,0.4270310401916504,0.4466444253921509
0.45509713888168335,0.44444024562835693,0.4083850681781769,0.343265563249588
0.24893227219581604,0.12975430488586426,-0.00458940863609314,-0.14006251096725464
-0.2619229853153229,-0.3592306971549988,-0.4269828200340271,-0.4646991491317749
-0.473660409450531,-0.456065833568573,-0.41635453701019287
-0.36204442381858826,-0.30264046788215637,-0.24716436862945557,-0.2014647275209427,-0.16706648468971252,-0.14221559464931488,-0.12321227788925171,-0.10473091155290604
-0.0802927315235138,-0.043977461755275726,0.006928160786628723,0.06995530426502228,0.13829492032527924,0.20428024232387543,0.26241880655288696,0.3094807267189026
0.3425009846687317,0.357660174369812,0.3517356216907501,0.32482174038887024
0.28145119547843933,0.22869351506233215,0.1728094220161438,0.1174371987581253
0.0642930418252945,0.014284811913967133,-0.03267838433384895,-0.07815355807542801
-0.12459772825241089,-0.17377489805221558,-0.22495484352111816,-0.27462977170944214
-0.31847962737083435,-0.3536011874675751,-0.3787999153137207,-0.3929140567779541
-0.3929879367351532,-0.37427929043769836,-0.33248069882392883,-0.266862154006958
-0.18227234482765198,-0.08841434121131897,0.0032794177532196045,0.0832010954618454,0.1456461101770401,0.1889936327934265
0.21500295400619507,0.22814510762691498,0.23481863737106323,0.24207736551761627
0.255969762802124,0.27967387437820435,0.3120896518230438,0.3481704592704773
0.38088876008987427,0.4028972387313843,0.4070504605770111,0.38691169023513794
0.3379245698451996,0.2589907646179199,0.1541854739189148,0.03341968357563019,-0.08973929286003113,-0.2024889886379242,-0.29623615741729736,-0.3667544424533844
-0.4120778441429138,-0.4312598705291748,-0.4253975450992584
-0.3990457355976105,-0.3599621653556824,-0.3171333074569702,-0.2781469523906708
-0.24751916527748108,-0.2268451303243637,-0.21534377336502075,-0.20945660769939423
-0.2026168256998062,-0.1867186576128006,-0.15522989630699158,-0.10631769895553589
-0.04358751326799393,0.026409242302179337,0.09764859080314636,0.16597765684127808
0.22778049111366272,0.27831339836120605,0.3121902346611023,0.3260037899017334
0.32054010033607483,0.3001568615436554,0.26989784836769104
0.23345816135406494,0.19364507496356964,0.15333132445812225,0.11469359695911407
0.07774470746517181,0.04017520695924759,-0.0011887326836585999,-0.04820014908909798
-0.10008881241083145,-0.15421003103256226,-0.20779049396514893,-0.2586773633956909
-0.3043544888496399,-0.3402853012084961,-0.35951781272888184,-0.3544258177280426
-0.31992459297180176,-0.2565344572067261,-0.17126977443695068,-0.07560960948467255
0.018155135214328766,0.10011181980371475,0.16405987739562988
0.20739628374576569,0.2310342937707901,0.23950858414173126,0.24017548561096191
0.24127702414989471,0.24948208034038544,0.26775985956192017,0.2949039936065674
0.3269728422164917,0.35879969596862793,0.3842051029205322,0.39588791131973267
0.3863033652305603,0.34953010082244873,0.2836379110813141,0.1926252543926239
0.08608521521091461,-0.024123728275299072,-0.1279744803905487,-0.2190474271774292
-0.2932767868041992,-0.34702223539352417,-0.3773154616355896
-0.3840135335922241,-0.37110239267349243,-0.34578198194503784,-0.3161682188510895
-0.2891576290130615,-0.26954415440559387,-0.2598790228366852,-0.25969964265823364
-0.2644263207912445,-0.2657500207424164,-0.2542555332183838,-0.22326858341693878
-0.17167483270168304,-0.10344384610652924,-0.0244523286819458,0.060018450021743774
0.14500916004180908,0.22420203685760498,0.2897073030471802,0.3344612121582031
0.3553110361099243,0.35368677973747253,0.3333906829357147
0.2984142005443573,0.2530480921268463,0.20290608704090118,0.1541401892900467,0.11089740693569183,0.07357435673475266,0.03930814564228058,0.0041157156229019165,-0.03469499945640564,-0.077505923807621,-0.12325584888458252,-0.1706329733133316,-0.21795803308486938,-0.2618063986301422,-0.2959354519844055,-0.31204771995544434,-0.3024120330810547,-0.2632225751876831,-0.19699707627296448,-0.11232303082942963,-0.020926058292388916,0.06588117778301239,0.13923637568950653
0.19324272871017456,0.22546088695526123,0.23769257962703705,0.23586837947368622
0.22848965227603912,0.22423703968524933,0.22946961224079132,0.2465692013502121
0.27422505617141724,0.3090059161186218,0.34603434801101685,0.3784016966819763
0.39721521735191345,0.39327213168144226,0.35977837443351746,0.2952337861061096
0.20480266213417053,0.09837928414344788,-0.013564616441726685,-0.12293057143688202
-0.22389623522758484,-0.3111001253128052,-0.3790108561515808
-0.42368102073669434,-0.444940984249115,-0.446768581867218,-0.43574443459510803
-0.41887161135673523,-0.40204280614852905,-0.3893915116786957,-0.38251620531082153
-0.379256010055542,-0.3733642101287842,-0.35624679923057556,-0.32043859362602234
-0.26301291584968567,-0.18642011284828186,-0.09620706737041473,0.0018247365951538086
0.10237259417772293,0.1993640661239624,0.285025954246521,0.35135990381240845
0.3932061195373535,0.4098086655139923,0.40337395668029785
0.37671178579330444,0.3328838050365448,0.2766188979148865,0.2145516574382782
0.15303751826286316,0.09558439254760742,0.04213615506887436,-0.00956958532333374
-0.06163911148905754,-0.11441991478204727,-0.1668427437543869,-0.21770015358924866
-0.26604902744293213,-0.31011396646499634,-0.34567350149154663,-0.3657517433166504
-0.36234837770462036,-0.3294614255428314,-0.26611584424972534,-0.1776408851146698
-0.07421968877315521,0.032015860080718994,0.12941031157970428
0.20817601680755615,0.2614547908306122,0.28676164150238037,0.28713658452033997
0.27059033513069153,0.24777013063430786,0.22889593243598938,0.2210831642150879,0.22730135917663574,0.2472309172153473,0.2783075273036957
0.31546616554260254,0.3505333662033081,0.37304824590682983,0.3727767765522003
0.34309548139572144,0.2836993634700775,0.20044684410095215,0.10214750468730927
-0.0029031187295913696,-0.10801398009061813,-0.20683997869491577,-0.2922080457210541
-0.3573741912841797,-0.3988475501537323,-0.4178738296031952,-0.4195171892642975
-0.4105406403541565,-0.39756807684898376,-0.38610514998435974,-0.3798052966594696
-0.379159539937973,-0.3802412450313568,-0.3752148747444153,-0.35519707202911377
-0.31415635347366333,-0.2513382136821747,-0.17041975259780884,-0.07666245102882385,0.024808064103126526,0.12828950583934784,0.22610534727573395,0.3091607391834259
0.36988794803619385,0.40500110387802124,0.415283739566803
0.40319663286209106,0.37172287702560425,0.325459748506546,0.27139046788215637,0.21715661883354187,0.16791702806949615,0.1245412826538086,0.08429992198944092
0.04318377375602722,-0.0017799735069274902,-0.05166643485426903,-0.10622303187847137
-0.16448010504245758,-0.224348247051239,-0.28137320280075073,-0.32799845933914185
-0.35462212562561035,-0.3522768020629883,-0.31579625606536865,-0.24603372812271118
-0.14990970492362976,-0.038486048579216,0.07547728717327118
0.17930538952350616,0.2617363929748535,0.3148423135280609,0.3363317847251892
0.33044329285621643,0.3064870238304138,0.2758677005767822,0.24885492026805878
0.2323344349861145,0.22947046160697937,0.24059443175792694,0.26347529888153076
0.29258573055267334,0.31894975900650024,0.3317195177078247,0.32112056016921997
0.28179681301116943,0.21477985382080078,0.12627165019512177,0.02423126995563507
-0.084035724401474,-0.19164593517780304,-0.290765643119812
-0.37292852997779846,-0.4316563010215759,-0.46497642993927,-0.47573649883270264
-0.46999698877334595,-0.45497652888298035,-0.43753132224082947,-0.42307382822036743
-0.4142989218235016,-0.40975677967071533,-0.4034552574157715,-0.38656842708587646
-0.35098081827163696,-0.2928283214569092,-0.21348154544830322,-0.11751246452331543
-0.010326117277145386,0.10210572183132172,0.2120145708322525,0.3096694350242615
0.38576769828796387,0.4346557855606079,0.4551142156124115
0.4484187662601471,0.41680559515953064,0.3642261326313019,0.2976985275745392
0.2266007363796234,0.15960051119327545,0.10153409838676453,0.05248212814331055
0.009243547916412354,-0.032077040523290634,-0.0741734430193901,-0.11833661794662476
-0.1650751829147339,-0.2141937017440796,-0.2638629078865051,-0.3092968761920929
-0.34251847863197327,-0.3540160655975342,-0.3356170952320099,-0.28341373801231384
-0.19945365190505981,-0.0913088470697403,0.029760301113128662
0.15057790279388428,0.2575053870677948,0.3384438753128052,0.3857155442237854
0.398477166891098,0.38284018635749817,0.34956422448158264,0.31058552861213684,0.2757914364337921,0.2514275908470154,0.24046573042869568,0.2433346062898636,0.25744134187698364,0.27627891302108765,0.29004132747650146,0.2881324887275696,0.26257237792015076,0.21068616211414337,0.13522137701511383,0.04199466109275818,-0.062471143901348114,-0.17141170799732208,-0.27682819962501526
-0.3692803382873535,-0.4400777816772461,-0.48443496227264404,-0.5028338432312012
-0.4999593496322632,-0.48261645436286926,-0.45797574520111084,-0.43247807025909424
-0.4108547270298004,-0.39463716745376587,-0.38080087304115295,-0.36221808195114136
-0.330500066280365,-0.27978071570396423,-0.20882952213287354,-0.12015551328659058
-0.017834097146987915,0.09334290027618408,0.20691168308258057,0.31388792395591736
0.40425148606300354,0.4701945185661316,0.5079461336135864
0.5167187452316284,0.49700963497161865,0.45084884762763977,0.3835245966911316
0.30406349897384644,0.22287443280220032,0.14800255000591278,0.08281242847442627
0.026314623653888702,-0.02477273717522621,-0.07390914857387543,-0.12368560582399368,-0.175655335187912,-0.23027312755584717,-0.2864214777946472,-0.34034591913223267
-0.384865403175354,-0.4102449119091034,-0.40674227476119995,-0.367622435092926,-0.29141101241111755,-0.18252307176589966,-0.05039401352405548
0.09190358221530914,0.22908681631088257,0.34565725922584534,0.4289916455745697
0.4727081060409546,0.47830745577812195,0.45400476455688477,0.4114841818809509
0.3621937036514282,0.31502071022987366,0.2761162519454956,0.24949446320533752
0.23663273453712463,0.23516617715358734,0.2383636087179184,0.23652401566505432
0.21988628804683685,0.18182966113090515,0.1206747442483902,0.03901141881942749
-0.058279022574424744,-0.16510061919689178,-0.27359887957572937
-0.37366509437561035,-0.45474958419799805,-0.509434700012207,-0.5357359051704407
-0.536597490310669,-0.5178366899490356,-0.48639750480651855,-0.4494088590145111,-0.4133504629135132,-0.38266322016716003,-0.35798245668411255,-0.3352523744106293
-0.307023823261261,-0.26576510071754456,-0.20716950297355652,-0.13106857240200043
-0.039942413568496704,0.062466152012348175,0.17071101069450378,0.27653834223747253
0.3696328401565552,0.44073164463043213,0.4845069646835327
0.4995819330215454,0.48655369877815247,0.4471355974674225,0.38541823625564575
0.3091384172439575,0.22864189743995667,0.15353691577911377,0.0893278568983078
0.036317527294158936,-0.009055215865373611,-0.05183883011341095,-0.09655707329511642
-0.14620532095432281,-0.20199385285377502
-0.2632334232330322,-0.32684725522994995,-0.3865657448768616,-0.43290936946868896
-0.45486459136009216,-0.44268980622291565,-0.39063379168510437,-0.2985990643501282
-0.17233675718307495,-0.022695764899253845,0.13539738953113556,0.2845284044742584
0.4076574444770813,0.49202579259872437,0.5324651598930359,0.532174825668335,0.5005231499671936,0.4492274820804596,0.3891706168651581,0.32933348417282104
0.27709364891052246,0.2380363643169403,0.21445997059345245,0.20370477437973022
0.1982477307319641,0.18802611529827118,0.16388970613479614,0.12052643299102783
0.05719701945781708,-0.023661352694034576,-0.11787349730730057,-0.21943967044353485
-0.3197271227836609,-0.408230185508728,-0.4756346344947815,-0.5169827938079834
-0.5325125455856323,-0.5262186527252197,-0.5039550065994263,-0.4722726345062256
-0.43769270181655884,-0.4056418240070343,-0.37868961691856384,-0.35491374135017395
-0.32812944054603577,-0.2905687391757965,-0.23647412657737732,-0.1640458106994629
-0.0747298002243042,0.028292015194892883,0.1402435004711151,0.2537354826927185
0.3587174415588379,0.44490090012550354,0.5050628781318665
0.5360337495803833,0.5370508432388306,0.508368968963623,0.45210155844688416
0.3741407096385956,0.2844466269016266,0.19440650939941406,0.11287540197372437
0.043734535574913025,-0.013887204229831696,-0.06371037662029266,-0.11021239310503006
-0.15720772743225098,-0.20714348554611206,-0.26082444190979004,-0.31717449426651
-0.37252044677734375,-0.4198041260242462,-0.4491281807422638,-0.4500325620174408
-0.41437557339668274,-0.3385210335254669,-0.22422021627426147
-0.0786278247833252,0.08584985136985779,0.25234144926071167,0.40187832713127136
0.5172896981239319,0.5874727964401245,0.6101187467575073,0.5913071632385254
0.5422198176383972,0.475097119808197,0.4008640646934509,0.3288700580596924
0.2669946253299713,0.22061583399772644,0.1907755732536316,0.17321141064167023
0.15950731933116913,0.14000974595546722,0.10700522363185883,0.05644851177930832
-0.012262091040611267,-0.09715577214956284,-0.1937570571899414
-0.2944139838218689,-0.38860929012298584,-0.46565625071525574,-0.5183494687080383
-0.5446789264678955,-0.5467553734779358,-0.5287298560142517,-0.495697021484375
-0.4535663425922394,-0.40860316157341003,-0.36592841148376465,-0.3274306058883667
-0.2905900180339813,-0.2496233582496643,-0.1984998881816864,-0.13351070880889893
-0.053727805614471436,0.03977800905704498,0.1441221386194229,0.2536858022212982
0.35954856872558594,0.4512253999710083,0.5201120376586914
0.5615400075912476,0.5739083290100098,0.5568562746047974,0.5111610889434814
0.4404876232147217,0.35268861055374146,0.25860142707824707,0.1685509979724884
0.08887453377246857,0.020724564790725708,-0.03875015303492546,-0.09426939487457275
-0.15047678351402283,-0.21062757074832916,-0.2759627103805542,-0.3455635905265808
-0.4161713123321533,-0.4816247820854187,-0.5326700210571289,-0.55827796459198
-0.5482362508773804,-0.4956988990306854,-0.39881592988967896
-0.26145657896995544,-0.0934181809425354,0.08993324637413025,0.2692371606826782
0.42440032958984375,0.5391281843185425,0.6049728393554688,0.6226601004600525
0.6000038981437683,0.5479204654693604,0.4772586524486542,0.39800623059272766
0.3196621835231781,0.2507585287094116,0.1969752311706543,0.1590147614479065
0.1321193426847458,0.1078987866640091,0.07742748409509659,0.03393441438674927
-0.0260627344250679,-0.10288525372743607,-0.19382500648498535
-0.2925899028778076,-0.38915133476257324,-0.4718787670135498,-0.5314786434173584
-0.5637261271476746,-0.5691337585449219,-0.5508415699005127,-0.5132901668548584
-0.4622940719127655,-0.40502259135246277,-0.3487764894962311,-0.29863226413726807
-0.2551819086074829,-0.21433058381080627,-0.16967728734016418,-0.11563380062580109
-0.04904448986053467,0.030947096645832062,0.12321220338344574,0.22397392988204956
0.32590168714523315,0.4189149737358093,0.4932847023010254
0.5426846146583557,0.5644583702087402,0.5576804876327515,0.5220707058906555
0.4593060314655304,0.37513360381126404,0.279520183801651,0.1838478147983551
0.09693038463592529,0.022578850388526917,-0.040219567716121674,-0.0954863652586937
-0.14815424382686615,-0.20241951942443848,-0.2607654333114624,-0.32361525297164917
-0.3892797529697418,-0.45359253883361816,-0.5092982053756714,-0.5463703870773315
-0.5539498329162598,-0.5230537056922913,-0.4487999677658081
-0.33157649636268616,-0.17739537358283997,0.0020180940628051758,0.18967853486537933
0.36540234088897705,0.5097752213478088,0.6088564395904541,0.6574339866638184
0.6589587926864624,0.6223701238632202,0.5583117008209229,0.4772931635379791
0.3897329270839691,0.30584609508514404,0.23415187001228333,0.17910075187683105
0.1394854038953781,0.10908159613609314,0.07924114167690277,0.04184288531541824
-0.008791152387857437,-0.07528699934482574,-0.15713942050933838
-0.25025877356529236,-0.34646132588386536,-0.43462127447128296,-0.5041024088859558
-0.548245370388031,-0.5652604103088379,-0.5565543174743652,-0.5249868631362915
-0.47480878233909607,-0.4122775197029114,-0.3451574742794037,-0.280672550201416
-0.22283846139907837,-0.17101648449897766,-0.121034175157547,-0.06793129444122314,-0.007956862449645996
0.011724190786480904,0.026207396760582924,0.0487765297293663,0.08038173615932465,0.11921868473291397,0.1588132381439209,0.18922914564609528,0.20211881399154663,0.19519513845443726,0.17180001735687256,0.13749709725379944,0.09825728088617325
0.060586970299482346,0.030613359063863754,0.011545264162123203,0.002452788408845663,9.341851182398386e-06,0.001184095279313624,0.004629341885447502
0.01073562540113926,0.0212678462266922,0.03890617936849594,0.06626857072114944
0.10374152660369873,0.14644169807434082,0.18289168179035187,0.1985435038805008
0.18354865908622742,0.13941599428653717,0.07983900606632233,0.02623051218688488
0.000455981440609321,0.01576511561870575,0.06883382052183151,0.13924747705459595
0.1996072232723236,0.2301599234342575,0.22701221704483032,0.19941183924674988
0.16110554337501526,0.12326206266880035,0.09215798228979111
0.06998489052057266,0.05624492093920708,0.04877564683556557,0.04436581954360008
0.03925052285194397,0.030275940895080566,0.01709659956395626,0.004161682911217213
0.0005997008993290365,0.01754714362323284,0.06380970031023026,0.1406177580356598
0.2370702177286148,0.33065399527549744,0.3960854113101959,0.41759610176086426
0.39494749903678894,0.33957794308662415,0.2666189670562744,0.18998996913433075
0.12113019078969955,0.06783358752727509
0.03258669376373291,0.012749691493809223,0.0033248679246753454,0.00011363861995050684
0.0011289553949609399,0.006304521579295397,0.016670651733875275,0.033807847648859024
0.059324413537979126,0.09340767562389374,0.13250529766082764,0.16849872469902039
0.19186845421791077,0.19694000482559204,0.18393854796886444,0.15671312808990479
0.12032463401556015,0.08091413974761963,0.0455964133143425,0.020089110359549522,0.005919887218624353,0.0005721563939005136,0.00029993063071742654
0.0025745427701622248,0.006762219127267599,0.013819652609527111,0.025880811735987663
0.045722004026174545,0.07543175667524338,0.1137758120894432,0.15345099568367004
0.18144746124744415,0.18455247581005096,0.15720541775226593,0.10605118423700333
0.048653531819581985,0.007872686721384525,0.003393038408830762,0.04198111966252327
0.11159929633140564,0.18565599620342255,0.23694665729999542,0.2515322268009186,0.232560932636261,0.19371171295642853,0.1497212052345276
0.11068206280469894,0.08122295886278152,0.06200884282588959,0.051366228610277176
0.046355731785297394,0.043254587799310684,0.0380430743098259,0.027927778661251068
0.01379917562007904,0.001878321752883494,0.0029210459906607866,0.02886940725147724
0.08763323724269867,0.1769459992647171,0.2805227041244507,0.37198585271835327
0.4269523620605469,0.4344433546066284,0.3988299071788788,0.3334011137485504
0.25345557928085327,0.17330271005630493,0.10478503257036209
0.054874978959560394,0.024073176085948944,0.008014573715627193,0.0012603678042069077
0.00014080398250371218,0.003323136828839779,0.011103438213467598,0.024715693667531013
0.045916907489299774,0.07601086795330048,0.11363815516233444,0.15272274613380432
0.1836877018213272,0.19838190078735352,0.19412660598754883,0.17319057881832123
0.14007411897182465,0.31697824597358704,0.2480306625366211,0.17410831153392792
0.10366669297218323,0.04372610151767731,-0.0029522180557250977
-0.038402095437049866,-0.06791624426841736,-0.09783215820789337,-0.13364703953266144,-0.1787625551223755,-0.2335638701915741,-0.29442501068115234,-0.35321491956710815
-0.39854374527931213,-0.41882604360580444,-0.40558919310569763,-0.35522928833961487
-0.26887044310569763,-0.15164047479629517,-0.0126534104347229,0.134730726480484
0.2739562690258026,0.38834354281425476,0.4653354287147522,0.49995163083076477
0.4955197870731354,0.4615105986595154,0.409973680973053
0.35241642594337463,0.29826241731643677,0.25452232360839844,0.2253427654504776
0.21082079410552979,0.20611406862735748,0.20227566361427307,0.18876075744628906
0.1563221961259842,0.09911312162876129,0.015524759888648987,-0.09190616011619568
-0.21673132479190826,-0.34853559732437134,-0.473427414894104,-0.5765405893325806
-0.6462110877037048,-0.6772572994232178,-0.6712042689323425,-0.6336421966552734
-0.5711033940315247,-0.4900360107421875,-0.3977603614330292
-0.30299192667007446,-0.2144181728363037,-0.1379512995481491,-0.0747043788433075
-0.02153824269771576,0.026257798075675964,0.07262210547924042,0.12028977274894714
0.17125916481018066,0.22629934549331665,0.2833697199821472,0.3367876708507538
0.37886154651641846,0.40338897705078125,0.4081757664680481,0.39440929889678955
0.36408889293670654,0.31865057349205017,0.2601306438446045,0.1932157576084137
0.12553125619888306,0.06519746780395508,0.017352543771266937
-0.017725754529237747,-0.044001705944538116,-0.06764939427375793,-0.09491759538650513
-0.13054674863815308,-0.17675350606441498,-0.23231224715709686,-0.29166412353515625
-0.3451022505760193,-0.380972683429718,-0.38905125856399536,-0.3630542755126953
-0.3012349605560303,-0.2058534324169159,-0.0828879177570343,0.05756346881389618
0.2012234926223755,0.3313630223274231,0.4324744641780853,0.4944908022880554
0.5154039263725281,0.5008738040924072,0.46133023500442505
0.4084267318248749,0.35262373089790344,0.30235540866851807,0.2637346684932709,0.23958079516887665,0.22804385423660278,0.22241270542144775,0.21290084719657898
0.18953238427639008,0.1447257399559021,0.0747261792421341,-0.02012030780315399
-0.13561180233955383,-0.26369306445121765,-0.39236798882484436,-0.5070064663887024,-0.5939358472824097,-0.6446038484573364,-0.6574443578720093,-0.6363732218742371
-0.5875223875045776,-0.5171323418617249,-0.4318773150444031,-0.3398869037628174
-0.25026682019233704,-0.17076271772384644,-0.10503245890140533,-0.05181773006916046
-0.006886795163154602,0.03418479487299919,0.07486984878778458,0.11810550838708878
0.1662597507238388,0.21962638199329376,0.27470919489860535,0.3245406746864319
0.3616732358932495,0.38162949681282043,0.38378000259399414,0.3693380057811737
0.33922359347343445,0.29421451687812805,0.23697128891944885,0.1734626740217209,0.11184883117675781,0.05924995243549347
0.01875016838312149,-0.011362388730049133,-0.036194607615470886,-0.06205363571643829
-0.09451885521411896,-0.13715174794197083,-0.19061526656150818,-0.25172534584999084
-0.31288212537765503,-0.3632303476333618,-0.3916630446910858,-0.38985100388526917
-0.35360997915267944,-0.28269633650779724,-0.18034124374389648,-0.05354548990726471
0.08628248423337936,0.2238650768995285,0.3426556885242462,0.42893439531326294
0.47565507888793945,0.48394709825515747,0.46155208349227905
0.4194561839103699,0.36875849962234497,0.31904909014701843,0.2779277265071869
0.250388503074646,0.237470343708992,0.23512616753578186,0.23482201993465424
0.22598418593406677,0.19899067282676697,0.14739546179771423,0.06887823343276978
-0.034716300666332245,-0.15745823085308075,-0.28915470838546753,-0.41584450006484985
-0.5224392414093018,-0.5970337390899658,-0.6341896057128906,-0.6350408792495728
-0.6045726537704468,-0.5486875772476196,-0.4735431671142578
-0.38661816716194153,-0.2970085144042969,-0.21377640962600708,-0.14313746988773346
-0.08651085197925568,-0.0412684828042984,-0.003376014530658722,0.03087545372545719
0.06500466167926788,0.10259058326482773,0.14605826139450073,0.1945822536945343
0.24322858452796936,0.2848171293735504,0.313488632440567,0.3270077407360077
0.3259354829788208,0.3111427426338196,0.2827109098434448,0.2413514256477356
0.1906050443649292,0.13720962405204773,0.08872367441654205
0.050063133239746094,0.02153216302394867,-0.0006806589663028717,-0.022537030279636383
-0.05003393068909645,-0.0876261442899704,-0.13724786043167114,-0.19753092527389526
-0.26311278343200684,-0.3249073922634125,-0.3721127510070801,-0.3950916826725006
-0.387325257062912,-0.34577837586402893,-0.27056723833084106,-0.16506296396255493
-0.03675895929336548,0.10210410505533218,0.23571346700191498,0.34798234701156616
0.42680850625038147,0.46735379099845886,0.4725577235221863
0.4507790803909302,0.4124312400817871,0.3676556348800659,0.32537978887557983
0.29266780614852905,0.27345412969589233,0.26697593927383423,0.26729685068130493
0.26486319303512573,0.24942660331726074,0.21280328929424286,0.1504453867673874
0.06183767318725586,-0.049591064453125,-0.17631356418132782,-0.30653655529022217
-0.4255545139312744,-0.5194408297538757,-0.5792504549026489,-0.602834939956665
-0.5932673215866089,-0.5557000041007996,-0.4956226050853729
-0.4194142818450928,-0.3352324366569519,-0.25230079889297485,-0.17851370573043823
-0.11789670586585999,-0.07012210786342621,-0.03244410455226898,-0.0016687773168087006
0.025678295642137527,0.05388805642724037,0.08734029531478882,0.128260999917984
0.17468249797821045,0.22076860070228577,0.259829580783844,0.2876273989677429
0.3030475378036499,0.30609309673309326,0.29602932929992676,0.27189168334007263
0.23476411402225494,0.18933938443660736,0.14286190271377563
0.10194489359855652,0.06959641724824905,0.044368766248226166,0.021598558872938156
-0.004519496113061905,-0.03906623274087906,-0.08515607565641403,-0.14317798614501953
-0.2100808173418045,-0.27898240089416504,-0.3402004539966583,-0.38374537229537964
-0.4016128182411194,-0.38859787583351135,-0.3421382009983063,-0.26238054037094116
-0.15304070711135864,-0.02259521186351776,0.11557614803314209,0.2451981157064438
0.35098356008529663,0.4228649139404297,0.4584074020385742
0.46208655834198,0.44237908720970154,0.40893998742103577,0.3710850179195404,0.33703145384788513,0.31288012862205505,0.3009924292564392,0.2986222505569458,0.29828137159347534,0.29012221097946167,0.26498672366142273,0.2165820300579071
0.14231480658054352,0.04335610568523407,-0.0752454549074173,-0.20414693653583527
-0.3300688564777374,-0.4384564757347107,-0.5178051590919495,-0.5627962946891785
-0.5742132663726807,-0.556243896484375,-0.5138276815414429
-0.45227503776550293,-0.3784029483795166,-0.3007485568523407,-0.22784289717674255
-0.16558429598808289,-0.11584100127220154,-0.07748779654502869,-0.048308856785297394,-0.025439009070396423,-0.004631850868463516,0.019557518884539604,0.05176281929016113,0.09310601651668549,0.14005841314792633,0.18626528978347778,0.22605803608894348,0.25657886266708374,0.2769163250923157,0.28589022159576416,0.2813563048839569,0.26197367906570435,0.22962172329425812,0.18987257778644562
0.14974810183048248,0.11438864469528198,0.08496775478124619,0.05884294956922531
0.031191058456897736,-0.0030773282051086426,-0.047807298600673676,-0.10462196171283722,-0.17219874262809753,-0.24568286538124084,-0.3169640898704529
-0.37646663188934326,-0.41551440954208374,-0.42762356996536255,-0.408515065908432
-0.35597482323646545,-0.2704107463359833,-0.15619727969169617,-0.02292899787425995
0.1150037944316864,0.24120087921619415,0.3415345847606659,0.4080233871936798
0.44018083810806274,0.4433267116546631,0.4256739318370819,0.39625248312950134
0.3638960123062134,0.3363153040409088,0.31861045956611633,0.3114939332008362
0.31047508120536804,0.3071429133415222,0.29206061363220215,0.257522314786911
0.19898609817028046,0.11539912223815918,0.009273931384086609,-0.11283645033836365
-0.23994119465351105,-0.35799700021743774,-0.4536859393119812,-0.5184874534606934
-0.5502407550811768,-0.5514352321624756,-0.5261785984039307
-0.4787774085998535,-0.41460615396499634,-0.3410995602607727,-0.2669491469860077
-0.19971176981925964,-0.143696129322052,-0.09996303915977478,-0.06786944717168808
-0.04577229171991348,-0.03025294840335846,-0.015675462782382965,0.004388516768813133
0.0342441163957119,0.0736512690782547,0.1180606558918953,0.16159656643867493
0.20018833875656128,0.232090026140213,0.2559497654438019,0.2692001163959503
0.2688625752925873,0.2541010081768036,0.22796498239040375
0.1964707374572754,0.16570767760276794,0.13921982049942017,0.11707852780818939
0.09642916172742844,0.07273654639720917,0.04124022275209427,-0.0017175190150737762
-0.05764804780483246,-0.12499544024467468,-0.19860921800136566,-0.27053114771842957
-0.33203911781311035,-0.375342458486557,-0.39394187927246094,-0.38253650069236755
-0.3375895619392395,-0.2586945593357086,-0.1503235399723053,-0.022830992937088013
0.10871857404708862,0.22808928787708282,0.3223819434642792
0.3852374255657196,0.4170185923576355,0.4226273000240326,0.40923619270324707
0.38503333926200867,0.3583377003669739,0.33627524971961975,0.32284167408943176,0.3171647787094116,0.3134922683238983,0.30340296030044556,0.2788337469100952,0.2341083437204361,0.1665559560060501,0.07657676935195923,-0.031982213258743286
-0.15108956396579742,-0.26870763301849365,-0.3714046776294708,-0.4485839307308197
-0.495398610830307,-0.5124503374099731,-0.5030935406684875
-0.47109314799308777,-0.4206411838531494,-0.3576889634132385,-0.2901019752025604
-0.22581711411476135,-0.17044024169445038,-0.12640123069286346,-0.0940512865781784
-0.07272958010435104,-0.06023125350475311,-0.051752351224422455,-0.04038034379482269
-0.01964336261153221,0.013323288410902023,0.05638974532485008,0.10416816174983978
0.15139475464820862,0.19485875964164734,0.23250585794448853,0.2614675462245941
0.2777380347251892,0.2782466411590576,0.26339584589004517
0.23752233386039734,0.20688162744045258,0.17699232697486877,0.15101775527000427
0.12931689620018005,0.10961154103279114,0.08765895664691925,0.058500438928604126
0.017968736588954926,-0.03587150573730469,-0.10157664865255356,-0.17418065667152405
-0.24653644859790802,-0.3110731244087219,-0.360495924949646,-0.3876620829105377
-0.385934978723526,-0.3505208492279053,-0.2804679870605469,-0.1805897057056427
-0.06194387376308441,0.060196444392204285,0.17043426632881165
0.2575128674507141,0.31646960973739624,0.347922146320343,0.35607993602752686
0.3473164439201355,0.32935428619384766,0.3101518750190735,0.29605841636657715
0.2896393835544586,0.2884652316570282,0.28613168001174927,0.2750253975391388
0.24878476560115814,0.20326127111911774,0.13663093745708466,0.049719542264938354
-0.05302587151527405,-0.16271048784255981,-0.2671703100204468,-0.3546196520328522
-0.4174770414829254,-0.4536476731300354,-0.4647384285926819
-0.45333313941955566,-0.42214253544807434,-0.37525010108947754,-0.31903326511383057
-0.2610992193222046,-0.20795467495918274,-0.1634513884782791,-0.12921014428138733
-0.1057790070772171,-0.09245581924915314,-0.0859401524066925,-0.07991418987512589
-0.06680559366941452,-0.041066862642765045,-0.0018658898770809174,0.047041382640600204
0.100203737616539,0.15336528420448303,0.2037985771894455,0.248496875166893
0.28291207551956177,0.3021104335784912,0.30351269245147705
0.28863659501075745,0.26230937242507935,0.23039433360099792,0.19794514775276184
0.1683013141155243,0.14248956739902496,0.11884292960166931,0.09345047175884247
0.06150468438863754,0.01897118240594864,-0.035837166011333466,-0.10127881169319153
-0.17273390293121338,-0.2440275251865387,-0.30845534801483154,-0.35872942209243774
-0.3869001269340515,-0.3853449523448944,-0.34876519441604614,-0.2766454815864563
-0.1751118004322052,-0.05661195516586304,0.06308704614639282
0.1693352311849594,0.25224655866622925,0.30777743458747864,0.3366168141365051
0.34283512830734253,0.3331092894077301,0.3157787024974823,0.2991371750831604
0.28905826807022095,0.2868346571922302,0.28884100914001465,0.28856778144836426
0.27933427691459656,0.25575387477874756,0.213997021317482,0.15205764770507812
0.07070721685886383,-0.02513757348060608,-0.12611123919487,-0.2207086831331253
-0.29928460717201233,-0.3567489981651306,-0.3921504020690918
-0.4062653183937073,-0.40005606412887573,-0.37544310092926025,-0.3367692530155182
-0.2906271815299988,-0.24380558729171753,-0.2012169063091278,-0.16563312709331512
-0.13876591622829437,-0.12158739566802979,-0.11306212842464447,-0.10880760848522186,-0.10165887326002121,-0.08448105305433273
-0.053592801094055176,-0.010234519839286804,0.04112626612186432,0.09589389711618423
0.15086206793785095,0.2031739056110382,0.24858447909355164,0.28149256110191345
0.2972103953361511,0.29450368881225586,0.276120662689209,0.2472439855337143
0.21365781128406525,0.18068106472492218,0.1522897630929947,0.12988334894180298
0.11146030575037003,0.09219595789909363,0.06620117276906967,0.02857150137424469
-0.022909248247742653,-0.08704712986946106,-0.15985894203186035,-0.23566535115242004
-0.30739694833755493,-0.36634498834609985,-0.40269631147384644,-0.407366007566452
-0.37459683418273926,-0.3045545518398285,-0.20467287302017212,-0.08841627836227417
0.028464630246162415,0.1323283165693283,0.21432699263095856,0.27059876918792725
0.3013876676559448,0.3104870319366455,0.3046911358833313,0.2924227714538574
0.2814534902572632,0.27636629343032837,0.2771291732788086,0.27995699644088745
0.27966129779815674,0.2713010609149933,0.250413715839386,0.21303924918174744
0.15658524632453918,0.08159315586090088,-0.006680935621261597,-0.09890483319759369
-0.18500159680843353,-0.2577311396598816,-0.31379735469818115
-0.35226741433143616,-0.3726077079772949,-0.3746858537197113,-0.36034661531448364
-0.33413246273994446,-0.30191415548324585,-0.26866456866264343,-0.23750266432762146
-0.21048203110694885,-0.1893904060125351,-0.17494866251945496,-0.16506880521774292
-0.1543024480342865,-0.13562197983264923,-0.10374373942613602,-0.05777487903833389
-0.0010237619280815125,0.061687104403972626,0.12639561295509338,0.18996141850948334
0.248356431722641,0.29576581716537476,0.32600557804107666
0.33525609970092773,0.32372167706489563,0.29509156942367554,0.2549716830253601
0.20981769263744354,0.16621536016464233,0.12942087650299072,0.10140104591846466
0.07997076213359833,0.05979186296463013,0.03447464853525162,-0.00122867152094841
-0.04984060674905777,-0.11076728254556656,-0.18095465004444122,-0.2554197609424591
-0.32693833112716675,-0.3858284652233124,-0.42110148072242737,-0.42296063899993896
-0.38586413860321045,-0.31114229559898376,-0.20766288042068481
-0.0896075963973999,0.02767542004585266,0.13144704699516296,0.21330192685127258
0.26921525597572327,0.29938381910324097,0.3081613779067993,0.3032013773918152
0.29341062903404236,0.2861487567424774,0.28484630584716797,0.28863662481307983
0.2940900921821594,0.2970287799835205,0.29294949769973755,0.276860773563385
0.24391230940818787,0.19113430380821228,0.1196172833442688,0.03539054095745087
-0.05256063491106033,-0.13595333695411682,-0.2094811052083969
-0.270266592502594,-0.31599247455596924,-0.34437096118927,-0.35462212562561035
-0.3489037752151489,-0.3317592144012451,-0.308003693819046,-0.28114408254623413
-0.2536429762840271,-0.22797231376171112,-0.20649413764476776,-0.18977412581443787
-0.1749705821275711,-0.156239315867424,-0.1274683177471161,-0.08560090512037277
-0.03193652629852295,0.02954607456922531,0.09485385566949844,0.16093292832374573
0.22443529963493347,0.2802213430404663,0.32169729471206665
0.3431496322154999,0.3421829342842102,0.32031679153442383,0.28189921379089355
0.23302796483039856,0.1810886114835739,0.13375280797481537,0.09668797254562378
0.07126709073781967,0.054133132100105286,0.03878173232078552,0.017987065017223358
-0.013934321701526642,-0.05971427634358406,-0.1189805418252945,-0.1887878179550171
-0.2636738717556,-0.33519431948661804,-0.39226263761520386,-0.42308351397514343
-0.4181341230869293,-0.37333256006240845,-0.2921995520591736
-0.1854587197303772,-0.0678597241640091,0.04594460874795914,0.1442367136478424
0.21919125318527222,0.2671593725681305,0.2891653776168823,0.29086536169052124
0.28103765845298767,0.268801748752594,0.26069629192352295,0.25923919677734375
0.2637372314929962,0.2719399333000183,0.28055092692375183,0.28470343351364136
0.2780432403087616,0.2542557716369629,0.20968575775623322,0.14561977982521057
0.06807148456573486,-0.015182629227638245,-0.09763993322849274
-0.17470502853393555,-0.24232274293899536,-0.29610446095466614,-0.3325086832046509
-0.3508102595806122,-0.35351091623306274,-0.3446206748485565,-0.3275700807571411
-0.3048045337200165,-0.2788993716239929,-0.2531484365463257,-0.23031236231327057
-0.21043680608272552,-0.18991905450820923,-0.16304920613765717,-0.12522810697555542
-0.07552102208137512,-0.016475193202495575,0.0482020303606987,0.11540786921977997
0.18226535618305206,0.24454116821289062,0.29600444436073303
0.3299165666103363,0.34165486693382263,0.33027780055999756,0.2981686592102051,0.25006961822509766,0.19276505708694458,0.13471418619155884,0.08423946797847748
0.04660063236951828,0.022012636065483093,0.00598284974694252,-0.008603250607848167
-0.02895369566977024,-0.06033960357308388,-0.10512861609458923,-0.16283869743347168
-0.23036590218544006,-0.3016453683376312,-0.36729925870895386,-0.4155582785606384,-0.4347362220287323,-0.4164586663246155,-0.3586347997188568
-0.2668108344078064,-0.1527782380580902,-0.031102880835533142,0.08427512645721436
0.18194642663002014,0.2539559006690979,0.2968766689300537,0.3127489387989044
0.3085896968841553,0.2940910756587982,0.2783682346343994,0.2673490047454834
0.2633221745491028,0.26629921793937683,0.27497780323028564,0.28616660833358765,0.2940598428249359
0.004693189635872841,0.0005027708248235285,0.0018925305921584368,0.015318648889660835,0.043467968702316284,0.08126448094844818,0.11686169356107712,0.138267382979393,0.1396571397781372,0.12235859781503677,0.0925128161907196,0.05872636288404465
0.02952391467988491,0.010235242545604706,0.001409308984875679,0.00023746346414554864,0.003348615253344178,0.008469519205391407,0.014270637184381485
0.01959666609764099,0.023437993600964546,0.02546958439052105,0.02595457434654236,0.024953056126832962,0.02192552201449871,0.016324101015925407,0.008817083202302456
0.0020987424068152905,0.00019041766063310206,0.006352129392325878,0.021341165527701378
0.04312964156270027,0.06721659749746323,0.08745556324720383,0.09839652478694916
0.09774839878082275,0.08650737255811691,0.06763762980699539,0.04546576738357544,0.025091806426644325,0.010539176873862743,0.0028913882561028004
0.00032567340531386435,2.2706196887156693e-06,3.660532820504159e-05,2.0964681368695892e-07
6.649889837717637e-05,0.00014112899953033775,1.0061713510367554e-05,0.0005614655092358589,0.0050437175668776035,0.0187196284532547,0.046383339911699295,0.08930686861276627,0.1435525268316269,0.19986359775066376,0.24508711695671082,0.26629307866096497,0.2570634186267853,0.2215326726436615,0.17195461690425873,0.12162944674491882,0.0792943611741066,0.047933440655469894,0.02654249779880047
0.012700766324996948,0.0043666851706802845,0.0004273919912520796,0.0006589492550119758
0.005548804998397827,0.015987921506166458,0.0327971987426281,0.05607125535607338
0.08429219573736191,0.11346223205327988,0.13760380446910858,0.1513310819864273
0.15237471461296082,0.1416763961315155,0.12182594835758209,0.09623347222805023
0.06893395632505417,0.043639689683914185,0.0228409506380558,0.008028979413211346
0.0005609316285699606,0.002177875954657793,0.01413571834564209
0.03513695299625397,0.060455527156591415,0.08375059068202972,0.09966174513101578,0.10487402230501175,0.09805813431739807,0.08027341961860657,0.05551748350262642,0.03002982586622238,0.01028062216937542,0.0006610976415686309,0.002395978197455406
0.014324950985610485,0.034129295498132706,0.05865546315908432,0.0840301588177681
0.10652337223291397,0.12318035960197449,0.13121280074119568,0.1275959312915802,0.11081500351428986,0.08359719067811966,0.05305686220526695
0.027085360139608383,0.010089258663356304,0.0019117386545985937,1.315130793955177e-05,0.0017382361693307757,0.005024726036936045,0.008494135923683643,0.011695469729602337
0.01522854808717966,0.020563093945384026,0.029711926355957985,0.044605497270822525,0.06593537330627441,0.0920582041144371,0.11873128265142441,0.13963454961776733
0.1478237509727478,0.1385355293750763,0.11227554827928543,0.07585678994655609,0.03991187736392021,0.01375757809728384,0.0013363971374928951
0.001370999962091446,0.010313316248357296,0.024544360116124153,0.04054573178291321,0.0547344796359539,0.0644918754696846,0.06927529722452164,0.07018767297267914
0.06849595904350281,0.06466303020715714,0.058369338512420654,0.049225691705942154
0.03773963451385498,0.025456957519054413,0.014125625602900982,0.005249874200671911
-0.02012963593006134,0.03759172558784485,0.09808620810508728,0.15674906969070435,0.20888058841228485,0.251147985458374,0.28102511167526245
0.2955915331840515,0.2916986048221588,0.26795774698257446,0.2269677072763443
0.1753433644771576,0.12119211256504059,0.07109525799751282,0.028514385223388672
-0.006047185510396957,-0.03412754833698273,-0.058624472469091415,-0.08330050855875015,-0.11201941967010498,-0.14752282202243805,-0.18973666429519653,-0.2345685362815857
-0.27480000257492065,-0.30273908376693726,-0.3126175105571747,-0.30164021253585815,-0.2698201537132263,-0.21944904327392578,-0.15518909692764282
-0.08445364236831665,-0.016673527657985687,0.03904968500137329,0.07694949209690094,0.09666284173727036,0.10313792526721954,0.10461580753326416,0.11006870120763779,0.12711700797080994,0.16063430905342102,0.21200023591518402,0.27873948216438293
0.3541315197944641,0.42726969718933105,0.4846583902835846,0.5131524801254272
0.5029542446136475,0.44975370168685913,0.35559725761413574,0.22863152623176575
0.08206751942634583,-0.06769941002130508,-0.2038097232580185
-0.3123231828212738,-0.3853076696395874,-0.42184144258499146,-0.42656800150871277
-0.40709546208381653,-0.3717902600765228,-0.3288029730319977,-0.2855648398399353
-0.24802008271217346,-0.21976612508296967,-0.20112034678459167,-0.18904508650302887
-0.17882966995239258,-0.16599170863628387,-0.14726348221302032,-0.1215970516204834
-0.09088795632123947,-0.05911073088645935,-0.030249863862991333,-0.006463158875703812
0.012502658180892467,0.028636155650019646,0.044717516750097275
0.06372924149036407,0.08840936422348022,0.12094038724899292,0.16254714131355286,0.21231019496917725,0.26572614908218384,0.314739853143692,0.3498454689979553,0.3628406524658203,0.34842950105667114,0.3044854700565338,0.23199757933616638
0.13518750667572021,0.021771728992462158,-0.09722425043582916,-0.20935149490833282
-0.30403587222099304,-0.37480390071868896,-0.41872942447662354,-0.43458807468414307,-0.4224388897418976,-0.38485032320022583,-0.3278299868106842
-0.2600935995578766,-0.1908949315547943,-0.1276451051235199,-0.07431940734386444,-0.031214915215969086,0.0040357038378715515,0.03533438965678215
0.0672353133559227,0.10375700145959854,0.14745116233825684,0.19917546212673187,0.25769883394241333,0.31915199756622314,0.37734919786453247,0.4249800145626068,0.45509883761405945,0.462411493062973,0.4440229535102844,0.4002116322517395,0.3350526690483093,0.2556692659854889,0.17048925161361694,0.0873367041349411,0.01145029067993164,-0.05553741380572319,-0.11474142968654633,-0.1678045243024826,-0.21488282084465027,-0.2545706033706665,-0.28525668382644653,-0.3059404492378235,-0.3163372874259949,-0.3166104555130005,-0.30661559104919434,-0.28602802753448486
-0.25596946477890015,-0.22005577385425568,-0.18358829617500305,-0.15191316604614258
-0.12915359437465668,-0.11751016974449158,-0.11644779145717621,-0.12171103060245514,-0.12548866868019104,-0.11831934750080109,-0.09188540279865265
-0.041959747672080994,0.029664643108844757,0.11613097041845322,0.20883551239967346
0.2999904453754425,0.3828623592853546,0.4507679045200348,0.49659115076065063
0.5139501690864563,0.499437153339386,0.4538918435573578,0.3815194368362427
0.28790706396102905,0.17885413765907288,0.06065043807029724,-0.059468820691108704
-0.17390380799770355,-0.27550387382507324,-0.3579127788543701,-0.4161168932914734,-0.44676318764686584,-0.44758549332618713
-0.4172632396221161,-0.356874018907547,-0.271804541349411,-0.17191436886787415,-0.06941547989845276,0.023889079689979553,0.09891575574874878,0.15099695324897766
0.17979012429714203,0.1873343586921692,0.17688557505607605,0.15364402532577515,0.12531359493732452,0.10077226161956787,0.08727581799030304,0.08822976797819138
0.10300387442111969,0.12802493572235107,0.15825209021568298,0.1885499656200409,0.21404710412025452,0.23010578751564026,0.2330375760793686
0.2209734469652176,0.19422274827957153,0.15478970110416412,0.10513363778591156
0.0477181151509285,-0.014284074306488037,-0.0769035816192627,-0.13630004227161407
-0.18971261382102966,-0.23585864901542664,-0.2740092873573303,-0.30230069160461426,-0.31762295961380005,-0.31738153100013733,-0.30122411251068115,-0.2714445888996124
-0.23166316747665405,-0.18491418659687042,-0.1334753781557083,-0.08056926727294922,-0.031444720923900604,0.007883984595537186,0.033492714166641235
0.04546407610177994,0.04689169302582741,0.041106048971414566,0.029884561896324158,0.013891872018575668,-0.005348192527890205,-0.024036582559347153,-0.0371801033616066,-0.04153178632259369,-0.037663765251636505,-0.029295705258846283,-0.020559292286634445
-0.01390686072409153,-0.010482057929039001,-0.01159820705652237,-0.019163168966770172
-0.034714046865701675,-0.05771496519446373,-0.08447179943323135,-0.10912512242794037,-0.12589165568351746,-0.13064603507518768,-0.12137763202190399
-0.09785626828670502,-0.06147989630699158,-0.01590239256620407,0.032883573323488235
0.07775719463825226,0.11214831471443176,0.13202375173568726,0.13758864998817444
0.13300269842147827,0.12419436126947403,0.1163376048207283,0.11222081631422043
0.11253274232149124,0.11726144701242447,0.12606912851333618,0.13759645819664001
0.1489948332309723,0.1564687192440033,0.15702828764915466,0.1500747799873352
0.13735410571098328,0.12194269895553589,0.1069604828953743
0.09425024688243866,0.08404815196990967,0.07532846927642822,0.06567114591598511,0.05133495479822159,0.02835870161652565,-0.005666665732860565,-0.04998716711997986
-0.10065419971942902,-0.1520819067955017,-0.19804872572422028,-0.23168696463108063
-0.24609273672103882,-0.23594152927398682,-0.1994420289993286,-0.1398237943649292
-0.06504246592521667,0.014367297291755676,0.08766388893127441,0.14555723965168,0.1812630593776703,0.19136369228363037,0.17678137123584747
0.14292950928211212,0.09803102910518646,0.05043301731348038,0.006302639842033386
-0.031284503638744354,-0.06128820404410362,-0.08294595032930374,-0.09524576365947723,-0.09759248048067093,-0.09060865640640259,-0.07632332295179367,-0.05738566815853119
-0.0360788032412529,-0.014151912182569504,0.006675630807876587,0.024113137274980545,0.03516609966754913,0.036810338497161865,0.026810897514224052,0.004175493493676186
-0.030224204063415527,-0.07297492772340775,-0.11822887510061264
-0.1587059497833252,-0.1872851401567459,-0.19858121871948242,-0.1896604746580124,-0.1600004881620407,-0.11129625141620636,-0.04734005033969879,0.025900643318891525,0.10064783692359924,0.1687195897102356,0.22285383939743042,0.257110059261322
0.2671733796596527,0.251076877117157,0.21006794273853302,0.14908872544765472
0.07606053352355957,9.763985872268677e-05,-0.07026144862174988,-0.1283409148454666,-0.16978713870048523,-0.19210651516914368,-0.1944773644208908
-0.17805063724517822,-0.1457398235797882,-0.10194389522075653,-0.05256057530641556
-0.004319079220294952,0.03668874129652977,0.06658343970775604,0.08461940288543701,0.09258109331130981,0.0931020975112915,0.08841906487941742,0.08007008582353592,0.06926789879798889,0.05750243365764618,0.04645777493715286,0.03725055232644081,0.030313611030578613,0.026087554171681404,0.025424694642424583,0.029334165155887604,0.03823670744895935,0.051303375512361526,0.06663178652524948
0.08184106647968292,0.09436824917793274,0.10152773559093475,0.1004449874162674,0.08820516616106033,0.06276919692754745,0.02435941994190216,-0.023705903440713882
-0.07539400458335876,-0.12336503714323044,-0.16063156723976135
-0.1817297339439392,-0.18330512940883636,-0.1645234376192093,-0.1273994743824005
-0.07671098411083221,-0.019156701862812042,0.038066618144512177,0.08836422115564346
0.12626226246356964,0.14806783199310303,0.1526576578617096,0.1418444812297821
0.12006120383739471,0.0930226743221283,0.06572924554347992,0.041004300117492676
0.019257783889770508,-0.0005914904177188873,-0.019841661676764488,-0.039256252348423004,-0.058655716478824615,-0.07664107531309128,-0.09088478982448578,-0.09885329008102417
-0.09845203906297684,-0.08864492923021317,-0.06996811926364899,-0.04458282142877579
-0.016133300960063934,0.010412290692329407,0.029394857585430145,0.035643450915813446
0.02586657553911209,-0.0002093818038702011,-0.03950660675764084
-0.0859241932630539,-0.13108186423778534,-0.16587083041667938,-0.18254338204860687,-0.17647427320480347,-0.14720363914966583,-0.09823863208293915,-0.0354582741856575
0.034563515335321426,0.10515566915273666,0.16953185200691223,0.22110486030578613
0.25454089045524597,0.26716935634613037,0.2595469355583191,0.2346898913383484
0.19678138196468353,0.14999188482761383,0.0979154109954834,0.043813012540340424,-0.009270310401916504,-0.058908745646476746,-0.10341843217611313
-0.14141115546226501,-0.17123308777809143,-0.19088736176490784,-0.19882529973983765
-0.1950538456439972,-0.18149259686470032,-0.16130881011486053,-0.13773076236248016,-0.11304366588592529,-0.08855468779802322,-0.0654013454914093,-0.044967442750930786,-0.028502266854047775,-0.01656079664826393,-0.008618326857686043,-0.0031396783888339996,0.0019228667952120304,0.008651075884699821,0.018687818199396133,0.03276442736387253
0.05047501623630524,0.07024820894002914,0.08966359496116638
0.1061597689986229,0.11751972138881683,0.12190611660480499,0.11789322644472122,0.10466869175434113,0.08226686716079712,0.051827751100063324,0.015841536223888397,-0.021777918562293053,-0.05601781979203224,-0.08179878443479538,-0.0954466462135315,-0.09582652151584625,-0.08469487726688385,-0.06592881679534912,-0.043953292071819305,-0.02273441106081009,-0.005685161799192429,0.004445805214345455,0.006040069740265608,-0.0008056445512920618,-0.013997260481119156,-0.029953204095363617
-0.044643014669418335,-0.05451461672782898,-0.057039640843868256,-0.050810858607292175
-0.03561690077185631,-0.012970488518476486,0.013741223141551018,0.04046197608113289,0.06414881348609924,0.08363502472639084,0.09942623972892761,0.11254392564296722
0.12324012070894241,0.13065825402736664,0.1333245038986206,0.12982848286628723
0.1191340982913971,0.1003575399518013,0.07283557951450348,0.03682257980108261,-0.006019972264766693,-0.05259901285171509,-0.0985453873872757
-0.1387726068496704,-0.16833215951919556,-0.1830877810716629,-0.1804121732711792
-0.16003306210041046,-0.12447944283485413,-0.07878002524375916,-0.029318027198314667,0.017817631363868713,0.05799274891614914,0.08848748356103897,0.10857655107975006,0.11893967539072037,0.1208212673664093,0.11572712659835815,0.10528139770030975
0.09099972248077393,0.07423698902130127,0.05607838183641434,0.037149593234062195,0.017638012766838074,-0.0024511348456144333,-0.02272758260369301
-0.041830070316791534,-0.05756736174225807,-0.06766420602798462,-0.07046833634376526
-0.06556273996829987,-0.05409694463014603,-0.03859272226691246,-0.022581953555345535
-0.010032624006271362,-0.00429484061896801,-0.007079374045133591,-0.017971539869904518
-0.034686777740716934,-0.053990352898836136,-0.07238894701004028,-0.08620436489582062
-0.09179699420928955,-0.0862126275897026,-0.06796175986528397,-0.03773515671491623
0.0015295259654521942,0.04543396830558777,0.08901561051607132
0.127410426735878,0.15642669796943665,0.17300623655319214,0.17574094235897064
0.1651645302772522,0.1432173252105713,0.11246706545352936,0.0757450982928276
0.03598128259181976,-0.003681432455778122,-0.03978663682937622,-0.06917519867420197
-0.08978145569562912,-0.10090230405330658,-0.10309795290231705,-0.09782242029905319
-0.08698511123657227,-0.07277154177427292,-0.057427048683166504,-0.04291433095932007
-0.03081810101866722,-0.02230145037174225,-0.018019704148173332
-0.018219562247395515,-0.022559721022844315,-0.02968316525220871,-0.037442103028297424
-0.043590184301137924,-0.04625491797924042,-0.04417718946933746,-0.03659543767571449,-0.022997356951236725,-0.0032422952353954315,0.02224002406001091,0.05230975151062012
0.08492014557123184,0.11727176606655121,0.14611241221427917,0.16773726046085358
0.17834384739398956,0.1750095933675766,0.15649330615997314,0.12354777753353119,0.0787990614771843,0.026185445487499237,-0.029590513557195663
-0.08342285454273224,-0.13028478622436523,-0.16581493616104126,-0.18708626925945282,-0.19341188669204712,-0.1863415539264679,-0.1689225733280182,-0.145019069314003,-0.11855906248092651,-0.09266575425863266,-0.06915219873189926,-0.04835662245750427
-0.029377836734056473,-0.010823797434568405,0.00843651220202446,0.02877693995833397
0.049602169543504715,0.06962867826223373,0.08719180524349213,0.10027933120727539
0.10695333033800125,0.10605375468730927,0.09751831740140915
0.08248279243707657,0.06316626071929932,0.04238182306289673,0.023064784705638885,0.00776778906583786,-0.00204608216881752,-0.00645102746784687,-0.007066118996590376,-0.006553917191922665,-0.0075053079053759575,-0.011521687731146812,-0.01911585032939911,-0.029872264713048935,-0.042601779103279114
-0.0556434690952301,-0.0670815110206604,-0.07501736283302307,-0.07811050862073898,-0.07594481110572815,-0.06905344873666763,-0.05868987739086151,-0.04632798209786415,-0.033382315188646317,-0.021200161427259445,-0.010671863332390785,-0.0017934758216142654,0.006253506988286972,0.014793412759900093,0.025084111839532852,0.03758106008172035,0.051767054945230484,0.06649456173181534,0.08038300275802612,0.09219662845134735,0.1009305790066719,0.10571691393852234,0.10602627694606781,0.10177143663167953,0.09306355565786362,0.08016777038574219,0.06353603303432465,0.04366634786128998
0.021153144538402557,-0.003284260630607605,-0.02904818207025528,-0.05569681152701378
-0.08267048001289368,-0.1089545413851738,-0.1328173726797104,-0.15200382471084595,-0.16421514749526978,-0.16734717786312103,-0.15979476273059845,-0.14091841876506805
-0.11117130517959595,-0.07202714681625366,-0.025851957499980927,0.024528641253709793
0.07619204372167587,0.12604475021362305,0.17066490650177002,0.20640379190444946
0.22992995381355286,0.23902811110019684,0.2329467386007309,0.21226860582828522,0.1787973791360855,0.13532988727092743,0.08534300327301025
0.032870225608348846,-0.017830029129981995,-0.06289686262607574,-0.09926071763038635
-0.12483202666044235,-0.13864737749099731,-0.14098262786865234,-0.1335301399230957
-0.11920434236526489,-0.10133282840251923,-0.08288899064064026,-0.06601478159427643
-0.0517311692237854,-0.04012912139296532,-0.03076982870697975,-0.022807583212852478
-0.01518041081726551,-0.0069636087864637375,0.002502892166376114,0.013588245958089828,0.02634064108133316,0.04052792489528656,0.05553607642650604
0.07031562179327011,0.08365067839622498,0.09442244470119476,0.10184129327535629,0.1056780219078064,0.10602421313524246,0.10284417122602463,0.09594199061393738
0.08510395884513855,0.07024964690208435,0.05169874429702759,0.030271247029304504
0.007235817611217499,-0.015751507133245468,-0.03698369860649109,-0.0551743283867836
-0.06974874436855316,-0.08101275563240051,-0.08993764221668243,-0.09750430285930634,-0.10433310270309448,-0.11076442152261734,-0.11689405888319016
-0.12249620258808136,-0.1268584132194519,-0.12859192490577698,-0.12580537796020508,-0.1166200041770935,-0.0997052937746048,-0.07471302151679993,-0.04238056391477585
-0.004390992224216461,0.036633457988500595,0.07735362648963928,0.11444436013698578
0.14524418115615845,0.16800987720489502,0.18187138438224792,0.18647420406341553
0.18164975941181183,0.16739627718925476,0.14398632943630219,0.11211742460727692,0.07296916097402573,0.028041690587997437,-0.02085299789905548
-0.07139226794242859,-0.12080609798431396,-0.16610635817050934,-0.20420241355895996
-0.23211349546909332,-0.24730271100997925,-0.24803349375724792,-0.23382171988487244
-0.20572742819786072,-0.1662365347146988,-0.11883683502674103,-0.06735078990459442
-0.01534983515739441,0.034005843102931976,0.07808447629213333,0.11500468850135803
0.14353545010089874,0.1628577709197998,0.17252925038337708,0.17246447503566742
0.16297101974487305,0.14491258561611176,0.11973078548908234
0.08930854499340057,0.05577252805233002,0.02133709192276001,-0.011577639728784561,-0.040280696004629135,-0.062264181673526764,-0.07578040659427643,-0.0801401436328888
-0.07587387412786484,-0.06466761976480484,-0.049012403935194016,-0.03185698762536049
-0.0162329263985157,-0.004729686304926872,0.0009606983512639999,0.00029012863524258137
-0.006226458121091127,-0.017390046268701553,-0.031505268067121506,-0.046340569853782654,-0.05932579189538956,-0.06792253255844116,-0.07002504169940948
-0.06443598121404648,-0.05105806887149811,-0.030686020851135254,-0.004787508398294449,0.024639341980218887,0.05522046238183975,0.08440585434436798,0.10981521755456924,0.12953397631645203,0.14216583967208862,0.1468931883573532,0.14360035955905914,0.1328888088464737,0.11607024073600769,0.09501776099205017,0.07165820896625519
0.0474853441119194,0.023442551493644714,-1.2911856174468994e-05,-0.022777266800403595
-0.04493178054690361,-0.06659363210201263,-0.08766543120145798
-0.10761742293834686,-0.12550243735313416,-0.1399984359741211,-0.1494898796081543
-0.15233826637268066,-0.14708708226680756,-0.132623553276062,-0.108586385846138
-0.07575543224811554,-0.03607968986034393,0.00762350857257843,0.05218367278575897
0.09453209489583969,0.13193447887897491,0.16219906508922577,0.18381740152835846
0.19590340554714203,0.1981547325849533,0.19079254567623138,0.17430098354816437
0.1493329554796219,0.11693501472473145,0.07869277894496918
0.03666634112596512,-0.0067842379212379456,-0.049187324941158295,-0.08798880875110626
-0.12057764828205109,-0.14455324411392212,-0.15808691084384918,-0.1603308469057083
-0.15177932381629944,-0.1341550052165985,-0.1099587008357048,-0.08214473724365234
-0.0537727028131485,-0.027510739862918854,-0.005225256085395813,0.012250792235136032
0.025060418993234634,0.03394562751054764,0.039853163063526154,0.043673325330019
0.046106837689876556,0.047708384692668915,0.0488484650850296
0.049482859671115875,0.049189988523721695,0.047526102513074875,0.04427435249090195
0.03957551717758179,0.033970437943935394,0.028232043609023094,0.023154249414801598
0.019381200894713402,0.017204836010932922,0.01642756536602974,0.016313651576638222
0.015720650553703308,0.013543386943638325,0.009061785414814949,0.0018865428864955902,-0.008115475997328758
0.00013700482668355107,0.00021222936629783362,0.00024165300419554114,0.00021477141126524657,0.0001459743216400966,6.659842620138079e-05,1.130690816353308e-05,3.0592584607802564e-06
4.3422453018138185e-05,0.00011326937965350226,0.00018352523329667747,0.00022929605620447546
0.00023876040359027684,0.00021359224047046155,0.0001647056924412027,0.0001073717066901736,5.6179589591920376e-05,2.0354051230242476e-05,2.526837079130928e-06
1.4638073935202556e-06,1.5333882402046584e-05,4.36717746197246e-05,8.7373198766727e-05,0.00014606423792429268,0.00021405535517260432,0.00027817004593089223,0.0003201102954335511,0.0003223844978492707,0.0002758842019829899,0.00018760835519060493,8.490573964081705e-05,1.1370644642738625e-05,1.1431122402427718e-05,0.0001080163347069174,0.00028589460998773575,0.0004915546742267907,0.0006499392911791801,0.0006936753052286804,0.0005958443507552147,0.00038905543624423444,0.0001591308246133849,1.3691455933440011e-05
3.850128632620908e-05,0.00026281739701516926,0.0006489724619314075,0.001107376185245812,0.0015248944982886314,0.0017965403385460377,0.001855924492701888,0.0016952892765402794
0.0013655764050781727,0.0009548874222673476,0.0005563351442106068,0.00024225730157922953
5.354545282898471e-05,5.537966671909089e-07,6.846344331279397e-05,0.00022502041247207671
0.00042908923933282495,0.0006363505381159484,0.0008032289333641529,0.0008928478928282857,0.0008811379666440189,0.0007622141856700182,0.0005559751880355179
0.00031208753352984786,0.00010209639731328934,1.657275902289257e-06,6.752039917046204e-05,0.0003119184693787247,0.0006872811354696751,0.001097633969038725,0.0014296051813289523
0.0015860487474128604,0.001516774296760559,0.0012395470403134823,0.0008387843263335526
0.0004353526164777577,0.00013874683645553887,6.8661588557006326e-06,3.359723632456735e-05
0.0001651726197451353,0.00032857590122148395,0.0004564628179650754,0.0005047020968049765,0.00046184996608644724,0.0003479068982414901,0.00020361467613838613
7.602619007229805e-05,5.709576271328842e-06,1.890382009150926e-05,0.00012338611122686416,0.0003040049923583865,0.0005195809062570333,0.0007094376487657428,0.0008123447187244892
0.0007901400094851851,0.0006440927973017097,0.0004170179308857769,0.00018352371989749372
2.8322871003183536e-05,1.1833555618068203e-05,0.00013902364298701286,0.0003544077626429498
0.0005675381980836391,0.0006925701745785773,0.0006834286614321172,0.0005499713588505983
0.00034820378641597927,0.00015324910054914653,2.8619582735700533e-05
2.764448936432018e-06,6.42939266981557e-05,0.00017703080084174871,0.00030026177410036325,0.00040211889427155256,0.0004649626789614558,0.00048429574235342443,0.0004640387196559459,0.0004119971126783639,0.0003373922663740814,0.00024951115483418107,0.00015726166020613164,7.217121310532093e-05,1.2907685231766663e-05,4.3896507122553885e-06,6.941286846995354e-05,0.0002173408429371193,0.0004346485948190093,0.0006808694452047348,0.000894014781806618,0.001007776358164847,0.0009768661111593246,0.0008002884569577873
0.0005294023430906236,0.0002517124230507761,5.65985610592179e-05,1.5252982166202855e-06,9.175704326480627e-05,0.0002791714505292475,0.0004809930978808552,0.0006123541388660669
0.0006208384875208139,0.000506680691614747,0.00031924163340590894,0.0001333855470875278
1.792662988009397e-05,1.1519430699991062e-05,0.00011527485185069963,0.0003002683515660465
-0.022858578711748123,-0.027195625007152557,-0.030368462204933167,-0.03248119726777077,-0.03361181169748306,-0.03376710042357445,-0.032897766679525375
-0.03091614507138729,-0.02771502174437046,-0.023227304220199585,-0.01749527081847191,-0.010716306045651436,-0.0032845642417669296,0.00419099535793066,0.010965179651975632,0.01632935181260109,0.019750524312257767,0.02089979685842991,0.019642751663923264
0.01606915146112442,0.010536093264818192,0.0036476431414484978,-0.0038389675319194794
-0.01113289874047041,-0.017536301165819168,-0.022532178089022636,-0.0257885679602623,-0.027136119082570076,-0.026572728529572487,-0.024267496541142464
-0.02050689049065113,-0.015587789937853813,-0.009777063503861427,-0.0033765453845262527,0.0032320055179297924,0.009609838016331196,0.015292482450604439,0.01981409452855587
0.022746441885828972,0.02375451661646366,0.02264038845896721,0.019360756501555443
0.01404191367328167,0.007010512053966522,-0.0011814739555120468,-0.009787624701857567
-0.017954997718334198,-0.024822305887937546,-0.029622763395309448,-0.031789008527994156,-0.031023848801851273,-0.027320902794599533,-0.0209482591599226
-0.012422779574990273,-0.0024775974452495575,0.008006494492292404,0.018104026094079018,0.026948876678943634,0.03382311388850212,0.038237445056438446,0.0399903729557991,0.03917359560728073,0.03612730652093887,0.03137381374835968,0.025546181946992874,0.019302060827612877,0.01320275105535984,0.007614566013216972,0.0027060015127062798,-0.0015034344978630543,-0.005087278317660093,-0.008126115426421165,-0.01063280738890171,-0.0125516876578331,-0.013791708275675774,-0.014219471253454685
-0.013629061169922352,-0.011768754571676254,-0.008440280333161354,-0.0036018667742609978,0.002577618695795536,0.009702574461698532,0.01717141643166542,0.02426161803305149,0.030245374888181686,0.03447994589805603,0.03648107498884201,0.03599877655506134,0.03308304399251938,0.028093453496694565,0.02162051387131214,0.01437239907681942,0.007077440619468689,0.000386679545044899,-0.005210693459957838,-0.009420075453817844,-0.012128235772252083,-0.013380608521401882,-0.013359252363443375
-0.01233054418116808,-0.010562462732195854,-0.00826555211097002,-0.005583357997238636
-0.0026075677014887333,0.0006033822428435087,0.003991967998445034
0.00744870537891984,0.01077455934137106,0.013694101944565773,0.01591336913406849,0.017178285866975784,0.017289746552705765,0.016106262803077698,0.013573937118053436
0.009755910374224186,0.004857031628489494,-0.0007526264525949955,-0.006566440686583519
-0.012034611776471138,-0.016656886786222458,-0.020014774054288864,-0.0217633955180645
-0.021659670397639275,-0.0196421779692173,-0.015881488099694252,-0.010744156315922737
-0.0047208406031131744,0.0016281045973300934,0.00773225724697113,0.013065263628959656,0.017161119729280472,0.019632745534181595,0.020224036648869514,0.018873214721679688
0.015725983306765556,0.01105815451592207,0.005194178782403469,-0.0015069223009049892
-0.008647143840789795,-0.015778716653585434,-0.022386852651834488,-0.027930811047554016,-0.031939078122377396,-0.034072596579790115,-0.03412017598748207
-0.03198010474443436,-0.027686994522809982,-0.021461334079504013,-0.013723386451601982,-0.0050630588084459305,0.0038023111410439014,0.012078535743057728,0.018976110965013504
0.023814108222723007,0.02611716091632843,0.025681113824248314,0.022596707567572594
0.017241353169083595,0.010233564302325249,0.0023412536829710007,-0.005630342289805412
-0.012955830432474613,-0.0191029142588377,-0.023797012865543365,-0.027007970958948135,-0.028876878321170807,-0.02962685562670231,-0.029498867690563202
-0.028710350394248962,-0.027416154742240906,-0.02567465789616108,-0.02343357913196087,-0.0205509215593338,-0.016853617504239082,-0.012224411591887474,-0.006701198406517506
-0.0005381675437092781,0.005826074164360762,0.011861572973430157,0.017014039680361748
0.020742211490869522,0.02259071357548237,0.02228483557701111,0.019785387441515923
0.015309162437915802,0.009330300614237785,0.002522910013794899,-0.0043686432763934135,-0.010654440149664879,-0.01575818657875061,-0.019253743812441826
-0.020914096385240555,-0.020736485719680786,-0.01891174353659153,-0.015769366174936295,-0.011739230714738369,-0.0072991447523236275,-0.002887609414756298,0.001166223082691431,0.004651050549000502,0.007430999539792538,0.009418508037924767,0.010590840131044388,0.010989129543304443,0.010687078349292278,0.009765361435711384,0.00828902330249548,0.006301239598542452,0.003848831169307232,0.0010186643339693546,-0.0020376997999846935,-0.00510814692825079,-0.007935660891234875,-0.010220566764473915
-0.011637123301625252,-0.011884386651217937,-0.010751334950327873,-0.00817904807627201,-0.004291911609470844,0.000633451621979475,0.006226241588592529,0.012046314775943756,0.017607979476451874,0.022446194663643837,0.026177650317549706,0.028531143441796303,0.029369328171014786,0.028693152591586113,0.02662292681634426,0.023366546258330345
0.019179537892341614,0.014327403157949448,0.00905504822731018,0.0035709599032998085,-0.0019298279657959938,-0.0072138672694563866,-0.011983580887317657
-0.01589929312467575,-0.01861116662621498,-0.01978873834013939,-0.01917519047856331,-0.016647595912218094,-0.012247578240931034,-0.006196601316332817,0.0010852683335542679
0.008981102146208286,0.016748009249567986,0.02364334464073181,0.029020968824625015
0.032387956976890564,0.03346927464008331,0.032244205474853516,0.028920987620949745
0.02390918880701065,0.017809921875596046,0.011348364874720573,0.005224031396210194,-3.1703151762485504e-05,-0.004108167719095945,-0.0068893772549927235
-0.008412739261984825,-0.008836375549435616,-0.008393310010433197,-0.007339896634221077,-0.005918458104133606,-0.004323040600866079,-0.0026664230972528458,-0.0009686884004622698
0.000810918165370822,0.002710758475586772,0.00472897058352828,0.006816057022660971
0.008859720081090927,0.010680144652724266,0.012044263072311878,0.012679923325777054
0.012314396910369396,0.01074515376240015,0.00790935568511486,0.003930399194359779,-0.0008745635859668255,-0.006030855234712362,-0.01096869446337223
-0.015100033953785896,-0.01790064014494419,-0.0189814530313015,-0.018151389434933662,-0.015469362027943134,-0.01124559435993433,-0.005984731018543243,-0.0003115599974989891
0.005114812403917313,0.00969555601477623,0.012964182533323765,0.01463822741061449
0.014653351157903671,0.013148408383131027,0.010403726249933243,0.006776832044124603
0.0026573119685053825,-0.0015788408927619457,-0.005631500855088234,-0.009326692670583725
-0.01261070929467678,-0.015494906343519688,-0.018001362681388855
-0.020124994218349457,-0.021804215386509895,-0.02291979268193245,-0.023317966610193253,-0.022831106558442116,-0.021305417641997337,-0.018650654703378677,-0.014904160052537918
-0.01026911847293377,-0.005085283890366554,0.00023688841611146927,0.005268530920147896
0.009606103412806988,0.012912953272461891,0.014934774488210678,0.015497866086661816
0.014533597975969315,0.01211459469050169,0.008450966328382492,0.003843415528535843,-0.0013782554306089878,-0.0068978616036474705,-0.012426751665771008
-0.01770723983645439,-0.022498853504657745,-0.026550590991973877,-0.02959945797920227,-0.03140416741371155,-0.031778741627931595,-0.030596544966101646,-0.027787894010543823,-0.023371834307909012,-0.017503686249256134,-0.010505812242627144,-0.0028755562379956245,0.004751036409288645,0.01168459840118885,0.017284611240029335,0.0210449006408453,0.022635653614997864,0.02191995643079281,0.018981708213686943,0.01414688304066658,0.007969955913722515,0.0011744387447834015,-0.005455502308905125
-0.011201669462025166,-0.015515085309743881,-0.01806493103504181,-0.018733616918325424,-0.017596403136849403,-0.01491196732968092,-0.011112487874925137,-0.006749104708433151
-0.0023754192516207695,0.0015760073438286781
0.0048613897524774075,0.0074142515659332275,0.009278591722249985,0.010543163865804672,0.01130383275449276,0.011651113629341125,0.011664736084640026,0.011378118768334389,0.01072903536260128,0.009569027461111546,0.0077529484406113625,0.00524540850892663,0.0021653100848197937,-0.0012451352085918188,-0.004674107767641544,-0.007765518967062235,-0.010119222104549408,-0.011312978342175484,-0.010975619778037071,-0.00889565609395504,-0.005112959071993828,7.106410339474678e-05,0.006164511665701866,0.012566174380481243,0.01862288825213909,0.023691384121775627,0.027223899960517883,0.028854837641119957,0.028450479730963707,0.02610946074128151,0.02212941274046898,0.016953840851783752,0.011107295751571655,0.005129608325660229,-0.00048679765313863754
-0.005352898500859737,-0.009210263378918171,-0.011923661455512047,-0.013461660593748093
-0.013869645074009895,-0.013239304535090923,-0.011684422381222248,-0.009311317466199398
-0.006194832734763622,-0.002384029794484377,0.0020675724372267723,0.00705293845385313
0.012360092252492905,0.017658215016126633,0.02253687009215355,0.02657412178814411
0.029396481812000275,0.03071472980082035,0.030348125845193863,0.028248269110918045
0.024516385048627853,0.01940802112221718,0.01333448477089405
0.0068403203040361404,0.0005064746364951134,-0.005183324217796326,-0.009909960441291332,-0.01350182294845581,-0.015887169167399406,-0.01705768331885338,-0.017056820914149284
-0.015981649979948997,-0.013978684321045876,-0.011213110759854317,-0.007812985219061375
-0.0038471929728984833,0.0006138691678643227,0.005402510054409504,0.010208165273070335
0.01460693497210741,0.018141355365514755,0.02040390856564045,0.021076137199997902,0.019944431260228157,0.016947884112596512,0.012241292744874954
0.006223347969353199,-0.0004966491833329201,-0.007195824291557074,-0.013154864311218262,-0.017751168459653854,-0.02052067592740059,-0.02119319513440132,-0.01972579024732113,-0.0163382887840271,-0.011504674330353737,-0.0058740656822919846,-0.0001505427062511444
0.0050119441002607346,0.009071779437363148,0.011640475131571293,0.012525208294391632
0.01176611427217722,0.009627269580960274,0.006518990732729435,0.002889239229261875,-0.0008731293492019176,-0.004493738058954477,-0.007817699573934078
-0.010791437700390816,-0.013437165878713131,-0.015822267159819603,-0.018022388219833374,-0.020068779587745667,-0.021894637495279312,-0.023304348811507225,-0.023987844586372375
-0.023604342713952065,-0.021897751837968826,-0.018763257190585136,-0.014252178370952606
-0.00857381708920002,-0.002126322127878666,0.004499041475355625,0.010597006417810917
0.015465639531612396,0.01850344054400921,0.019293904304504395,0.017672527581453323,0.013742286711931229,0.007850234396755695,0.0005661118775606155
-0.007364002987742424,-0.015142128802835941,-0.022073600441217422,-0.027658384293317795,-0.03159641474485397,-0.03374898433685303,-0.03410537540912628,-0.03276679292321205
-0.029931826516985893,-0.025874553248286247,-0.020900798961520195,-0.015288371592760086
-0.009263280779123306,-0.0030357716605067253,0.003151222597807646,0.009007709100842476
0.0142087796702981,0.018420953303575516,0.02133822999894619,0.0227037463337183,0.022331275045871735,0.02015860751271248,0.016296999529004097
0.011039946228265762,0.004844007082283497,-0.0017158458940684795,-0.008020554669201374,-0.013491634279489517,-0.017659585922956467,-0.020197495818138123,-0.020933350548148155
-0.019875474274158478,-0.017233002930879593,-0.013379152864217758,-0.00876929983496666,-0.003862638957798481,0.0009407876059412956,0.005339739844202995,0.009134038351476192
0.01220160722732544,0.014469987712800503,0.015900038182735443,0.01648619771003723,0.016245920211076736,0.01519454549998045,0.013345916755497456
0.010742813348770142,0.007479659281671047,0.0037121158093214035,-0.0003246637061238289,-0.004297066945582628,-0.007782734930515289,-0.010310979560017586,-0.011421198025345802
-0.010740173049271107,-0.008073007687926292,-0.0034756576642394066,0.0027333570178598166
0.0100110387429595,0.017632901668548584,0.024759821593761444,0.030559344217181206
0.03434159606695175,0.0356571339070797,0.03434104844927788,0.030512584373354912,0.02454974316060543,0.017053836956620216,0.008795632049441338
0.000617247074842453,-0.006703656166791916,-0.012577297165989876,-0.01666940748691559,-0.018899891525506973,-0.019391778856515884,-0.018400173634290695,-0.016233302652835846
-0.013182406313717365,-0.009477661922574043,-0.005266448482871056,-0.0006160000339150429
0.004448046442121267,0.009885041043162346,0.015594967640936375,0.021381402388215065
0.026925481855869293,0.0317980982363224,0.03550071641802788,0.03752521425485611,0.037440989166498184,0.03498419001698494,0.03012743405997753
0.023123743012547493,0.01450209878385067,0.005004525184631348,-0.004528978373855352,-0.01329871080815792,-0.020646775141358376,-0.02609413117170334,-0.029340803623199463,-0.03026636689901352,-0.028940793126821518,-0.025621987879276276,-0.020720133557915688
-0.014737769961357117,-0.008205894380807877,-0.0016305968165397644,0.004546451848000288
0.009970217011868954,0.014374927617609501,0.01757727935910225,0.01946893520653248,0.02001330442726612,0.01924671232700348,0.017270823940634727
0.014239848591387272,0.010359135456383228,0.005884742364287376,0.0011124499142169952,-0.0036322311498224735,-0.007997245527803898,-0.011620611883699894,-0.014180547557771206
-0.01544988714158535,-0.015316623263061047,-0.013790005818009377,-0.011023491621017456,-0.007339843548834324,-0.003215278498828411
0.0007990519516170025,0.00419001467525959,0.0065652476623654366,0.0076676481403410435,0.007364190183579922,0.0056561995297670364,0.002687464002519846,-0.0012754835188388824,-0.0058799488469958305,-0.010732979513704777,-0.015452910214662552,-0.01971288025379181
-0.023268483579158783,-0.02596771903336048,-0.02773599699139595,-0.02854268066585064
-0.028362801298499107,-0.027136152610182762,-0.024749476462602615,-0.02107551321387291
-0.01605309545993805,-0.009764483198523521,-0.0024731410667300224,0.005387771874666214,0.013246427290141582,0.020425129681825638,0.026192065328359604,0.029848884791135788,0.0308549702167511,0.028944604098796844,0.024174513295292854,0.01689930260181427
0.007717816159129143,-0.0025829970836639404,-0.01309843361377716,-0.02290680631995201,-0.03118441253900528,-0.03730710223317146,-0.04091336578130722,-0.04191189631819725
-0.04044206812977791,-0.03681644797325134,-0.03147649019956589,-0.024951273575425148
-0.017786800861358643,-0.010470464825630188,-0.0033879652619361877,0.003194417804479599
0.00912216305732727,0.014311574399471283,0.018689699470996857,0.022149819880723953,0.02455354481935501,0.025757241994142532,0.025626035407185555
0.024044744670391083,0.020947707816958427,0.016371140256524086,0.010509096086025238,0.0037390459328889847,-0.0034053255803883076,-0.01030813343822956,-0.0163569413125515,-0.021002687513828278,-0.02379535138607025,-0.024436062201857567,-0.022853868082165718,-0.019238755106925964,-0.013998068869113922,-0.007691474631428719,-0.0009690281003713608,0.005494582466781139,0.011060535907745361,0.015200318768620491,0.01758366823196411,0.01812259666621685,0.016948852688074112,0.01434960775077343
0.0106770945712924,0.006277968175709248,0.001498316414654255,-0.0032805968075990677,-0.007653800770640373,-0.011244067922234535,-0.013753500767052174,-0.014980419538915157
-0.014784656465053558,-0.013055353425443172,-0.009728317148983479,-0.004830461926758289
0.0014648684300482273,0.008801468648016453,0.016667593270540237,0.024455364793539047
0.031507011502981186,0.03715691342949867,0.04078306257724762,0.04188594967126846,0.04019441083073616,0.03574562072753906,0.028898414224386215
0.020282726734876633,0.010698815807700157,0.0009969137609004974,-0.008017905987799168,-0.0156535841524601,-0.02139967307448387,-0.024984605610370636,-0.026387453079223633,-0.02578880824148655,-0.023478936403989792,-0.019773487001657486,-0.01496354304254055,-0.009298847988247871,-0.003003743477165699,0.0036990533117204905,0.010581974871456623,0.017408261075615883,0.023907557129859924,0.02974356710910797,0.03450958430767059,0.037769615650177,0.03913671895861626,0.03835668787360191
0.03535333275794983,0.030239997431635857,0.02332715503871441,0.015115691348910332,0.006259920075535774,-0.002505198121070862,-0.010463085025548935,-0.017000043764710426,-0.021649355068802834,-0.02410821244120598,-0.024257250130176544,-0.02219366282224655
-0.01825135387480259,-0.01297508180141449,-0.007033081725239754,-0.0010960418730974197
0.004254261031746864,0.008573058992624283,0.011584059335291386,0.013195181265473366,0.013491186313331127,0.012695830315351486,0.011103029362857342
0.008998959325253963,0.0066030602902174,0.0040506599470973015,0.001411660574376583,-0.001283240970224142,-0.0040180012583732605,-0.006765641272068024,-0.00946232583373785
-0.011978297494351864,-0.014094909653067589,-0.015512079931795597,-0.01590166799724102
-0.01499555166810751,-0.01266917772591114,-0.00898368377238512,-0.004193013533949852
0.0012546521611511707,0.006738184951245785,0.011541524901986122,0.014961471781134605,0.016411369666457176,0.015524319373071194,0.012237874791026115
0.0068110814318060875,-0.0002472708001732826,-0.008286802098155022,-0.0165963564068079,-0.024466129019856453,-0.031256210058927536,-0.036460958421230316,-0.03974602371454239
-0.04094355180859566,-0.04002980887889862,-0.03710738942027092,-0.03237408027052879
-0.02609107829630375,-0.018584633246064186,-0.010267425328493118,-0.001638791523873806
0.006757119204849005,0.014388460665941238,0.02076924405992031,0.02547283098101616,0.02814648300409317,0.028535570949316025,0.02652055211365223
0.022165047004818916,0.015747103840112686,0.007737461477518082,-0.0012570498511195183,-0.010549364611506462,-0.019431080669164658,-0.02723226323723793,-0.03337216377258301
-0.03740818053483963,-0.039085473865270615,-0.03837756812572479,-0.0354861244559288
-0.030781134963035583,-0.0247220229357481,-0.017801208421587944,-0.010506663471460342
-0.003282325342297554,0.0035195155069231987,0.00966611783951521,0.015022105537354946,0.01949281245470047,0.022974442690610886,0.025333251804113388
0.026417959481477737,0.026093600317835808,0.024276725947856903,0.020968277007341385,0.01628068834543228,0.010449040681123734,0.00383737962692976,-0.0030568321235477924
-0.009632665663957596,-0.015254354104399681,-0.01932462863624096,-0.021353621035814285
-0.021030984818935394,-0.018293708562850952,-0.013363635167479515,-0.006731274537742138
0.0009015854448080063,0.008699694648385048,0.01579880155622959,0.02143225073814392,0.025041555985808372,0.026335490867495537,0.025289617478847504
0.022110627964138985,0.017204321920871735,0.011145437136292458,0.004614806734025478,-0.0016944250091910362,-0.00717465253546834,-0.01138449739664793,-0.014077594503760338
-0.015178714878857136,-0.014752487652003765,-0.012965432368218899,-0.010025255382061005,-0.006129758432507515,-0.0014577247202396393,0.003797502489760518,0.00938783772289753,0.015009612776339054
3.820737038040534e-05,6.998916069278494e-05,0.00011631599045358598,0.00017473103071097285,0.00023908415460027754,0.00030063357553444803,0.00034796964609995484,0.0003687106946017593
0.0003547057567629963,0.0003060227318201214,0.00023098327801562846,0.0001447112881578505
6.636149191763252e-05,1.4164434105623513e-05,7.698853892179613e-07,3.0437857276410796e-05,9.778221283340827e-05,0.00018936717242468148,0.0002879226522054523
0.00037570373388007283,0.0004364634514786303,0.0004583989211823791,0.00043674264452420175,0.0003742476983461529,0.00028161422233097255,0.00017721092444844544,8.305491064675152e-05
1.9283021174487658e-05,3.7911362937848025e-07,3.124579961877316e-05,0.00010256293171551079
0.0001904000819195062,0.00026338358293287456,0.0002950056514237076,0.0002750459825620055
0.00021270093566272408,0.000130002066725865,5.3060557547723874e-05,6.247860255825799e-06,6.948551344976295e-06,6.054337791283615e-05,0.00015923948376439512
0.00028500176267698407,0.0004139796947129071,0.0005212965770624578,0.0005862502148374915,0.0005975898820906878,0.0005572168156504631,0.00047899773926474154,0.00038190590566955507
0.00028295189258642495,0.00019450433319434524,0.00012416653044056147,7.472391735063866e-05
4.461042772163637e-05,2.9609778721351177e-05,2.5396800992893986e-05,2.9734957934124395e-05
4.293738311389461e-05,6.645495886914432e-05,0.00010032921272795647,0.0001405683724442497
0.00017889199079945683,0.00020594388479366899,0.0002149309730157256
0.00020309374667704105,0.00017206149641424417,0.00012778161908499897,7.931302388897166e-05
3.686183845275082e-05,9.156138730759267e-06,2.8359341541772665e-09,6.646929705311777e-06
2.175417830585502e-05,3.655161344795488e-05,4.3504474888322875e-05,3.900760566466488e-05
2.499368019925896e-05,8.558135050407145e-06,2.8883027525239413e-08,9.185397175315302e-06
4.084502870682627e-05,9.272216266253963e-05,0.0001554783375468105,0.00021424697479233146,0.00025350908981636167,0.00026357744354754686,0.00024335007765330374
0.00019892786804120988,0.00014124200970400125,8.303143840748817e-05,3.5364973882678896e-05,6.280348770815181e-06,1.2125429975640145e-06,2.2471023839898407e-05,6.838287663413212e-05
0.00013364700134843588,0.00021022255532443523,0.0002882775152102113,0.0003570979170035571
0.0004057220940012485,0.0004243615549057722,0.0004076640179846436,0.00035746919456869364
0.0002822421083692461,0.00019493556465022266,0.00011110432387795299,4.563422771752812e-05,8.252516636275686e-06,6.864321449029376e-07,1.6696734746801667e-05
4.479290873860009e-05,7.270327478181571e-05,9.099548333324492e-05,9.451163350604475e-05,8.286623778985813e-05,6.036462218617089e-05,3.427259798627347e-05,1.2256448826519772e-05
7.289430072887626e-07,3.7610434446833096e-06,2.2706017261953093e-05,5.7341465435456485e-05
0.00010667967580957338,0.00016803214384708554,0.00023613883240614086,0.0003033117391169071
0.0003597661852836609,0.00039511779323220253,0.0004017223254777491,0.0003771490592043847,0.0003243484243284911,0.0002516251115594059,0.0001721154694678262
0.00010021286288974807,4.644339423975907e-05,1.4554779227182735e-05,1.6332207906089025e-06,3.325617683458404e-07,2.631809820741182e-06,3.3978988085436868e-06,1.7498031184004503e-06
5.160930527381424e-08,1.4988016800998594e-06,7.882486897869967e-06,1.863014949776698e-05
3.08940616378095e-05,4.060180435772054e-05,4.4418586185202e-05,4.140737291891128e-05
0.0057572233490645885,0.0047566634602844715,0.0035881828516721725,0.002411029301583767,0.001364631112664938,0.0005616964772343636,7.338111754506826e-05
-9.509813389740884e-05,9.783369023352861e-06,0.00034703724668361247,0.0009208392002619803,0.0017706380458548665,0.0029408379923552275,0.0044502923265099525,0.006252671591937542
0.008212447166442871,0.010136050172150135,0.01182413287460804,0.013084513135254383
0.013725100085139275,0.013575644232332706,0.012525155209004879,0.010539992712438107
0.007674183696508408,0.00408692192286253,3.4990254789590836e-05,-0.004169832449406385,-0.008194736205041409,-0.011708483099937439,-0.01442941278219223
-0.01617533341050148,-0.0168684720993042,-0.01651996374130249,-0.0152402613312006
-0.013246101327240467,-0.010803856886923313,-0.008142429403960705,-0.005424121394753456
-0.002768946811556816,-0.00026726163923740387,0.0020155799575150013,0.004016493447124958
0.0056707486510276794,0.006942237261682749,0.007820259779691696,0.00826428085565567
0.008183099329471588,0.007478123530745506,0.006087851710617542,0.004007834941148758
0.0013058041222393513,-0.0018687673145905137,-0.0053010620176792145
-0.008744879625737667,-0.011943267658352852,-0.014649299904704094,-0.016670823097229004,-0.017908906564116478,-0.018360819667577744,-0.018104005604982376,-0.01728036440908909
-0.016071606427431107,-0.014664886519312859,-0.013233830220997334,-0.011929807253181934,-0.01085725612938404,-0.010050094686448574,-0.009482295252382755,-0.009098047390580177
-0.008817980997264385,-0.008535824716091156,-0.008157849311828613,-0.00765342777594924,-0.007052041124552488,-0.006416474003344774,-0.0058364830911159515
-0.005410402547568083,-0.005193973891437054,-0.005167675204575062,-0.00526090944185853,-0.005394073203206062,-0.00549479341134429,-0.0055024754256010056,-0.005373500287532806
-0.0050744554027915,-0.00458232406526804,-0.003914210945367813,-0.003143416019156575,-0.0023565031588077545,-0.0016026387456804514,-0.000907434499822557,-0.00031798030249774456
9.530771058052778e-05,0.0002703616628423333,0.0001723908935673535,-0.00019768282072618604,-0.0007977667264640331,-0.0015631468268111348,-0.0024398737587034702
-0.0033800587989389896,-0.004301657900214195,-0.0050916168838739395,-0.005656146444380283,-0.005929204169660807,-0.005834153853356838,-0.005280808545649052
-0.004204827360808849,-0.002587861381471157,-0.00045775179751217365,0.002095624804496765,0.00491305673494935,0.00779824098572135,0.010550376027822495,0.012962326407432556
0.01482456736266613,0.015965193510055542,0.01628292165696621,0.015739530324935913
0.014347163960337639,0.012181942351162434,0.009389221668243408,0.006155338138341904
0.002685695420950651,-0.0007908158004283905,-0.004021066706627607,-0.006740709766745567,-0.008695470169186592,-0.009684383869171143,-0.00961402989923954,-0.00851377472281456,-0.006504332181066275,-0.0037675192579627037,-0.0005291136913001537,0.002973021473735571,0.006522078067064285,0.00992122758179903,0.01297878846526146,0.015523822046816349
0.017440248280763626,0.018675044178962708,0.01921853795647621,0.019089631736278534,0.018331382423639297,0.01700538396835327,0.015197486616671085
0.013037501834332943,0.010700078681111336,0.008372881449759007,0.006224697455763817,0.004396443255245686,0.002996500115841627,0.00208877376280725,0.001690383767709136
0.0017747831298038363,0.002259146887809038,0.0029973993077874184,0.003810308640822768
0.0045282915234565735,0.005010105669498444,0.0051501113921403885,0.004907389637082815
0.004342394415289164,0.003600779455155134,0.0028465958312153816,0.002218910725787282,0.0018319236114621162,0.0017883791588246822,0.0021820636466145515
0.0030655586160719395,0.004398674238473177,0.00603281706571579,0.007755632512271404,0.009360968135297298,0.010688556358218193,0.011621203273534775,0.012069670483469963
0.011966804973781109,0.011282064020633698,0.01005795132368803,0.008433116599917412,0.0066068051382899284,0.004760969430208206,0.003011867869645357,0.0014180466532707214,1.4747492969036102e-06,-0.0012416887329891324,-0.002326882677152753,-0.003272941103205085,-0.004116369877010584,-0.004917960148304701,-0.005724270362406969
-0.006526252254843712,-0.0072753517888486385,-0.007921509444713593,-0.008425835520029068,-0.00876539759337902,-0.008935414254665375,-0.00893335696309805,-0.008743814192712307,-0.00835362821817398,-0.0077773272059857845,-0.007044139783829451,-0.006152866408228874,-0.005052205640822649,-0.0036724810488522053,-0.001978909131139517,-9.536277502775192e-06
0.0021069971844553947,0.004157534334808588,0.005888977088034153,0.007056841626763344,0.007435548584908247,0.006831641774624586,0.005138500593602657
0.0023839916102588177,-0.0012725896667689085,-0.005568317603319883,-0.010159466415643692
-0.014658465050160885,-0.01869455724954605,-0.021957719698548317,-0.024211350828409195
-0.025310248136520386,-0.025228092446923256,-0.02405535988509655,-0.021966474130749702
-0.01919381134212017,-0.016008686274290085,-0.012688812799751759,-0.009486149996519089
-0.006609705276787281,-0.0042116385884583,-0.002374344039708376,-0.0011177060659974813,-0.0004252048674970865,-0.0002602894091978669,-0.0005651825340464711
-0.0012626959942281246,-0.0022718566469848156,-0.0035151648335158825,-0.004902326036244631,-0.006317591294646263,-0.00762831000611186,-0.008697062730789185,-0.009390613064169884,-0.009599944576621056,-0.009264515712857246,-0.00837845541536808,-0.006989014334976673,-0.005204588640481234,-0.0031945714727044106,-0.001165734138339758,0.0006604352965950966
0.0020554563961923122,0.002813817700371146,0.002811339683830738,0.002037585247308016,0.0005925241857767105,-0.0013185716234147549,-0.003405378432944417
-0.00535565335303545,-0.0069043636322021484,-0.007857422344386578,-0.00809241458773613,-0.007577425334602594,-0.00638578413054347,-0.004674511030316353,-0.002645570319145918,-0.0005157007835805416,0.001518238103017211,0.003317425958812237,0.004805923905223608
0.005950485821813345,0.006763714365661144,0.007319455035030842,0.007727847434580326
0.008079750463366508,0.008413983508944511,0.008715737611055374,0.008923036977648735,0.00893840380012989,0.008656911551952362,0.008006950840353966
0.006979060359299183,0.005630949512124062,0.004082866478711367,0.002501444425433874,0.0010597845539450645,-0.00010204012505710125,-0.0008910818723961711,-0.001264113700017333
-0.0012238080380484462,-0.0007999289082363248,-3.92646761611104e-05,0.000984895508736372
0.0021838403772562742,0.003495660610496998,0.004911009222269058,0.0064521487802267075
0.008129789493978024,0.009921655058860779,0.011776497587561607,0.013614666648209095,0.015326451510190964,0.016776330769062042,0.01779957115650177
0.018211152404546738,0.017857998609542847,0.01668180152773857,0.014738603495061398,0.01217896118760109,0.009221398271620274,0.0061182621866464615,0.00311372522264719
0.000426421407610178,-0.0017428155988454819,-0.0032226054463535547,-0.003912502434104681,-0.0038092948962002993,-0.00299161858856678,-0.0015941946767270565,0.00020518689416348934
0.00220608152449131,0.0042176744900643826,0.006073095835745335,0.007622240576893091,0.008738833479583263,0.009345507249236107,0.009423745796084404
0.009010542184114456,0.008197711780667305,0.007114675361663103,0.0058953906409442425
0.004665329121053219,0.003549658227711916,0.0026667669881135225,0.00209386576898396,0.001841116463765502,0.0018702640663832426,0.0021327065769582987,0.0025883475318551064
0.0032066069543361664,0.003951852209866047,0.004753158427774906,0.005490840878337622
0.006020990666002035,0.006207641679793596,0.005933947395533323,0.005105453077703714
0.0036582197062671185,0.0015652826987206936,-0.0011531766504049301
-0.004406081512570381,-0.008008706383407116,-0.011691862717270851,-0.015140678733587265,-0.018025357276201248,-0.02002807892858982,-0.02090129628777504,-0.02053721994161606
-0.018991723656654358,-0.01645803637802601
-0.01322120614349842,-0.009590188041329384,-0.005829906091094017,-0.0021560722962021828,0.0012270649895071983,0.0041189976036548615,0.006349391303956509,0.007797200232744217,0.008391177281737328,0.008116224780678749,0.007027219515293837,0.005236038006842136,0.0028775138780474663,0.0001005362719297409,-0.0029229987412691116,-0.006018348969519138
-0.009040258824825287,-0.01186315342783928,-0.014347580261528492,-0.016346856951713562
-0.01775512471795082,-0.018540624529123306,-0.018737228587269783,-0.01841692626476288
-0.017663225531578064,-0.016551032662391663,-0.015150204300880432,-0.013546726666390896
-0.011837941594421864,-0.010091761127114296,-0.00831813644617796,-0.006492728367447853
-0.004606613423675299,-0.0026883049868047237,-0.0007894027512520552,0.001041969982907176
0.0027773489709943533,0.0043928655795753,0.005832943134009838,0.006999249570071697,0.007781384512782097,0.008092109113931656,0.00787979457527399,0.007131412159651518
0.005880247335880995,0.004212972242385149,0.002272611018270254,0.0002584147732704878
-0.0015931085217744112,-0.0030595550779253244,-0.003989784978330135,-0.004328439012169838
-0.004110194277018309,-0.003445979440584779,-0.0025008348748087883,-0.0014577701222151518,-0.00048343418166041374,0.00028558046324178576,0.0007452442077919841
0.0008379384526051581,0.0005725796800106764,2.8023263439536095e-05,-0.0006613153964281082
-0.0013297728728502989,-0.0018172806594520807,-0.002000577049329877,-0.001796945696696639
-0.0011624789331108332,-0.00010754913091659546,0.0013004776556044817,0.0029750345274806023
0.004849239252507687,0.006867625284940004,0.008955559693276882,0.011015839874744415
0.012941551394760609,0.0146120460703969,0.015887539833784103,0.016619447618722916,0.016652721911668777,0.015828987583518028,0.01403052918612957
0.011239544488489628,0.007558061741292477,0.003193099983036518,-0.0015649539418518543,-0.006365677807480097,-0.01082979328930378,-0.014584926888346672,-0.017293546348810196
-0.018684841692447662,-0.018606022000312805,-0.01706116832792759,-0.014202671125531197,-0.010293609462678432,-0.005673734471201897,-0.0007268786430358887,0.004158723633736372
0.008627232164144516,0.012391586787998676,0.015266014263033867,0.0171649307012558,0.018075155094265938,0.018042411655187607,0.01717003621160984
0.015599699690937996,0.013484110124409199,0.010985730215907097,0.008287707343697548,0.005571771413087845,0.002974417060613632,0.0005826004780828953,-0.0015253557357937098,-0.0032593871001154184,-0.004540478810667992,-0.005324390716850758,-0.0056079234927892685
-0.005430361721664667,-0.004872812889516354,-0.0040460568852722645,-0.003069516969844699
-0.002061778912320733,-0.0011383483652025461,-0.0003913098480552435,0.00013643194688484073,0.00045246235094964504,0.0006056707934476435,0.0006869869539514184
0.0008147824555635452,0.0010969965951517224,0.0016132015734910965,0.0024245907552540302,0.0035646611358970404,0.005002289544790983,0.006626579910516739,0.008271041326224804
0.009746074676513672,0.010867440141737461,0.011494839563965797,0.011574125848710537,0.011149890720844269,0.01033900585025549,0.009295052848756313,0.008181271143257618,0.007141435518860817,0.0062730819918215275,0.0056207929737865925,0.005173240322619677,0.004846465773880482,0.004490608815103769,0.0039404029957950115
0.0030684401281177998,0.0018177353776991367,0.00021523726172745228,-0.001643967698328197,-0.00362731097266078,-0.005574838258326054,-0.0072976332157850266,-0.008607817813754082,-0.009377025067806244,-0.009558665566146374,-0.00914791040122509,-0.00815100222826004,-0.006610168609768152,-0.004624399822205305,-0.002333175390958786,9.651505388319492e-05,0.002481948584318161,0.004658113699406385,0.006498156115412712,0.007896128110587597,0.008745976723730564,0.008953509852290154,0.00846826285123825
0.0072902473621070385,0.005447814706712961,0.0029880166985094547,-1.1160504072904587e-05,-0.0034383973106741905,-0.007159089669585228,-0.011013696901500225,-0.01481349766254425
-0.018350031226873398,-0.021401457488536835,-0.023731905966997147,-0.025116752833127975
-0.025400223210453987,-0.024543173611164093,-0.022631581872701645,-0.019855594262480736
-0.01648314855992794,-0.012833261862397194,-0.009237819351255894,-0.006000851280987263,-0.00336795998737216,-0.0014979075640439987,-0.0004465300589799881
-0.0001845058286562562,-0.0006265080301091075,-0.0016359123401343822,-0.0030214872676879168,-0.0045638736337423325,-0.006064996588975191,-0.007386720739305019,-0.008461082354187965
-0.009269775822758675,-0.009805386886000633,-0.010042551904916763,-0.009941904805600643
-0.009476551786065102,-0.008650443516671658,-0.007501449901610613,-0.006100761704146862
-0.004549086093902588,-0.00297180050984025,-0.0015242421068251133,-0.0003932812251150608,0.00023518723901361227,0.00023460036027245224,-0.0004245208983775228
-0.0016773173119872808,-0.003379745641723275,-0.00531806843355298,-0.007225553505122662
-0.008813660591840744,-0.00981300137937069,-0.010021025314927101,-0.009345397353172302,-0.007815038785338402,-0.00555081944912672,-0.0027329237200319767,0.0004158513620495796
0.003659346606582403,0.00678918557241559,0.009639738127589226,0.012079541571438313
0.014011143706738949,0.015375141985714436,0.0161356832832098,0.01626553013920784,0.01576347090303898,0.014684904366731644,0.013137822970747948
0.011246795766055584,0.009135197848081589,0.006928983144462109,0.004743262659758329,0.002667158842086792,0.0007801840547472239,-0.0008273952407762408,-0.002062154933810234
-0.00284208869561553,-0.003098196815699339,-0.002777806483209133,-0.001856534043326974,-0.00034849741496145725
0.0016869192477315664,0.004141976125538349,0.006869346834719181,0.009701662696897984,0.012465330772101879,0.014981698244810104,0.017080988734960556,0.018647031858563423,0.019651371985673904,0.020132899284362793,0.020152075216174126,0.019769486039876938,0.019047215580940247,0.018046651035547256,0.01681741327047348,0.01538685243576765,0.013758608140051365,0.0119247417896986,0.009890234097838402,0.00769444927573204,0.00540604954585433,0.003104245290160179,0.0008820369839668274,-0.001138320192694664,-0.0028091503772884607,-0.003979800269007683,-0.004523422569036484,-0.0043700397945940495
-0.00354237318970263,-0.0021634476725012064,-0.0004271704237908125,0.0014339798362925649,0.003174567362293601
0.004579578526318073,0.005518781021237373,0.0059686871245503426,0.005986519157886505,0.005669167265295982,0.005122015252709389,0.004439295269548893,0.003705352544784546,0.0030068682972341776,0.002421974902972579,0.0019894384313374758,0.0016963535454124212
0.0014973428333178163,0.0013453173451125622,0.0012097293511033058,0.0010756574338302016
0.0009392722859047353,0.0008059601532295346,0.0006791973137296736,0.0005447107832878828,0.0003680578665807843,9.924478945322335e-05,-0.00033022050047293305
-0.001003386452794075,-0.001997421495616436,-0.0033573240507394075,-0.005069042555987835,-0.007046307437121868,-0.009142749942839146,-0.011177493259310722,-0.012959577143192291,-0.014299655333161354,-0.015009862370789051,-0.014913770370185375,-0.013882222585380077
-0.011887974105775356,-0.00905415415763855,-0.005662077106535435,-0.0020986502058804035
0.0012373446952551603,0.004012834280729294,0.005984155461192131,0.006994446273893118,0.00697727594524622,0.005964525043964386,0.004090691450983286
0.0015770262107253075,-0.0013170090969651937,-0.004348446149379015,-0.0073147485964000225,-0.010053759440779686,-0.012454161420464516,-0.014474442228674889,-0.01613588258624077,-0.017485689371824265,-0.01855679787695408,-0.019339589402079582,-0.019770527258515358
-0.01974581554532051,-0.019160281866788864,-0.017948878929018974,-0.016109008342027664
-0.013708862476050854,-0.010889316909015179,-0.007855536416172981,-0.004853794351220131,-0.0021356013603508472,7.994775660336018e-05,0.0016414058627560735
0.002491508610546589,0.0026681015733629465,0.0022853794507682323,0.0015175051521509886,0.0005756531609222293,-0.00034135906025767326,-0.0010944681707769632,-0.0016168701695278287
-0.0019131334265694022,-0.0020532472990453243,-0.002142016775906086,-0.0022797458805143833
-0.0025402680039405823,-0.00296321720816195,-0.003543543629348278,-0.0042208279483020306
-0.004887711722403765,-0.00541725242510438,-0.005696462467312813,-0.0056547787971794605,-0.005278055556118488,-0.00460857804864645,-0.0037298593670129776
-0.0027414998039603233,-0.0017468247096985579,-0.0008515119552612305,-0.0001519862562417984,0.0002832111204043031,0.0004331687232479453,0.00034168962156400084,0.00011287519009783864
-0.00011852287570945919,-0.00022113969316706061,-8.637140854261816e-05,0.000362563383532688
0.0011529902694746852,0.002245469018816948,0.003543528262525797,0.004920678678900003
0.006235988810658455,0.007344240788370371,0.00812469981610775,0.008514262735843658,0.008514996618032455,0.008188320323824883,0.007649038452655077
0.007038185838609934,0.0064737219363451,0.006014382932335138,0.005655106157064438,0.005334540270268917,0.004949042573571205,0.004392971750348806,0.003611210500821471,0.0026214285753667355,0.0015044810716062784,0.0003988298121839762,-0.000501565751619637
-0.0009798342362046242,-0.00085065996972844,-3.103632479906082e-07,0.0015892924275249243
0.0038275488186627626,0.006525862030684948,0.009428929537534714,0.012249576859176159,0.014702501706779003,0.016548771411180496,0.017646104097366333
0.017969101667404175,0.017587490379810333,0.016633419319987297,0.015273748897016048,0.013677277602255344,0.011987253092229366,0.010312741622328758,0.008723578415811062
0.007244177162647247,0.00586275476962328,0.004552767612040043,0.0032922956161201
0.002080916427075863,0.000953370239585638,-1.4466582797467709e-05,-0.000712845881935209
-0.0010259331902489066,-0.0008741036290302873,-0.0002493076608516276,0.0007763648172840476,0.0020697065629065037,0.0034637474454939365
0.004777274094521999,0.005832417868077755,0.0064839934930205345,0.006651705130934715,0.0063296533189713955,0.005573059897869825,0.0044896649196743965,0.003242300823330879
0.002037236001342535,0.0010835786815732718,0.0005427548894658685,0.0004928603302687407
0.0009121557231992483,0.0016862931661307812,0.0026466704439371824,0.0036140186712145805
0.004415799863636494,0.004895615391433239,0.004944949876517057,0.0045335302129387856,0.0036991608794778585,0.002516417531296611,0.001081820111721754
-0.0004913548473268747,-0.002087761415168643,-0.0036065413150936365,-0.004968517459928989,-0.006128212902694941,-0.007096506655216217,-0.007939232513308525,-0.008731614798307419
-0.009499825537204742,-0.010189845226705074,-0.010687288828194141,-0.010875088162720203
-0.010682203806936741,-0.010102033615112305,-0.009184055030345917,-0.008005895651876926
-0.006653990130871534,-0.005230356473475695,-0.0038641165010631084,-0.0027062767185270786,-0.0019065453670918941,-0.0015770795289427042,-0.0017585629830136895
-0.002411692403256893,-0.003432940924540162,-0.004671088885515928,-0.005944615229964256,-0.007076665293425322,-0.007940657436847687,-0.008495494723320007,-0.008792917244136333
-0.008949981071054935,-0.009102901443839073,-0.00936897099018097,-0.009824377484619617
-0.010489558801054955,-0.011323150247335434,-0.012234894558787346,-0.013108840212225914,-0.013810941949486732
0.0001015481393551454,7.57638699724339e-05,4.393675772007555e-05,1.531809539301321e-05,5.867948971172154e-07,6.322697117866483e-06,3.129874312435277e-05,6.627860420849174e-05,9.721695096231997e-05,0.00011115897359559312,0.00010170498717343435,7.208637543953955e-05,3.4784643503371626e-05,6.580989065696485e-06,1.3327531860340969e-06,2.3623748347745277e-05,6.717629730701447e-05,0.00011912315676454455,0.00016619291272945702,0.00019980230717919767
0.000217766675632447,0.00022224079293664545,0.00021701166406273842,0.00020633291569538414,0.000195055574295111,0.00018807324522640556,0.00018809725588653237,0.00019394404080230743,0.00020085727737750858,0.00020242316531948745,0.00019372289534658194,0.0001737613492878154
0.0001446995884180069,0.00010994565673172474,7.366688078036532e-05,4.06915569328703e-05
1.589252133271657e-05,2.5144049686787184e-06,3.996790951532603e-07,6.348462193273008e-06,1.5795045328559354e-05,2.439273703203071e-05,2.9142091079847887e-05
2.872480581572745e-05,2.348486850678455e-05,1.525539846625179e-05,6.822959221608471e-06,1.1231738881178899e-06,4.254109455814614e-07,5.9873600548598915e-06,1.837364470702596e-05,3.82964572054334e-05,6.760426913388073e-05,0.00010932323493761942,0.00016612424224149436
0.00023772941494826227,0.00031819575815461576,0.00039530335925519466,0.00045376026537269354
0.000479931099107489,0.00046546768862754107,0.000409718049922958,0.00032129359897226095,0.00021792310872115195,0.00012140992475906387,4.926742258248851e-05
9.589116416464094e-06,1.6933090307702514e-07,1.0163291335629765e-05,2.504604526620824e-05,3.3493677619844675e-05,3.174228186253458e-05,2.265955481561832e-05,1.16071196316625e-05
3.233308689232217e-06,2.37399611080491e-08,1.6907453073145007e-06,5.526202585315332e-06
8.113855983538087e-06,7.649301551282406e-06,4.720989181805635e-06,1.3541622365664807e-06
3.163336259603966e-08,3.069060539928614e-06,1.158668237621896e-05,2.4343871700693853e-05,3.775056393351406e-05,4.7293666284531355e-05,4.947987326886505e-05
4.3431646190583706e-05,3.146428207401186e-05,1.8067916244035587e-05,7.5188495429756586e-06,1.7774983689378132e-06,6.97432938068232e-08,6.466444091302037e-08,6.321054346614119e-09
6.578733291462413e-07,5.342999884305755e-06,1.7825634131440893e-05,3.9638227463001385e-05
6.861775182187557e-05,9.919340664055198e-05,0.0001239684206666425,0.00013617542572319508
0.00013255071826279163,0.00011528808681759983,9.08713263925165e-05,6.642394146183506e-05,4.679535413742997e-05,3.376845415914431e-05,2.7068284907727502e-05
2.6124553187401034e-05,3.126056253677234e-05,4.3505926441866904e-05,6.221201329026371e-05,8.12913422123529e-05,8.984339365269989e-05,7.965034455992281e-05,5.065093137091026e-05
1.4279909009928815e-05,1.5077439456945285e-06,5.5953816627152264e-05,0.00019059088663198054,0.00034500245237722993,0.00041436520405113697,0.00034327214234508574,0.0001801790203899145
3.639254282461479e-05,6.095852768339682e-06,0.0001245092716999352,0.00038162415148690343,0.0007461134227924049,0.0011654435656964779,0.0015612997813150287
0.0018430904019623995,0.0019374649273231626,0.0018191084964200854,0.001519150217063725,0.0011067168088629842,0.0006688983994536102,0.0002980346034746617,6.774520443286747e-05
1.16197831800946e-07,6.0057256632717326e-05,0.00018866528989747167,0.00033943186281248927
0.0004828804521821439,0.0005857254727743566,0.0006005327450111508,0.022225191816687584
0.017144856974482536,0.00979299284517765,0.0013041850179433823,-0.007088293321430683
-0.014581896364688873,-0.021002408117055893,-0.02655704692006111
-0.03138203173875809,-0.03529708832502365,-0.03791387006640434,-0.038941968232393265,-0.03842923045158386,-0.03672156110405922,-0.034182362258434296,-0.030926523730158806
-0.026774829253554344,-0.02142457850277424,-0.014695817604660988,-0.006707360967993736,0.0021122395992279053,0.011170321144163609,0.019908398389816284,0.027941526845097542,0.035191070288419724,0.04199734330177307,0.04882362112402916,0.05571954324841499,0.062213167548179626,0.06750884652137756,0.07072590291500092
0.07115109264850616,0.06834478676319122,0.062176380306482315,0.05280252918601036
0.04057810455560684,0.02600698545575142,0.00966445729136467,-0.007811630144715309,-0.025530388578772545,-0.04226045310497284,-0.05663198232650757,-0.06738225370645523
-0.07353726029396057,-0.07456997781991959,-0.07049110531806946,-0.061847325414419174
-0.04959627240896225,-0.03485840559005737,-0.01864868402481079,-0.0017621088773012161,0.0150833111256361,0.031010707840323448
0.04497212544083595,0.05601715296506882,0.06359387189149857,0.06766851991415024,0.06859591603279114,0.06682819128036499,0.06266048550605774,0.05615698918700218
0.047306496649980545,0.036302536725997925,0.02373562380671501,0.01060042716562748
-0.001891639083623886,-0.012674886733293533,-0.021175552159547806,-0.02738424763083458
-0.031608790159225464,-0.03411589935421944,-0.03493184223771095,-0.03389085456728935,-0.030839523300528526,-0.025854451581835747,-0.019340861588716507
-0.011958571150898933,-0.0044066812843084335,0.0028164563700556755,0.009527448564767838,0.015785928815603256,0.02168974094092846,0.027180638164281845,0.03197770565748215,0.035631000995635986,0.037648022174835205,0.037651389837265015,0.03550916165113449
0.031371086835861206,0.025582140311598778,0.018536953255534172,0.010582216084003448
0.002033769153058529,-0.006701102014631033,-0.015011881478130817,-0.02213149704039097,-0.027352064847946167,-0.03025689348578453,-0.030820749700069427
-0.029367748647928238,-0.026449697092175484,-0.02268684096634388,-0.018608348444104195,-0.01453186571598053,-0.010538221336901188,-0.0065959179773926735
-0.0027519557625055313,0.0007826853543519974,0.0037146215327084064,0.005841203965246677,0.007172183133661747,0.007904419675469398,0.008278187364339828,0.008424965664744377
0.008310142904520035,0.007771892473101616,0.006603050045669079,0.0046708351001143456
0.002044751774519682,-0.0009795434307307005,-0.004018594976514578,-0.006811400409787893
-0.009357457049190998,-0.0118740638718009,-0.014576617628335953,-0.0174526609480381
-0.020212003961205482,-0.022422438487410545,-0.023699985817074776,-0.023827318102121353
-0.022776952013373375,-0.020684735849499702,-0.01777476817369461,-0.014242308214306831
-0.010201667435467243,-0.005748729221522808,-0.0010603442788124084,0.003533370792865753
0.00755449989810586,0.010496130213141441,0.012001346796751022,0.01200499851256609,0.010753704234957695,0.008677870966494083,0.006207411177456379
0.0036426009610295296,0.0010917638428509235,-0.0015102688921615481,-0.004279321059584618,-0.007243910804390907,-0.010290911421179771,-0.013207348063588142,-0.01577684096992016
-0.01784437522292137,-0.019308671355247498,-0.02008969336748123,-0.020105700939893723
-0.019259296357631683,-0.01745055429637432,-0.014630078338086605,-0.010873031802475452
-0.006423331797122955,-0.0016501471400260925,0.00306394649669528,0.007432674057781696,0.01131596788764,0.014665844850242138,0.01741572842001915
0.01942785643041134,0.02052323892712593,0.02053525671362877,0.019356705248355865,0.016981029883027077,0.013534391298890114,0.009294930845499039,0.004667726345360279
9.410455822944641e-05,-0.0040477304719388485,-0.007493938785046339,-0.010106359608471394
-0.011868631467223167,-0.01287352479994297,-0.013290141709148884,-0.013306808657944202
-0.013076052069664001,-0.012682653032243252,-0.01212843507528305,-0.011341001838445663,-0.010207924991846085,-0.00860603153705597,-0.0064215101301670074
-0.0035870694555342197,-0.0001348312944173813,0.003783940337598324,0.00794715154916048,0.012128788977861404,0.016115959733724594,0.019688058644533157,0.022613994777202606
0.024682842195034027,0.02574032172560692,0.025702480226755142,0.024541659280657768,0.022271204739809036,0.018967989832162857,0.014823390170931816,0.010156182572245598,0.005359445698559284,0.000824551098048687,-0.00310817314311862,-0.006163492798805237,-0.008153188973665237,-0.009030446410179138,-0.008916856721043587
-0.00805014930665493,-0.006682880222797394,-0.004991126712411642,-0.0030556004494428635,-0.0009247791022062302,0.0013239799300208688,0.0035734823904931545,0.005686019081622362,0.007548673544079065,0.009115669876337051,0.01041346974670887,0.011517079547047615,0.012500864453613758,0.01340495701879263,0.014268724247813225,0.01516925822943449,0.016195494681596756,0.017387716099619865,0.01868177205324173,0.019888270646333694,0.02072201296687126,0.020860422402620316,0.020049020648002625
0.018225090578198433,0.015516577288508415,0.012116136029362679,0.008189043030142784,0.0038626687601208687,-0.0007375357672572136,-0.0054466454312205315,-0.010080085135996342
-0.014484083279967308,-0.018527761101722717,-0.022048497572541237,-0.024807073175907135
-0.026502519845962524,-0.026876743882894516,-0.025833966210484505,-0.023483846336603165
-0.020106660202145576,-0.01604359596967697,-0.011572735384106636,-0.006897576153278351,-0.0022207554429769516,0.002212502993643284,0.0061128754168748856
0.009178300388157368,0.011155206710100174,0.011877345852553844,0.011259215883910656,0.009266349487006664,0.005883106961846352,0.0011295308358967304,-0.004842594265937805
-0.01164807379245758,-0.018644221127033234,-0.02500191330909729,-0.02986733987927437
-0.03257373347878456,-0.03280346095561981,-0.030611231923103333,-0.026318484917283058
-0.020395202562212944,-0.013403352349996567,-0.005949707701802254,0.0013790354132652283,0.008074481971561909,0.013768529519438744,0.018255479633808136
0.021423662081360817,0.02318168804049492,0.02344995178282261,0.022169068455696106,0.019315768033266068,0.014963584020733833,0.0093534542247653,0.0029149726033210754,-0.0037797046825289726,-0.010112151503562927,-0.015531089156866074,-0.01966579630970955
-0.022402677685022354,-0.02386740781366825,-0.024327760562300682,-0.024080973118543625
-0.023351192474365234,-0.022225523367524147,-0.020667685195803642,-0.018577398732304573,-0.015853291377425194,-0.012462042272090912,-0.008480152115225792
-0.004082051105797291,0.0004784790799021721,0.0048815845511853695,0.008788890205323696,0.011917183175683022,0.014113134704530239,0.015411228872835636,0.016028285026550293
0.016284512355923653,0.01649518311023712,0.01686955988407135,0.017451442778110504
0.01812674105167389,0.018692705780267715,0.01895608752965927,0.018813367933034897
0.01828751713037491,0.017502931877970695,0.016592733561992645,0.015605812892317772,0.01447624247521162,0.013032364659011364,0.011036571115255356
0.008267141878604889,0.004590624012053013,-8.780509233474731e-06,-0.005414038896560669,-0.01136208139359951,-0.01744087226688862,-0.023116499185562134,-0.027822688221931458,-0.031096696853637695,-0.032681919634342194,-0.032550156116485596,-0.030871905386447906
-0.02796022780239582,-0.02419685199856758,-0.01996002160012722,-0.015559947118163109
-0.01119050569832325,-0.006934265606105328,-0.0028243958950042725,0.0011024498380720615,0.004784313961863518,0.008106931112706661,0.010902216657996178
0.013016140088438988,0.01440372597426176,0.015175401233136654,0.015567213296890259,0.015867404639720917,0.01634356752038002,0.01720428094267845,0.018597545102238655,0.02061033993959427,0.02325652912259102
0.02645590901374817,0.02999170310795307,0.03347567468881607,0.03637516498565674,0.03809677064418793,0.038099803030490875,0.036026936024427414,0.031787749379873276
0.02553625963628292,0.01758604682981968,0.008334236219525337,-0.0017771357670426369
-0.012266990728676319,-0.02261461690068245,-0.03226376324892044,-0.04064953327178955
-0.04727456718683243,-0.05178460478782654,-0.05399392917752266,-0.05387984961271286,-0.05153931677341461,-0.04713185131549835,-0.04088085889816284,-0.033107511699199677,-0.024235375225543976,-0.014757843688130379,-0.005164196714758873,0.004142537247389555,0.012871685437858105,0.020819231867790222,0.02782505936920643,0.03372059762477875,0.038302287459373474,0.04136710986495018,0.04277893528342247,0.042514700442552567
0.04067063331604004,0.037437811493873596,0.033070459961891174,0.027854762971401215
0.022078320384025574,0.01600555330514908,0.009846657514572144,0.003725975751876831
-0.0023096208460628986,-0.008239294402301311,-0.014014980755746365,-0.019532183185219765
-0.024623539298772812,-0.02907807007431984,-0.032688308507204056,-0.03529614955186844
-0.036810752004384995,-0.0372006893157959,-0.03647254779934883,-0.0346684455871582
-0.03189576789736748,-0.028343534097075462,-0.024254463613033295
-0.019870402291417122,-0.01538153737783432,-0.010910674929618835,-0.006552929058670998,-0.0024432502686977386,0.001228939276188612,0.004285054747015238,0.006622125394642353
0.008223364129662514,0.0091360779479146,0.009438580833375454,0.009233210235834122
0.008679172024130821,0.00799514539539814,0.007399008143693209,0.007042880170047283
0.006978658027946949,0.007144712843000889,0.007382133975625038,0.007488565053790808,0.007286096457391977,0.006679466925561428,0.005691312253475189
0.004465772770345211,0.0032270103693008423,0.0021935717668384314,0.00151539733633399,0.0012758661760017276,0.00150781380943954,0.002192647662013769,0.0032553875353187323
0.004564058035612106,0.0059581333771348,0.00730599882081151,0.008540311828255653
0.009649969637393951,0.010640749707818031,0.011477552354335785,0.012057066895067692
0.01223692111670971,0.01187907438725233,0.010893667116761208,0.009295497089624405,0.0072349682450294495,0.004966177977621555,0.002770532388240099
0.0008729938417673111,-0.0006121493643149734,-0.00168154900893569,-0.0024069207720458508,-0.0028786936309188604,-0.003141996217891574,-0.0031770700588822365,-0.002925814827904105,-0.002315559657290578,-0.0012896070256829262,0.00014300120528787374,0.0018766714492812753
0.003723371773958206,0.005468951538205147,0.006936164107173681,0.008002457208931446
0.008583473041653633,0.008627120405435562,0.008126994594931602,0.007134696003049612,0.005726285744458437,0.0039406404830515385,0.0017722868360579014
-0.0007862821221351624,-0.003699986729770899,-0.006846156902611256,-0.010000319220125675,-0.012887254357337952,-0.015253872610628605,-0.01689334586262703,-0.01759636402130127,-0.017093919217586517,-0.015122158452868462,-0.011640203185379505,-0.006987417116761208,-0.0017999736592173576,0.003173922887071967,0.007233261130750179,0.009855962358415127,0.010768289677798748,0.00996660627424717,0.00767221674323082,0.004211618565022945,-8.698878809809685e-05,-0.004935434088110924,-0.010068864561617374
-0.015183902345597744,-0.019871391355991364,-0.023577705025672913,-0.02563513070344925
-0.025394897907972336,-0.022399822250008583,-0.01654091663658619,-0.008209578692913055
0.0016651321202516556,0.011820245534181595,0.020989548414945602,0.028191890567541122
0.03292054682970047,0.03517346829175949,0.03533167019486427,0.03399302810430527
0.031803570687770844,0.02929002419114113,0.026737963780760765,0.024157419800758362
0.021351328119635582,0.01806110329926014,0.01412791758775711
0.00962000247091055,0.004885813221335411,0.000502273440361023,-0.0028630350716412067,-0.0046431575901806355,-0.004572988487780094,-0.002806233474984765,0.00010809372179210186
0.0033595929853618145,0.006070059258490801,0.007502954453229904,0.007241114974021912
0.005281874909996986,0.0020133075304329395,-0.0019182339310646057,-0.005786181893199682
-0.00896085798740387,-0.011064421385526657,-0.012042690068483353,-0.0121074877679348,-0.01158685889095068,-0.010753768496215343,-0.00970776379108429
-0.008371522650122643,-0.006567670963704586,-0.0040915003046393394,-0.0007647895254194736,0.0035097538493573666,0.008651039563119411,0.01424454152584076,0.01945369690656662,0.0231156162917614,0.024021370336413383,0.02129383385181427,0.014698155224323273
0.004750018939375877,-0.007422490511089563,-0.020403863862156868,-0.032862722873687744
-0.04381430894136429,-0.05266899615526199,-0.05912008509039879,-0.06300106644630432,-0.06418102979660034,-0.06253858655691147,-0.058008719235658646
-0.05063983425498009,-0.040649935603141785,-0.028498150408267975,-0.014925461262464523,-0.0009097252041101456,0.012464222498238087,0.02415364608168602,0.03326759487390518
0.039153873920440674,0.0414937287569046,0.04039042070508003,0.03638710826635361
0.03035842254757881,0.02330658584833145,0.016136744990944862,0.009481895714998245
0.003633487969636917,-0.0014177714474499226,-0.005867118947207928,-0.009943538345396519,-0.013761987909674644,-0.017225299030542374,-0.019999302923679352
-0.021573811769485474,-0.021417725831270218,-0.019180158153176308,-0.014841878786683083,-0.008776727132499218,-0.0017241258174180984,0.005351546220481396,0.011494303122162819
0.01600128412246704,0.0185984019190073,0.0194716677069664,0.019145222380757332,0.018283389508724213
0.01746377721428871,0.016952309757471085,0.01659330539405346,0.015896432101726532,0.014259961433708668,0.011246495880186558,0.006830521859228611,0.0014779632911086082,-0.004001426510512829,-0.008741136640310287,-0.01211558748036623,-0.013932401314377785,-0.014476434327661991,-0.014406345784664154,-0.014493348076939583,-0.015307648107409477,-0.01702958531677723,-0.01943647675216198,-0.022030629217624664,-0.02422916702926159,-0.025504499673843384,-0.025476044043898582,-0.0240057110786438,-0.021248161792755127,-0.017578130587935448,-0.01340925320982933,-0.009029611945152283,-0.004561588168144226,-1.5751458704471588e-05,0.0046312748454511166,0.009356070309877396,0.014029648154973984,0.018409647047519684
0.022179804742336273,0.025025976821780205,0.026728011667728424,0.027215169742703438,0.02655423805117607,0.024911360815167427,0.022526800632476807,0.01964803971350193
0.01643000729382038,0.012947500683367252,0.009303809143602848,0.005694849416613579
0.002425729762762785,-0.00015384051948785782,-0.001834844471886754,-0.002678896067664027
-0.0029573640786111355,-0.0029584758449345827,-0.0027658722829073668,-0.002160826465114951,-0.000724932411685586,0.001979127526283264,0.006193466018885374
0.011645196937024593,0.01737939566373825,0.022100232541561127,0.024732522666454315
0.024761753156781197,0.022371849045157433,0.018331268802285194,0.013615868985652924,0.009082858450710773,0.00529524777084589,0.0024465760216116905,0.00043485406786203384
-0.001000935328193009,-0.002166113117709756,-0.0032620951533317566,-0.004271123558282852
-0.004987690597772598,-0.005110949277877808,-0.004325425252318382,-0.002404161263257265,0.0006995450239628553,0.004801635164767504,0.009476913139224052
0.014115764759480953,0.018037239089608192,0.02062327042222023,0.02144535258412361,0.020343881100416183,0.017450492829084396,0.013160467147827148,0.008029489777982235
0.002610837109386921,-0.002686881460249424,-0.007673230487853289,-0.012357067316770554
-0.016823749989271164,-0.021089717745780945,-0.02504819817841053,-0.028489330783486366
-0.031116092577576637,-0.032589104026556015,-0.032649073749780655,-0.03124547190964222,-0.028576398268342018,-0.0250095222145319,-0.0209430493414402
-0.01671510376036167,-0.012568129226565361,-0.008651639334857464,-0.005111764185130596,-0.002149052917957306,7.483875378966331e-05,0.0015093976398929954,0.0021913954988121986
0.002247737254947424,0.0018904872704297304,0.0013666010927408934,0.0009296491043642163
0.000808029668405652,0.001143680070526898,0.0019330071518197656,0.002992375288158655
0.004001504275947809,0.004637762438505888,0.004735610447824001,0.004382791928946972,0.0038602054119110107,0.003457088954746723,0.0033171135000884533
0.0033995644189417362,0.0035352730192244053,0.0035160973202437162,0.003176789963617921,0.00246774242259562,0.0015065849293023348,0.0005721341585740447,1.4475896023213863e-05
0.00011598863056860864,0.0009535858989693224,0.0023169780615717173,0.003772732336074114
0.004844443406909704,0.005185408983379602,0.004714585840702057,0.0036782370880246162
0.0025386763736605644,0.0017264229245483875,0.0014226734638214111,0.0014755537267774343,0.001476383302360773,0.000971864559687674,-0.0003325538709759712
-0.0025069336406886578,-0.005429543554782867,-0.00885882880538702,-0.01252809725701809,-0.016217440366744995,-0.01977618783712387,-0.02309998869895935,-0.026071984320878983,-0.028496820479631424,-0.03007274679839611,-0.03046765737235546,-0.029500015079975128
-0.027258561924099922,-0.024013899266719818,-0.02000926434993744,-0.0153688695281744
-0.010197032243013382,-0.004646142944693565,0.001138143241405487,0.007031061686575413,0.012875000014901161,0.018454665318131447,0.023503243923187256
0.027608182281255722,0.030115144327282906,0.030511077493429184,0.028897106647491455
0.025708505883812904,0.02137773670256138,0.0165026243776083,0.011835381388664246
0.008056260645389557,0.005635540001094341,0.00471913255751133,0.005066497717052698
0.006141488905996084,0.007290347013622522,0.007780888583511114,0.006847346667200327
0.004053236450999975,-0.0003290618769824505,-0.0053996741771698,-0.010068288072943687
-0.013529250398278236,-0.015577294863760471,-0.016546588391065598
-0.01693153753876686,-0.017043309286236763,-0.016951993107795715,-0.016638536006212234,-0.0160824004560709,-0.0152412885800004,-0.014029610902071,-0.012299039401113987
-0.009843459352850914,-0.00646919384598732,-0.0021340185776352882,0.002952029462903738
0.008405220694839954,0.013788939453661442,0.018615026026964188,0.02237105928361416
0.024631742388010025,0.025152917951345444,0.02394656091928482,0.021304503083229065,0.017751729115843773,0.013957738876342773,0.010574991814792156
0.00806581974029541,0.006572519429028034,0.005782671272754669,0.004970615264028311,0.0034103593789041042,0.0008037989027798176,-0.0027367318980395794,-0.007038075476884842
-0.012134803459048271,-0.01819532923400402,-0.0251711867749691,-0.03252119943499565
-0.03925413638353348,-0.044226326048374176,-0.046466339379549026,-0.04527397081255913
-0.04011603817343712,-0.030657868832349777,-0.017016153782606125,3.7297606468200684e-05,0.019082559272646904,0.038297854363918304,0.05588528886437416
0.07045623660087585,0.08123268187046051,0.08804912865161896,0.09114258736371994,0.09082704782485962,0.0872507393360138,0.08038762956857681,0.07029780745506287
0.05742812156677246,0.042588651180267334,0.02676134556531906,0.011288229376077652,-0.0019813645631074905,-0.011383997276425362,-0.016180474311113358,-0.016534650698304176
1.784882988431491e-05,2.3372351733996766e-06,2.54610858974047e-06,2.298314757354092e-05,5.98264487052802e-05,0.00010307272896170616,0.0001403750356985256,0.0001608407183084637,0.0001586290163686499,0.0001355458953185007,0.00010037602623924613,6.434401439037174e-05,3.5850200220011175e-05,1.790523310774006e-05,8.992617040348705e-06,5.974253781459993e-06
6.908442628628109e-06,1.2313274964981247e-05,2.4377910449402407e-05,4.4624994188779965e-05
7.160742825362831e-05,0.00010030072007793933,0.00012365296424832195,0.00013525813119485974
0.00013178118388168514,0.00011452447506599128,8.940866973716766e-05,6.431903602788225e-05
4.513414387474768e-05,3.388054756214842e-05,3.010046020790469e-05,3.322935663163662e-05
4.37312301073689e-05,6.23794476268813e-05,8.830115984892473e-05,0.00011719324538717046
0.0001413173449691385,0.00015218212502077222,0.00014459439262282103,0.00011931644985452294
8.315976447192952e-05,4.645483204512857e-05,1.8553027985035442e-05
3.7311892810976133e-06,2.8025063172898435e-11,1.5363310694738175e-06,2.8557153655128786e-06,1.8427476788929198e-06,1.2893069367692078e-07,1.2411975376380724e-06,7.901764547568746e-06,1.967201751540415e-05,3.2473744795424864e-05,4.079018617630936e-05,4.085066029801965e-05
3.266820203862153e-05,2.0019961084472016e-05,8.29437340144068e-06,1.448336547582585e-06
7.203353646900723e-08,1.6206619193326333e-06,2.602628228487447e-06,1.4133253216641606e-06
2.464681791991552e-10,3.1323534130933695e-06,1.547428655612748e-05
3.821035352302715e-05,6.713000038871542e-05,9.348073945147917e-05,0.00010772968380479142
0.00010421869228594005,8.387869456782937e-05,5.371397128328681e-05,2.3947684894665144e-05
4.3474224185047206e-06,6.77919274494343e-07,1.261759734916268e-05,3.421198562136851e-05
5.6431395933032036e-05,7.076233305269852e-05,7.260505662998185e-05,6.28971538390033e-05
4.688430635724217e-05,3.083990668528713e-05,1.9001132386620156e-05,1.2516171409515664e-05
1.0669431503629312e-05,1.2957571016158909e-05,2.0123219655943103e-05
3.355941589688882e-05,5.375957698561251e-05,7.884928345447406e-05,0.00010409132664790377
0.00012297730427235365,0.00012971933756489307,0.00012170885020168498,0.00010060122440336272,7.182793342508376e-05,4.273894228390418e-05,1.983467700483743e-05,6.23353298578877e-06,8.68413280841196e-07,5.527564517215922e-10,5.091517962796388e-08,1.4103063961101725e-07
2.97073620458832e-06,1.338567199127283e-05,3.5281653254060075e-05,6.868258788017556e-05
0.00010888716496992856,0.00014810632274020463,0.00017844897229224443
0.00019481538038235158,0.00019643973791971803,0.00018645620730239898,0.00017020912491716444
0.00015330775931943208,0.00014009472215548158,0.0001331633102381602,0.0001337148278253153
0.00014178438868839294,0.00015581677143927664,0.00017194046813528985,0.00018393303616903722
0.0001848168612923473,0.0001697387924650684,0.00013854193093720824,9.665120160207152e-05
5.362797310226597e-05,1.9765739125432447e-05,2.1541613932640757e-06,1.6880262592167128e-06
1.2579819667735137e-05,2.5307033865829e-05,3.148863106616773e-05
2.7741914891521446e-05,1.6717393009457737e-05,5.184499514143681e-06,1.5438716971516442e-08
4.136029474466341e-06,1.50802170537645e-05,2.6857476768782362e-05,3.3492888178443536e-05
3.209412534488365e-05,2.3936867364682257e-05,1.3313886483956594e-05,4.855860424868297e-06
7.630498544131115e-07,1.4862373554080932e-09,8.516285276982671e-08,0.00025092498981393874
0.0015906835906207561,0.0035858810879290104,0.0059657529927790165,0.008358735591173172
0.010348981246352196,0.01155492477118969,0.011696476489305496
0.010630928911268711,0.008366965688765049,0.005069611594080925,0.0010562418028712273,-0.003240707330405712,-0.00736319599673152,-0.010927414521574974,-0.01367279700934887
-0.015457237139344215,-0.016240205615758896,-0.016079019755125046,-0.015128481201827526
-0.01362386904656887,-0.011844354681670666,-0.010071830824017525,-0.008554770611226559
-0.007476995699107647,-0.006936352699995041,-0.006937501020729542,-0.007395890541374683,-0.008156916126608849,-0.009029090404510498,-0.00981349777430296
-0.010325146839022636,-0.010418863967061043,-0.010020011104643345,-0.009146673604846
-0.007905500009655952,-0.006453837733715773,-0.004956824705004692,-0.003568427637219429
-0.002423976082354784,-0.0016321961302310228,-0.0012711179442703724,-0.0013796858256682754
-0.0019462411291897297,-0.0029113299679011106,-0.004179504234343767,-0.005627397447824478
-0.007115023210644722,-0.008504029363393784,-0.00967898964881897,-0.010565035976469517
-0.01112859696149826,-0.011366249993443489,-0.01131003350019455
-0.011046253144741058,-0.010706382803618908,-0.010422922670841217,-0.010284698568284512
-0.010314221493899822,-0.010467873886227608,-0.01065011415630579,-0.010729165747761726
-0.010553195141255856,-0.009978622198104858,-0.008905765600502491,-0.007304072380065918
-0.005224449560046196,-0.002801758237183094,-0.0002452041953802109,0.002181608695536852
0.004198052454739809,0.005568592809140682,0.006158251781016588,0.005950561724603176
0.005038418807089329,0.0035994723439216614,0.0018666009418666363
0.00010950514115393162,-0.0013847543159499764,-0.002353596268221736,-0.00262238597497344
-0.0021620423067361116,-0.0010948572307825089,0.0003535795258358121,0.0019118518102914095
0.0033077835105359554,0.004300824366509914,0.004707685671746731,0.004429531283676624
0.0034712408669292927,0.0019440092146396637,5.9262849390506744e-05,-0.0018871533684432507
-0.0035545590799301863,-0.0046179210767149925,-0.004829738289117813,-0.00406949408352375
-0.0023655106779187918,0.00011979113332927227,0.003123239614069462
0.0063179307617247105,0.009352859109640121,0.01188554335385561,0.013618143275380135,0.014357022009789944,0.014061643742024899
0.012837964110076427,0.010896416381001472,0.008515207096934319,0.0060140956193208694
0.0037298989482223988,0.001980982255190611,0.0010135818738490343,0.0009561330080032349
0.001805132138542831,0.0034322645515203476,0.005603879690170288,0.008014388382434845
0.010324586182832718,0.012202237732708454,0.013376128859817982,0.013695835135877132
0.013166019693017006,0.01192704401910305,0.01019354723393917,0.008204037323594093
0.0062027620151638985,0.004420846700668335,0.003041684627532959,0.002173568354919553
0.0018449584022164345,0.002017960650846362,0.002606441732496023,0.0034839119762182236
0.004480359144508839,0.005392494611442089,0.006028732284903526,0.006265467964112759
0.006073541007936001,0.0055035194382071495,0.0046522729098796844,0.003639587201178074
0.0025959883350878954,0.0016488793771713972,0.000907110283151269,0.0004501503426581621
0.0003239942016080022,0.0005413162289187312,0.0010793452383950353,0.0018748743459582329
0.002824249677360058,0.0037855689879506826,0.004589233547449112,0.005078333895653486
0.0051590446382761,0.004820510279387236,0.0041289543733000755,0.003218455705791712
0.002274296246469021,0.0014945596922188997,0.0010338014690205455,0.0009586544474586844
0.0012408716138452291,0.0017730077961459756,0.0023820064961910248,0.0028446754440665245
0.002919947262853384,0.0023983167484402657,0.0011572153307497501
-0.000796837150119245,-0.003323084209114313,-0.006176233757287264,-0.009049720130860806
-0.011625198647379875,-0.013622881844639778,-0.014848761260509491,-0.015235470607876778
-0.01485153567045927,-0.013863726519048214,-0.0124848373234272,-0.010943066328763962
-0.009468824602663517,-0.008278882130980492,-0.0075451405718922615,-0.007351995445787907
-0.007673047017306089,-0.00838015228509903,-0.009263004176318645,-0.010060475207865238
-0.010512301698327065,-0.01040724664926529,-0.009615433402359486
-0.008112308569252491,-0.005985697731375694,-0.0034206933341920376,-0.0006757695227861404
0.0019448429811745882,0.0041289315558969975,0.005602358374744654,0.0061682844534516335
0.005730030592530966,0.004306655377149582,0.0020387419499456882,-0.0008304652292281389
-0.003990658558905125,-0.0071058738976716995,-0.009861862286925316,-0.012008687481284142
-0.013386767357587814,-0.013938657008111477,-0.013710261322557926,-0.012838378548622131
-0.011525483801960945,-0.010009166784584522,-0.008528892882168293
-0.007289212197065353,-0.00642749248072505,-0.005992733873426914,-0.00593424029648304
-0.006112581118941307,-0.0063401577062904835,-0.006427176296710968,-0.006210973020642996
-0.005570103880017996,-0.004432741552591324,-0.002788988407701254,-0.0007027797400951385
0.001694428501650691,0.004228165838867426,0.006708492059260607,0.008953728713095188
0.010802604258060455,0.012113956734538078,0.012779641896486282,0.012757742777466774
0.012089473195374012,0.010883285664021969,0.00928789284080267
0.007471918128430843,0.005614553578197956,0.0038948478177189827,0.002460550982505083
0.001394134946167469,0.000707695260643959,0.0003544703358784318,0.00024030788335949183
0.0002444139390718192,0.00023970461916178465,9.443008457310498e-05,-0.00032331625698134303
-0.0011008146684616804,-0.002213972620666027,-0.003501659259200096,-0.004706972278654575
-0.005554002709686756,-0.0058133564889431,-0.005335695575922728,-0.004063665866851807
-0.0020359852351248264,0.0006051829550415277,0.0036062144208699465
0.006629158277064562,0.00932637695223093,0.011415204033255577,0.012716729193925858,0.013161401264369488,0.012772942893207073,0.011657997965812683,0.010012025013566017
0.008107288740575314,0.00624504592269659,0.004694274161010981,0.0036443606950342655
0.0031829422805458307,0.003290948225185275,0.003851798363029957,0.004681662656366825
0.0055693816393613815,0.006309758871793747,0.006732781417667866,0.006729444954544306
0.006266639102250338,0.005392428953200579,0.0042336671613156796
0.0029776208102703094,0.0018333329353481531,0.0009873304516077042,0.000576591701246798
0.0006829141639173031,0.0013306275941431522,0.002473744098097086,0.003978815861046314
0.005624311976134777,0.007133024744689465,0.008231058716773987,0.008710149675607681
0.008468247950077057,0.007514751050621271,0.0059526097029447556,0.00395956402644515
0.0017734086140990257,-0.0003282814286649227,-0.0020630639046430588,-0.0031934152357280254
-0.0035742558538913727,-0.0031759552657604218,-0.002082639141008258
-0.00047756382264196873,0.0013789093354716897,0.0031800554133951664,0.00462217116728425
0.005466969218105078,0.005591083317995071,0.005007382482290268,0.003852670546621084
0.0023476085625588894,0.0007547566201537848,-0.0006551769329234958,-0.0016463311621919274
-0.0020658369176089764,-0.0018690633587539196,-0.0011147481855005026,5.6137796491384506e-05
0.0014467127621173859,0.0028312597423791885,0.003977542743086815,0.004666591063141823
0.004724626429378986,0.004061977844685316,0.0026894439943134785
0.0007123912218958139,-0.0016719475388526917,-0.004196027293801308,-0.006587423384189606
-0.008628681302070618,-0.01017292682081461,-0.0111427316442132,-0.011529329232871532
-0.0113834785297513,-0.010803163051605225,-0.009925649501383305,-0.008919629268348217
-0.007970116101205349,-0.0072494554333388805,-0.00688193179666996,-0.006921771913766861
-0.0073481108993291855,-0.008068496361374855,-0.008932198397815228,-0.009756485931575298
-0.010359030216932297,-0.010581796057522297,-0.01030169427394867
-0.009444786235690117,-0.00800998229533434,-0.006085698492825031,-0.0038512791506946087
-0.0015601394698023796,0.0004974803887307644,0.002046680310741067,0.002885088324546814,0.002921315375715494
0.002176489681005478,0.0007621736731380224,-0.001141464221291244,-0.0033012828789651394
-0.005458111874759197,-0.007371651940047741,-0.008856362663209438,-0.009797533974051476,-0.01016310229897499,-0.010002266615629196,-0.009421049617230892,-0.008562199771404266
-0.007602535653859377,-0.0067358422093093395,-0.0061243255622684956,-0.005848715081810951
-0.005890275817364454,-0.006148506887257099,-0.006475628819316626,-0.0067036994732916355
-0.006657967809587717,-0.006174977403134108,-0.005142875947058201,-0.003549672197550535
-0.0015007341280579567,0.0008102625142782927,0.0031496158335357904,0.0052791982889175415,0.0069757187739014626,0.008055252954363823,0.008415855467319489,0.008066100999712944,0.007109672762453556,0.005714378319680691,0.004092084709554911,0.0024735573679208755,0.0010714586824178696
4.697870463132858e-05,-0.0005096917157061398,-0.0005867619765922427,-0.0002499179681763053,0.0003718513762578368,0.0011157302651554346,0.001819487544707954,0.0023501524701714516,0.0026171409990638494,0.002567368559539318,0.0021820778492838144,0.0014895547647029161
0.0005807398119941354,-0.0003872597008012235,-0.0012069024378433824,-0.0016548053827136755
-0.0015383961144834757,-0.0007461559725925326,0.0007250069756992161,0.0027830945327878,0.005266047082841396,0.00795656442642212,0.010604864917695522
0.012961558997631073,0.014803449623286724,0.015957560390233994,0.01632770523428917
0.01591106876730919,0.01480143889784813,0.013170615769922733,0.011221610009670258
0.009151246398687363,0.007146692834794521,0.005380203947424889,0.00398620730265975
0.0030426266603171825,0.002559721004217863,0.002474475186318159,0.0026650100480765104,0.0029861140064895153,0.0033000505063682795,0.0034887397196143866,0.0034656638745218515,0.003199733328074217,0.0027334364131093025,0.002173362299799919
0.0016566573176532984,0.0013194842031225562,0.0012799400137737393,0.001623026910237968
0.002384810708463192,0.0035423263907432556,0.0050071184523403645,0.006635311059653759
0.008263537660241127,0.009737301617860794,0.010912125930190086,0.011653595604002476
0.011853812262415886,0.011459603905677795,0.010494638234376907,0.00905701331794262
0.00729715172201395,0.005388950929045677,0.0035049142315983772,0.0018053418025374413
0.0004295790567994118,-0.0005306734819896519,-0.001064065843820572
-0.0012480126461014152,-0.0012259980430826545,-0.0011721850605681539,-0.0012605192605406046
-0.001638967078179121,-0.002398635959252715,-0.0035385070368647575,-0.00494859553873539
-0.006427621468901634,-0.007718963548541069,-0.008552821353077888,-0.008698846213519573
-0.008012278005480766,-0.0064613246358931065,-0.004145221784710884,-0.0012884307652711868
0.0018014678498730063,0.00478281220421195,0.00732014887034893,0.009123405441641808
0.009979745373129845,0.009782074019312859,0.008561723865568638
0.006504746153950691,0.003920669201761484,0.0011618388816714287,-0.0014595495304092765
-0.003709502052515745,-0.005438043270260096,-0.006586875766515732,-0.007194549776613712
-0.007391352206468582,-0.007387892808765173,-0.007432736922055483,-0.007732298690825701
-0.008391747251152992,-0.009420123882591724,-0.010767782106995583,-0.01235111616551876
-0.014053449034690857,-0.01571563631296158,-0.017148198559880257,-0.018174700438976288
-0.018669094890356064,-0.01856256276369095,-0.01783793978393078
-0.016530781984329224,-0.014732674695551395,-0.012582004070281982,-0.010243863798677921
-0.007892690598964691,-0.005696112290024757,-0.003796389326453209,-0.002296492923051119
-0.0012502716854214668,-0.0006541002076119184,-0.00045375246554613113,-0.0005680040922015905
-0.0009067884529940784,-0.0013813398545607924,-0.0019116464536637068,-0.0024262722581624985
-0.0028718430548906326,-0.003238638862967491,-0.003567897714674473,-0.003928338177502155
-0.004386463202536106,-0.004986703395843506,-0.005744258873164654
-0.0066425492987036705,-0.007626390550285578,-0.008600715547800064,-0.00944329984486103
-0.01002846471965313,-0.01025349646806717,-0.010052668862044811,-0.009391595609486103
-0.008257062174379826,-0.006670959759503603,-0.004725656006485224,-0.0025931461714208126
-0.00048626866191625595,0.0013957975897938013,0.002905083354562521,0.003953310661017895
0.004501324146986008,0.004560509696602821,0.004212866071611643,0.0036167690996080637
0.0029753963463008404,0.0024792090989649296,0.002258158987388015
0.0023769016843289137,0.0028577556367963552,0.0036928539630025625,0.004840103909373283
0.006206408143043518,0.007625553756952286,0.008863949216902256,0.009666379541158676,0.009812839329242706,0.009164386428892612,0.00769704720005393,0.0055223023518919945
0.002889601979404688,0.00016370974481105804,-0.0022341981530189514,-0.0039080288261175156
-0.00455476576462388,-0.0040154727175831795,-0.0023191554937511683,0.0003121602348983288
0.003518241224810481,0.006878668442368507,0.009973224252462387
0.01242294255644083,0.013933952897787094,0.014350282028317451,0.013688541017472744
0.01213064230978489,0.009980600327253342,0.00759939756244421,0.005335607565939426
0.0034769298508763313,0.00222506420686841,0.0016816540155559778,0.0018425611779093742
0.0025963755324482918,0.0037402412854135036,0.005033574067056179,0.006263851188123226
0.007282489910721779,0.008001871407032013,0.008373038843274117,0.00838083028793335
0.008063144981861115,0.007515916600823402,0.006867609452456236
0.0062458934262394905,0.005749805830419064,0.005429355427622795,0.005288349464535713
0.0053063794039189816,0.005445690359920263,0.005643016658723354,0.005813160911202431,0.0058653694577515125,0.005726684350520372,0.005365926306694746,0.004797917325049639
0.004067545291036367,0.0032342446502298117,0.002359808189794421,0.0014982661232352257
0.0006993989227339625,2.2236257791519165e-05,-0.00046765984734520316,-0.0007270885398611426
-0.0007625659345649183,-0.00062542938394472,-0.00038121745456010103,-8.764065569266677e-05
0.00020373985171318054,0.00043630055733956397,0.0005450921598821878,0.00047596433432772756
0.0002243937342427671,-0.00014267463120631874,-0.0005133722443133593,-0.0007758083520457149
-0.0008330538403242826,-0.000595862977206707,1.4966644812375307e-05,0.001043336815200746
0.002455177716910839,0.004114847630262375,0.0058136628940701485,0.007327956147491932
0.008466925472021103,0.009096045047044754,0.009138005785644054,0.008565396070480347,0.007401476614177227
0.005736221559345722,0.003739774227142334,0.0016380739398300648,-0.000350315123796463,-0.0020706928335130215,-0.0034472248516976833,-0.004478146322071552,-0.005234529264271259
-0.005844512954354286,-0.00645768316462636,-0.007214452605694532,-0.008233494125306606
-0.009599096141755581,-0.01133120059967041,-0.013357087969779968,-0.015515763312578201
-0.01759672537446022,-0.01938684657216072,-0.020697133615612984,-0.0213625505566597,-0.021235883235931396,-0.020202331244945526,-0.018218908458948135
-0.015353189781308174,-0.011797958984971046,-0.007853874005377293,-0.0038746651262044907
-0.0002031596377491951,0.0028615333139896393,0.0050823502242565155,0.006317003630101681,0.006547989323735237,0.005883917678147554,0.004527573473751545,0.002729981206357479
0.0007551764138042927,-0.0011512008495628834,-0.0027969926595687866,-0.004062923137098551,-0.00490888487547636,-0.005385769531130791,-0.005636065732687712,-0.0058591230772435665
-0.006253405939787626,-0.006961427628993988,-0.008035078644752502
-0.00943494588136673,-0.011055905371904373,-0.012749266810715199,-0.014330687001347542
-0.015590435825288296,-0.01631946489214897,-0.016348987817764282,-0.015588496811687946
-0.014045246876776218,-0.011818145401775837,-0.009074591100215912,-0.006028627045452595
-0.0029270038940012455,-2.7367379516363144e-05,0.0024457606486976147,0.004348629619926214
0.005641930270940065,0.0063869524747133255,0.006716443691402674,0.0067918673157691956
0.006771797779947519,0.006793657783418894,0.0069573107175529
0.007310917600989342,0.007842623628675938,0.008484367281198502,0.009133354760706425
0.009678065776824951,0.010007379576563835,0.010001405142247677,0.00952486414462328
0.008448208682239056,0.006701322738081217,0.00432445527985692,0.0014722063206136227
-0.0016254623187705874,-0.0047059617936611176,-0.007501218467950821,-0.009755171835422516
-0.011242251843214035,-0.01179676316678524,-0.01134524680674076,-0.009916899725794792
-0.007630113512277603,-0.004673031158745289,-0.0012876191176474094
0.002241831738501787,0.005610789638012648,0.008538695052266121,0.010815957561135292
0.012334000319242477,0.013092700392007828,0.013181201182305813,0.012747633270919323
0.011974947527050972,0.0110512375831604,0.010135401971638203,0.009342167526483536
0.008746073581278324,0.008384771645069122,0.008252108469605446,0.008283611387014389
0.008357077836990356,0.008331420831382275,0.008099190890789032,0.007611019536852837
0.006872365716844797,0.005935367662459612,0.0048982203006744385
0.003903081640601158,0.0031142004299908876,0.002682372462004423,0.0027114120312035084
0.0032318737357854843,0.004192804917693138,0.005471289157867432,0.006880396045744419
0.00818013958632946,0.009121440351009369,0.009519457817077637,0.009309128858149052
0.008551383391022682,0.007398685906082392,0.006045857444405556,0.004694802220910788
0.0035388641990721226,0.0027412953786551952,0.0023987973108887672,0.002515496453270316
0.0030037378892302513,0.003703036578372121,0.004412271082401276
0.004937170073390007,0.005138262175023556,0.004954569973051548,0.004399266559630632
0.003546434920281172,0.0025230958126485348,0.0014961997512727976,0.0006419708952307701
0.00011258514132350683,9.049486834555864e-06,0.00035248766653239727,0.0010762927122414112
0.0020569893531501293,0.003152613528072834,0.004223272204399109,0.005134871229529381
0.005748801864683628,0.005923824850469828,0.005553203634917736,0.004607427399605513
0.0031467676162719727,0.0013062995858490467,-0.00072815315797925
-0.0027495897375047207,-0.004567338619381189,-0.0060371533036231995,-0.00707467645406723
-0.0076629300601780415,-0.007855217903852463,-0.007762630935758352,-0.0075255101546645164
-0.007285831030458212,-0.007177642080932856,-0.007323224563151598,-0.007814932614564896
-0.008696163073182106,-0.009949518367648125,-0.011487703770399094,-0.013167916797101498
-0.014825709164142609,-0.016292929649353027,-0.017400598153471947,-0.017988644540309906
-0.01792794093489647,-0.017144178971648216,-0.01562715880572796
-0.013430873863399029,-0.010677097365260124,-0.007555210962891579,-0.004314826801419258
-0.001244526356458664,0.0013801038730889559,0.0033531025983393192,0.004553980194032192
0.004940153565257788,0.0045462073758244514,0.0034748143516480923,0.0018811908084899187
-3.582099452614784e-05,-0.002055749762803316,-0.003980469889938831,-0.005677609238773584
-0.007100836839526892,-0.008282804861664772,-0.009309908375144005,-0.01029047928750515
-0.011322928592562675,-0.012465771287679672,-0.013721870258450508
-0.015046898275613785,-0.016356613487005234,-0.017511192709207535,-0.018306337296962738
-0.018500758334994316,-0.01787310466170311,-0.01628318428993225,-0.013703870587050915
-0.010218971408903599,-0.006013897247612476,-0.001366620883345604,0.0033725332468748093,0.007818310521543026,0.011602622456848621,0.014428829774260521,0.016115622594952583
0.027156904339790344,0.06213603541254997,0.11446704715490341,0.17649035155773163,0.23236286640167236,0.26305416226387024,0.25438594818115234,0.20541518926620483,0.13198502361774445,0.060313496738672256,0.013420401141047478,8.396397606702521e-05
0.013331444002687931,0.03802857547998428,0.06096826121211052,0.07628758996725082,0.08486388623714447,0.09103930741548538,0.09980852901935577
0.1155378594994545,0.14155688881874084,0.1791817992925644,0.225402370095253
0.2706066370010376,0.29940640926361084,0.2962054908275604,0.2534448802471161
0.1779438853263855,0.09124064445495605,0.023065071552991867,0.0002629642840474844
0.034457068890333176,0.11450202018022537,0.21124528348445892,0.2928726375102997
0.33920860290527344,0.3464996814727783,0.32345542311668396,0.2838858366012573
0.24052084982395172,0.20185674726963043,0.17145584523677826
0.14837180078029633,0.1282242387533188,0.10525593906641006,0.07555733621120453
0.04074189439415932,0.01029825210571289,0.0006508048390969634,0.03019678220152855,0.11117333173751831,0.2405036985874176,0.39426663517951965,0.5316052436828613
0.60940021276474,0.601965606212616,0.5144704580307007,0.37977227568626404,0.2404136061668396,0.12872253358364105,0.05672318860888481,0.01915413700044155
0.003784909611567855,1.0648897841747385e-05,0.0019437394803389907
0.007898615673184395,0.019038982689380646,0.03827763348817825,0.06919780373573303
0.11448828130960464,0.17362965643405914,0.24049389362335205,0.3029254972934723
0.3456546366214752,0.35503706336021423,0.3239257335662842,0.2564333379268646
0.16957926750183105,0.08737354725599289,0.02958706207573414,0.003141525899991393
0.0016154508339241147,0.012209034524857998,0.024052321910858154,0.03197719529271126
0.0357525497674942,0.0378408282995224,0.0415458157658577
0.05026013404130936,0.06763164699077606,0.09745723754167557,0.14189910888671875
0.19792883098125458,0.25445684790611267,0.2937377095222473,0.2981474995613098
0.259321391582489,0.1845267117023468,0.09660880267620087,0.026568083092570305
2.8469919470808236e-06,0.024047285318374634,0.08492336422204971,0.1575489342212677
0.21863244473934174,0.25513747334480286,0.2655662000179291,0.2561998963356018
0.23604781925678253,0.2130434215068817,0.19195380806922913
0.17348739504814148,0.1546272486448288,0.13053764402866364,0.0977998599410057
0.05803002789616585,0.02026449888944626,0.00031546183163300157,0.016402604058384895
0.08213929831981659,0.19883236289024353,0.3495755195617676,0.4993719458580017
0.6050924062728882,0.6329338550567627,0.5740520358085632,0.4489712715148926
0.29794764518737793,0.1623254120349884,0.06756591796875,0.017476210370659828,0.00079534255200997,0.0025883233174681664,0.011979889124631882
0.024015605449676514,0.03822445124387741,0.05662444978952408,0.08228231221437454
0.11820147931575775,0.16582085192203522,0.22311677038669586,0.28364554047584534
0.33728909492492676,0.37167394161224365,0.3745995759963989,0.33939436078071594
0.27097615599632263,0.1862030178308487,0.106389120221138,0.04730125889182091
-0.11691391468048096,-0.03173251450061798,0.03521149978041649,0.08461155742406845
0.12027055025100708,0.14859747886657715,0.17719942331314087
0.21302847564220428,0.26084139943122864,0.32230842113494873,0.3958023488521576
0.4765084683895111,0.5563705563545227,0.6244685649871826,0.6688876152038574
0.6793164014816284,0.648912250995636,0.575721800327301,0.46416157484054565
0.3253118395805359,0.1748923361301422,0.029641151428222656,-0.09666423499584198
-0.1963260918855667,-0.2685697674751282,-0.31800809502601624,-0.35209357738494873
-0.37874728441238403,-0.4046381711959839,-0.4341717064380646
-0.4688014090061188,-0.5061256885528564,-0.5392937660217285,-0.5580384731292725,-0.5513532161712646,-0.5104245543479919,-0.4307146668434143,-0.31290456652641296,-0.1628369688987732,0.009036943316459656,0.1881679892539978,0.3568245768547058
0.49634456634521484,0.5904269218444824,0.6284607648849487,0.6082135438919067
0.5368553400039673,0.4291696846485138,0.30313611030578613,0.1750854253768921
0.05697932839393616,-0.044125624001026154,-0.12593522667884827
-0.19031289219856262,-0.2418428212404251,-0.2860299348831177,-0.3277498781681061
-0.37007948756217957,-0.41360095143318176,-0.4566279351711273,-0.4962233603000641
-0.5287137031555176,-0.5490630865097046,-0.5504391193389893,-0.5256054997444153
-0.47003355622291565,-0.38484662771224976,-0.2774810791015625,-0.15946978330612183
-0.04289701581001282,0.062122613191604614,0.14833594858646393,0.21196192502975464
0.25358474254608154,0.27826446294784546,0.2941499948501587
0.3102140426635742,0.33411312103271484,0.37070125341415405,0.4212172329425812
0.4828066825866699,0.5485498309135437,0.6088967323303223,0.6539446115493774
0.6747716665267944,0.6639183759689331,0.6161912679672241,0.5299084782600403
0.4083443582057953,0.26087164878845215,0.10230296850204468,-0.05061976611614227
-0.18407100439071655,-0.29032278060913086,-0.368000864982605,-0.4204464554786682
-0.4535728096961975,-0.4739687144756317,-0.4875243008136749
-0.4983539879322052,-0.5075167417526245,-0.5121661424636841,-0.5064915418624878,-0.483811616897583,-0.43812671303749084,-0.36512473225593567
-0.26317137479782104,-0.13410702347755432,0.016151726245880127,0.17720551788806915
0.33461156487464905,0.4717356562614441,0.5726219415664673,0.6250585913658142
0.6234490871429443,0.5706833600997925,0.4774048328399658,0.3586879372596741
0.2304372489452362,0.10718074440956116,0.0007134228944778442,-0.08151035755872726
-0.1377318650484085,-0.17160749435424805,-0.1902998983860016,-0.20208753645420074
-0.21433541178703308,-0.232228621840477,-0.2583644986152649,-0.2927131652832031
-0.3321946859359741,-0.3700946569442749,-0.3965415358543396,-0.4007003605365753
-0.3742496073246002,-0.314824640750885,-0.22748079895973206,-0.12322132289409637
-0.015770018100738525,0.08149642497301102,0.15777230262756348,0.20638507604599,0.2255057394504547,0.21821147203445435,0.19235047698020935
0.15951913595199585,0.1326809674501419,0.12338319420814514,0.13947242498397827
0.18355430662631989,0.25277960300445557,0.3400682806968689,0.4352433979511261
0.5254207849502563,0.5961204171180725,0.6336979866027832,0.6279816627502441
0.5744028687477112,0.47570720314979553,0.3422691226005554,0.18935278058052063
0.03238797187805176,-0.11651252955198288,-0.24953565001487732,-0.36265358328819275
-0.454639196395874,-0.5260729789733887,-0.5785020589828491
-0.6135309934616089,-0.6317571401596069,-0.6323708891868591,-0.6136542558670044
-0.5733053088188171,-0.508551299571991,-0.41696783900260925,-0.2978151738643646
-0.15307709574699402,0.01195169985294342,0.1881723403930664,0.36257827281951904
0.5194292068481445,0.642670750617981,0.7187929153442383,0.7397664785385132
0.705528199672699,0.6243105530738831,0.5099294781684875,0.3782556653022766
0.24504169821739197,0.12404230237007141,0.02460329234600067
-0.049753665924072266,-0.10094838589429855,-0.13488449156284332,-0.15948492288589478
-0.1826009750366211,-0.21039855480194092,-0.24657459557056427,-0.29223036766052246
-0.3459503948688507,-0.4035801291465759,-0.45773857831954956,-0.49824750423431396
-0.514683723449707,-0.5002912282943726,-0.4545709788799286,-0.38281092047691345
-0.2938809394836426,-0.19817408919334412,-0.10572108626365662,-0.024670198559761047
0.03944854065775871,0.08464713394641876,0.11357548832893372
0.13311953842639923,0.15224763751029968,0.17945553362369537,0.22080159187316895
0.27881044149398804,0.35226351022720337,0.4365365505218506,0.5237851142883301
0.6030295491218567,0.6612074375152588,0.6855310201644897,0.6663143038749695
0.599644124507904,0.4893302321434021,0.34659940004348755,0.18667343258857727
0.024229973554611206,-0.12946583330631256,-0.26725322008132935,-0.38557514548301697
-0.4835120737552643,-0.5617693662643433,-0.6218869090080261
-0.6657058000564575,-0.6948827505111694,-0.7100091576576233,-0.7093712091445923
-0.6884722709655762,-0.6412351727485657,-0.5622743964195251,-0.44897526502609253
-0.30269744992256165,-0.12902647256851196,0.06261052191257477,0.25937047600746155
0.44543108344078064,0.6033161282539368,0.7166259288787842,0.7736916542053223
0.7706957459449768,0.7122095227241516,0.6091518998146057,0.47651535272598267
0.331463098526001,0.19067737460136414,0.06768915057182312
-0.028609387576580048,-0.09489062428474426,-0.13387274742126465,-0.15328815579414368
-0.16343578696250916,-0.17453044652938843,-0.1946953386068344,-0.22883638739585876
-0.27818232774734497,-0.33989518880844116,-0.40660107135772705,-0.4669775068759918
-0.5086296796798706,-0.5222402811050415,-0.5042418241500854,-0.45696908235549927
-0.3872608244419098,-0.3041580021381378,-0.21672824025154114,-0.1331181824207306
-0.0597480833530426,0.0003765597939491272,0.04879022762179375
0.0907493606209755,0.13309350609779358,0.1820479929447174,0.24162054061889648
0.3127780854701996,0.393424928188324,0.47877293825149536,0.5613586902618408
0.630947470664978,0.6755756139755249,0.6839277148246765,0.6480457186698914
0.5657855868339539,0.4423772692680359,0.28958234190940857,0.12233901023864746
-0.04489867389202118,-0.20048829913139343,-0.3364817500114441,-0.4483577013015747
-0.5343563556671143,-0.595047116279602,-0.6328973770141602
-0.6515708565711975,-0.6550021171569824,-0.646077036857605,-0.6250654458999634
-0.5889418721199036,-0.5324928760528564,-0.4505745768547058,-0.34021326899528503
-0.20187321305274963,-0.03988733887672424,0.1377289891242981,0.3198162913322449
0.4927375614643097,0.6413305997848511,0.7507494688034058,0.8094121813774109
0.8118357062339783,0.7596153020858765,0.6607783436775208,0.5287289619445801
0.3803456425666809,0.23301902413368225,0.10195443034172058
-0.0019383728504180908,-0.0739695206284523,-0.11642997711896896,-0.13722512125968933
-0.14710724353790283,-0.15684793889522552,-0.17511872947216034,-0.20729096233844757
-0.25497639179229736,-0.31573328375816345,-0.38262230157852173,-0.444552481174469
-0.4885962903499603,-0.5036812424659729,-0.4839361011981964,-0.4302350580692291
-0.3489603102207184,-0.2490692436695099,-0.1403059959411621,-0.032843172550201416
0.06394785642623901,0.14384017884731293,0.20524512231349945
0.25091832876205444,0.2864046096801758,0.31806182861328125,0.35131585597991943
0.3894997835159302,0.43340805172920227,0.4813648760318756,0.5292396545410156
0.5702515840530396,0.5953058004379272
0.5944846868515015,0.5593892931938171,0.4855206608772278,0.37383967638015747,0.23119685053825378,0.06957045197486877,-0.0964641273021698,-0.25323203206062317,-0.3901025056838989,-0.5000767707824707,-0.5801596641540527,-0.6313424110412598,-0.6576509475708008,-0.6647359132766724,-0.658379852771759,-0.6427215337753296,-0.6187289357185364,-0.5842306613922119,-0.5353134870529175,-0.4677087068557739,-0.37793540954589844,-0.2644718885421753,-0.1286236047744751,0.025204777717590332,0.18962252140045166,0.3542388379573822,0.5057178139686584,0.6289987564086914
0.7099273800849915,0.7381693124771118,0.7095796465873718,0.627851128578186
0.504476010799408,0.356253981590271,0.20187518000602722,0.059106022119522095
-0.05810381472110748,-0.1425216794013977,-0.19460740685462952,-0.22091415524482727
-0.23123325407505035,-0.23583100736141205,-0.2433949112892151,-0.2598363757133484
-0.2876892387866974,-0.3255000114440918,-0.36724650859832764,-0.40291109681129456
-0.4207827150821686,-0.41083046793937683,-0.3680151104927063,-0.29367271065711975
-0.19405367970466614,-0.07821200788021088,0.0427362322807312,0.15620753169059753
0.2501194179058075,0.31561848521232605,0.34930193424224854
0.3541213870048523,0.3384740352630615,0.3137800395488739,0.2916436493396759
0.2815198302268982,0.2892518639564514,0.31655967235565186,0.3613266348838806
0.4181000590324402,0.4782041609287262,0.5299900770187378,0.5603560209274292
0.557497501373291,0.5140382051467896,0.4295136034488678,0.3104488253593445
0.1675165593624115,0.012223616242408752,-0.1446172446012497,-0.29327964782714844
-0.4258307218551636,-0.5370022058486938,-0.6243987083435059
-0.6880152821540833,-0.7294069528579712,-0.7505651116371155,-0.7527338862419128
-0.7358016967773438,-0.6984203457832336,-0.6384042501449585,-0.5533654689788818
-0.44178664684295654,-0.3042008578777313,-0.14394059777259827,0.032509103417396545
0.21508139371871948,0.3899863362312317,0.5410304069519043,0.6524244546890259
0.7120499610900879,0.7144808769226074,0.6625170707702637,0.5660687685012817,0.4397263526916504,0.3007936179637909,0.16714000701904297
0.0538458377122879,-0.030295953154563904,-0.0842878520488739,-0.11372122168540955
-0.1279985010623932,-0.13741546869277954,-0.15088751912117004,-0.17456811666488647
-0.21117904782295227,-0.25976571440696716,-0.31587737798690796,-0.3719561994075775
-0.41802263259887695,-0.4438726603984833,-0.44239112734794617,-0.41101229190826416
-0.3505827784538269,-0.26447585225105286,-0.1592310070991516,-0.044753432273864746
0.06704959273338318,0.16444885730743408,0.2385995239019394
0.2862066626548767,0.3103967308998108,0.3191373348236084,0.32244232296943665,0.32972052693367004,0.34785589575767517,0.3801836371421814,0.4262363016605377
0.4817052185535431,0.5383625030517578,0.5847073793411255,0.6079972982406616,0.597159743309021,0.545738160610199,0.4539344012737274,0.32838502526283264
0.17966192960739136,0.019657403230667114,-0.1398181915283203,-0.28814697265625,-0.41727370023727417,-0.5225065350532532,-0.6023282408714294
-0.6576640605926514,-0.6910052299499512,-0.7054309844970703,-0.7034754157066345
-0.6861550211906433,-0.6526406407356262,-0.6005433797836304,-0.5266237258911133
-0.42798909544944763,-0.3035096228122711,-0.15485745668411255,0.0128927081823349
0.19083763659000397,0.3664841949939728,0.5251258015632629,0.651833713054657
0.7338194847106934,0.7630816102027893,0.7380313277244568,0.6632401347160339
0.5485588908195496,0.40850043296813965,0.2607039511203766
0.12268921732902527,0.00811275839805603,-0.07583259791135788,-0.12907323241233826
-0.1572195142507553,-0.16881442070007324,-0.17285723984241486,-0.17741145193576813
-0.18883377313613892,-0.21107950806617737,-0.24479621648788452,-0.2862454652786255
-0.3272953927516937,-0.3579261600971222,-0.36994314193725586,-0.35868367552757263
-0.32245737314224243,-0.26234081387519836,-0.18272742629051208,-0.0910656750202179
0.003099381923675537,0.08935080468654633,0.15874379873275757
0.20678052306175232,0.23476405441761017,0.24865880608558655,0.25662392377853394
0.2665107846260071,0.28404098749160767,0.31200850009918213,0.35034000873565674
0.3963330090045929,0.444417268037796,0.4858512282371521,0.5096116065979004
0.5048577785491943,0.46413329243659973,0.38573411107063293,0.2736639082431793
0.13556084036827087,-0.019308090209960938,-0.1809011697769165,-0.33860594034194946
-0.4818042516708374,-0.6014057397842407,-0.6916453838348389
-0.7508444786071777,-0.7808811068534851,-0.7859660387039185,-0.7711547017097473
-0.7408947348594666,-0.6978960037231445,-0.6424359083175659,-0.5724226236343384
-0.48451435565948486,-0.37580981850624084,-0.24530655145645142,-0.09475991129875183
0.07102125883102417,0.24408887326717377,0.41319382190704346,0.5642101168632507
0.6822505593299866,0.7550115585327148,0.7752512097358704,0.7415491342544556
0.6586896181106567,0.5378761887550354,0.39515066146850586
0.24821874499320984,0.1133008599281311,0.002208217978477478,-0.07989266514778137
-0.13452328741550446,-0.167894646525383,-0.18844859302043915,-0.20477260649204254
-0.2240149974822998,-0.25076824426651,-0.28603291511535645,-0.32621416449546814,-0.3634577989578247
-0.38831374049186707,-0.39284399151802063,-0.3718896210193634,-0.3233209550380707
-0.2484641969203949,-0.15187281370162964,-0.04046738147735596,0.07667867094278336
0.18860122561454773,0.2846626341342926,0.3579618036746979,0.4071374237537384
0.43563681840896606,0.44969022274017334,0.4561859667301178,0.4609942138195038
0.46798399090766907,0.47874754667282104,0.49284109473228455,0.5080209374427795
0.519855797290802,0.5212408304214478,0.5032144784927368,0.4571666419506073
0.3771752715110779,0.2615218162536621,0.11315125226974487,-0.06075942516326904
-0.24958455562591553,-0.4399223327636719,-0.616814374923706,-0.7663581371307373,-0.8786499500274658
-0.9492413997650146,-0.9788350462913513,-0.9720433354377747,-0.935808539390564
-0.8774746656417847,-0.8026057481765747,-0.7137921452522278,-0.6114404797554016
-0.495277464389801,-0.36509233713150024,-0.22114083170890808,-0.06479901075363159
0.10077730566263199,0.2699844241142273,0.43398553133010864,0.580710768699646
0.696783721446991,0.770675539970398,0.7951738238334656,0.7687678337097168
0.6964271664619446,0.5889818072319031,0.4609830975532532
0.3283337950706482,0.20563876628875732,0.10304656624794006,0.024258628487586975
-0.033024609088897705,-0.07496798783540726,-0.10913138091564178,-0.1424553394317627
-0.17996424436569214,-0.2240404486656189,-0.27374720573425293,-0.3243250846862793
-0.36817216873168945,-0.3973260223865509,-0.4051979184150696,-0.38683566451072693
-0.3393987715244293,-0.26300913095474243,-0.16086381673812866,-0.03926904499530792
0.09191577881574631,0.21992231905460358,0.3315327763557434
0.41639256477355957,0.46981027722358704,0.49362871050834656,0.4948113262653351
0.48287758231163025,0.46738892793655396,0.456050306558609,0.45364072918891907
0.4617348909378052,0.4787152409553528,0.4994814097881317,0.5153692960739136
0.5154505968093872,0.4891366958618164,0.42896994948387146,0.33262312412261963
0.20328447222709656,0.048446327447891235,-0.12148085236549377,-0.29370152950286865
-0.45385870337486267,-0.5886118412017822,-0.6888830661773682
-0.7514774799346924,-0.7785645127296448,-0.7760360240936279,-0.7515964508056641
-0.7127454876899719,-0.6648310422897339,-0.6102517247200012,-0.5492947697639465
-0.48104289174079895,-0.4033769369125366,-0.31324318051338196,-0.2078537940979004
-0.08610577881336212,0.05013011395931244,0.1948423832654953,0.33801960945129395
0.4679676294326782,0.5738824009895325,0.64716637134552,0.6825246810913086
0.6785792112350464,0.6371615529060364,0.563021719455719
0.46444272994995117,0.3522395193576813,0.23672062158584595,0.12517407536506653,0.0212724506855011,-0.07419326156377792,-0.16208669543266296,-0.2437441051006317
-0.3201332688331604,-0.39117830991744995,-0.4548000395298004,-0.5063703060150146
-0.5400289297103882,-0.5509060621261597,-0.5359818935394287,-0.49412867426872253
-0.4266051948070526,-0.3369405269622803,-0.23007139563560486,-0.11249035596847534
0.006864368915557861,0.11695265769958496,0.20666593313217163
0.26775363087654114,0.29762595891952515,0.30053359270095825,0.28624093532562256
0.2670603394508362,0.254779577255249,0.2583569288253784,0.28261828422546387
0.3279048800468445,0.3902062177658081,0.4611997604370117,0.5286452770233154
0.5781659483909607,0.5962220430374146,0.5730641484260559,0.5046653151512146
0.39308637380599976,0.24544838070869446,0.07240498065948486,-0.11292275786399841
-0.29534220695495605,-0.45862144231796265,-0.5884445309638977
-0.6759204268455505,-0.7191306352615356,-0.7222597599029541,-0.6932052969932556
-0.640455961227417,-0.5708860754966736,-0.48975878953933716,-0.40140300989151,-0.30875033140182495,-0.21263283491134644,-0.11226888000965118,-0.006553784012794495
0.10461220145225525,0.21889841556549072,0.33086737990379333,0.4331052899360657
0.5179529190063477,0.5788981914520264,0.6121314167976379,0.6171389818191528,0.5952879190444946,0.548430323600769,0.4796648323535919
0.3951014578342438,0.30412235856056213,0.21741259098052979,0.14358505606651306
0.08610384166240692,0.04249374568462372,0.006061866879463196,-0.03138258680701256
-0.07709711045026779,-0.13555972278118134,-0.2072058916091919,-0.28845593333244324
-0.37310144305229187,-0.4533909857273102,-0.5205115079879761,-0.5658057928085327
-0.5821927785873413,-0.5647464990615845,-0.5113344192504883,-0.4237762987613678
-0.30838650465011597,-0.1755509078502655,-0.03873603045940399
0.08776712417602539,0.19249558448791504,0.2697853147983551,0.3202255368232727
0.34898388385772705,0.36339420080184937,0.3708173930644989,0.37720614671707153
0.38636937737464905,0.3996161222457886,0.4152578115463257,0.4280589520931244
0.4296746850013733,0.41056281328201294,0.3625216782093048,0.28075817227363586
0.1649639904499054,0.01937316358089447,-0.1477460265159607,-0.32438918948173523
-0.4950674772262573,-0.6424969434738159,-0.7513229846954346
-0.8122099041938782,-0.8239332437515259,-0.7925426363945007,-0.7283901572227478
-0.6424940824508667,-0.5440257787704468,-0.44002342224121094,-0.3359772861003876
-0.2358006238937378,-0.1419285535812378,-0.055635884404182434,0.023293405771255493,0.09680803120136261,0.16787543892860413,0.23926764726638794,0.3121635317802429
1.925105243572034e-05,0.015371543355286121,0.05755962058901787,0.11897102743387222,0.1881827414035797,0.2534158527851105,0.30489814281463623,0.3360298275947571,0.3433968126773834,0.3261438310146332,0.2862361967563629,0.22889238595962524
0.16192886233329773,0.09513185173273087,0.03965960443019867,0.006181980948895216,0.002294239355251193,0.03042072430253029,0.08687837421894073
0.16286684572696686,0.24711060523986816,0.32862985134124756,0.39858028292655945
0.45102378726005554,0.4828166365623474,0.49289241433143616,0.4817298352718353
0.45124319195747375,0.40393686294555664,0.34175580739974976,0.26670506596565247
0.1832537055015564,0.10075699537992477,0.03403602913022041,0.0010394639102742076
0.01765464060008526,0.0906527116894722,0.21281678974628448,0.3648126423358917
0.5223070979118347,0.6626237630844116,0.7668797969818115
0.8191266655921936,0.8079016804695129,0.7312020063400269,0.6007051467895508
0.44077613949775696,0.2809448838233948,0.14676198363304138,0.05411619693040848
0.0076035670936107635,0.0021346169523894787,0.026414945721626282,0.06725364178419113
0.11360327899456024,0.15859250724315643,0.19918805360794067,0.23437578976154327
0.2628156542778015,0.2818174660205841,0.2888525724411011,0.28365620970726013
0.2685178220272064,0.24663116037845612,0.21984194219112396
0.1878012865781784,0.1493765413761139,0.10528977960348129,0.060307614505290985
0.022904230281710625,0.002138804877176881,0.004025046247988939,0.029227452352643013
0.07331527024507523,0.1293943077325821,0.19076679646968842,0.2516338527202606
0.30568793416023254,0.34471654891967773,0.35979169607162476,0.34439677000045776
0.2972426414489746,0.2242872267961502,0.13924413919448853,0.061291102319955826
0.01054883748292923,0.002892830641940236,0.04537937790155411
0.13383616507053375,0.25390738248825073,0.3850037753582001,0.5052074790000916
0.5955190658569336,0.6423850655555725,0.6389481425285339,0.5867924094200134,0.49705934524536133,0.3877577781677246,0.277491956949234,0.1795285940170288
0.10021423548460007,0.04198121279478073,0.007462777197360992,0.001659861532971263
0.030788736417889595,0.09804172813892365,0.1998009830713272,0.32581067085266113,0.4620661735534668,0.5929489731788635,0.7013208270072937
0.7687035202980042,0.7785990238189697,0.7235084176063538,0.6113778352737427
0.46457675099372864,0.31117022037506104,0.175877645611763,0.07532627135515213
0.01701243966817856,3.219128484488465e-05,0.01615896448493004,0.05232243239879608
0.09500028192996979,0.13402654230594635,0.16412252187728882,0.1841820627450943
0.19525352120399475,0.1988329142332077,0.19601289927959442,0.1874093860387802
0.1736823320388794,0.15561442077159882,0.13376662135124207
0.10856185853481293,0.0807204619050026,0.05204815790057182,0.025990888476371765
0.007128446362912655,1.3625810879602795e-07,0.007571167312562466,0.030140014365315437
0.06582575291395187,0.11192838102579117,0.16577421128749847,0.22446133196353912
0.28364965319633484,0.33666282892227173,0.37491104006767273,0.38904869556427
0.6091660261154175,0.5640324354171753,0.4859105348587036,0.3752649426460266,0.2357075810432434,0.07407498359680176,-0.09964877367019653
-0.27336278557777405,-0.4350410997867584,-0.5746889114379883,-0.6851751208305359,-0.7621415853500366,-0.8033787608146667,-0.8087156414985657,-0.7807788252830505,-0.7253514528274536,-0.650509238243103,-0.5646604895591736,-0.4741935729980469
-0.3822992146015167,-0.28941458463668823,-0.19413742423057556,-0.09426982700824738
0.011782541871070862,0.12354361265897751,0.23764197528362274,0.3486289083957672
0.4510890245437622,0.541181206703186,0.6164767742156982
0.6743460893630981,0.7104290723800659,0.7192710638046265,0.6970394253730774,0.6437247395515442,0.563335657119751,0.4626551866531372,0.3494168221950531
0.23123568296432495,0.11561724543571472,0.009288281202316284,-0.0832354873418808,-0.1601126492023468,-0.22178852558135986,-0.2706846296787262,-0.31065553426742554
-0.3457295894622803,-0.3783263564109802,-0.4081879258155823,-0.43316274881362915,-0.45084282755851746,-0.4595607817173004,-0.45839178562164307
-0.44610098004341125,-0.4199639558792114,-0.37595266103744507,-0.31027889251708984
-0.22141820192337036,-0.11177189648151398,0.012316837906837463,0.14244908094406128
0.270269513130188,0.38863715529441833,0.4921586811542511,0.5772648453712463
0.6419415473937988,0.6852452754974365,0.7062398195266724,0.7027547955513
0.6713473200798035,0.6086227893829346,0.5127670764923096,0.38458630442619324
0.22823193669319153,0.05187225341796875,-0.1326611042022705
-0.312050461769104,-0.47400641441345215,-0.6089134216308594,-0.7109180688858032
-0.7781716585159302,-0.8121302127838135,-0.8164460062980652,-0.7954861521720886
-0.7533392310142517,-0.6941091418266296,-0.6221533417701721,-0.5415592193603516
-0.455547571182251,-0.3657151460647583,-0.2714795768260956,-0.17072844505310059
-0.06167574226856232,0.054965294897556305,0.17514413595199585,0.29294702410697937
0.4029052257537842,0.5012092590332031,0.5854527950286865
0.6532262563705444,0.7005069255828857,0.7214000821113586,0.709811270236969,0.6623532176017761,0.5807768702507019,0.47172069549560547
0.34426549077033997,0.20827019214630127,0.07377800345420837,-0.05005733668804169
-0.1559031754732132,-0.23873978853225708,-0.2968541383743286,-0.33249610662460327
-0.3509708046913147,-0.3586442768573761,-0.3611130118370056,-0.36229050159454346
-0.36412110924720764,-0.36677393317222595,-0.369535893201828,-0.37142235040664673
-0.3705156743526459,-0.36301761865615845,-0.3433845639228821,-0.3057191073894501
-0.2460414171218872,-0.16411304473876953,-0.06333261728286743,0.05052245408296585
0.17041213810443878,0.2892509996891022,0.4011662006378174,0.5020322799682617
0.5892236232757568,0.6609839200973511,0.7155631184577942,0.750275731086731,0.7611916661262512,0.7442355155944824,0.6968966126441956,0.6189313530921936,0.5122762322425842,0.3810984790325165,0.23163920640945435
0.07175686955451965,-0.08951956778764725,-0.24298004806041718,-0.38076743483543396
-0.4974079728126526,-0.5897804498672485,-0.6561318635940552,-0.6951858997344971
-0.7066765427589417,-0.6926251649856567,-0.6576374769210815,-0.6077485680580139
-0.5484151840209961,-0.48281171917915344,-0.41127175092697144,-0.3317640423774719
-0.24123942852020264,-0.13764908909797668,-0.02167297899723053,0.10287924855947495
0.23010297119617462,0.3536674380302429,0.46799731254577637
0.5682629346847534,0.6494154334068298,0.705307126045227,0.72922682762146
0.7163563966751099,0.6662753820419312,0.5830920338630676,0.4739376902580261
0.34762534499168396,0.21348804235458374,0.08056476712226868,-0.04281903803348541
-0.1498490273952484,-0.23624210059642792,-0.3009469509124756,-0.3462482988834381
-0.3769529461860657,-0.3988720774650574,-0.41702505946159363,-0.4340248703956604
-0.44976475834846497,-0.46275097131729126,-0.47157230973243713
-0.4753466248512268,-0.47319310903549194,-0.4629746973514557,-0.44045424461364746
-0.40026357769966125,-0.3379810154438019,-0.25181448459625244,-0.14366686344146729
-0.01909753680229187,0.11437466740608215,0.2493424415588379,0.37948763370513916
0.4995731711387634,0.6052370071411133,0.692745566368103,0.7582249641418457
0.797082245349884,0.8049060702323914,0.7787858247756958,0.7175998687744141
0.6221078038215637,0.49543827772140503,0.3435414731502533
0.17548054456710815,0.0027486979961395264,-0.16276365518569946,-0.3108166456222534
-0.43407613039016724,-0.5285569429397583,-0.5932794809341431,-0.6297862529754639
-0.6418217420578003,-0.6347560882568359,-0.6147047877311707,-0.5876301527023315
-0.5585620999336243,-0.5307409763336182,-0.5043567419052124,-0.4755365252494812
-0.43696966767311096,-0.3803637623786926,-0.2997547686100006,-0.19426172971725464
-0.06841075420379639,0.0702178105711937,0.21368657052516937
0.3549249470233917,0.48744773864746094,0.6042144894599915,0.6972709894180298
0.7593109011650085,0.7855363488197327,0.7742053866386414,0.7263484597206116
0.645261824131012,0.5361281633377075,0.4058804512023926,0.263159841299057
0.11825627088546753,-0.01806369423866272,-0.1372123658657074,-0.23487186431884766
-0.3110341429710388,-0.36850935220718384,-0.4106985330581665,-0.43971338868141174
-0.45628875494003296,-0.46122995018959045,-0.4565267264842987
-0.44517746567726135,-0.42989835143089294,-0.4112435579299927,-0.3864714503288269
-0.3502703905105591,-0.2969730496406555,-0.22325840592384338,-0.12983232736587524
-0.020824506878852844,0.09811597317457199,0.22119766473770142,0.34288516640663147
0.45785510540008545,0.561139702796936,0.6482797861099243,0.7149444818496704
0.7567923665046692,0.7701420187950134,0.7524509429931641,0.702459454536438
0.6205182075500488,0.5090007185935974,0.3729495406150818
0.22026872634887695,0.06067138910293579,-0.0956793799996376,-0.23951271176338196
-0.36412984132766724,-0.46640652418136597,-0.5463932752609253,-0.6061204671859741
-0.6483625173568726,-0.6758625507354736,-0.6911158561706543,-0.696357786655426
-0.6934551000595093,-0.6834164261817932,-0.6652357578277588,-0.6348613500595093
-0.5857622027397156,-0.5112603306770325,-0.40758922696113586,-0.2761828303337097
-0.12353941798210144,0.04116334021091461,0.208528071641922
0.37004509568214417,0.5177692174911499,0.6432602405548096,0.7372754216194153
0.791235089302063,0.7998985648155212,0.7632542848587036,0.6859862804412842
0.575451672077179,0.4400410056114197,0.2884315550327301,0.1298311948776245
-0.02527625858783722,-0.16578108072280884,-0.28254175186157227,-0.3706962466239929
-0.4300299286842346,-0.46380576491355896,-0.47687339782714844,-0.47405192255973816
-0.4595690369606018,-0.4370751678943634,-0.40968164801597595
-0.3800298571586609,-0.35002321004867554,-0.32019296288490295,-0.2891451418399811
-0.25329145789146423,-0.20739790797233582,-0.1463484913110733,-0.06747812032699585
0.02793499082326889,0.1352730542421341,0.24860234558582306,0.3620675206184387
0.4702906608581543,0.5685864686965942,0.6528860926628113,0.7195740938186646
0.7656734585762024,0.7887462973594666,0.7866594791412354,0.7578347325325012
0.7014039158821106,0.6172619462013245,0.5065152049064636
0.3720078766345978,0.21875974535942078,0.05412757396697998,-0.11297810077667236
-0.2736716568470001,-0.42041701078414917,-0.5474468469619751,-0.6503829956054688,-0.7258883714675903,-0.772101879119873
-0.7893252372741699,-0.7801279425621033,-0.7488517165184021,-0.7006047964096069,-0.6399438381195068,-0.5698120594024658,-0.490935742855072,-0.4018639326095581
-0.3001526892185211,-0.1842399537563324,-0.05505901575088501,0.08317164331674576
0.223753422498703,0.3596530258655548,0.4851030111312866,0.595395565032959
0.685468316078186,0.7491909265518188,0.7806590795516968,0.7763300538063049
0.7360935211181641,0.6631057262420654,0.5628724098205566,0.4421093463897705
0.30849489569664,0.17096033692359924,0.039020001888275146,-0.07860104739665985
-0.1753786951303482,-0.24844640493392944,-0.29918554425239563,-0.3322741985321045
-0.3537561893463135,-0.3687940239906311,-0.38016119599342346,-0.388584703207016
-0.3942441940307617,-0.3977288603782654,-0.39970633387565613,-0.3994910418987274
-0.39359068870544434,-0.3757331371307373,-0.33884212374687195,-0.27816349267959595
-0.19361227750778198,-0.08956563472747803,0.027024254202842712,0.14827567338943481
0.2665119171142578,0.3749954402446747,0.46832120418548584,0.5427979826927185
0.5964248180389404,0.6283786296844482,0.6384291648864746,0.6260460615158081
0.5896225571632385,0.5268706679344177,0.43619880080223083
0.31819191575050354,0.1767023205757141,0.019024550914764404,-0.14512741565704346
-0.3053071200847626,-0.45200955867767334,-0.5777859687805176,-0.6774779558181763
-0.7480901479721069,-0.7887797951698303,-0.8006047606468201,-0.7860891819000244
-0.7489864826202393,-0.693927526473999,-0.6257575154304504,-0.5485104918479919
-0.46402883529663086,-0.3712780475616455,-0.2672838270664215,-0.14932206273078918
-0.017466023564338684,0.12411331385374069,0.2683926820755005
0.4080243706703186,0.5369747281074524,0.6506674289703369,0.7449966669082642
0.8151693940162659,0.855591893196106,0.8610909581184387,0.8289618492126465
0.7604907751083374,0.660403311252594,0.5350257754325867,0.3912184238433838
0.23634493350982666,0.07874256372451782,-0.07180963456630707,-0.20511721074581146
-0.3133659064769745,-0.393360435962677,-0.44656503200531006,-0.4774502217769623
-0.49128925800323486,-0.49270546436309814,-0.4856085777282715
-0.4736475944519043,-0.46018317341804504,-0.4477846324443817,-0.4376818537712097
-0.42925482988357544,-0.4194052219390869,-0.4026793837547302,-0.37309619784355164
-0.3261772394180298,-0.25951898097991943,-0.17269527912139893,-0.06720396876335144
0.05383022874593735,0.18603339791297913,0.3240140676498413,0.46158164739608765
0.5920923948287964,0.708941638469696,0.805834174156189,0.8764188289642334
0.913962185382843,0.9120543003082275,0.8660179376602173
0.7741912007331848,0.6387691497802734,0.46623003482818604,0.2673569917678833
0.05614185333251953,-0.15271951258182526,-0.34629228711128235,-0.5146729946136475
-0.6511796712875366,-0.7517002820968628,-0.8141048550605774,-0.8383858799934387
-0.8266157507896423,-0.7826863527297974,-0.712463915348053,-0.6232182383537292
-0.5217759609222412,-0.41282975673675537,-0.2984446585178375,-0.1789325773715973
-0.054887041449546814,0.07099391520023346,0.19406110048294067
0.30951759219169617,0.41387939453125,0.5051920413970947,0.5824822783470154
0.6447758674621582,0.6898030638694763,0.7135798931121826,0.7119914889335632,0.6827353835105896,0.625521183013916,0.5414189100265503,0.43271109461784363
0.3031866252422333,0.15902206301689148,0.009571775794029236,-0.1337597519159317
-0.2604617476463318,-0.36364489793777466,-0.4411979913711548,-0.49526509642601013
-0.5305910706520081,-0.5524300932884216,-0.5648501515388489
-0.570258617401123,-0.5698312520980835,-0.5638779401779175,-0.5520564913749695
-0.5333068370819092,-0.5052778720855713,-0.4642920196056366,-0.4064786434173584
-0.329309344291687,-0.23282551765441895,-0.11983689665794373,0.005105331540107727
0.13685378432273865,0.2701353132724762,0.3995623290538788,0.5195755362510681
0.6247156262397766,0.7102274894714355,0.7723674178123474,0.8081734776496887
0.8150736689567566,0.7905768156051636,0.7323519587516785
0.6389964818954468,0.5112863779067993,0.35354065895080566,0.1742999255657196
-0.014797359704971313,-0.20148342847824097,-0.3749733567237854,-0.5269045233726501
-0.6512279510498047,-0.7438818216323853,-0.802954912185669,-0.8286092281341553
-0.8225182294845581,-0.7879491448402405,-0.7303599119186401,-0.6572358012199402
-0.5767437815666199,-0.495435893535614,-0.4159490764141083,-0.33637332916259766
-0.25204411149024963,-0.1588667929172516,-0.05593518912792206
0.054504379630088806,0.16891497373580933,0.28388386964797974,0.3963247239589691
0.5027339458465576,0.598024845123291,0.6754564046859741,0.7283292412757874
0.7516447305679321,0.7426245212554932,0.70079505443573,0.6277315616607666
0.5266322493553162,0.4026055335998535,0.2635522186756134,0.12046253681182861
-0.014015361666679382,-0.1288115680217743,-0.21764832735061646,-0.280057430267334
-0.31977707147598267,-0.34176820516586304,-0.35015949606895447
-0.34821459650993347,-0.33874908089637756,-0.3241936266422272,-0.3069319725036621
-0.28915610909461975,-0.27157676219940186,-0.2521618902683258,-0.22627170383930206
-0.18849708139896393,-0.13507774472236633,-0.06505833566188812,0.020191475749015808
0.11780615150928497
0.22379061579704285,0.33307480812072754,0.4396258592605591,0.53706294298172
0.6197100281715393,0.6833795309066772,0.7253720760345459,0.7436099052429199
0.7356287240982056,0.6986263394355774,0.6304354071617126,0.5306122899055481
0.40155619382858276,0.2489909529685974,0.08116772770881653,-0.09244116395711899
-0.2624186873435974,-0.4205785393714905,-0.5605611801147461,-0.6779245138168335
-0.7700402736663818,-0.8355494737625122,-0.8738362789154053,-0.8853998184204102
-0.8725850582122803,-0.8396115303039551,-0.7917259335517883,-0.7335880994796753
-0.6673219203948975,-0.5915318727493286,-0.502500057220459,-0.39723071455955505,-0.2759743332862854
-0.14209461212158203,-0.0002187490463256836,0.1450745314359665,0.2894011437892914
0.42795875668525696,0.5548306703567505,0.6630512475967407,0.7453875541687012
0.7954719066619873,0.8092777132987976,0.7858934998512268,0.7267640233039856
0.634640097618103,0.5135529041290283,0.36987143754959106,0.21344482898712158
0.05714249610900879,-0.08554458618164062,-0.203578919172287,-0.2907114624977112
-0.34580814838409424,-0.3715694844722748,-0.37326258420944214
-0.35753682255744934,-0.33114954829216003,-0.30040204524993896,-0.27111393213272095
-0.24827125668525696,-0.23504865169525146,-0.2312711924314499,-0.232400581240654
-0.2306165248155594,-0.2174462527036667,-0.18606968224048615,-0.13266882300376892
-0.05678345263004303,0.039282068610191345,0.15128131210803986,0.2735460102558136
0.3993622660636902,0.5214554071426392,0.6326098442077637,0.7260869145393372
0.7956613302230835,0.8358854055404663,0.8426073789596558
0.8129720687866211,0.7453393936157227,0.6398472189903259,0.49926555156707764
0.32965660095214844,0.14020425081253052,-0.05813056230545044,-0.2542125880718231
-0.4377971589565277,-0.6002365946769714,-0.7349190711975098,-0.8374283313751221
-0.90562504529953,-0.9395697712898254,-0.9412897825241089,-0.9146506190299988
-0.865134060382843,-0.7990058660507202,-0.7215991616249084,-0.6353595852851868
-0.5394129157066345,-0.4314068555831909,-0.30986177921295166
-0.1752324104309082,-0.029868289828300476,0.12244129180908203,0.27703744173049927
0.4287928342819214,0.5722335577011108,0.7012704610824585,0.8087756633758545
0.8871723413467407,0.9301868677139282,0.9340077638626099,0.8972245454788208
0.8205791711807251,0.7070841193199158,0.5623947381973267,0.39503711462020874
0.21635392308235168,0.03982657194137573,-0.12128403037786484,-0.25725609064102173
-0.3637026250362396,-0.44110745191574097,-0.4930705428123474
-0.5241245031356812,-0.5382504463195801,-0.538887619972229,-0.5295617580413818
-0.5139186382293701,-0.49484559893608093,-0.473015159368515,-0.44603320956230164
-0.4090843200683594,-0.35664185881614685,-0.2846422791481018,-0.19217261672019958
-0.08146916329860687,0.04326742887496948,0.17684412002563477,0.3133080303668976
0.4456378221511841,0.5659803152084351,0.6671568751335144,0.7442227602005005
0.7948995232582092,0.8188960552215576,0.816326916217804
0.786228597164154,0.7265162467956543,0.6353081464767456,0.512786865234375
0.362765908241272,0.1927439272403717,0.012289375066757202,-0.16872748732566833
-0.34120070934295654,-0.4975050687789917,-0.6319594383239746,-0.7408977746963501
-0.8224080801010132,-0.8759337067604065,-0.9020666480064392,-0.9026107788085938
-0.88059401512146,-0.8398229479789734,-0.7835968136787415,-0.7129948735237122
-0.6262250542640686,-0.5198569297790527,-0.391382098197937
-0.24187397956848145,-0.07686012983322144,0.09541171789169312,0.26647695899009705
0.4290217459201813,0.5769913196563721,0.7049492597579956,0.8074430227279663
0.8790479898452759,0.9152277708053589,0.9136859178543091,0.874928891658783
0.8013867139816284,0.6965211629867554,0.5648660063743591,0.4126625061035156
0.24883243441581726,0.0850241482257843,-0.06672939658164978,-0.19741110503673553
-0.3028258979320526,-0.3832319974899292,-0.4417702555656433
-0.48263120651245117,-0.5098265409469604,-0.5268707275390625,-0.5368090867996216
-0.5420286655426025,-0.5437629222869873,-0.5416339039802551,-0.5335108041763306
-0.5155103802680969,-0.4825228154659271,-0.4297638535499573,-0.3544081151485443
-0.25634658336639404,-0.13816526532173157,-0.00455138087272644,0.13838578760623932
0.2835930585861206,0.423808753490448,0.5525191426277161,0.6645171046257019
0.7559247016906738,0.8238525390625,0.8658663630485535
0.8796595931053162,0.862973153591156,0.8136994242668152,0.73074871301651
0.6152912974357605,0.47106146812438965,0.30380940437316895,0.12074661254882812
-0.06992925703525543,-0.25959277153015137,-0.43979209661483765,-0.6028101444244385
-0.7421302199363708,-0.8526697754859924,-0.9304737448692322,-0.9722563028335571
-0.9760481715202332,-0.9427521824836731,-0.8765535950660706,-0.7833632230758667
-0.6686533689498901,-0.5363791584968567,-0.3897854685783386
-0.23317906260490417,-0.07244798541069031,0.08626841008663177,0.2379755824804306
0.3790881633758545,0.5069915056228638,0.6194055080413818,0.7135111093521118
0.7852417230606079,0.8298936486244202,0.8436957001686096,0.8245341777801514
0.771887481212616,0.6869586706161499,0.5727535486221313,0.43430644273757935
0.01397879421710968,0.0034433859400451183,0.05429065600037575,0.15498727560043335,0.2818712592124939,0.40685442090034485,0.5057154893875122,0.5628820061683655
0.5721815824508667,0.5359357595443726,0.4641640782356262,0.3726814091205597
0.27870187163352966,0.19559994339942932,0.12995800375938416,0.08217862993478775
0.049204271286726,0.027105826884508133,0.012557115405797958,0.0035527260042726994
3.882282271661097e-06,0.004334758035838604,0.021656177937984467,0.058854177594184875
0.12216552346944809,0.21383820474147797,0.3296610414981842,0.4588067829608917,0.5854183435440063,0.6902208924293518,0.7521525025367737,0.7523388266563416
0.6817271113395691,0.5490280985832214,0.3817094564437866,0.21666088700294495
0.08696979284286499,0.01358984224498272,0.0036464729346334934,0.05178625136613846
0.14202018082141876,0.2513677775859833,0.3564032316207886
0.4396606683731079,0.4920789301395416,0.5109139084815979,0.4962681233882904
0.4504117965698242,0.3799384534358978,0.2963577210903168,0.21267178654670715,0.1387408822774887,0.07938048988580704,0.03587474673986435,0.008831117302179337,3.56553282472305e-05,0.012132269330322742,0.046827513724565506,0.10343224555253983,0.17850956320762634,0.2660332918167114,0.3571898639202118,0.43940216302871704,0.4961388111114502,0.5107144713401794,0.4739406406879425
0.39007794857025146,0.27641981840133667,0.15787836909294128,0.06058177724480629
0.006412324961274862,0.008409938775002956,0.06708594411611557,0.169307678937912
0.2917601466178894,0.40818822383880615,0.4965234398841858,0.5425848960876465
0.5409093499183655,0.49498963356018066,0.41679954528808594,0.32373976707458496
0.2331008017063141,0.1568584442138672,0.09962539374828339,0.06017101928591728
0.03449141979217529,0.018232710659503937,0.007945208810269833
0.0017809581477195024,0.00014922131958883256,0.006333712954074144,0.02657533623278141
0.06886913627386093,0.14015550911426544,0.24274842441082,0.37171122431755066
0.5144875049591064,0.6524893045425415,0.7630151510238647,0.8216582536697388
0.8080610036849976,0.7154725790023804,0.5585139989852905,0.3713662922382355
0.19560062885284424,0.06630761176347733,0.004371436312794685,0.014787042513489723
0.08740508556365967,0.1996646374464035,0.323251873254776
0.4328858554363251,0.5122671723365784,0.554499626159668,0.5585377812385559
0.5262818336486816,0.46317124366760254,0.3795640170574188,0.2890511751174927,0.20409958064556122,0.13234150409698486,0.07610173523426056,0.034975335001945496
0.00899219885468483,5.141127076058183e-06,0.010780364274978638,0.04318700730800629
0.09703663736581802,0.16975003480911255,0.25613918900489807,0.34745749831199646
0.4299375116825104,0.48556312918663025,0.497720330953598
0.459210067987442,0.3763233721256256,0.2665310502052307,0.1530953049659729
0.05989736691117287,0.0070413863286376,0.006851463112980127,0.06039775535464287
0.156283438205719,0.27375778555870056,0.38897496461868286,0.4805915951728821
0.5328323245048523,0.5374343991279602,0.495704710483551,-0.6472910642623901
-0.5702916383743286,-0.4822816252708435,-0.39210575819015503,-0.30650368332862854
-0.22942176461219788,-0.1621088683605194,-0.10328087210655212
-0.049240827560424805,0.00551576167345047,0.0669766291975975,0.1400052011013031
0.22704538702964783,0.3274504542350769,0.4374607801437378,0.550829291343689
0.6600409746170044,0.7574995160102844,0.8357574939727783,0.8869602680206299
0.90290367603302,0.8766301274299622,0.8050437569618225,0.6908853650093079,0.5423367619514465,0.37041646242141724,0.18632084131240845,0.00035575032234191895
-0.1778300553560257,-0.3391922116279602
-0.4763254225254059,-0.5847997069358826,-0.6635544300079346,-0.714032769203186,-0.7384735941886902,-0.7384792566299438,-0.7150523662567139,-0.6698628067970276,-0.6064267158508301,-0.5301077961921692,-0.44655126333236694,-0.35943543910980225
-0.26933762431144714,-0.17459890246391296,-0.0734749287366867,0.03396406024694443
0.1454514116048813,0.25749439001083374,0.36642590165138245,0.46878954768180847,0.5610378384590149,0.6386224627494812,0.6952717304229736
0.7238918542861938,0.7190243005752563,0.6787042617797852,0.6042485237121582
0.49897342920303345,0.3674057722091675,0.2152481973171234,0.04968273639678955
-0.120436891913414,-0.28512969613075256,-0.43476033210754395,-0.5615590214729309,-0.6600786447525024,-0.7266054749488831,-0.7586272954940796,-0.7552715539932251
-0.7184960842132568,-0.6539016366004944,-0.5701809525489807,-0.47724270820617676,-0.3840060234069824,-0.2969496548175812,-0.2196510136127472
-0.15283581614494324,-0.09457039833068848,-0.040621042251586914,0.014741290360689163
0.07737761735916138,0.15175987780094147,0.23979926109313965,0.34024104475975037
0.44879013299942017,0.5590310096740723,0.6636874675750732,0.7553845643997192
0.8264485001564026,0.8684635162353516,0.8729804158210754,0.8337967395782471
0.7496554851531982,0.6253470778465271,0.47014492750167847,0.2949398159980774
0.11030158400535583,-0.0738309770822525,-0.24777424335479736
-0.40244075655937195,-0.5307327508926392,-0.6288503408432007,-0.6964415311813354,-0.7355607748031616,-0.7490354180335999,-0.7391822338104248
-0.7077406644821167,-0.6569665670394897,-0.5907064080238342,-0.5140529274940491
-0.4314292371273041,-0.3446688652038574,-0.2528001070022583,-0.15371394157409668
-0.04650279879570007,0.06720849871635437,0.1837770640850067,0.2989896833896637
0.4090282618999481,0.5105453133583069,0.5999945402145386,0.6725805401802063
0.7220760583877563,0.7424378395080566,0.7298945784568787,0.6835470199584961
0.6046066880226135,0.4956900477409363,0.360748827457428,0.20534047484397888
0.03693777322769165,-0.13513633608818054,-0.30068591237068176,-0.4502420723438263
-0.5761435031890869,-0.6725085973739624,-0.7347366809844971,-0.7595802545547485
-0.7461782097816467,-0.6974116563796997,-0.6203532814979553,-0.5251156091690063,-0.422676146030426,-0.3227629065513611,-0.23246222734451294
-0.15571287274360657,-0.09323285520076752,-0.0423942431807518,0.002482898533344269
0.04879529029130936,0.10367746651172638,0.1722184419631958,0.25628650188446045
0.35410892963409424,0.46076419949531555,0.5693696737289429,0.6722464561462402
0.7613762617111206,0.8281346559524536,0.8632969260215759,0.8584778904914856
0.8088340759277344,0.7151867151260376,0.5837123394012451,0.42362672090530396
0.2449761927127838,0.05778700113296509,-0.12769219279289246
-0.3009200692176819,-0.4522978663444519,-0.5750774145126343,-0.6663587093353271
-0.7266750335693359,-0.758567214012146,-0.7647707462310791,-0.7471150755882263
-0.7070411443710327,-0.6471521854400635,-0.5720348954200745,-0.48721253871917725
-0.39692923426628113,-0.30263352394104004,-0.2034350335597992,-0.09828457236289978
0.011829659342765808,0.12361100316047668,0.23302197456359863,0.3367805778980255
0.4327152371406555,0.5192046165466309,0.5940301418304443
0.6534092426300049,0.6924141645431519,0.7066210508346558,0.6933161616325378
0.6513772010803223,0.5806604623794556,0.48191964626312256,0.3573208153247833,0.2111162543296814,0.05004951357841492,-0.11701305955648422,-0.2803514301776886
-0.4307868480682373,-0.5603193044662476,-0.662000298500061,-0.7297852635383606
-0.7592546343803406,-0.7492665648460388,-0.7033007144927979,-0.629250168800354,-0.5376358032226562,-0.43914762139320374,-0.34267958998680115
-0.254427433013916,-0.17759045958518982,-0.11215613782405853,-0.054975688457489014
-0.00054960697889328,0.05750168114900589,0.12474080175161362,0.2044595181941986
0.29675114154815674,0.3984399437904358,0.5039800405502319,0.6067479848861694
0.6998797655105591,0.7761715650558472,0.827533483505249,0.8454533815383911
0.8232165575027466,0.758560836315155,0.6546221971511841,0.5185503959655762
0.3592037558555603,0.1857154369354248,0.007487863302230835
-0.16548028588294983,-0.323434442281723,-0.45870891213417053,-0.5670329332351685
-0.647538423538208,-0.701789379119873,-0.7321963310241699,-0.740441083908081
-0.7271103262901306,-0.6929412484169006,-0.6403452754020691,-0.5735387802124023
-0.4969866871833801,-0.4133892059326172,-0.3229221999645233,-0.22449460625648499
-0.11802777647972107,-0.005787104368209839,0.10823847353458405,0.21995767951011658
0.32624152302742004,0.42493486404418945,0.5140948295593262
0.5908938646316528,0.6511072516441345,0.6899234056472778,0.7033692002296448,0.6889751553535461,0.645458459854126,0.5723695158958435,0.47037410736083984,0.34201472997665405,0.19245952367782593,0.029633283615112305,-0.13667748868465424
-0.29640576243400574,-0.44054681062698364,-0.5614955425262451,-0.652656614780426
-0.7085310816764832,-0.7258750796318054,-0.7052471041679382,-0.6517891883850098
-0.5744999647140503,-0.48424845933914185,-0.3915593922138214
-0.304952472448349,-0.22988060116767883,-0.16814488172531128,-0.11784946918487549
-0.07396261394023895,-0.029504850506782532,0.02276524156332016,0.08857016265392303
0.17068912088871002,0.2682904601097107,0.37727051973342896,0.4913061857223511
0.6029320955276489,0.7040401697158813,0.7856669425964355,0.8379569053649902
0.8515568971633911,0.8203334212303162,0.7436637282371521,0.6265183091163635
0.47744959592819214,0.3064090609550476,0.12387576699256897
-0.05906471610069275,-0.2311515063047409,-0.3825583755970001,-0.5066778659820557
-0.6008100509643555,-0.6655911207199097,-0.7035722732543945,-0.7174575328826904
-0.7090294361114502,-0.6796000003814697,-0.6314098834991455,-0.5685129761695862
-0.496074914932251,-0.418269544839859,-0.3364247977733612,-0.24913159012794495
-0.154388427734375,-0.05213603377342224,0.05490235239267349,0.1625625491142273
0.2671048641204834,0.36602485179901123,0.45775866508483887
0.540787935256958,0.6126595735549927,0.6697374582290649,0.7079837322235107
0.7238739132881165,0.7145659923553467,0.6776087880134583,0.6110193729400635
0.5140098929405212,0.3879952132701874,0.23742470145225525,0.06993329524993896
-0.10462771356105804,-0.27580270171165466,-0.43361926078796387,-0.5687970519065857
-0.6727808713912964,-0.7384215593338013,-0.761601448059082,-0.7430163025856018
-0.6886496543884277,-0.608423113822937,-0.5139006972312927
-0.4161059856414795,-0.3238856792449951,-0.24289771914482117,-0.17526456713676453
-0.11973105370998383,-0.07208703458309174,-0.02600332349538803,0.025503315031528473,0.08829215914011002,0.16557344794273376
0.25712308287620544,0.3595278263092041,0.4671550691127777,0.5730576515197754
0.6691985726356506,0.7461956739425659,0.7937841415405273,0.8029745817184448,0.7689964175224304,0.6926939487457275,0.5793536305427551,0.4364941120147705
0.2725832760334015,0.09704187512397766,-0.079612597823143,-0.24673041701316833
-0.3953606188297272,-0.519599199295044,-0.6167891025543213,-0.6868306398391724
-0.7309328317642212,-0.7502286434173584,-0.7451497316360474,-0.7162352204322815
-0.6656578183174133,-0.5977389812469482,-0.5175973176956177,-0.42894765734672546
-0.3329259157180786,-0.22898158431053162,-0.11725437641143799,-0.0004527568817138672
0.11655145138502121,0.22883440554141998,0.3330552279949188,0.427647203207016
0.5121122598648071,0.5860119462013245,0.6480718851089478,0.6959882974624634
0.7270453572273254,0.7386016249656677,0.727750837802887,0.6909648776054382
0.6247295141220093,0.5270119309425354,0.3987976014614105,0.24487841129302979
0.07330217957496643,-0.10614265501499176,-0.2833433747291565,-0.4484843611717224
-0.5919685959815979,-0.7044997215270996,-0.7782435417175293,-0.8088409304618835
-0.7969348430633545,-0.7481629252433777,-0.6717417240142822
-0.5784642696380615,-0.4787188172340393,-0.38087698817253113,-0.29043781757354736
-0.20986181497573853,-0.13854390382766724,-0.07298465073108673,-0.0077520012855529785
0.06277506053447723,0.14249201118946075,0.23227617144584656,0.3299824595451355
0.43146365880966187,0.5316142439842224,0.6247532367706299,0.7041783332824707
0.7616411447525024,0.7883091568946838,0.7774476408958435,0.726772665977478
0.6385514140129089,0.5179712772369385,0.37169355154037476
0.2075282335281372,0.03469851613044739,-0.13638408482074738,-0.2954215407371521
-0.4340660572052002,-0.5471522212028503,-0.6328026056289673,-0.6916218996047974
-0.7252578735351562,-0.7350144982337952,-0.7217138409614563,-0.6869267225265503
-0.634057879447937,-0.567868173122406,-0.49255794286727905,-0.40990331768989563
-0.3190614879131317,-0.21845558285713196,-0.10837912559509277,0.007921084761619568
0.12551283836364746,0.23986069858074188,0.34790366888046265
0.44790467619895935,0.5386883020401001,0.6186988949775696,0.6854674816131592
0.735952615737915,0.7671549916267395,0.7761303186416626,0.7596001029014587
0.7140237092971802,0.6365228295326233,0.526278018951416,0.38569289445877075
0.22073093056678772,0.04021117091178894,-0.14554154872894287,-0.3258589506149292
-0.4901626408100128,-0.6280384063720703,-0.7299184799194336,-0.7887746095657349
-0.8020156025886536,-0.7723833918571472,-0.7074445486068726
-0.6180399060249329,-0.5161285400390625,-0.41262340545654297,-0.3159082233905792
-0.23111492395401,-0.15982089936733246,-0.1000809371471405,-0.04698313772678375
0.006065152585506439,0.06543672829866409,0.13545602560043335,0.21749544143676758
0.3101397156715393,0.40979427099227905,0.5111782550811768,0.6074072122573853
0.6897221803665161,0.7478968501091003,0.7724050879478455,0.7573390007019043
0.701646089553833,0.6081129908561707,0.48182398080825806
0.329463928937912,0.15948829054832458,-0.01759803295135498,-0.18999512493610382
-0.34666919708251953,-0.47946739196777344,-0.5840291380882263,-0.659392237663269
-0.706699013710022,-0.7275620698928833,-0.7231565117835999,-0.69478839635849
-0.6452319025993347,-0.5792679786682129,-0.5024786591529846,-0.41894736886024475
-0.3297687768936157,-0.2337619960308075,-0.1300073266029358,-0.02012556791305542
0.0918092206120491,0.2013133019208908,0.30518653988838196
0.4017634689807892,0.49030250310897827,0.5702036619186401,0.6403732299804688
0.6989884376525879,0.7437402606010437,0.7720330357551575,0.7805723547935486
0.7648730278015137,0.7197594046592712,0.6409266591072083,0.5267321467399597
0.37942808866500854,0.20531105995178223,0.013758450746536255,-0.1841815710067749,-0.3768276274204254,-0.5522965788841248,-0.6989095211029053,-0.8063129186630249
-0.8672041296958923,-0.8788705468177795,-0.8439598083496094
-0.7701309323310852,-0.6685232520103455,-0.5516281723976135,-0.43124324083328247
-0.3168961703777313,-0.21500644087791443,-0.12854412198066711,-0.05677586793899536
0.0044751763343811035,0.06143586337566376,0.12020093947649002,0.18485961854457855
0.25682419538497925,0.3352319300174713,0.41758039593696594,0.499947190284729
0.5765299797058105,0.6392154693603516,0.6787535548210144,0.6875023245811462
0.6614974141120911,0.6004554629325867,0.506658136844635
0.38417381048202515,0.23891380429267883,0.07908830046653748,-0.08496558666229248
-0.2422662377357483,-0.3833506107330322,-0.5018141269683838,-0.5946229696273804
-0.6614240407943726,-0.7032331228256226,-0.7210891246795654,-0.7156546711921692
-0.6881294846534729,-0.641377329826355,-0.5797450542449951,-0.5073513984680176
-0.42619818449020386,-0.335827499628067,-0.23510554432868958,-0.12476250529289246
-0.008396551012992859,0.10882826149463654,0.22229069471359253
0.32905313372612,0.4277241826057434,0.5176792740821838,0.5981523990631104
0.6676320433616638,0.7240002155303955,0.765058696269989,0.7884050607681274
0.790618360042572,0.7669832110404968,0.7124979496002197,0.6237015128135681
0.5004240274429321
0.3466295897960663,0.16993722319602966,-0.019730865955352783,-0.21143296360969543
-0.39388105273246765,-0.5557887554168701,-0.6865105628967285,-0.7771932482719421
-0.822295069694519,-0.8209742903709412,-0.7775267362594604,-0.7005681395530701
-0.6013451218605042,-0.4916195273399353,-0.38175496459007263,-0.2796664237976074,-0.19032123684883118,-0.11510100960731506,-0.051456570625305176,0.006204672157764435
0.06442464888095856,0.1284192055463791,0.20078592002391815,0.281512975692749
0.36859065294265747,0.4584066867828369,0.5455374717712402,0.6222985982894897
0.6792912483215332,0.7075732946395874,0.7011806964874268,0.6581922173500061
0.580066442489624
0.47047632932662964,0.33479049801826477,0.18036463856697083,0.01691243052482605
-0.14412109553813934,-0.29154840111732483,-0.41680923104286194,-0.5153147578239441
-0.5862962007522583,-0.6315523386001587,-0.6537229418754578,-0.6550902128219604
-0.6377166509628296,-0.6043995022773743,-0.5590693354606628,-0.5057500600814819
-0.44655030965805054,-0.3804481327533722,-0.3042827844619751,-0.21547654271125793
-0.11445821821689606,-0.004878908395767212,0.1082671582698822
0.22062979638576508,0.32920679450035095,0.4320076107978821,0.5273592472076416
0.6133138537406921,0.6875312328338623,0.7475922107696533,0.7911243438720703
0.8152652978897095,0.8159022927284241,0.7877465486526489,0.7256757616996765
0.6267328858375549,0.491798460483551,0.3260732889175415,0.1382010579109192
-0.06117871403694153,-0.26057684421539307,-0.44825464487075806,-0.612511932849884
-0.7422384023666382,-0.8282771110534668,-0.8652815818786621
-0.8530879616737366,-0.7970481514930725,-0.7071422338485718,-0.5959459543228149
-0.47634172439575195,-0.359898179769516,-0.2557876408100128,-0.1696416437625885
-0.1024085134267807,-0.050132736563682556,-0.005394347012042999,0.039998747408390045
0.09238240122795105,0.15497711300849915,0.22814592719078064,0.3101499378681183,0.3974844813346863,0.4845513701438904,0.5633151531219482,0.624229907989502
0.6585863828659058,0.6606060266494751,0.6278467774391174
0.5604196190834045,0.4603847563266754,0.33191919326782227,0.1820065677165985
0.020735085010528564,-0.13992907106876373,-0.28870007395744324,-0.41723716259002686
-0.5209728479385376,-0.5986332893371582,-0.6510047316551208,-0.6795059442520142
-0.6853732466697693,-0.6700467467308044,-0.6361116170883179,-0.5872907042503357
-0.5269589424133301,-0.4563893675804138,-0.3744693100452423,-0.2795259654521942
-0.1720169186592102,-0.05577847361564636,0.06322596222162247
0.17932772636413574,0.2887411415576935,0.3896821141242981,0.4816303551197052
0.5644309520721436,0.637617826461792,0.7001450657844543,0.7504539489746094
0.7864418029785156,0.8049308061599731,0.8011084198951721,0.7689976096153259
0.7031907439231873,0.6009619832038879,0.46359962224960327,0.29640406370162964
0.10776481032371521,-0.09197676181793213,-0.2914191782474518,-0.4785382151603699
-0.6410690546035767,-0.7674999237060547,-0.848690390586853
-0.8796801567077637,-0.8610678315162659,-0.7991037964820862,-0.7042568922042847
-0.589069128036499,-0.4662819504737854,-0.34748920798301697,-0.24183496832847595
-0.1544712483882904,-0.08544616401195526,-0.030074603855609894,0.01888793334364891
0.06826721131801605,0.12252925336360931,0.18371231853961945,0.252198189496994
0.3270857334136963,0.40583014488220215,0.48344698548316956,0.5523986220359802
0.604178249835968,0.6316553354263306,0.6302789449691772
0.5978273749351501,0.533848226070404,0.4396737515926361,0.3190963566303253
0.17913177609443665,0.02985861897468567,-0.11731463670730591,-0.2522827982902527
-0.36819031834602356,-0.4618479013442993,-0.5329394936561584,-0.5825486183166504
-0.6117652654647827,-0.6214375495910645,-0.6130521297454834,-0.5893363952636719
-0.5534456968307495,-0.5070995688438416,-0.44932734966278076,-0.37726348638534546
-0.28868377208709717,-0.18445059657096863,-0.06904026865959167
0.05116472393274307,0.17028306424617767,0.28426384925842285,0.39082086086273193
0.4887022376060486,0.5769176483154297,0.6542320847511292,0.71904456615448
0.7694849371910095,0.8032387495040894,0.8168615698814392,0.8053389191627502
0.7629050612449646,0.6849560737609863,0.5699309706687927,0.4202736020088196,0.24230414628982544,0.045340895652770996,-0.15938125550746918,-0.3596034646034241
-0.5427167415618896,-0.6964306235313416,-0.8098205327987671
-0.8750425577163696,-0.8892353773117065,-0.8554876446723938,-0.7821698188781738
-0.6810138821601868,-0.5650105476379395,-0.4467531442642212,-0.3369859755039215
-0.24303671717643738,-0.16739162802696228,-0.10725560784339905,-0.055924057960510254
-0.005665212869644165,0.04960255324840546,0.1133398786187172,0.18676921725273132
0.269360214471817,0.3588183522224426,0.4505694806575775,0.5373984575271606
0.6103185415267944,0.6606501936912537,0.6819329261779785
0.6705064177513123,0.6249961256980896,0.545828640460968,0.4354610741138458,0.29922881722450256,0.14603200554847717,-0.0124310702085495,-0.16419683396816254
-0.2997756898403168,-0.4134671688079834,-0.503096342086792,-0.5687704086303711
-0.6113629341125488,-0.6317119002342224,-0.6310547590255737,-0.6118898391723633
0.5152482390403748,0.4019494950771332,0.28076788783073425,0.1670636236667633,0.07630942016839981,0.019586337730288506,5.913835411774926e-05,0.013051407411694527,0.049345359206199646,0.09910755604505539,0.15420646965503693,0.20861980319023132
0.25810447335243225,0.30015406012535095,0.33415961265563965,0.36111247539520264
0.38253405690193176,0.39893922209739685,0.40856456756591797,0.40710076689720154
0.38870370388031006,0.34813717007637024,0.2837847173213959,0.20075739920139313
0.11242420971393585,0.03879661113023758,0.0015244869282469153,0.016763536259531975
0.08852991461753845,0.20557652413845062,0.3433017432689667,0.47003173828125
0.5558292269706726,0.5812811851501465,0.5429681539535522,0.4531327784061432
0.33423933386802673,0.21177050471305847,0.10804577171802521,0.03761990740895271
0.004411638714373112,0.0020153368823230267,0.018073104321956635
0.04054803401231766,0.062079254537820816,0.08056323230266571,0.09720084071159363
0.11425840109586716,0.13373932242393494,0.15692138671875,0.18414129316806793,0.21415315568447113,0.24292215704917908,0.26281681656837463,0.263884037733078,0.2380596548318863,0.18479585647583008,0.11450185626745224,0.04693051055073738,0.005090389866381884,0.007837695069611073,0.06387649476528168,0.16838519275188446,0.3032238781452179,0.44172242283821106,0.5570404529571533
0.630174994468689,0.6534905433654785,0.628902792930603,0.5636003613471985
0.4671212434768677,0.3512691259384155,0.23113130033016205,0.12414123862981796
0.04603145644068718,0.005780463572591543,0.0030195678118616343,0.029667409136891365
0.0743216946721077,0.12628744542598724,0.17743763327598572,0.22237029671669006
0.25816771388053894,0.2843054533004761,0.30236300826072693,0.3151285946369171
0.32516512274742126,0.33338797092437744,0.33829405903816223
0.33603742718696594,0.3212354779243469,0.2886312007904053,0.23581144213676453,0.16633889079093933,0.09158793091773987,0.029599837958812714,0.0004726044717244804,0.01946280524134636,0.09053423255681992,0.2033136785030365,0.33474987745285034,0.4549468457698822,0.5356569886207581,0.5587983131408691,0.5214377641677856,0.43506723642349243,0.3205680251121521,0.20212599635124207,0.10171066224575043,0.03407439589500427,0.0032724826596677303,0.002955233445391059
0.02100319415330887,0.04572778940200806,0.06983382999897003,0.09078127145767212,0.10898981988430023,0.1259213089942932,0.1430351883172989,0.16146206855773926,0.18170762062072754,0.20284244418144226,0.22131161391735077,0.23042908310890198,0.22202633321285248,0.19065076112747192,0.13835382461547852,0.0766700729727745
0.02404746413230896,0.00016978458734229207,0.019819272682070732,0.08797460794448853,0.19707176089286804,0.3277965188026428,0.45452433824539185
0.5536835193634033,0.6105586886405945,0.6210644841194153,0.5888051986694336
0.5208888649940491,0.42599940299987793,0.315193235874176,0.20290203392505646
0.10543753951787949,0.036685358732938766,0.0035118511877954006,0.004186143167316914,0.03074951283633709,0.07310052216053009,0.12201700359582901,0.41268885135650635
0.46151843667030334,0.4973434507846832,0.5224348902702332,0.5396522283554077,0.55177903175354,0.5606396198272705,0.5664840340614319
0.5678253173828125,0.5616208910942078,0.5436214208602905,0.5088850259780884
0.4526616036891937,0.3716137707233429,0.26497313380241394,0.13527947664260864
-0.011497348546981812,-0.1665724813938141,-0.3194892108440399,-0.4593304991722107
-0.5757942199707031,-0.660283625125885,-0.7070715427398682,-0.7141273021697998,-0.6830233931541443,-0.617980420589447,-0.5249022245407104,-0.4111033082008362,-0.2854866087436676,-0.15826433897018433,-0.03956763446331024
0.06271165609359741,0.14469076693058014,0.20687837898731232,0.25304222106933594
0.28828415274620056,0.317359060049057,0.34387677907943726,0.3702903389930725
0.39808914065361023,0.42758917808532715,0.4571419656276703,0.4823107421398163
0.49596163630485535,0.4897526502609253,0.456487774848938,0.39214083552360535
0.2966715693473816,0.17369994521141052,0.02971385419368744,-0.1265973448753357
-0.2848062217235565,-0.43352973461151123,-0.5620117783546448
-0.6620975136756897,-0.7295656204223633,-0.7641307711601257,-0.7681365013122559,-0.7446167469024658,-0.6958674788475037,-0.6233680248260498,-0.528914749622345
-0.41607263684272766,-0.2909403145313263,-0.16161003708839417,-0.03641992807388306
0.07806677371263504,0.1781492680311203,0.262716144323349,0.33220788836479187,0.38770365715026855,0.43064984679222107,0.46309250593185425,0.4877852499485016,0.5077409744262695,0.5253912210464478,0.5418074727058411
0.5563271641731262,0.5666308999061584,0.5690104961395264,0.5586093664169312
0.5298653244972229,0.4775044023990631,0.3979169428348541,0.29036280512809753
0.15761274099349976,0.00589558482170105,-0.15577970445156097,-0.31662875413894653
-0.4651249051094055,-0.5901108980178833,-0.6821929216384888,-0.7351391911506653
-0.7465492486953735,-0.7174710631370544,-0.651498019695282,-0.5542029738426208
-0.4332376718521118,-0.2984968423843384,-0.16139206290245056
-0.03297537565231323,0.078365758061409,0.16849377751350403,0.23759929835796356
0.2889036536216736,0.3268657326698303
0.3558177947998047,0.37943047285079956,0.40072697401046753,0.42203766107559204
0.4444483518600464,0.46675780415534973,0.4846418797969818,0.49102583527565
0.4779126048088074,0.4387587010860443,0.3701758086681366,0.2724238932132721
0.14902207255363464,0.0061392635107040405,-0.1478307992219925,-0.30268681049346924
-0.4473991096019745,-0.5718569159507751,-0.6687378287315369,-0.7345309257507324
-0.7692275643348694,-0.774874746799469,-0.7537632584571838,-0.7073326110839844
-0.6364307403564453,-0.5426368117332458,-0.42970556020736694,-0.30407601594924927
-0.17390316724777222,-0.04710617661476135,0.07035713642835617,0.17506718635559082
0.2655700743198395,0.3414173722267151,0.4026673436164856,0.45003947615623474
0.48520660400390625,0.5106844902038574,0.5292176008224487,0.5429552793502808
0.5528682470321655,0.5586251020431519,0.5587145686149597,0.5504469871520996
0.5298462510108948,0.49195197224617004,0.4318917989730835,0.34636664390563965
0.23488998413085938,0.10038277506828308,-0.05096445977687836,-0.21035423874855042
-0.36722806096076965,-0.5102558135986328,-0.6286753416061401,-0.7138530015945435
-0.7604612708091736,-0.7666958570480347,-0.7336075901985168,-0.6643478274345398
-0.5640773773193359,-0.4403836131095886,-0.30331072211265564
-0.16426020860671997,-0.03385481238365173,0.08029194176197052,0.17476069927215576
0.24996519088745117,0.3086867332458496,0.3544769883155823,0.3906932473182678
0.42025721073150635,0.44571653008461,0.46907228231430054,0.49099308252334595
0.509658694267273,0.5202234387397766,0.5156846642494202,0.4888963997364044
0.43469828367233276,0.3511810004711151,0.23986372351646423,0.10526847839355469
-0.04555775225162506,-0.20338726043701172,-0.3573564887046814
-0.4962785542011261,-0.6106624007225037,-0.6944901943206787,-0.7458121180534363
-0.7659507393836975,-0.7577670812606812,-0.7239148616790771,-0.66608726978302
-0.5856351256370544,-0.4850175976753235,-0.3689664304256439,-0.24439933896064758
-0.11899948120117188,0.0006728768348693848,0.11037051677703857,0.208064004778862
0.2930024266242981,0.36488956212997437,0.42373156547546387,0.4701799154281616
0.5057960152626038,0.5327961444854736,0.5533242225646973
0.5687230825424194,0.5792539119720459,0.5842384696006775,0.5821523666381836
0.5703537464141846,0.5448168516159058,0.5005766749382019,0.4330255687236786
0.3394453823566437,0.22008636593818665,0.07852071523666382,-0.07859489321708679
-0.2420680671930313,-0.4009282886981964,-0.5435277819633484,-0.6590696573257446
-0.7392313480377197,-0.7791577577590942,-0.7773962020874023,-0.7351984977722168
-0.6560505628585815,-0.5458528995513916,-0.41329890489578247
-0.26952171325683594,-0.12652543187141418,0.005164772272109985,0.11856629699468613
0.2110135406255722,0.2834446132183075,0.3388919234275818,0.38107171654701233
0.4135831892490387,0.4396897554397583,0.4622364938259125,0.48320287466049194
0.5027440786361694,0.5181993246078491,0.5239941477775574,0.5129516124725342
0.4784461557865143,0.416225403547287,0.32521581649780273,0.20750147104263306
0.06799602508544922,-0.08583007752895355,-0.24419453740119934
-0.39575013518333435,-0.5292884707450867,-0.635949969291687,-0.7108144164085388
-0.7530975341796875,-0.764962375164032,-0.7495594620704651,-0.7093680500984192
-0.6458383202552795,-0.5604230761528015,-0.45608437061309814,-0.3381113111972809
-0.21358457207679749,-0.08973228931427002,0.02773424983024597,0.135243758559227
0.23086212575435638,0.313432514667511,0.38214588165283203,0.43675824999809265
0.47803765535354614,0.5078365802764893
0.5285719633102417,0.5424278378486633,0.5508215427398682,0.5543808937072754
0.5530788898468018,0.5459723472595215,0.5305614471435547,0.5025070905685425
0.4563770890235901,0.387235164642334,0.29227131605148315,0.1718299686908722,0.029675275087356567,-0.12728872895240784,-0.28954097628593445,-0.4457119107246399
-0.583873987197876,-0.6933019757270813,-0.766040563583374,-0.7975723743438721,-0.7865438461303711,-0.7342252135276794,-0.6444308161735535
-0.5239258408546448,-0.3826190233230591,-0.23276448249816895,-0.08697226643562317
0.044314369559288025,0.1546979546546936,0.24223150312900543,0.3084264099597931
0.3566536605358124,0.39085957407951355,0.4150141775608063,0.4329823851585388
0.4482417106628418,0.4630843698978424,0.47740915417671204,0.487874299287796
0.48832687735557556,0.47155869007110596,0.43144458532333374,0.3644232451915741
0.27001166343688965,0.15071862936019897,0.011808231472969055
-0.13885293900966644,-0.2910716235637665,-0.4333813786506653,-0.5551083087921143
-0.6485902070999146,-0.710371732711792,-0.7409051656723022,-0.7430030703544617
-0.7198154926300049,-0.6734893918037415,-0.6052667498588562,-0.5167586207389832
-0.4113624095916748,-0.2946971654891968,-0.1736392378807068,-0.05464164912700653
0.05748637765645981,0.15970440208911896,0.2500797212123871,0.3271433413028717
0.3898388147354126,0.43799611926078796,0.47275641560554504
0.4964010715484619,0.5115805864334106,0.5205187797546387,0.5247478485107422
0.5252760648727417,0.522567629814148,0.5159100890159607,0.5025383234024048,0.47749102115631104,0.4347272515296936
0.36897727847099304,0.2774009704589844,0.16050904989242554,0.022326484322547913
-0.1298895627260208,-0.2861698269844055,-0.43478894233703613,-0.5638515949249268
-0.6631510853767395,-0.725529134273529,-0.7472242712974548,-0.727447509765625
-0.6679515242576599,-0.5731417536735535,-0.4505348205566406,-0.31075048446655273
-0.16632983088493347,-0.029476627707481384,0.09040006995201111,0.1882522851228714
0.26340195536613464,0.3182429075241089,0.35663408041000366,0.3828488886356354
0.4011819660663605,0.4157612919807434,0.43007558584213257,0.44595691561698914
0.46233683824539185,0.47475969791412354,0.4763622581958771,0.45988979935646057,0.41962000727653503,0.35244715213775635,0.2581898272037506,0.1395569145679474
0.002106770873069763,-0.14578187465667725,-0.2933955192565918,-0.42917147278785706,-0.54296875,-0.6281088590621948,-0.6822128295898438,-0.7065507173538208
-0.704271674156189,-0.6784048676490784,-0.630778431892395,-0.5624714493751526
-0.4752977192401886,-0.37306690216064453,-0.26158687472343445,-0.14738252758979797
-0.03610393404960632,0.06827085465192795,0.16316770017147064,0.24670550227165222
0.31730347871780396,0.37393468618392944,0.4167405366897583
0.44729629158973694,0.4681189954280853,0.4817841947078705,0.4903464615345001
0.4953625202178955,0.49810731410980225,0.4992477595806122,0.4978066682815552
0.49022236466407776,0.4705296754837036,0.43184658885002136,0.3684062957763672
0.27723050117492676,0.15900349617004395,0.01821187138557434,-0.13715527951717377
-0.2962718605995178,-0.44674718379974365,-0.5764898061752319,-0.6755285263061523
-0.7370344400405884,-0.7573539018630981,-0.7355712056159973
-0.6733709573745728,-0.5754724740982056,-0.4500874876976013,-0.3085709512233734
-0.1638745665550232,-0.028104767203330994,0.08988510072231293,0.18573836982250214
0.25919944047927856,0.3126670718193054,0.34975892305374146,0.3745437562465668
0.3913125693798065,0.4043132960796356,0.4170055091381073,0.4308246374130249
0.4440816640853882,0.4519553780555725,0.44785505533218384,0.4253869652748108
0.3799010217189789,0.3091863989830017,0.21358513832092285
0.09599603712558746,-0.0379861444234848,-0.17999231815338135,-0.31949418783187866
-0.4455517530441284,-0.549179196357727,-0.6251199245452881,-0.6721994876861572
-0.6922726035118103,-0.6883119940757751,-0.6626126170158386,-0.616214394569397
-0.5498363971710205,-0.46543583273887634,-0.3670716881752014,-0.2603744566440582
-0.15108799934387207,-0.043841272592544556,0.05808279663324356,0.15216530859470367
0.23604494333267212,0.3075590133666992,0.36541786789894104
0.4098407030105591,0.4424901008605957,0.4656881093978882,0.4815708100795746
0.49185818433761597,0.498151570558548,0.5019876956939697,0.5040792226791382
0.5030394792556763,0.49463018774986267,0.472382128238678,0.4293992221355438
0.36041146516799927,0.26327118277549744,0.13962584733963013,-0.005054041743278503
-0.16186152398586273,-0.3193512260913849,-0.4651091992855072,-0.5876731276512146
-0.6780869960784912,-0.7305376529693604,-0.7421478033065796
-0.7126106023788452,-0.6442777514457703,-0.5426432490348816,-0.41660839319229126
-0.27783671021461487,-0.13891687989234924,-0.010839670896530151,0.09909450262784958
0.1879788488149643,0.25650477409362793,0.3074445128440857,0.34442704916000366
0.37142497301101685,0.3925793766975403,0.4117729067802429,0.4316636919975281
0.45243221521377563,0.47106030583381653,0.48188090324401855,0.4782378375530243
0.4542848765850067,0.40607184171676636,0.33190223574638367
0.23245009779930115,0.11093854904174805,-0.026586338877677917,-0.1711971014738083
-0.31194454431533813,-0.437918484210968,-0.5406543612480164,-0.6156087517738342
-0.6621260643005371,-0.6820904016494751,-0.6779548525810242,-0.6512960195541382
-0.6028284430503845,-0.5336802005767822,-0.44673222303390503,-0.34688350558280945
-0.24007073044776917,-0.13183370232582092,-0.02644352614879608,0.07297635078430176
0.16380269825458527,0.24358348548412323,0.3104323148727417
0.3637954890727997,0.4048052430152893,0.4357512891292572,0.4590625464916229
0.476647287607193,0.48997214436531067,0.5004251003265381,0.5091729164123535
0.5161758661270142,0.5189328193664551,0.5120853781700134,0.48847198486328125
0.4411374032497406,0.36532866954803467,0.2597997486591339,0.12727782130241394
-0.025669008493423462,-0.1891736090183258,-0.3511708676815033,-0.49912139773368835,-0.6218529939651489,-0.7107833623886108,-0.7602576017379761
-0.767371416091919,-0.731873095035553,-0.656482458114624,-0.5474255681037903
-0.4145020842552185,-0.270050585269928,-0.12680324912071228,0.004630982875823975
0.11754250526428223,0.2093959003686905,0.2807909846305847,0.33406078815460205
0.37238264083862305,0.3995074927806854,0.41957661509513855,0.4365338981151581
0.4529975950717926,0.46896740794181824,0.4812980890274048,0.48456376791000366
0.4727953374385834,0.4409821927547455,0.3857966661453247
0.3058408200740814,0.20188555121421814,0.07725633680820465,-0.06178290396928787
-0.20614691078662872,-0.34513360261917114,-0.46860381960868835,-0.5691098570823669
-0.6429176330566406,-0.6896227598190308,-0.7106561660766602,-0.7074508666992188,-0.6804776191711426
-0.6298084855079651,-0.5565738081932068,-0.46405908465385437,-0.35759368538856506
-0.24333319067955017,-0.12691345810890198,-0.012940168380737305,0.09464269876480103
0.1920657753944397,0.2758828401565552,0.34381669759750366,0.39558273553848267
0.43286165595054626,0.45833349227905273,0.47456589341163635,0.48364174365997314
0.4875425398349762,0.488444060087204,0.4881543815135956,0.4867652952671051
0.4814654290676117,0.4665714204311371,0.4349648654460907,0.3801848292350769
0.2982623279094696,0.18879413604736328,0.05524919927120209,-0.0952271968126297
-0.25245916843414307,-0.404556542634964,-0.5397510528564453,-0.6480668783187866
-0.7222239375114441
-0.7577083706855774,-0.752465009689331,-0.7068367600440979,-0.6239955425262451
-0.5104803442955017,-0.376112699508667,-0.23277917504310608,-0.0922347903251648
0.0362042635679245,0.1469903588294983,0.2381763458251953,0.3102259635925293
0.36485669016838074,0.40457281470298767,0.4326484799385071,0.4529147744178772
0.4689566493034363,0.48280760645866394,0.4938257336616516,0.4986404478549957
0.49231597781181335,0.46992960572242737,0.4276641309261322
0.36321717500686646,0.27595603466033936,0.16720116138458252,0.0406879186630249,-0.09702730178833008,-0.23680788278579712,-0.3683578372001648,-0.48246872425079346
-0.5729184150695801,-0.6370888948440552,-0.6751978397369385,-0.6886424422264099
-0.67843097448349,-0.6447645425796509,-0.5879846811294556,-0.5099827647209167
-0.4148610532283783,-0.3083275854587555,-0.19634786248207092,-0.08407546579837799,0.02431511878967285,0.12514819204807281,0.21495014429092407
0.2908976972103119,0.35170912742614746,0.39810609817504883,0.4322693645954132
0.45663881301879883,0.4730879068374634,0.4830794334411621,0.4882875978946686
0.49067625403404236,0.49154356122016907,0.4900522530078888,0.48242849111557007
0.4625670313835144,0.42372217774391174,0.3604463040828705,0.27009454369544983
0.15360915660858154,0.015681251883506775,-0.1355506181716919,-0.28936895728111267
-0.4339974522590637,-0.5583940744400024,-0.6536674499511719
-0.7136867046356201,-0.7349625825881958,-0.7163349390029907,-0.6590144038200378
-0.567072331905365,-0.44790899753570557,-0.31195583939552307,-0.1711781620979309
-0.03672011196613312,0.08325501531362534,0.1844441294670105,0.26579388976097107
0.32822519540786743,0.37372887134552,0.4051729142665863,0.42632558941841125
0.44143131375312805,0.4541228711605072,0.46603381633758545,0.4759362041950226
0.4800686240196228,0.47345513105392456,0.4513075351715088
0.4098038971424103,0.34636977314949036,0.25998222827911377,0.1516907811164856
0.025244012475013733,-0.11250783503055573,-0.2520817518234253,-0.38307416439056396
-0.4964909553527832,-0.5864656567573547,-0.6505779027938843,-0.6887884140014648
-0.7016865015029907,-0.6892743706703186,-0.6511932015419006,-0.5880553126335144
-0.5026860237121582,-0.40028488636016846,-0.2873868942260742,-0.1704099178314209
-0.054836466908454895,0.05464387685060501,0.1536758691072464
0.23834827542304993,0.3060913383960724,0.35661476850509644,0.39189088344573975
0.41504746675491333,0.4290649890899658,0.4362763464450836,0.43877995014190674
0.43892595171928406,0.43899479508399963,0.4399949312210083,0.4403785169124603
0.43567168712615967,0.41935983300209045,0.3845667541027069,0.32582932710647583
0.24046021699905396,0.12929096817970276,-0.003130018711090088,-0.14882077276706696
-0.29729506373405457,-0.4371423125267029,-0.5577389001846313
-0.6504218578338623,-0.7088789343833923,-0.7290439605712891,-0.7090370059013367
-0.649535596370697,-0.5544849634170532,-0.4315582513809204,-0.29163339734077454
-0.14700713753700256,-0.008937329053878784,0.11429223418235779,0.21791206300258636
0.2999696433544159,0.3603680729866028,0.40050044655799866,0.42341887950897217
0.43377479910850525,0.43697938323020935,0.43766188621520996,0.438090980052948
0.4375174343585968,0.4328421950340271,0.4199780821800232
0.3949124813079834,0.3541138470172882,0.2947314977645874,0.21508672833442688
0.11546766757965088,-0.0010016858577728271,-0.1278856098651886,-0.25612106919288635
-0.3760482668876648,-0.47974693775177,-0.562371015548706,-0.6220277547836304
-0.6585078239440918,-0.6717036962509155,-0.6608763933181763,-0.6252967119216919
-0.5656207203865051,-0.48482340574264526,-0.38792774081230164,-0.2807604968547821
-0.16875502467155457,-0.05665433406829834,0.050993047654628754
0.1494901031255722,0.2345728576183319,0.30361270904541016,0.35635408759117126
0.39445143938064575,0.4201677143573761,0.43540436029434204,0.4418385922908783
0.44169101119041443,0.437995582818985,0.43375512957572937,0.4303726553916931
0.4264451861381531,0.4177458584308624,0.39828360080718994,0.36182594299316406
0.3034173846244812,0.22060918807983398,0.114227294921875,-0.011353090405464172
-0.14852413535118103,-0.28749656677246094,-0.41785451769828796
-0.5300131440162659,-0.6160918474197388,-0.6701589822769165,-0.6882001161575317
-0.6682656407356262,-0.6110377311706543,-0.520595133304596,-0.4046841561794281
-0.2738344967365265,-0.1393389105796814,-0.010949641466140747,0.1045495867729187,0.2033408284187317,0.2836935520172119,0.34530144929885864,0.3893175721168518
0.19424669444561005,0.23266306519508362,0.2573646903038025,0.26946908235549927,0.271499902009964,0.26598021388053894,0.25432437658309937,0.2361697256565094,0.20960716903209686,0.17273178696632385,0.1262078583240509,0.07542593032121658,0.030460262671113014,0.0034108704421669245,0.004703558050096035,0.04023388400673866,0.10995643585920334,0.20748253166675568,0.3203454613685608,0.43149200081825256
0.5227181911468506,0.5792219638824463,0.5930058360099792,0.5636327266693115,0.4969761371612549,0.4035460948944092,0.29696330428123474,0.19203375279903412,0.10227203369140625,0.037783313542604446,0.0043842182494699955,0.0036825318820774555,0.03311320021748543,0.08563091605901718,0.15004315972328186,0.2130725234746933,0.2627370059490204,0.2912648618221283,0.2961433231830597,0.2794235348701477,0.24631083011627197,0.20371747016906738,0.1587877869606018
0.11738483607769012,0.08294418454170227,0.0562334842979908,0.036126647144556046,0.020911410450935364,0.00948329083621502,0.002037483500316739,0.0002082734281430021,0.006785361561924219,0.02507149614393711,0.05777938663959503,0.10529188811779022,0.16353680193424225,0.22293926775455475,0.2703539729118347,0.29375553131103516,0.2866969704627991,0.24992206692695618,0.19060730934143066,0.12101394683122635,0.05668475106358528,0.013016595505177975,0.00022107665427029133
0.01918547973036766,0.06124433875083923,0.11221534013748169,0.15821246802806854
0.19013874232769012,0.20524278283119202,0.20610222220420837,0.1982574462890625
0.18759335577487946,0.17829209566116333,0.17177079617977142,0.16649006307125092
0.15848302841186523,0.1428958624601364,0.11659787595272064,0.08077352494001389
0.04195384681224823,0.010941199958324432,0.00016797361604403704,0.020321277901530266
0.07694924622774124,0.16772712767124176,0.2814013361930847
0.39955249428749084,0.5011953711509705,0.5683543086051941,0.5901101231575012
0.5640690326690674,0.49588441848754883,0.3976922631263733,0.2856653928756714
0.17685307562351227,0.08623618632555008,0.025051100179553032,0.00034415145637467504
0.014614243991672993,0.06465452909469604,0.1404590606689453,0.2260771095752716
0.3030044734477997,0.3548104465007782,0.371163934469223,0.3501913845539093
0.2985629439353943,0.22906047105789185,0.15651275217533112
0.09352526068687439,0.04741218686103821,0.01936544105410576,0.005791687406599522
0.0010088111739605665,3.2770079997135326e-05,3.4852557291742414e-05,9.212674922309816e-05
0.00017027268768288195,0.0005595253896899521,0.0022278151009231806,0.00753982225432992
0.020206961780786514,0.04350776970386505,0.07728046923875809,0.11616387218236923
0.15097200870513916,0.17210069298744202,0.17271451652050018,0.1509036123752594
0.11105742305517197,0.0638703778386116,0.023476632311940193
0.0019424661295488477,0.004101358819752932,0.026029180735349655,0.05804053321480751
0.08988451212644577,0.11481012403964996,0.1308789849281311,0.13995139300823212
0.1456713229417801,0.15162338316440582,0.16000565886497498,0.17047560214996338
0.17927847802639008,0.17969349026679993,0.16468460857868195,0.3622506558895111
0.2899446487426758,0.19007906317710876,0.06775015592575073,-0.06934010237455368
-0.21204397082328796,-0.3504068851470947,-0.4741114377975464
-0.5734220743179321,-0.6408987045288086,-0.6730831265449524,-0.6708948612213135
-0.6383153200149536,-0.5804065465927124,-0.5022664666175842,-0.4093140661716461
-0.3076799213886261,-0.20351868867874146,-0.10159994661808014,-0.004401698708534241
0.08753660321235657,0.17404387891292572,0.2534295618534088,0.3215179443359375
0.37220528721809387,0.3992425203323364,0.39833852648735046,0.3687247335910797
0.3136524260044098,0.23970049619674683,0.1557166874408722
0.07216933369636536,0.00024703890085220337,-0.050066933035850525,-0.0723436251282692,-0.06531299650669098,-0.0330519899725914,0.0163007490336895,0.07267697155475616,0.12587875127792358,0.16647471487522125,0.18643051385879517,0.18011410534381866
0.14554926753044128,0.08550289273262024,0.007688447833061218,-0.07686655223369598
-0.15704089403152466,-0.22427991032600403,-0.2728379964828491,-0.2985069751739502
-0.2982247769832611,-0.2712448835372925,-0.22050327062606812
-0.15278902649879456,-0.07726611196994781,-0.002803593873977661,0.06441276520490646
0.12151581048965454,0.16811172664165497,0.2052343785762787,0.23458582162857056
0.2581050992012024,0.2777612507343292,0.294931024312973,0.3091666102409363
0.31725993752479553,0.31361040472984314,0.29193705320358276,0.24742557108402252
0.17831818759441376,0.08643873035907745,-0.02310521900653839,-0.14222629368305206
-0.2602464556694031,-0.365243524312973,-0.44617241621017456
-0.49505987763404846,-0.508721649646759,-0.4889482259750366,-0.4411829710006714
-0.3732728958129883,-0.29465964436531067,-0.21502229571342468,-0.142277792096138
-0.08089563250541687,-0.031427860260009766,0.00853002816438675,0.04234110563993454,0.07226987928152084,0.09861370921134949,0.11997692286968231,0.1337752640247345
0.1369941234588623,0.12713027000427246,0.10286442935466766,0.06504577398300171,0.017994306981563568,-0.030477169901132584,-0.07086160778999329
-0.09430798888206482,-0.09437911212444305,-0.06794435530900955,-0.015295885503292084,0.0601482167840004,0.15173788368701935
0.24920040369033813,0.33947208523750305,0.4090620279312134,0.4465310275554657,0.4442303776741028,0.3993315100669861,0.31411033868789673,0.19564685225486755,0.05532543361186981,-0.09203921258449554,-0.230192169547081,-0.34469157457351685,-0.42599135637283325,-0.47054022550582886,-0.4796503186225891,-0.457140177488327,-0.40727153420448303,-0.3345077931880951,-0.24464106559753418,-0.14515376091003418,-0.04413788020610809,0.05134309083223343,0.13656455278396606,0.20914895832538605,0.2676783800125122,0.3104237914085388,0.33543264865875244,0.34178492426872253,0.3307311236858368,0.3052500784397125,0.26822251081466675,0.22113344073295593,0.16469919681549072,0.1009121686220169,0.03457637131214142,-0.027059383690357208,-0.07630021870136261,-0.10761469602584839,-0.11927004903554916,-0.11290985345840454
-0.09255868196487427,-0.06446249783039093,-0.03652679920196533,-0.016473446041345596
-0.00987318530678749,-0.0190945602953434,-0.04302524775266647,-0.07744668424129486
-0.11623330414295197,-0.15271472930908203,-0.1805555820465088,-0.19467680156230927,-0.19228553771972656,-0.17319132387638092,-0.13972680270671844,-0.09682190418243408
-0.05132623761892319,-0.010184556245803833,0.021472282707691193,0.04144149646162987,0.05086085572838783,0.054034046828746796,0.05716029554605484
0.06634711474180222,0.08611994981765747,0.11853836476802826,0.16270685195922852,0.2149282991886139,0.2690749764442444,0.316972941160202,0.34961050748825073
0.359103262424469,0.3403172492980957,0.2915799021720886,0.21465793251991272,0.11453810334205627,-0.001084551215171814,-0.12298773229122162,-0.2415318638086319,-0.3474609851837158,-0.4331921935081482,-0.4940277636051178,-0.5282315015792847,-0.5361469984054565,-0.5188436508178711,-0.47717025876045227
-0.4121169149875641,-0.32572096586227417,-0.22143641114234924,-0.10410821437835693
0.02030368149280548,0.14523489773273468,0.2637549638748169,0.368474543094635
0.45181164145469666,0.5069980621337891,0.5296351909637451,0.5192060470581055,0.4795851707458496,0.41798385977745056,0.34285131096839905,0.2622712552547455
0.18367326259613037,0.11357943713665009,0.05642901360988617,0.013348802924156189,-0.018193066120147705,-0.04348935931921005,-0.06863559782505035
-0.0986248105764389,-0.13643354177474976,-0.1827552616596222,-0.23592275381088257
-0.2920931577682495,-0.34543490409851074,-0.3884788155555725,-0.4135930836200714
-0.41536641120910645,-0.39228054881095886,-0.34663036465644836,-0.2831372916698456
-0.20768356323242188,-0.12685111165046692,-0.047349393367767334,0.024997472763061523
0.08601220697164536,0.1337805837392807,0.16890481114387512,0.19360694289207458
0.21035724878311157,0.2209804803133011,0.22628633677959442
0.2264990359544754,0.22222265601158142,0.21491728723049164,0.2067040055990219,0.19973202049732208,0.19539125263690948,0.1940220296382904,0.19501496851444244
0.19685125350952148,0.19723524153232574,0.19315128028392792,0.18075117468833923
0.1557132601737976,0.11425012350082397,0.05430100858211517,-0.023484960198402405
-0.11551068723201752,-0.21588531136512756,-0.3172411322593689,-0.41137951612472534
-0.48985880613327026,-0.5444016456604004,-0.5675420761108398
-0.5538516640663147,-0.5010137557983398,-0.41026440262794495,-0.28649240732192993
-0.13798487186431885,0.02421097457408905,0.18712380528450012,0.33723723888397217
0.46227169036865234,0.5524969100952148,0.6015130281448364,0.606782078742981
0.5698586702346802,0.4961189031600952,0.3936710059642792,0.27200356125831604,0.14118647575378418,0.011277586221694946,-0.10815691202878952,-0.20829688012599945,-0.2821691334247589,-0.3264458477497101,-0.34209057688713074
-0.3335072100162506,-0.30702894926071167,-0.2693635821342468,-0.2267608493566513
-0.18475297093391418,-0.1475805789232254,-0.11761648952960968,-0.09552887827157974
-0.0810108631849289,-0.07353977859020233,-0.07250598818063736,-0.07655499875545502
-0.08310555666685104,-0.08857883512973785,-0.0890139490365982,-0.08101583272218704
-0.06264511495828629,-0.03370523452758789,0.00420793890953064,0.047958873212337494
0.09385775029659271,0.13842257857322693,0.17827321588993073
0.2099364548921585,0.22999677062034607,0.2358308583498001,0.22693760693073273
0.20575205981731415,0.1771818995475769,0.14704057574272156,0.11996512115001678
0.09827747941017151,0.08250202238559723,0.07227794080972672,0.06663662195205688
0.06374159455299377,0.06051861122250557,0.05297607555985451,0.03743477538228035
0.011688001453876495,-0.024513570591807365,-0.06951826810836792,-0.1203189566731453
-0.1730450689792633,-0.22290515899658203,-0.26429158449172974
-0.2914876341819763,-0.2996562421321869,-0.28607404232025146,-0.2509765625
-0.1972658783197403,-0.12953834235668182,-0.0529450923204422,0.027630925178527832
0.10747792571783066,0.18165263533592224,0.24503906071186066,0.29270362854003906
0.3206244707107544,0.32662180066108704,0.31062188744544983,0.2742134630680084
0.2201012820005417,0.15189121663570404,0.0745999664068222,-0.004809901118278503
-0.07823008298873901,-0.13817867636680603,-0.17928214371204376
-0.19898881018161774,-0.19722935557365417,-0.17551879584789276,-0.13667574524879456
-0.08495056629180908,-0.025773122906684875,0.03484652191400528,0.09117995947599411,0.1384483128786087
0.17277544736862183,0.1910826414823532,0.19140088558197021,0.17321430146694183
0.13785262405872345,0.08877572417259216,0.031136296689510345,-0.029177818447351456
-0.08661406487226486,-0.13700996339321136,-0.1779176890850067,-0.2080349624156952
-0.22653059661388397,-0.2325424998998642,-0.2252359837293625,-0.2047712653875351
-0.1730932593345642,-0.13365058600902557,-0.09041851758956909,-0.046797700226306915
-0.005207829177379608,0.03242836520075798,0.06445421278476715,0.08986300975084305
0.10857240855693817,0.12134373188018799,0.1291603147983551,0.13219285011291504
0.12951251864433289,0.11997376382350922,0.10328247398138046,0.08048602938652039
0.05360773205757141,0.024616919457912445,-0.005281291902065277,-0.035539157688617706,-0.06564991176128387
-0.09434758126735687,-0.11937430500984192,-0.13816654682159424,-0.1485917568206787,-0.14926697313785553,-0.13965296745300293,-0.11991969496011734,-0.09092014282941818
-0.05446101725101471,-0.013354234397411346,0.02882205694913864,0.06810472160577774
0.10088136792182922,0.12452287971973419,0.13736654818058014,0.13848978281021118
0.12760362029075623,0.1050889790058136,0.07235968858003616,0.03214698284864426,-0.011716298758983612,-0.05479315668344498
-0.09279562532901764,-0.12223596125841141,-0.14032600820064545,-0.1446990668773651
-0.13371184468269348,-0.10701820999383926,-0.06604711711406708,-0.014075152575969696,0.04442185163497925,0.1046542376279831,0.16198241710662842,0.21194377541542053
0.2500757575035095,0.2720690965652466,0.274639368057251,0.25639504194259644
0.21807396411895752,0.16248032450675964,0.09413367509841919,0.018559426069259644
-0.05835646390914917,-0.13090887665748596,-0.19398298859596252
-0.2431478649377823,-0.2748512327671051,-0.28685903549194336,-0.2785555124282837
-0.25108468532562256,-0.20719298720359802,-0.15069293975830078,-0.08618982136249542,-0.019197016954421997,0.04407423734664917,0.09751268476247787,0.13625890016555786,0.1577199548482895,0.16165593266487122,0.14936867356300354,0.1229625791311264
0.08513143658638,0.0393756628036499,-0.009661570191383362,-0.056469276547431946
-0.09568222612142563,-0.12309762835502625,-0.13618281483650208
-0.13395845890045166,-0.11663344502449036,-0.08563587814569473,-0.0438639372587204
0.004382684826850891,0.05379227548837662,0.09880822896957397,0.13471350073814392
0.15837635099887848,0.16836678981781006,0.1647159457206726,0.14853502810001373
0.12181238830089569,0.08746490627527237,0.049194447696208954,0.011035338044166565
-0.023225203156471252,-0.05072641372680664,-0.06994190067052841,-0.08053648471832275
-0.08303093910217285,-0.07853922247886658,-0.06868524104356766
-0.05573120713233948,-0.04247705638408661,-0.0316711850464344,-0.02522701770067215,-0.02357671968638897,-0.025634493678808212,-0.029605219140648842,-0.033863767981529236,-0.037123583257198334,-0.038118794560432434,-0.03533678874373436,-0.027212686836719513,-0.01283445954322815,0.007517119869589806,0.03243856877088547,0.059773039072752,0.08702246844768524,0.11160264164209366,0.1308196783065796,0.14198201894760132,0.14289571344852448,0.1324111521244049,0.11075159162282944
0.07956162840127945,0.04169435799121857,0.0007989779114723206,-0.039287567138671875
-0.07511947304010391,-0.10381345450878143,-0.12296897172927856,-0.13081680238246918
-0.12661775946617126,-0.11109580099582672,-0.08666812628507614,-0.05700601637363434
-0.026007898151874542,0.002960842102766037,0.02713785134255886,0.04406324028968811
0.0515245720744133,0.048168838024139404,0.03429191932082176,0.011960633099079132
-0.0156357791274786,-0.04510482773184776,-0.07341821491718292
-0.09786691516637802,-0.11582629382610321,-0.12484787404537201,-0.12315309792757034
-0.1102515161037445,-0.08723356574773788,-0.056527964770793915,-0.021388404071331024
0.014609435573220253,0.048021018505096436,0.07585889101028442,0.09574266523122787
0.10605811327695847,0.10620927810668945,0.09681889414787292,0.07973627746105194
0.05770979821681976,0.033773310482501984,0.010686386376619339,-0.009337672963738441
-0.024614915251731873,-0.033863719552755356,-0.03629942238330841
-0.03206108883023262,-0.02260974794626236,-0.010594181716442108,0.000951770693063736
0.00961214117705822,0.014109938405454159,0.01417124830186367,0.010088348761200905
0.0024044550955295563,-0.008004674687981606,-0.01963368058204651,-0.030403517186641693
-0.038218650966882706,-0.041587382555007935,-0.0398702397942543,-0.03306502476334572
-0.021448399871587753,-0.005494644865393639,0.013882055878639221,0.03507338836789131
0.05583859980106354,0.07369712740182877,0.0864071324467659
0.09235000610351562,0.09070606529712677,0.08141261339187622,0.06506630033254623
0.042857229709625244,0.016531921923160553,-0.011580316349864006,-0.03852036967873573
-0.0609111413359642,-0.07565449178218842,-0.08073494583368301,-0.07551896572113037
-0.060485340654850006,-0.0368160717189312,-0.006339181214570999,0.02814803645014763
0.0627283975481987,0.09283024817705154,0.11423376202583313,0.12407847493886948
0.12121336162090302,0.10586398839950562,0.07921555638313293
0.043353691697120667,0.0014432966709136963,-0.04238269105553627,-0.08366952836513519,-0.11844107508659363,-0.14376506209373474,-0.15798437595367432,-0.1605953872203827,-0.1519482433795929,-0.1330837905406952,-0.10574294626712799,-0.07235176116228104,-0.03589187562465668
0.0003894120454788208,0.03345160931348801,0.06094272807240486,0.08144808560609818
0.09435443580150604,0.0994601920247078,0.09679552912712097,0.08686605095863342
0.07100633531808853,0.051429323852062225,0.030796542763710022,0.01156836748123169
-0.0043839458376169205,-0.015786441043019295,-0.02179841510951519,-0.021891046315431595
-0.01601465232670307,-0.005004797130823135,0.009301941841840744,0.02450435608625412
0.03828729689121246,0.048910364508628845,0.05534384399652481,0.05707991123199463
0.05395257845520973,0.04618758335709572,0.03459843248128891,0.020725395530462265
0.006593296304345131,-0.005919682793319225,-0.015614420175552368,-0.022131921723484993
-0.025797229260206223
-0.02724853903055191,-0.027130963280797005,-0.02604067139327526,-0.024577157571911812
-0.023364368826150894,-0.02293679304420948,-0.023442108184099197,-0.0244387686252594
-0.025025656446814537,-0.0241779126226902,-0.02116103284060955,-0.01582491397857666
-0.008476657792925835,0.0004882458597421646,0.010753724724054337,0.02194012701511383
0.033278416842222214,0.04348800331354141,0.051205627620220184,0.05559631437063217
0.05655345693230629,0.0544033981859684,0.04937944933772087
0.041335683315992355,0.030014384537935257,0.015536777675151825,-0.0013862010091543198
-0.019642964005470276,-0.03814440965652466,-0.05606481805443764,-0.07263890653848648
-0.08689694106578827,-0.0976550281047821,-0.10365282744169235,-0.10389117896556854
-0.09805632382631302,-0.08663555979728699,-0.07073275744915009,-0.0517701655626297
-0.03122887760400772,-0.010664377361536026,0.008164171129465103,0.023409206420183182
0.03348847106099129,0.03756087273359299,0.03588072955608368
0.029630130156874657,0.020322613418102264,0.0093147624284029,-0.002304067835211754
-0.013503123074769974,-0.02305292710661888,-0.02961614355444908,-0.032151948660612106
-0.030236944556236267,-0.024152563884854317,-0.014657950028777122,-0.002558695152401924
0.0114085478708148,0.02635233849287033,0.041093744337558746,0.05419211834669113
0.06419216096401215,0.0700516402721405,0.0713125467300415,0.0679563507437706
0.06019046530127525,0.04826274514198303,0.032556045800447464
0.013964008539915085,-0.005949638783931732,-0.025188686326146126,-0.0417545810341835
-0.054082609713077545,-0.06123797595500946,-0.06283801048994064,-0.05895628780126572
-0.05007968097925186,-0.03713482245802879,-0.021609019488096237,-0.005445323884487152
0.009394987486302853,0.021330852061510086,0.02943006530404091,0.033509761095047
0.03385145962238312,0.030846986919641495,0.024967504665255547,0.01693219132721424
0.007911192253232002,-0.0005373898893594742,-0.007020037155598402
-0.010829778388142586,-0.01195899024605751,-0.010785655118525028,-0.007702806033194065
-0.0030153151601552963,0.002738002920523286,0.008542806841433048,0.013123206794261932
0.015399143099784851,0.014933220110833645,0.012038051150739193,0.0074193160980939865
0.0018248390406370163,-0.004056835081428289,-0.009611009620130062,-0.014187483116984367
-0.017009129747748375,-0.017364483326673508,-0.014880183152854443,-0.009706550277769566
-0.002608085051178932,0.005282564088702202,0.01289457082748413
0.019370004534721375,0.02400945872068405,0.026180919259786606,0.025236334651708603
0.020732220262289047,0.012858841568231583,0.00257125124335289,-0.008676223456859589
-0.019439220428466797,-0.028706172481179237,-0.03581416606903076,-0.040125634521245956
-0.04097209870815277,-0.037836696952581406,-0.03069043532013893,-0.020268136635422707
-0.007839329540729523,0.005335171706974506,0.018318720161914825,0.030509918928146362
0.04140183702111244,0.05028781294822693,0.05633942782878876
0.05893821641802788,0.057879071682691574,0.05346506088972092,0.046411558985710144
0.037536878138780594,0.027634553611278534,0.01755203865468502,0.008220912888646126
0.000638703815639019,-0.004317427985370159,-0.006204006727784872,-0.005117450840771198
-0.0016484623774886131,0.0032460393849760294,0.008559460751712322,0.013421911746263504
0.01698615401983261,0.018349846825003624,0.016652850434184074,0.011360786855220795
0.002706308849155903,-0.008149445056915283,-0.01947762817144394
-0.02954515814781189,-0.03709835186600685,-0.04149670898914337,-0.0423889234662056
-0.039505381137132645,-0.03291819244623184,-0.02332012541592121,-0.012015791609883308
-0.0006000902503728867,0.009575583040714264,0.017668595537543297,0.023212550207972527
0.025961680337786674,0.025813598185777664,0.022884396836161613,0.017733819782733917
0.011327603831887245,0.004719190299510956,-0.0012063775211572647,-0.005935315974056721
-0.009393692016601562,-0.011731522157788277,-0.0130892563611269
-0.013492727652192116,-0.012843956239521503,-0.011169007048010826,-0.008918237872421741
-0.0068937623873353004,-0.005931846331804991,-0.006609207484871149,-0.009105194360017776
-0.013397200033068657,-0.019537407904863358,-0.027585836127400398,-0.037312254309654236
-0.047923214733600616,-0.0580410361289978,-0.06613406538963318,-0.07098326086997986
-0.07173433899879456,-0.06779712438583374,-0.058819107711315155,-0.04475953429937363
-0.026183873414993286,-0.004507593810558319,0.01813582330942154
0.03926078975200653,0.0565241277217865,0.06820452213287354,0.07335242629051208
0.07172925770282745,0.06376893818378448,0.05048026889562607,0.03338650241494179
0.0145479217171669,-0.0036484189331531525,-0.018954072147607803,-0.029715433716773987,-0.03517468273639679,-0.035419486463069916,-0.031034914776682854,-0.022867288440465927
0.00018995928985532373,9.085753117688e-05,2.2449008611147292e-05,8.40623926023909e-08,2.7475902243168093e-05,9.639423660701141e-05,0.0001889316481538117,0.0002825023839250207
0.00035612707142718136,0.0003954067069571465,0.00039521369035355747,0.0003594836744014174
0.0002986125473398715,0.00022630994499195367,0.00015633265138603747,9.914927795762196e-05
5.961016358924098e-05,3.6855835787719116e-05,2.674546885828022e-05,2.505062730051577e-05
2.8712793209706433e-05,3.4771186619764194e-05,3.952629413106479e-05,3.9590118831256405e-05
3.3552834793226793e-05,2.2710441044182517e-05,1.0641590051818639e-05,1.93999539987999e-06
4.609939594502066e-07,7.556776836281642e-06,2.1195210138102993e-05,3.6670426197815686e-05
4.8411882744403556e-05,5.200961822993122e-05,4.584390262607485e-05,3.189472408848815e-05
1.5341640391852707e-05,2.8832700991188176e-06,7.6721840969185e-07,1.3528752788261045e-05
4.3566618842305616e-05,9.148877143161371e-05,0.00015671626897528768
0.00023721806064713746,0.0003277767391409725,0.00041756051359698176,0.0004894970916211605
0.0005243411869741976,0.0005086621968075633,0.0004416914307512343,0.000336696655722335
0.00021671339345630258,0.00010775257396744564,3.194624150637537e-05,8.601792842455325e-07
1.1559794074855745e-05,4.9266374844592065e-05,9.506386413704604e-05,0.00013304894673638046
0.0001533106405986473,0.00015208133845590055,0.0001315069675911218,9.871521615423262e-05
6.337613012874499e-05,3.3983244065893814e-05,1.4564188859367277e-05
4.414539034769405e-06,5.414033807937813e-07,1.1063358584806338e-07,1.4664306036138441e-06
4.037898634123849e-06,7.944743629195727e-06,1.373453142150538e-05,2.2123685994301923e-05
3.350362021592446e-05,4.7272758820327e-05,6.135670992080122e-05,7.272325456142426e-05
7.915921014500782e-05,8.043436537263915e-05,7.73547581047751e-05,7.017189636826515e-05
5.8157278544967994e-05,4.082105078850873e-05,2.0437071725609712e-05,3.918199126928812e-06
1.2525292731879745e-06,2.0548335669445805e-05,6.395841046469286e-05
0.00012836483074352145,0.00020908091391902417,0.0003020058502443135,0.00040220661321654916
0.00050083186943084,0.0005848339642398059,0.0006410335190594196,0.0006606961833313107
0.0006411753711290658,0.0005849705194123089,0.0004983828403055668,0.0003916010318789631
0.00027889967896044254,0.0001757394493324682,9.377313108416274e-05,3.8115631468826905e-05
8.242500371125061e-06,9.13852016282135e-09,6.6336342570139095e-06,1.94039039342897e-05
2.979843702632934e-05,3.26419212797191e-05,2.7893953301827423e-05
1.9371238522580825e-05,1.1232878932787571e-05,5.380716629588278e-06,1.773002622940112e-06
8.875692714127581e-08,7.874558605180937e-07,5.12899850946269e-06,1.428542145731626e-05,2.8348740670480765e-05,4.634467404684983e-05,6.698509241687134e-05,8.897894440451637e-05,0.00011051914043491706,0.00012871711805928499,0.00014016908244229853,0.0001425618538632989,0.0001357391884084791,0.00012143038475187495,0.00010242983262287453,8.20049099274911e-05,6.337549712043256e-05,4.8920675908448175e-05,3.949493475374766e-05
3.436969927861355e-05,3.147699317196384e-05,2.7704147214535624e-05,2.0169867639197037e-05,9.144056093646213e-06,5.926254402766062e-07,4.5409155973175075e-06,2.850838609447237e-05
7.085801189532503e-05,0.00011971075582550839,0.00015819561667740345,0.00017214777471963316
0.0001560049131512642,0.00011519884719746187,6.444245082093403e-05,0.004670090973377228
0.0010384130291640759,-0.002452885266393423,-0.005410665180534124,-0.0075157112441957,-0.00854099914431572,-0.008365899324417114,-0.0070186639204621315
-0.004708990454673767,-0.0018000663258135319,0.0012826367747038603,0.004158702213317156
0.006555875763297081,0.008320702239871025,0.009406653232872486,0.00985279493033886
0.009763971902430058,0.009299540892243385,0.008660211227834225,0.008072190918028355
0.007760379929095507,0.007897363975644112,0.008561021648347378,0.009729497134685516,0.011291814036667347,0.013070672750473022,0.014867964200675488,0.016500212252140045
0.01780197024345398,0.018622439354658127,0.018834255635738373
0.018354155123233795,0.01716454327106476,0.015307711437344551,0.012852349318563938,0.009877095930278301,0.00648770947009325,0.002838115207850933,-0.0008648838847875595,-0.004378148820251226,-0.007452801801264286,-0.009854109957814217,-0.011368829756975174,-0.011820008978247643,-0.01109122484922409,-0.009160303510725498,-0.00614557322114706
-0.0023333565331995487,0.001857653260231018,0.0059688501060009,0.009600704535841942,0.01247408613562584,0.014442043378949165,0.015474788844585419
0.01564333215355873,0.015105968341231346,0.01409026701003313,0.012862492352724075
0.01168585754930973,0.010770542547106743,0.010220967233181,0.010011467151343822
0.010009057819843292,0.010015623643994331,0.009805060923099518,0.009158899076282978
0.007909563370049,0.0059818606823682785,0.0034092534333467484,0.00033169984817504883
-0.0030137409921735525,-0.0063372510485351086,-0.00936982687562704,-0.011907147243618965
-0.013801246881484985,-0.014926055446267128,-0.015166539698839188
-0.014475144445896149,-0.012946921400725842,-0.010811351239681244,-0.008334973827004433
-0.0057215942069888115,-0.0030755801126360893,-0.0004276419058442116,0.002218151232227683
0.0048486823216080666,0.007421024143695831,0.009850558824837208,0.011995971202850342
0.013635016977787018,0.014468172565102577,0.01419107336550951,0.012601986527442932
0.009680424816906452,0.005612981505692005,0.0007626772858202457,-0.004399027209728956
-0.009360643103718758,-0.013641336001455784,-0.01686999946832657
-0.018836215138435364,-0.019501689821481705,-0.018996113911271095,-0.01759122684597969,-0.01564142107963562,-0.01351528987288475
-0.01154779177159071,-0.01001928560435772,-0.009144915267825127,-0.009050560183823109
-0.009732658043503761,-0.011028384789824486,-0.012628879398107529,-0.01415097527205944
-0.015245175920426846,-0.015681331977248192,-0.015370545908808708,-0.014335387386381626
-0.012655775994062424,-0.010419907048344612,-0.007721559144556522,-0.00469631515443325
-0.0015398990362882614,0.0015155782457441092,0.004248267039656639,0.006480524316430092
0.008075891062617302,0.008916785940527916,0.008898214437067509,0.007945923134684563
0.006045116111636162,0.0032572243362665176,-0.00029798364266753197,-0.004476036410778761
-0.00911023747175932,-0.013983165845274925,-0.01879747211933136,-0.023163124918937683
-0.026629392057657242,-0.0287748035043478,-0.029312606900930405,-0.02815786562860012
-0.025434453040361404,-0.021427486091852188,-0.01650899648666382,-0.011083422228693962
-0.0055722882971167564,-0.00040576793253421783,0.004002070520073175,0.007296661846339703
0.009251488372683525,0.009827698580920696,0.009170552715659142,0.007551453076303005
0.005306823644787073,0.002799037843942642,0.0003856020048260689,-0.0016237490344792604
-0.0030130925588309765,-0.003686658339574933,-0.0036737113259732723,-0.003110177582129836
-0.0021874650847166777,-0.0010935154277831316,1.8009217455983162e-05,0.0010303406743332744
0.0018480353755876422,0.002383224666118622,0.002568671479821205
0.0023795566521584988,0.0018497835844755173,0.0010994812473654747,0.0003374688094481826
-0.00021559861488640308,-0.0004316188860684633,-0.0003045668709091842,0.0001096213236451149
0.0007800479652360082,0.001751465373672545,0.003137437393888831,0.0050756665877997875
0.007666024379432201,0.010914603248238564,0.014706932008266449,0.018802989274263382
0.02284935489296913,0.026418279856443405,0.02906649373471737,0.030402034521102905
0.030147550627589226,0.028186803683638573,0.024593539535999298
0.0196455717086792,0.013813760131597519,0.007702973671257496,0.0019569257274270058
-0.0028240405954420567,-0.006152414251118898,-0.007736695930361748,-0.007549236994236708
-0.005836207419633865,-0.0030593867413699627,0.00021479884162545204,0.003436689730733633
0.006161120254546404,0.008097045123577118,0.009143475443124771,0.009406721219420433
0.00916872639209032,0.008796440437436104,0.008611414581537247,0.008785946294665337
0.00933733582496643,0.010203026235103607,0.011320007964968681
0.012657815590500832,0.014192681759595871,0.01585214026272297,0.017488796263933182,0.018914014101028442,0.019969966262578964,0.020587502047419548,0.02078869752585888
0.020639892667531967,0.020189588889479637,0.01942380517721176,0.018262706696987152
0.016592534258961678,0.014298047870397568,0.011281613260507584,0.007484108209609985
0.0029172757640480995,-0.0022833715192973614,-0.007796484045684338,-0.013107641600072384
-0.017604008316993713,-0.02073824778199196,-0.022174902260303497
-0.021838616579771042,-0.019863028079271317,-0.016512690111994743,-0.012137964367866516
-0.00716718565672636,-0.002105901949107647,0.0024943379685282707,0.006118685472756624
0.008402482606470585,0.0092250881716609,0.00873357430100441,0.007271124050021172
0.005242878571152687,0.00299244886264205,0.0007346547208726406,-0.0014502492267638445
-0.0035671398509293795,-0.005646878387778997,-0.007736016530543566,-0.009904424659907818
-0.0122075155377388,-0.014624099247157574,-0.01701580360531807
-0.019127869978547096,-0.020655281841754913,-0.021358685567975044,-0.02115516923367977
-0.020129891112446785,-0.018484648317098618,-0.016473187133669853,-0.014364241622388363
-0.012443204410374165,-0.011014946736395359,-0.010356459766626358,-0.01061918493360281,-0.011744918301701546,-0.01345836091786623,-0.015325989574193954,-0.016837865114212036
-0.017506496980786324,-0.01697051338851452,-0.015068121254444122,-0.011884311214089394
-0.007771951146423817,-0.003306858241558075,0.0008267592638731003
0.003982556983828545,0.005692425649613142,0.00575805502012372,0.0042561073787510395
0.0014665015041828156,-0.002214841078966856,-0.006338972132652998,-0.010449140332639217
-0.014107361435890198,-0.016918251290917397,-0.01859382539987564,-0.01903902366757393
-0.018384519964456558,-0.01694321259856224,-0.015117708593606949,-0.013296132907271385
-0.011766219511628151,-0.01065330021083355,-0.009888678789138794,-0.009229949675500393
-0.00834256038069725,-0.006923028267920017,-0.004801963455975056
-0.0019716089591383934,0.0014439080841839314,0.005236024037003517,0.009157061576843262
0.012940498068928719,0.01629977859556675,0.018947506323456764,0.02065339684486389
0.02130022831261158,0.020900903269648552,0.01959284208714962,0.017618130892515182
0.015272948890924454,0.012831601314246655,0.01046663522720337,0.008202922530472279
0.005942122079432011,0.0035445434041321278,0.0009284308180212975,-0.0018657541368156672
-0.004689524881541729,-0.007349050138145685,-0.009646996855735779
-0.011369042098522186,-0.012253371067345142,-0.012029170989990234,-0.01052787620574236
-0.007776328362524509,-0.004007596522569656,0.0004075760953128338,0.005051467567682266
0.009518359787762165,0.013443777337670326,0.01653154194355011,0.01859813928604126
0.019620276987552643,0.01975492760539055,0.01931837946176529,0.018706735223531723,0.018272653222084045,0.018224341794848442,0.018586866557598114,0.01922888495028019
0.01993182674050331,0.020451655611395836,0.020543955266475677
0.01996109075844288,0.018464572727680206,0.0158991739153862,0.012296026572585106
0.007913224399089813,0.003175276331603527,-0.0014525707811117172,-0.00558947678655386,-0.00900346040725708
-0.011596688069403172,-0.013353295624256134,-0.014312119223177433,-0.01457411888986826
-0.014301510527729988,-0.013682692311704159,-0.01287153922021389,-0.011928609572350979,-0.010796455666422844,-0.009319332428276539,-0.007305062375962734,-0.004605569411069155
-0.001167686190456152,0.0029494904447346926,0.007566053420305252,0.012386137619614601
0.017011359333992004,0.02096373587846756,0.02375609427690506,0.02500854805111885
0.02455184794962406,0.022472752258181572,0.019088881090283394,0.01486077718436718
0.010280555114150047,0.005792766809463501,0.0017621200531721115,-0.0015463652089238167
-0.003991338424384594,-0.005570612847805023,-0.00642402283847332,-0.006815165281295776
-0.007075896952301264,-0.007514481898397207,-0.008328340947628021,-0.009576739743351936
-0.011194908060133457
-0.012990523129701614,-0.014636443927884102,-0.01571464166045189,-0.01582374982535839
-0.014711103402078152,-0.012360204942524433,-0.008987369015812874,-0.004966960288584232
-0.0007309960201382637,0.0033279142808169127,0.006920779589563608,0.009869547560811043
0.012074531987309456,0.013480821624398232,0.014070337638258934,0.013877730816602707
0.012995951808989048,0.011554905213415623,0.009690855629742146,0.007512927055358887
0.005066015291959047,0.0023125773295760155,-0.0008384725078940392
-0.004465207457542419,-0.008560928516089916,-0.012971006333827972,-0.017363470047712326
-0.02127004787325859,-0.02418830245733261,-0.025701237842440605,-0.02557341381907463
-0.02379729226231575,-0.020592642948031425,-0.016371363773941994,-0.011669911444187164
-0.007060588337481022,-0.0030699027702212334,-0.0001309565268456936,0.0014371012803167105
0.0014601853908970952,-3.0247610993683338e-05,-0.0027259495109319687,-0.0060185580514371395
-0.009099608287215233,-0.011181834153831005,-0.01173491682857275
-0.010618194006383419,-0.008067237213253975,-0.004582017660140991,-0.0007993136532604694
0.002617635764181614,0.005088815465569496,0.006219496484845877,0.005856599658727646
0.004089014139026403,0.0012104841880500317,-0.0023482891265302896,-0.006107887718826532
-0.009619560092687607,-0.012524057179689407,-0.014589941129088402,-0.015728924423456192
-0.016011223196983337,-0.015672460198402405,-0.015040233731269836,-0.014384657144546509
-0.013797195628285408,-0.013149047270417213,-0.012114470824599266
-0.010264148004353046,-0.007216187193989754,-0.0027780821546912193,0.0029552283231168985
0.00954729039222002,0.016257168725132942,0.02219148725271225,0.02649742364883423
0.028518756851553917,0.02789742313325405,0.02462364174425602,0.019039170816540718
0.011798616498708725,0.003784080035984516,-0.004021745640784502,-0.010679258964955807
-0.015435985289514065,-0.01785207912325859,-0.01787121221423149,-0.01581677980720997
-0.012307788245379925,-0.00810276623815298,-0.003934923559427261
-0.00039416924118995667,0.0021664490923285484,0.003687572665512562,0.004360522143542767,0.004514957778155804,0.004506663419306278,0.004621879197657108,0.005030013155192137
0.0057970373891294,0.006902413442730904,0.008235873654484749,0.009604981169104576
0.010777505114674568,0.011564062908291817,0.01191423274576664,0.0119726387783885
0.0120423948392272,0.0124606192111969,0.013478395529091358,0.015207553282380104
0.017595013603568077,0.020398717373609543,0.02320259064435959
0.025479042902588844,0.026668276637792587,0.026258252561092377,0.023856839165091515
0.019267613068223,0.012578815221786499,0.004218620248138905,-0.0050723194144666195
-0.014350157231092453,-0.02262800559401512,-0.029042474925518036,-0.03298759460449219
-0.034187689423561096,-0.032694414258003235,-0.028826363384723663,-0.023087887093424797
-0.01609218493103981,-0.008491424843668938,-0.0009007053449749947,0.00618324987590313
0.012442577630281448,0.01774587109684944,0.022091705352067947
0.02551307901740074,0.027996009215712547,0.02947390452027321,0.029896292835474014
0.029279405251145363,0.027684582397341728,0.025176072493195534,0.021815374493598938
0.017702894285321236,0.01305180974304676,0.008244155906140804,0.003802698105573654
0.0002643759362399578,-0.0019825289491564035,-0.0028138291090726852,-0.0023941700346767902
-0.001123475143685937,0.00046009791549295187,0.001792501425370574,0.00237812427803874
0.0018466071924194694,-8.524279110133648e-06,-0.003192832227796316
-0.007490879390388727,-0.012485567480325699,-0.017615964636206627,-0.022252999246120453
-0.025774488225579262,-0.02762831188738346,-0.027395453304052353,-0.024871688336133957
-0.020140482112765312,-0.013591082766652107,-0.005873892456293106,0.002197141759097576
0.009783769957721233,0.016173548996448517,0.020896248519420624,0.02375825121998787
0.02477761171758175,0.02408156916499138,0.02184814214706421,0.01829889416694641
0.01370714046061039,0.00839886162430048,0.0027312878519296646
-0.0029421322979032993,-0.008297878317534924,-0.013071589171886444,-0.017094524577260017
-0.020298421382904053,-0.022680263966321945,-0.0242597833275795,-0.025043705478310585
-0.02500956878066063,-0.024141628295183182,-0.022511092945933342,-0.02033137157559395
-0.017931481823325157,-0.0156683549284935,-0.01384260319173336,-0.012643441557884216
-0.012116720899939537,-0.01216106116771698,-0.012540045194327831,-0.012910331599414349
-0.0129136573523283,-0.01231315452605486,-0.011053415946662426
-0.00920800305902958,-0.006909065879881382,-0.0043074823915958405,-0.0015462418086826801
0.0012354243081063032,0.003869048785418272,0.00614150520414114,0.007808986119925976
0.008641960099339485,0.008511326275765896,0.007462186273187399,0.005697970278561115
0.0034828311763703823,0.001041133888065815,-0.00148606242146343,-0.004025423899292946
-0.006518555339425802,-0.00886322557926178,-0.010896355845034122,-0.012433646246790886,-0.01333190780133009,-0.013536108657717705,-0.01308008749037981,-0.012039126828312874
-0.010484624654054642,-0.008488468825817108,-0.00616670586168766,-0.0036950106732547283
-0.001246744766831398,0.0010823006741702557,0.0032670549117028713,0.005279155448079109
0.00702186394482851,0.00832182914018631,0.008983874693512917,0.008867188356816769
0.007935894653201103,0.0062745073810219765,0.0040750508196651936,0.0016026054508984089
-0.0008531156927347183,-0.003024463541805744,-0.004692425020039082,-0.005696572363376617,-0.005938991904258728,-0.005383147858083248
-0.004061732906848192,-0.002098714467138052,0.000294690253213048,0.0028714830987155437
0.00540168909355998,0.007690156809985638,0.009579876437783241,0.010971006006002426
0.011862311512231827,0.012387958355247974,0.01279129646718502,0.013317951932549477
0.014102461747825146,0.015124320052564144,0.016232749447226524,0.017205454409122467
0.017809299752116203,0.017849015071988106,0.017210688441991806,0.0158890038728714
0.013978800736367702,0.011641036719083786,0.009072442539036274
0.006493656896054745,0.004134988412261009,0.00220055365934968,0.0008286244701594114
6.436079274863005e-05,-0.00016165617853403091,-5.397549830377102e-05,5.5074931879062206e-05
-0.00021578537416644394,-0.0011682200711220503,-0.002917082980275154,-0.005340443924069405
-0.00810210034251213,-0.010740901343524456,-0.012779127806425095,-0.013812245801091194
-0.013561850413680077,-0.011886346153914928,-0.008785856887698174,-0.004418071359395981
0.0009156372398138046,0.006817604415118694,0.012830959632992744
0.018469933420419693,0.02328253537416458,0.026935122907161713,0.029271744191646576
0.030317841097712517,0.030219677835702896,0.029154900461435318,0.02728613279759884
0.02476433850824833,0.021715369075536728,0.018204929307103157,0.014246881008148193
0.009870615787804127,0.005199486389756203,0.0004793931730091572,-0.003970975987613201
-0.007843364030122757,-0.010889874771237373,-0.012936724349856377,-0.01390033308416605
-0.013816039077937603,-0.01285122986882925,-0.011288030073046684
-0.00949896965175867,-0.007907094433903694,-0.006895252037793398,-0.006699675694108009
-0.007347394246608019,-0.008647453039884567,-0.010241063311696053,-0.011697409674525261
-0.01259348914027214,-0.012554983608424664,-0.011294970288872719,-0.00866749882698059
-0.004723323509097099,0.00025511113926768303,0.005772733595222235,0.01120175700634718,0.01588536612689495,0.019239619374275208,0.02085277810692787,0.02055901102721691
0.01844932697713375,0.014813516288995743,0.010054060257971287
0.0046164365485310555,-0.001066064927726984,-0.006623227149248123,-0.011776522733271122
-0.01633605733513832,-0.020176084712147713,-0.023204639554023743,-0.025353658944368362
-0.026594428345561028,-0.026946324855089188,-0.026467734947800636,-0.02524295635521412
-0.02336122654378414,-0.02089538984000683,-0.017916321754455566,-0.014544570818543434
-0.010996485128998756,-0.007591824978590012,-0.004707730375230312,-0.0026867459528148174
-0.001740860752761364,-0.001888232072815299,-0.00293916673399508
-0.0045456308871507645,-0.006297513842582703,-0.007805505767464638,-0.008737465366721153,-0.0088425874710083,-0.00799141637980938,-0.006202650722116232,-0.0036293412558734417
-0.0005255239084362984,0.0027735931798815727,0.005858553573489189,0.008270898833870888
0.009578954428434372,0.009495845064520836,0.007969883270561695,0.005184018984436989
0.0014820178039371967,-0.0027142916806042194,-0.006960670463740826,-0.010826868936419487
-0.013932377099990845,-0.01599091850221157,-0.01684938743710518
-0.016488734632730484,-0.014997979626059532,-0.01256642211228609,-0.009480321779847145
-0.006073035299777985,-0.0026425207033753395,0.000603589229285717,0.003551248461008072
0.00613994849845767,0.008308488875627518,0.009979287162423134,0.011085422709584236
0.011580674909055233,0.011416279710829258,0.010532766580581665,0.008897997438907623
0.006571359001100063,0.0037392452359199524,0.0006840010173618793,-0.0022934600710868835
-0.004936565179377794,-0.007034130394458771,-0.008386005647480488
-0.008800175040960312,-0.008136904798448086,-0.006365296896547079,-0.00360316364094615
-0.0001269555650651455,0.003666189033538103,0.007341374643146992,0.010512744076550007
0.01291028130799532,0.014417492784559727,0.01505295094102621,0.014913737773895264
0.014144920744001865,0.012943743728101254,0.011553995311260223,0.010232510976493359
0.009202912449836731,0.008614002726972103,0.008516446687281132,0.008863752707839012
0.009529612958431244,0.010333073325455189,0.011073395609855652
0.011571049690246582,0.011698229238390923,0.011389964260160923,0.010642512701451778
0.0095000509172678,0.008020485751330853,0.006236591842025518,0.004149644635617733
0.00175421591848135,-0.0009293858893215656,-0.0038244961760938168,-0.00679119722917676
-0.009649715386331081,-0.01220090314745903,-0.014227334409952164,-0.015489594079554081
-0.01573282480239868,-0.01471430528908968,-0.012253708206117153,-0.008288555778563023
-0.0029114745557308197,0.0036132875829935074,0.010837709531188011
0.018137145787477493,0.024786634370684624,0.030106985941529274,0.033602792769670486
0.0350232757627964,0.03435871750116348,0.03181415796279907,0.0277608223259449
0.0226654801517725,0.017024610191583633,0.011311963200569153,0.005941116251051426,0.0012541022151708603,-0.002492376836016774,-0.005179464817047119
9.058334399014711e-06,0.0033163197804242373,0.006388802547007799,0.005001959390938282
0.0012940726010128856,0.0002178301801905036,0.004842658527195454,0.013326798565685749,0.019592728465795517,0.017891524359583855,0.008434444665908813,0.00020610549836419523
0.008772896602749825,0.049698229879140854,0.1298407018184662,0.23973128199577332
0.3521036207675934,0.4304298758506775,0.4447334110736847,0.38647234439849854,0.27403298020362854
0.14567925035953522,0.04437323287129402,0.0008127319742925465,0.0212447177618742
0.08794490993022919,0.17168129980564117,0.2448320835828781,0.2876933217048645,0.290749192237854,0.2560161352157593,0.19557078182697296,0.12674129009246826,0.06593682616949081,0.02352418377995491,0.0026816329918801785,0.002050632145255804,0.01880328170955181,0.04965171962976456,0.08950161188840866,0.12968070805072784,0.15856164693832397,0.16535891592502594,0.1453181803226471
0.10358472168445587,0.054775651544332504,0.01654255948960781,0.0003886217309627682
0.006043718196451664,0.02257964015007019,0.035314224660396576,0.03454722836613655
0.02107560634613037,0.00536191463470459,0.0002837601350620389,0.011792334727942944
0.0344691164791584,0.055002324283123016,0.06060846522450447,0.04706438630819321
0.022013425827026367,0.002191319828853011,0.005913367960602045,0.04311331361532211
0.10725124180316925,0.17573869228363037,0.2208438664674759
0.22391588985919952,0.18442174792289734,0.1197102963924408,0.055272430181503296
0.012217978946864605,0.00021912505326326936,0.01690336875617504,0.0517728365957737
0.09229263663291931,0.12848341464996338,0.15485987067222595,0.1705268919467926
0.17769727110862732,0.17957599461078644,0.17883992195129395,0.17644283175468445
0.1706715077161789,0.15782688558101654,0.1347358673810959,0.1013757511973381
0.062369637191295624,0.026548102498054504,0.003975383471697569
0.0018148531671613455,0.02108086831867695,0.05526137351989746,0.09228476136922836
0.12038811296224594,0.13399505615234375,0.13497351109981537,0.1295580267906189
0.12435539066791534,0.12386038154363632,0.1300717145204544,0.14329791069030762
0.16240592300891876,0.18370836973190308,0.19984467327594757,0.20099833607673645
0.17923110723495483,0.1339951753616333,0.07548205554485321,0.023345142602920532
8.286732190754265e-05,0.02026672288775444,0.08152995258569717
0.16542257368564606,0.24717430770397186,0.3052574396133423,0.3264837861061096
0.30838093161582947,0.2585991322994232,0.19052578508853912,0.11848641186952591
0.055553946644067764,0.013129062950611115,0.00020782304636668414,0.020803987979888916
0.0708252564072609,0.13860806822776794,0.20984916388988495,0.272771954536438
0.3204423487186432,0.35022982954978943,0.3613382875919342,0.3522860109806061
0.32148510217666626,0.27065593004226685,0.20644092559814453
0.13882750272750854,0.07849600911140442,0.03361731022596359,0.007652994245290756
1.5725048797321506e-05,0.007909131236374378,0.027790581807494164,0.056635960936546326
0.09226933866739273,0.13260234892368317,0.1754007190465927,0.21898740530014038
0.26263612508773804,0.30604714155197144,0.5898596048355103,0.6198341846466064
0.6381063461303711,0.6381635069847107,0.6133714914321899,0.5583515763282776
0.47032320499420166,0.35001689195632935,0.20201554894447327
0.034990906715393066,-0.13805292546749115,-0.3007757067680359,-0.43697819113731384
-0.5351532101631165,-0.5910542011260986,-0.6071392893791199,-0.5898096561431885,-0.5461026430130005,-0.4821586310863495,-0.4042063355445862,-0.31990405917167664
-0.23785388469696045,-0.1651279628276825,-0.1044878363609314,-0.05353923141956329
-0.0062855929136276245,0.0443340465426445,0.10417961329221725,0.17607712745666504
0.2582055628299713,0.3434380888938904,0.42074158787727356
0.478518009185791,0.5083295106887817,0.5067410469055176,0.4748571217060089
0.4175235629081726,0.3428545594215393,0.2610514760017395,0.18219301104545593
0.1135319173336029,0.057836830615997314,0.014051713049411774,-0.021067360416054726
-0.05208350718021393,-0.08428379148244858,-0.12260691076517105,-0.17052015662193298
-0.22931203246116638,-0.2975538372993469,-0.3703417181968689,-0.43922656774520874
-0.4939275085926056,-0.5246843099594116,-0.5240730047225952
-0.4888360798358917,-0.4212625324726105,-0.3290056884288788,-0.22364374995231628
-0.11839190125465393,-0.025360509753227234,0.0463762991130352,0.09145522117614746,0.10881002247333527,0.10250573605298996,0.08138379454612732,0.0570271760225296
0.041275568306446075,0.04413434490561485,0.07219107449054718,0.1274121254682541
0.2059897780418396,0.29784953594207764,0.38812750577926636,0.46044284105300903
0.5004065632820129,0.4982137680053711
0.45027193427085876,0.360431432723999,0.24040234088897705,0.1078389585018158,-0.01821759343147278,-0.12263315916061401,-0.19757866859436035,-0.242815300822258,-0.26372405886650085,-0.2686234712600708,-0.26636141538619995,-0.264567494392395
-0.26863348484039307,-0.2811315655708313,-0.3010762333869934,-0.32314884662628174,-0.3380889892578125,-0.3348360061645508,-0.3034536838531494,-0.2376856505870819,-0.1366826444864273,-0.005673512816429138,0.1443251222372055
0.29758620262145996,0.436023086309433,0.5427870154380798,0.6058070659637451,0.6203041672706604,0.5898922681808472
0.5255744457244873,0.442436546087265,0.35496634244918823,0.2731199264526367
0.20129239559173584,0.13977202773094177,0.08662500977516174,0.0389176681637764,-0.006806239485740662,-0.054186947643756866,-0.10635194182395935,-0.16487395763397217
-0.2284782975912094,-0.2923455238342285,-0.3487057387828827,-0.3881436586380005
-0.40153080224990845,-0.38280799984931946,-0.3312806189060211,-0.2522355914115906
-0.15621328353881836,-0.056941673159599304,0.0321524515748024,0.10107152163982391
0.1442786306142807,0.16073189675807953,0.154094398021698,0.13193204998970032
0.10369124263525009,0.0789618268609047,0.0662875697016716,0.07201451063156128
0.09935268759727478,0.14770103991031647,0.21185624599456787,0.2816397249698639
0.34324324131011963,0.38221174478530884,0.3865901529788971,0.3493145704269409
0.26998475193977356,0.15595394372940063,0.021735548973083496,-0.11387087404727936
-0.23223114013671875,-0.31960776448249817,-0.37041735649108887,-0.3874274492263794
-0.3791935443878174,-0.3567468523979187,-0.3310890197753906,-0.31158772110939026
-0.30489304661750793,-0.3140268325805664,-0.33725839853286743,-0.36743685603141785
-0.3931770324707031,-0.40177831053733826,-0.3823654055595398,-0.32831913232803345
-0.23903441429138184,-0.12085756659507751,0.013485550880432129
0.14715981483459473,0.2626504600048065,0.3455917239189148,0.3876558542251587
0.3873786926269531,0.3496769368648529,0.28504467010498047,0.20764145255088806
0.1316496729850769,0.0673285573720932,0.01913965493440628,-0.013381939381361008
-0.03386225923895836,-0.047921471297740936,-0.06212970241904259,-0.08263102173805237
-0.11388956010341644,-0.15795741975307465,-0.2142048180103302,-0.27903151512145996
-0.34529417753219604,-0.4023788869380951,-0.4381636381149292
-0.44229280948638916,-0.40881356596946716,-0.33757469058036804,-0.23471885919570923
-0.1114514172077179,0.01875002682209015,0.14253133535385132,0.24848690629005432
0.32927221059799194,0.3825889825820923,0.4098987579345703,0.4148930609226227
0.4033313989639282,0.3829074501991272,0.36202171444892883,0.3481190502643585
0.34607335925102234,0.3564506471157074,0.37470123171806335,0.39289385080337524
0.4026187062263489,0.39640045166015625,0.3680725395679474
0.3140072822570801,0.23523259162902832,0.1387258768081665,0.036418572068214417
-0.05795259773731232,-0.13309337198734283,-0.1837630271911621,-0.2117479145526886,-0.22408629953861237,-0.23020683228969574,-0.23930266499519348,-0.25845634937286377
-0.2916419506072998,-0.3393533229827881,-0.3982771635055542,-0.460858553647995
-0.5156806707382202,-0.5494844913482666,-0.5501819849014282,-0.5095535516738892,-0.42491382360458374,-0.2997913062572479,-0.1441175937652588
0.026256948709487915,0.1916934996843338,0.3323369026184082,0.43177276849746704
0.4801044166088104,0.47615543007850647,0.42771878838539124,0.3488228917121887
0.2551039457321167,0.16024723649024963,0.07458050549030304,0.004291534423828125
-0.048842281103134155,-0.08618402481079102,-0.11068814992904663,-0.12653571367263794
-0.13898901641368866,-0.15347817540168762,-0.17439427971839905,-0.20387928187847137
-0.2404441386461258,-0.27843159437179565,-0.3095322847366333
-0.3253309726715088,-0.31959736347198486,-0.2903594970703125,-0.24082815647125244
-0.17811480164527893,-0.1109052449464798,-0.04733814299106598,0.007214590907096863
0.05178491026163101,0.08906115591526031,0.12288916110992432,0.15671363472938538
0.19363832473754883,0.23657110333442688,0.28769272565841675,0.3475632667541504
0.41394615173339844,0.4809119999408722,0.5397069454193115,0.5812727808952332
0.5981097221374512,0.5845996737480164,0.5372070074081421
0.4554652273654938,0.3433417081832886,0.2100733518600464,0.06941288709640503
-0.06331424415111542,-0.17545589804649353,-0.26027366518974304,-0.31746119260787964
-0.3513326048851013,-0.3683726191520691,-0.37545010447502136,-0.37880194187164307
-0.3833651840686798,-0.39224687218666077,-0.40612369775772095,-0.4225137233734131
-0.4355190098285675,-0.43667489290237427,-0.4167761206626892,-0.36806660890579224
-0.2862817943096161,-0.1724056899547577,-0.03382335603237152
0.11610017716884613,0.2607041597366333,0.38431084156036377,0.47585898637771606
0.5301518440246582,0.5476622581481934,0.5338430404663086,0.4970790147781372
0.4458925127983093,0.38728511333465576,0.3259678781032562,0.26375311613082886
0.1999174952507019,0.13259728252887726,0.06004032492637634,-0.01872412860393524
-0.1035093367099762,-0.19279910624027252,-0.2836190164089203,-0.37095901370048523
-0.44698822498321533,-0.5013797283172607,-0.5233181118965149
-0.5044784545898438,-0.4421493113040924,-0.34104934334754944,-0.21239501237869263
-0.07128876447677612,0.06581640988588333,0.18398287892341614,0.2732085585594177
0.33029431104660034,0.35743626952171326,0.35937634110450745,0.342178076505661
0.31347402930259705,0.28210291266441345,0.25671058893203735,0.2439814805984497
0.24668444693088531,0.26220184564590454,0.2832469046115875,0.3009514808654785
0.30759161710739136,0.29706501960754395,0.26456576585769653
0.20713789761066437,0.12513422966003418,0.023837462067604065,-0.08612281829118729
-0.19083531200885773,-0.27739018201828003,-0.33813586831092834,-0.372358113527298,-0.3850550055503845
-0.38438618183135986,-0.3791642189025879,-0.37696173787117004,-0.3829834461212158
-0.39955934882164,-0.42577290534973145,-0.4568673074245453,-0.4840969741344452,-0.4960881471633911,-0.4815259277820587,-0.4320201277732849,-0.344239741563797
-0.22076410055160522,-0.06988310813903809,0.09517840296030045,0.25824031233787537
0.40316706895828247,0.5161687731742859,0.5873832702636719,0.612803041934967,0.5953799486160278,0.5434805154800415,0.46765685081481934,0.3781639039516449
0.283674955368042,0.19059136509895325,0.10312552750110626,0.023633062839508057
-0.047553058713674545,-0.1120629832148552,-0.17261482775211334,-0.23187267780303955
-0.29158782958984375,-0.3521273732185364,-0.41202419996261597,-0.4670878052711487,-0.5100939273834229
-0.5326941013336182,-0.528232753276825,-0.4930907189846039,-0.42739954590797424,-0.33618608117103577,-0.22915399074554443,-0.11781162023544312,-0.011870995163917542
0.08232761919498444,0.16165319085121155,0.22610053420066833,0.27848589420318604
0.3232538402080536,0.36511579155921936,0.4080026149749756,0.4540955126285553
0.502658486366272,0.5492714643478394,0.5867924690246582,0.607580840587616
0.6049375534057617,0.573517918586731,0.5098828077316284
0.413440465927124,0.2875864505767822,0.14084282517433167,-0.013032928109169006
-0.15727725625038147,-0.27658551931381226,-0.36160218715667725,-0.4107810854911804
-0.4291759729385376,-0.4257786273956299,-0.4108719229698181,-0.39396172761917114
-0.3824113607406616,-0.38064584136009216,-0.38972097635269165,-0.40743499994277954
-0.42891767621040344,-0.4469849169254303,-0.4524572491645813,-0.43548867106437683
-0.3879333734512329,-0.30593249201774597,-0.19165441393852234
-0.05315348505973816,0.09719862043857574,0.2444515824317932,0.37314724922180176
0.4703456461429596,0.5288622379302979,0.5490275621414185,0.537856936454773
0.5059194564819336,0.46341919898986816,0.4177745282649994,0.3734554648399353
0.33217132091522217,0.29249584674835205,0.2502647638320923,0.2001895159482956
0.13771218061447144,0.060342296957969666,-0.03172503411769867,-0.13538537919521332
-0.24412304162979126,-0.34753990173339844,-0.43234705924987793
-0.48513492941856384,-0.49545058608055115,-0.45808926224708557,-0.37487444281578064
-0.2554837465286255,-0.11583146452903748,0.025501981377601624,0.15084832906723022
0.24664366245269775,0.30581119656562805,0.3277910351753235,0.3168710470199585
0.2810443639755249,0.23129330575466156,0.1799565553665161,0.13834793865680695
0.11457644402980804,0.11200536042451859,0.1290150135755539,0.16039669513702393
0.19873785972595215,0.23474228382110596,0.25788235664367676
0.25845640897750854,0.23062719404697418,0.17508140206336975,0.09950271248817444
0.01623488962650299,-0.061915431171655655,-0.1258823573589325,-0.17244549095630646
-0.2037305384874344,-0.2253940999507904,-0.24455590546131134,-0.26788580417633057
-0.300192266702652,-0.3436933159828186,-0.39768657088279724,-0.45799770951271057
-0.5164064168930054,-0.5613316297531128,-0.5802247524261475,-0.562633752822876
-0.5027955770492554,-0.40095260739326477,-0.2630614638328552
-0.09979066252708435,0.07416622340679169,0.2411017268896103,0.38274767994880676
0.4836727976799011,0.5342639684677124,0.5327373147010803,0.4854896664619446
0.4046564996242523,0.30424949526786804,0.19768404960632324,0.09637869894504547
0.008141487836837769,-0.06347531080245972,-0.11841966211795807,-0.15932992100715637
-0.1908014714717865,-0.21819600462913513,-0.24633772671222687,-0.2783479690551758
-0.3142687678337097,-0.34988367557525635,-0.3773525357246399
-0.3879716098308563,-0.37494322657585144,-0.33494189381599426,-0.2691614031791687
-0.18329736590385437,-0.08576050400733948,0.014235764741897583,0.1078798845410347
0.18846483528614044,0.25298643112182617,0.3016209006309509,0.3358209431171417
0.3575851023197174,0.3700581192970276,0.3776848018169403,0.38526105880737305
0.39636141061782837,0.4118661880493164,0.4296976625919342,0.44602715969085693
0.45632103085517883,0.45519599318504333,0.43638864159584045
0.39403876662254333,0.3248065710067749,0.2297724485397339,0.11543190479278564
-0.00695839524269104,-0.12446906417608261,-0.2267996221780777,-0.3088128864765167
-0.3701065182685852,-0.41311997175216675,-0.4416174292564392,-0.4599460959434509
-0.4724730849266052,-0.4829246699810028,-0.4937177896499634,-0.5054181814193726
-0.5165252685546875,-0.5232949256896973,-0.5194810032844543,-0.4969964325428009
-0.4479302167892456,-0.366864413022995,-0.25253716111183167
-0.10892653465270996,0.05428348481655121,0.22283700108528137,0.38055118918418884
0.5120140910148621,0.6052306890487671,0.6542631387710571,0.6599369049072266
0.6279375553131104,0.566539466381073,0.4850706458091736,0.3921361267566681
0.29396843910217285,0.1940995454788208,0.09410262107849121,-0.005404487252235413
-0.10387485474348068,-0.2002522051334381,-0.2927364110946655,-0.37852397561073303
-0.4530331492424011,-0.5093379020690918,-0.5391154289245605
-0.5347353219985962,-0.4913891851902008,-0.40899720788002014,-0.2933552861213684
-0.15547111630439758,-0.009138330817222595,0.13161242008209229,0.2543286383152008,0.35003072023391724,0.4145042896270752,0.447573721408844,0.4519038200378418
0.43307796120643616,0.3996811509132385,0.3620293438434601,0.33013033866882324
0.31185421347618103,0.31170910596847534,0.33035808801651,0.36485421657562256
0.4090031385421753,0.45344969630241394,0.4863426089286804,0.4954177737236023
0.4711819589138031,0.4101479947566986,0.3164878487586975,0.20085138082504272
0.07668808102607727,-0.044085584580898285,-0.15355980396270752,-0.24759890139102936
-0.3248042166233063,-0.38619160652160645,-0.4348733425140381,-0.47506266832351685
-0.5108703374862671,-0.5453900098800659,-0.5801923274993896,-0.614997148513794,-0.6469792127609253,-0.6699830293655396,-0.6750071048736572,-0.652388334274292
-0.5944998264312744,-0.4979732036590576
-0.36537593603134155,-0.20587658882141113,-0.03419530391693115,0.13183845579624176
0.2746724486351013,0.3811114430427551,0.4455309510231018,0.4703671634197235
0.4638022780418396,0.43589717149734497,0.395340234041214,0.34851112961769104
0.29957160353660583,0.24991461634635925,0.19799043238162994,0.14048027992248535
0.07402189075946808,-0.003412112593650818,-0.09176609665155411,-0.1887669861316681
-0.290081262588501,-0.38914918899536133,-0.47677338123321533
-0.5417823791503906,-0.5734724402427673,-0.5644615292549133,-0.5122605562210083
-0.419599324464798,-0.29452186822891235,-0.15015900135040283,-0.002890869975090027
0.1313096284866333,0.2401966005563736,0.31641167402267456,0.35765165090560913
0.3671361804008484,0.35328465700149536,0.3277401924133301,0.3026319444179535
0.28817692399024963,0.29108986258506775,0.31385454535484314,0.35452353954315186
0.4066242277622223,0.4595019519329071,0.49989116191864014
0.514682948589325,0.4939032793045044,0.43299049139022827,0.3342844545841217
0.20725736021995544,0.06603676080703735,-0.07498715817928314,-0.20423169434070587
-0.31375911831855774,-0.3994383215904236,-0.4609096646308899,-0.500910758972168
-0.5240799188613892,-0.5356754064559937,-0.540528416633606,-0.5423552393913269
-0.5431153774261475,-0.5418777465820312,-0.5338208079338074,-0.510918140411377
-0.4643864929676056,-0.38742583990097046,-0.27713364362716675
-0.13541269302368164,0.030697330832481384,0.20901554822921753,0.3834094703197479
0.5367514491081238,0.6542569398880005,0.7260758876800537,0.7490825653076172
0.7266827821731567,0.6663286685943604,0.5773095488548279,0.46999186277389526
0.3545510768890381,0.23889485001564026,0.12793976068496704,0.024446934461593628
-0.07030197978019714,-0.15634535253047943,-0.23466914892196655,-0.30653348565101624
-0.37261831760406494,-0.4316996932029724,-0.4794398248195648
-0.5090171694755554,-0.5136411786079407,-0.4886450469493866,-0.43224990367889404
-0.3463973104953766,-0.23776397109031677,-0.11749082803726196,0.0006265640258789062
0.10258930921554565,0.17654727399349213,0.21476885676383972,0.21541906893253326
0.18380020558834076,0.13178811967372894,0.07485878467559814,0.027818970382213593
0.0016170740127563477,0.0026251450181007385,0.033240076154470444,0.09226702153682709
0.17472225427627563,0.2712990641593933,0.368522047996521
0.45060664415359497,0.5027369260787964,0.514847993850708,0.48471799492836
0.418599933385849,0.32847607135772705,0.22738400101661682,0.1257975697517395
0.030643105506896973,-0.05431152507662773,-0.1281733363866806,-0.19247667491436005
-0.25014346837997437,-0.3042616844177246,-0.3571498692035675,-0.4096262454986572
-0.46000123023986816,-0.5031124949455261,-0.5306831002235413,-0.5332959890365601
-0.5028660297393799,-0.43461883068084717,-0.32823097705841064
-0.18832728266716003,-0.024862825870513916,0.1469438374042511,0.30827611684799194
0.44001370668411255,0.5266284942626953,0.5599031448364258,0.541228711605072
0.4807266891002655,0.39336052536964417,0.2948579490184784,0.19927749037742615
0.11713458597660065,0.05398783087730408,0.010847724974155426,-0.0146748386323452
-0.027988839894533157,-0.036896828562021255,-0.04990595579147339,-0.07429254800081253
-0.11449646204710007,-0.1705780029296875,-0.2372845560312271
-0.30524200201034546,-0.36371928453445435,-0.4026680290699005,-0.41377851366996765
-0.39167875051498413,-0.33533933758735657,-0.2491920292377472,-0.14332783222198486
-0.032059356570243835,0.0689375102519989,0.14583885669708252,0.18952396512031555
0.19776484370231628,0.17582093179225922,0.13450583815574646,0.086827352643013
0.04526377469301224,0.02013900876045227,0.018524032086133957,0.04334959387779236
0.09251780807971954,0.158316969871521,0.22816696763038635
0.2871343493461609,0.3215850591659546,0.32298925518989563,0.2905110716819763
0.23095235228538513,0.15593266487121582,0.07772833108901978,0.00581793487071991,-0.05418591946363449,-0.0997282862663269,-0.13092820346355438,-0.15099197626113892
-0.16579389572143555,-0.18226033449172974,-0.20645232498645782,-0.2417829930782318
-0.28778040409088135,-0.34020334482192993,-0.3920629024505615,-0.4343874454498291
-0.4571773111820221,-0.4512518346309662,-0.41030579805374146
-0.3324686288833618,-0.22122135758399963,-0.08539450168609619,0.061769142746925354
0.20411014556884766,0.3246919512748718,0.40886303782463074,0.44759950041770935
0.43933215737342834,0.38941916823387146,0.30849120020866394,0.21011358499526978,0.10739178955554962,0.010077819228172302,-0.07617837935686111
1.6839786098898912e-07,0.006514340173453093,0.0226459801197052,0.0447104312479496,0.07125727832317352,0.10292763262987137,0.1415778547525406,0.18908880650997162,0.24612843990325928,0.31096962094306946,0.3782230317592621,0.43791940808296204,0.4764877259731293,0.48022928833961487,0.4400990903377533,0.35657191276550293,0.2429664582014084,0.12480514496564865,0.03407249227166176,1.3820116691931617e-05
0.040109336376190186,0.15411129593849182,0.32167738676071167,0.5048956871032715,0.6590082049369812,0.74896240234375,0.7615756988525391,0.7062243223190308
0.60622239112854,0.4878145456314087,0.37239959836006165,0.27306950092315674
0.1940588355064392,0.13277776539325714,0.0839771032333374,0.04406319931149483,0.013999151065945625,0.0001305119803873822,0.012104561552405357,0.058231767266988754
0.14096727967262268,0.2541806697845459,0.3814637362957001
0.49653127789497375,0.5688709020614624,0.5749558806419373,0.5103073716163635
0.39421185851097107,0.26151683926582336,0.14586687088012695,0.06577378511428833,0.02177797257900238,0.003694389946758747,2.7480022254167125e-05,0.0031867860816419125,0.010131209157407284,0.02107616513967514,0.038154084235429764,0.06433262676000595,0.10198042541742325,0.15033437311649323,0.20259398221969604,0.24592861533164978,0.2663764953613281,0.2555369436740875,0.21480035781860352
0.15518149733543396,0.09260790795087814,0.04133648797869682,0.009766108356416225
8.38083815324353e-06,0.009477213025093079,0.03317183256149292,0.06608118861913681
0.10475438088178635,0.14751343429088593,0.19367863237857819,0.242461159825325
0.2919697165489197,0.3384842872619629,0.37614357471466064,0.39712414145469666
0.39256080985069275,0.3552168011665344,0.2841396927833557,0.1891706883907318
0.09189741313457489,0.020659105852246284,0.0011442180257290602
0.04773758351802826,0.15904539823532104,0.31710198521614075,0.4900124967098236
0.6400098204612732,0.7359722852706909,0.763821005821228,0.7286197543144226,0.6485442519187927,0.54597407579422,0.4405786991119385,0.3455338180065155
0.26607853174209595,0.20053979754447937,0.14383643865585327,0.09189959615468979
0.04527157545089722,0.010815736837685108,0.0005444260314106941,0.027358243241906166,0.09947723895311356,0.2156078964471817,0.3614087402820587
0.5086660981178284,0.6203689575195312,0.6626633405685425,0.6196250319480896
0.5028891563415527,0.3483789563179016,0.1998179703950882,0.08905096352100372
0.025873888283967972,0.0019725027959793806,0.0023147957399487495,0.014314727857708931
0.031067565083503723,0.05053538456559181,0.07350851595401764,0.10175636410713196
0.1362750381231308,0.17509788274765015,0.2114379107952118,0.2345603108406067
0.23442526161670685,0.20740723609924316,0.1591692864894867
0.1027163416147232,0.05244078114628792,0.01797022856771946,0.001874443725682795
0.0014966342132538557,0.012124618515372276,0.029390137642621994,0.05060428008437157
0.07518774271011353,0.10428063571453094,0.13984346389770508,0.1835729479789734
0.23583067953586578,0.2948150634765625,0.35604584217071533,0.641687273979187
0.6711137890815735,0.6767134666442871,0.6502887010574341,0.5859072804450989
0.4819439649581909,0.3419244885444641,0.1736559271812439
-0.012517482042312622,-0.20516124367713928,-0.39244386553764343,-0.5623238682746887
-0.7031722664833069,-0.8056239485740662,-0.864874005317688,-0.8816618919372559
-0.8613929152488708,-0.8123894333839417,-0.7442518472671509,-0.6664592027664185
-0.5868058800697327,-0.5095230937004089,-0.43402814865112305,-0.35556867718696594
-0.2675665318965912,-0.16431176662445068,-0.042955026030540466,0.09564709663391113
0.2471431940793991,0.4042990803718567,0.55726557970047
0.6936730146408081,0.7996305227279663,0.8620193004608154,0.8713424205780029,0.8244330286979675,0.7263569235801697,0.5902875661849976,0.43449652194976807
0.2772971987724304,0.132422536611557,0.007061809301376343,-0.0973965972661972
-0.18337148427963257,-0.255031555891037,-0.3166847825050354,-0.37171298265457153
-0.42183148860931396,-0.46637892723083496,-0.5018481612205505,-0.5224126577377319,-0.5216970443725586,-0.4950248599052429,-0.441204696893692
-0.3632447421550751,-0.26765674352645874,-0.16255056858062744,-0.05541577935218811,0.04815533012151718,0.1444482058286667,0.23137064278125763,0.30848807096481323
0.37668752670288086,0.43743544816970825,0.49221619963645935,0.5421549081802368
0.5876483917236328,0.6281648278236389,0.6622940301895142,0.6877542734146118
0.7010263800621033,0.6969177722930908,0.6689234375953674,0.6108253598213196,0.5189175605773926,0.3935149312019348,0.23894745111465454
0.0625770092010498,-0.1262742429971695,-0.3169656991958618,-0.49754080176353455
-0.6550963521003723,-0.7779812812805176,-0.8589255809783936,-0.896658182144165
-0.8953268527984619,-0.8627617955207825,-0.8085446953773499,-0.7423366904258728,-0.6724238395690918,-0.6040505170822144,-0.5378625988960266,-0.46980932354927063
-0.39301085472106934,-0.30050012469291687,-0.18756061792373657,-0.05311495065689087
0.09987032413482666,0.264748215675354,0.431792289018631
0.5886111259460449,0.7208643555641174,0.8140579462051392,0.8562116622924805,0.8407056331634521,0.7687703967094421
0.6504513025283813,0.5027242302894592,0.3450634479522705,0.1943739354610443
0.06150275468826294,-0.049480319023132324,-0.13980095088481903,-0.2137085646390915,-0.2763960659503937,-0.3324889540672302,-0.38510963320732117,-0.4352647662162781
-0.48127639293670654,-0.5184756517410278,-0.5400433540344238,-0.539222002029419
-0.5116417407989502,-0.45668548345565796,-0.37765172123908997,-0.2805291712284088,-0.1721648871898651,-0.05917198956012726,0.052557334303855896,0.15840360522270203,0.2553251087665558,0.34169530868530273,0.4170742928981781,0.4820111393928528,0.5376312136650085,0.5850307941436768,0.624769926071167,0.6566837430000305
0.6798791289329529,0.6924132108688354,0.6905539631843567,0.668586790561676
0.6201085448265076,0.5402929186820984,0.4276576340198517,0.2845286726951599
0.11656883358955383,-0.06796933710575104,-0.2587243318557739,-0.44327759742736816
-0.6079582571983337,-0.7405141592025757,-0.8332126140594482,-0.8841557502746582
-0.8966012001037598,-0.8773375749588013,-0.8349186778068542,-0.7781418561935425
-0.7147639393806458,-0.6500602960586548,-0.5852978825569153,-0.5172614455223083
-0.4396698474884033,-0.3457634150981903,-0.2307274043560028,-0.09322652220726013
0.06404964625835419,0.234660804271698,0.40903130173683167
0.5749051570892334,0.7180205583572388,0.8237814903259277,0.8797898292541504,0.8786842226982117,0.8207567930221558,0.7150604724884033,0.5778031349182129,0.4283320903778076,0.2841058075428009,0.1566373109817505,0.05018085241317749
-0.03691256791353226,-0.10969613492488861,-0.1742289960384369,-0.23579683899879456
-0.2978683114051819,-0.36154311895370483,-0.42499154806137085,-0.48305532336235046
-0.5280186533927917,-0.5517399907112122,-0.5481206178665161
-0.514909029006958,-0.4541339576244354,-0.3710869550704956,-0.2727906107902527,-0.16665995121002197,-0.05934828519821167,0.04394906014204025,0.1396006941795349,0.2256253957748413,0.3018655478954315,0.3697025179862976,0.43122488260269165,0.4882594347000122,0.5416406393051147,0.5909320712089539,0.634482741355896,0.6692825555801392,0.6904059648513794,0.6908944249153137,0.6629737019538879,0.6002573370933533,0.4999082088470459,0.3638319671154022
0.19840005040168762,0.01315799355506897,-0.18031415343284607,-0.3688545823097229
-0.5385647416114807,-0.6771767139434814,-0.776821494102478,-0.8352420330047607
-0.855143129825592,-0.8425498604774475,-0.8050830960273743,-0.7507241368293762
-0.6870017647743225,-0.6199841499328613,-0.5526912212371826,-0.48383408784866333
-0.40835392475128174,-0.3196948766708374,-0.21239718794822693,-0.08397305011749268
0.06422768533229828,0.22709763050079346,0.39652585983276367
0.5623177289962769,0.7127624154090881,0.8350485563278198,0.9164223074913025
0.9465703368186951,0.9207393527030945,0.8421711921691895,0.7222137451171875
0.5775899887084961,0.42572182416915894,0.2801302671432495,0.14814326167106628
0.03139840066432953,-0.07216665148735046,-0.16616226732730865,-0.25406259298324585
-0.33816781640052795,-0.4190698266029358,-0.4952310025691986,-0.5624983310699463
-0.6140897274017334,-0.6419196724891663,-0.6391595602035522
-0.6024616956710815,-0.5326375365257263,-0.4343164265155792,-0.3152172863483429,-0.18476128578186035,-0.05238229036331177,0.07348436117172241,0.1858995258808136
0.28020837903022766,0.35484713315963745,0.41131842136383057,0.4532427489757538
0.48501989245414734,0.5105993747711182,0.5326688289642334,0.5522333383560181,0.5681170225143433,0.5762888789176941,0.5699173212051392,0.5408782958984375,0.4823358356952667,0.3914600610733032,0.2708234190940857
0.12738344073295593,-0.02988414466381073,-0.19160926342010498,-0.34833842515945435
-0.49070680141448975,-0.6105145812034607,-0.7022196650505066,-0.7637581825256348
-0.7963394522666931,-0.8035321831703186,-0.7901789546012878,-0.7615359425544739,-0.7226704955101013,-0.6777369976043701,-0.6286411881446838,-0.5736832618713379
-0.5077224969863892,-0.4241717755794525,-0.3175414502620697,-0.18537172675132751,-0.029185891151428223,0.1454944610595703,0.32991713285446167
0.5132378339767456,0.6833032369613647,0.8269455432891846,0.9307373762130737
0.9829369783401489,0.9763198494911194,0.9109832048416138,0.7956667542457581,0.6461743116378784,0.48097264766693115,0.3161187171936035,0.1622087061405182,0.024163588881492615,-0.09729864448308945,-0.20381096005439758,-0.29778778553009033,-0.3813572824001312,-0.45578819513320923,-0.5211172103881836,-0.5754560232162476,-0.6143081784248352,-0.6313827037811279,-0.6211141347885132
-0.5808665752410889,-0.5116509199142456,-0.4181000590324402,-0.30782222747802734
-0.1896282136440277,-0.0715360939502716,0.04012569785118103,0.14075691998004913
0.2276703417301178,0.3005037009716034,0.3611823320388794,0.41314584016799927
0.4601799547672272,0.505298376083374,0.5499838590621948,0.5939422845840454
0.6350728869438171,0.669081449508667,0.6890739798545837,0.6863135695457458
0.6525653004646301,0.5831573009490967,0.47886765003204346
0.3452218174934387,0.19024208188056946,0.022720754146575928,-0.14830663800239563
-0.31342947483062744,-0.4630909562110901,-0.5888688564300537,-0.6851696968078613
-0.7500021457672119
-0.784385621547699,-0.7912176251411438,-0.7745934724807739,-0.7395852208137512
-0.6917856335639954,-0.6360918879508972,-0.5748830437660217,-0.5068188309669495
-0.4275103211402893,-0.3316969871520996,-0.21554812788963318,-0.07821574807167053
0.07753023505210876,0.24550311267375946,0.41691866517066956,0.5812562108039856
0.7266262769699097,0.8401435613632202,0.9093440175056458,0.9248530864715576
0.8835911154747009,0.7909507751464844,0.6602018475532532,0.5089704394340515
0.35439038276672363,0.20906391739845276,0.07939457893371582,-0.0336696058511734
-0.13264545798301697,-0.22142186760902405,-0.30364567041397095,-0.38174474239349365
-0.4563438296318054,-0.5255523920059204,-0.5844132304191589,-0.6257578730583191,-0.6424721479415894
-0.6295212507247925,-0.5850213170051575,-0.5109275579452515,-0.41302189230918884
-0.2994537353515625,-0.17867955565452576,-0.05827593803405762,0.055203989148139954
0.15620487928390503,0.24080727994441986,0.30779802799224854,0.3589913547039032
0.3983496427536011,0.4305536448955536,0.459676057100296,0.488288938999176
0.5170531272888184,0.5443779230117798,0.5658444166183472,0.5741795897483826
0.561003565788269,0.5200031995773315,0.44921159744262695
0.35071074962615967,0.22887134552001953,0.08912310004234314,-0.06223656237125397
-0.21771812438964844,-0.36868685483932495,-0.506481409072876,-0.6240701675415039
-0.7170085906982422,-0.7833142280578613,-0.8229400515556335,-0.8374716639518738
-0.8299126625061035,-0.8041853904724121,-0.764066219329834,-0.7114999294281006
-0.6452972888946533,-0.5615979433059692,-0.45591890811920166,-0.3253958523273468
-0.1702776849269867,0.005504250526428223,0.19459623098373413
0.3871345818042755,0.5718793869018555,0.7369661331176758,0.8702159523963928
0.9597988128662109,0.9961183667182922,0.9748312830924988,0.8994186520576477
0.781276524066925,0.636874794960022,0.4832785129547119,0.33402198553085327
0.1970566213130951,0.07499566674232483,-0.033390216529369354,-0.1313488632440567
-0.222477987408638,-0.30951988697052,-0.3935979902744293,-0.47356146574020386
-0.54558265209198,-0.6037801504135132,-0.6418577432632446
-0.6547231078147888,-0.6395584940910339,-0.5965257287025452,-0.5289559960365295
-0.4425416886806488,-0.34366631507873535,-0.23804879188537598,-0.13075187802314758
-0.026728644967079163,0.06977125257253647,0.15662474930286407,0.2343546450138092
0.3053002655506134,0.3722760081291199,0.4373863935470581,0.5012803673744202
0.5629493594169617,0.6197014451026917,0.6666988134384155,0.6966103911399841
0.7008642554283142,0.672430157661438,0.6081581115722656
0.5091993808746338,0.3799596130847931,0.2269156575202942,0.05803197622299194
-0.1172240749001503,-0.2880508601665497,-0.4436722695827484,-0.5754191279411316
-0.6780080199241638,-0.7494288682937622,-0.790006697177887,-0.8015901446342468
-0.7873928546905518,-0.7520284652709961,-0.7008383274078369,-0.6381132006645203
-0.5651643872261047,-0.4799760580062866,-0.3787868916988373,-0.25833597779273987
-0.1176302433013916,0.04113692045211792,0.21250523626804352
0.38838985562324524,0.5592206716537476,0.7150031328201294,0.8455619215965271
0.9403224587440491,0.9891791939735413,0.985149621963501,0.9275466799736023
0.823406994342804,0.6858834624290466,0.5305671095848083,0.37188488245010376
0.22076600790023804,0.08355870842933655,-0.037884533405303955,-0.1450394243001938
-0.24103116989135742,-0.32911819219589233,-0.4116332530975342,-0.4892701208591461
-0.5605323314666748,-0.6215845346450806,-0.6669691205024719
-0.6910829544067383,-0.6896043419837952,-0.6603661179542542,-0.6039864420890808
-0.5239741206169128,-0.42556262016296387,-0.314401239156723,-0.19666239619255066
-0.07933411002159119,0.031137600541114807,0.13086161017417908,0.21917150914669037
0.2977656126022339,0.36928945779800415,0.43604743480682373,0.4991459548473358
0.5582059621810913,0.6113101840019226,0.6545045375823975,0.6812540292739868
0.6833805441856384,0.6537468433380127,0.5888743996620178
0.48971128463745117,0.36067578196525574,0.20833954215049744,0.04070097208023071
-0.13287664949893951,-0.3019225597381592,-0.4562211334705353,-0.5876657366752625
-0.6912509202957153,-0.7646710872650146,-0.8069971203804016,-0.8179328441619873
-0.7986392974853516,-0.7529152035713196,-0.6870719790458679,-0.6082198023796082
-0.5217691659927368,-0.42966392636299133,-0.3305196464061737,-0.22132658958435059
-0.0994952917098999,0.035613566637039185,0.18192051351070404
0.33460694551467896,0.48674216866493225,0.6300960779190063,0.755395770072937
0.8522067070007324,0.909753680229187,0.9194251298904419,0.8780842423439026
0.7900212407112122,0.6659355759620667,0.5199516415596008,0.3666956424713135
0.218835711479187,0.08495470881462097,-0.03141988813877106,-0.13110633194446564
-0.2175358682870865,-0.2949388921260834,-0.36696505546569824,-0.43582257628440857
-0.5016700029373169,-0.5621048212051392,-0.6123211979866028
-0.6463351845741272,-0.6584803462028503,-0.6445780992507935,-0.6030369400978088
-0.5352953672409058,-0.44489800930023193,-0.33655551075935364,-0.21651577949523926,-0.092805415391922,0.026313573122024536,0.13464058935642242,0.22926436364650726
0.31036990880966187,0.3801913261413574,0.4416833519935608,0.4973457157611847
0.5484816431999207,0.5947985649108887,0.633842945098877,0.6603695750236511
0.6667971611022949,0.6453936696052551,0.5912355184555054,0.5040667653083801
0.3878907561302185,0.249129980802536,0.09511354565620422,-0.0664391964673996
-0.22743383049964905,-0.3796862065792084,-0.5157986879348755,-0.6300662755966187
-0.7185209393501282,-0.778107762336731,-0.8063755631446838,-0.8026230931282043
-0.7692976593971252,-0.7121121883392334,-0.6387094259262085,-0.5562407374382019
-0.4688056707382202,-0.3764272928237915,-0.2761861979961395,-0.16443482041358948,-0.03881697356700897,0.10046085715293884
0.2501864433288574,0.4044555127620697,0.5554438233375549,0.6939892172813416
0.809668779373169,0.891200840473175,0.9283519387245178,0.9151345491409302
0.8521990776062012,0.7466585040092468,0.6101656556129456,0.4567575454711914
0.3004509508609772,0.15273475646972656,0.021055549383163452,-0.09140962362289429
-0.18520118296146393,-0.26345741748809814,-0.330452024936676,-0.3902413547039032
-0.44556722044944763,-0.49696585536003113,-0.5424181222915649
-0.5778346657752991,-0.5981510281562805,-0.5988569259643555,-0.5775198936462402
-0.5341751575469971,-0.47043576836586,-0.38889315724372864,-0.2936381697654724
-0.19060206413269043,-0.08652424812316895,0.012917965650558472,0.10459228605031967
0.1882142722606659,0.2655056118965149,0.33886662125587463,0.41015854477882385
0.47990262508392334,0.5469651222229004,0.6083487272262573,0.6587057113647461
0.6902649402618408,0.6944667100906372,0.6650676727294922
0.6003748178482056,0.5029038786888123,0.3776107132434845,0.23064422607421875
0.06908324360847473,-0.09879381954669952,-0.26359274983406067,-0.41597819328308105
-0.5482181906700134,-0.6545903086662292,-0.730534017086029,-0.7723467350006104
-0.7785749435424805,-0.7516458034515381,-0.697953462600708,-0.6263235211372375
-0.5454097986221313,-0.46087977290153503,-0.3739646375179291,-0.2822414040565491
-0.1817980706691742,-0.06942635774612427,0.05586309731006622
0.19215132296085358,0.33470794558525085,0.47672152519226074,0.6101251840591431
0.7257606983184814,0.8132274150848389,0.8619721531867981,0.8640887141227722
0.8170971274375916,0.7248300909996033,0.5964955687522888,0.44484269618988037
0.2837933599948883,0.12615063786506653,-0.017962545156478882,-0.14214415848255157
-0.24424418807029724,-0.3258596956729889,-0.3909299373626709,-0.44417092204093933
-0.4898149073123932,-0.53066086769104,-0.5672697424888611
-0.5974947214126587,-0.617033064365387,-0.6212021112442017,-0.6067177057266235
-0.5720862746238708,-0.517031192779541,-0.4422985315322876,-0.3502000570297241
-0.24533355236053467,-0.13443639874458313,-0.02462935447692871,0.07895632088184357
0.17426098883152008,0.2615881562232971,0.342214435338974,0.4173969030380249
0.48787686228752136,0.5535711050033569,0.613222599029541,0.6637004613876343
0.6994178295135498,0.7133607268333435,0.6997430324554443
0.6559771299362183,0.5824995040893555,0.4815492630004883,0.3564336895942688
0.21163257956504822,0.05337986350059509,-0.11012834310531616,-0.2697238624095917
-0.4168989062309265,-0.5446300506591797,-0.6470845341682434,-0.7194385528564453
-0.7587730288505554,-0.765360951423645,-0.7430617213249207,-0.6984294652938843
-0.6388435959815979,-0.5702148079872131,-0.4952123761177063,-0.41294264793395996
-0.3201843202114105,-0.21339374780654907,-0.09053534269332886
0.047771796584129333,0.1978895366191864,0.35351842641830444,0.5064051747322083
0.6466988325119019,0.7629897594451904,0.843170702457428,0.8767218589782715
0.8575209379196167,0.7857494354248047,0.6680167317390442,0.515877366065979
0.3437787890434265,0.1671791672706604,0.0006758272647857666,-0.1440528780221939
-0.260033518075943,-0.34567680954933167,-0.4039767384529114,-0.44077059626579285
-0.46290233731269836,-0.47666463255882263,-0.48639771342277527
-0.4934644401073456,-0.49656030535697937,-0.4933762550354004,-0.48193973302841187
-0.46066901087760925,-0.42789125442504883,-0.38164281845092773,-0.32021263241767883
-0.24357521533966064,-0.15454700589179993,-0.05803471803665161,0.041182518005371094
0.13991323113441467,0.23629161715507507,0.3289685547351837,0.4168398976325989
0.4990326166152954,0.574661135673523,0.6423043012619019,0.6991007328033447
0.7399394512176514,0.75814288854599,0.7478657364845276
0.7062676548957825,0.6338418126106262,0.5333643555641174,0.4088113009929657
0.2650512754917145,0.10827785730361938,-0.053753405809402466,-0.21257877349853516
-0.36045610904693604,-0.4911471903324127,-0.5996161699295044,-0.6812273263931274
-0.7316955327987671,-0.7485153675079346,-0.7327713966369629,-0.6896207928657532
-0.6270925998687744,-0.5537970066070557,-0.4762454330921173,-0.39693769812583923
-0.31431764364242554,-0.22448447346687317,-0.12352488934993744
-0.009348422288894653,0.11743700504302979,0.2534424960613251,0.3928290605545044
0.5275745391845703,0.6474602818489075,0.7405105829238892,0.7948871850967407
0.8019744753837585,0.758881151676178,0.6688331365585327,0.5399627685546875,0.38390451669692993,0.21456292271614075,0.046715497970581055
0.007264319341629744,0.004597523249685764,0.00282090506516397,0.0019960603676736355,0.001793069881387055,0.0017780662747099996,0.0015287306159734726,0.0009227279806509614
0.00027399396640248597,2.113042967266665e-07,0.0003882998425979167,0.0016963784582912922,0.004077007062733173,0.007083234377205372,0.009452858939766884,0.00995595008134842,0.008526833727955818,0.0061574215069413185,0.003819126170128584,0.001898972550407052
0.0005218290025368333,1.7179115729959449e-06,0.0007959618815220892,0.0031909416429698467,0.0073542520403862,0.013675836846232414,0.022925669327378273,0.036193519830703735,0.05469394847750664,0.07909888029098511,0.10794610530138016,0.1359241008758545,0.15465208888053894,0.1570698618888855,0.14171873033046722,0.11278020590543747,0.07732587307691574,0.043183207511901855,0.017176717519760132,0.0029840131755918264,0.00023501671967096627,0.0054228962399065495,0.013415300287306309
0.019183294847607613,0.01983296126127243,0.015836751088500023,0.01009622123092413,0.0054853628389537334,0.003169761970639229,0.0030813091434538364,0.005916701629757881,0.014587136916816235,0.032815128564834595,0.06091204658150673,0.0925607904791832,0.11690197885036469,0.12522587180137634,0.1159033328294754,0.09338783472776413,0.0644344761967659,0.035870667546987534,0.013812275603413582,0.002100258832797408,0.00028157277847640216,0.0039983768947422504,0.008287804201245308
0.01042403094470501,0.009983939118683338,0.007601322140544653,0.0043655093759298325,0.0016140149673447013,0.00022641273972112685,1.5050380170578137e-05,0.00020502468396443874
0.00033579044975340366,0.0004174646164756268,0.0005875502247363329,0.0009261953528039157
0.001437353901565075,0.0021461835131049156,0.0032363731879740953,0.004977615084499121
0.007341866847127676,0.009588790126144886,0.010551274754106998,0.009692337363958359,0.007611330132931471,0.005297583062201738,0.003279592376202345
0.001639793743379414,0.00046673481119796634,7.967381634443882e-07,0.000423142482759431,0.0018172204727306962,0.004437030293047428,0.008919605985283852,0.016322851181030273,0.028089072555303574,0.045770615339279175,0.06994260847568512,0.09822555631399155
0.12433973699808121,0.14045731723308563,0.14124983549118042,0.12588146328926086
0.097748301923275,0.06372851133346558,0.03232971951365471,0.010384499095380306,0.0006618189509026706,0.0018320251256227493,0.009718046523630619
0.018810680136084557,0.024207226932048798,0.023723596706986427,0.018585054203867912
0.011939719319343567,0.00659520598128438,0.0037091451231390238,0.003141242079436779,0.005065726116299629,0.011127160862088203,0.02317473292350769,0.04021109640598297
0.05715218558907509,0.06769093126058578,0.06852147728204727,0.060429759323596954
0.04632061347365379,0.029602862894535065,0.014102321118116379,0.003628150327131152,1.7393316738889553e-05,0.0017384722596034408,0.005340404808521271
0.008154692128300667,0.009239676408469677,0.008601822890341282,0.006622062064707279
0.004114146810024977,0.002052303869277239,0.0008934889920055866,0.00043472417746670544
0.0002934565127361566,0.0002107019245158881,7.673457730561495e-05,2.412242793070618e-06
0.00022917673049960285,0.000935975753236562,0.002314026700332761,0.06832753866910934
0.08991596102714539,0.10853233188390732,0.11859820783138275,0.11656832695007324
0.10304968059062958,0.081741563975811,0.05632571876049042
0.028625935316085815,-0.000492434948682785,-0.029386475682258606,-0.05569565296173096,-0.0781044065952301,-0.09735581278800964,-0.11553409695625305,-0.13502216339111328,-0.1581011712551117,-0.18653695285320282,-0.22032296657562256,-0.2562221884727478,-0.28809991478919983,-0.3094503879547119,-0.3155912756919861,-0.30386653542518616
-0.27335965633392334,-0.22554807364940643,-0.16487348079681396,-0.09778431057929993,-0.03072790801525116,0.031206227838993073,0.08411423861980438
0.12443307787179947,0.14907120168209076,0.15675240755081177,0.14897197484970093
0.12966716289520264,0.10457571595907211,0.08089669793844223,0.06652768701314926
0.06833959370851517,0.08971786499023438,0.12844988703727722,0.17662787437438965
0.22325639426708221,0.25853317975997925,0.27726027369499207,0.2788679003715515
0.26464954018592834,0.23556312918663025,0.1926969438791275,0.1393580138683319
0.08204193413257599,0.028585627675056458,-0.015286825597286224
-0.04797942936420441,-0.07082748413085938,-0.08522723615169525,-0.09140370786190033
-0.08985678106546402,-0.08317858725786209,-0.07576241344213486,-0.07128418236970901,-0.07006619870662689,-0.06878378987312317,-0.06306082010269165,-0.050758812576532364
-0.032841674983501434,-0.011338021606206894,0.012838209047913551,0.03974801301956177
0.06835905462503433,0.09489981830120087,0.11355672776699066,0.1194157674908638
0.11134416610002518,0.09208597987890244,0.06559573113918304
0.03458636254072189,0.0005622953176498413,-0.034643083810806274,-0.06844395399093628
-0.09888210892677307,-0.12584853172302246,-0.15064212679862976,-0.17484021186828613,-0.1998976469039917,-0.22710669040679932,-0.2567460834980011,-0.2866264581680298
-0.3119433522224426,-0.3272560238838196,-0.328448623418808,-0.31296589970588684,-0.2795793414115906,-0.22909320890903473,-0.16530188918113708,-0.09460720419883728
-0.02400505542755127,0.040907103568315506,0.09626801311969757
0.13900542259216309,0.1663864254951477,0.17679902911186218,0.17056904733181,0.149989053606987,0.11932766437530518
0.0851282924413681,0.05583017319440842,0.040151044726371765,0.0445796400308609,0.07072794437408447,0.1139143854379654,0.1643906682729721,0.2111794650554657
0.24630264937877655,0.2663342356681824,0.2706577479839325,0.2590656876564026
0.23138894140720367,0.18927085399627686,0.1378192901611328,0.08475498855113983
0.037193119525909424,-0.0012430474162101746,-0.030486896634101868,-0.051576171070337296
-0.06460154801607132,-0.06932325661182404,-0.06727734208106995,-0.062401849776506424
-0.059016160666942596,-0.05882259085774422,-0.05968672037124634,-0.05742407217621803
-0.049082934856414795,-0.03471719101071358,-0.016142476350069046,0.005558609962463379,0.03085639327764511,0.06003700941801071,0.09075471758842468,0.11754550784826279
0.13419322669506073,0.13714095950126648,0.1269398331642151,0.10655124485492706
0.07869812846183777,0.045164525508880615,0.008042853325605392,-0.029491513967514038
-0.06430254876613617,-0.09492889046669006,-0.12163832783699036,-0.14532196521759033
-0.16709797084331512,-0.18860512971878052,-0.21152184903621674,-0.23607097566127777,-0.2601473331451416,-0.280289888381958,-0.29315102100372314,-0.2957356572151184
-0.28510886430740356,-0.2591293454170227,-0.2180807739496231,-0.16543328762054443,-0.1064881980419159,-0.04615165293216705,0.011829905211925507
0.0639612227678299,0.10632656514644623,0.13519296050071716,0.1479789763689041
0.14382503926753998,0.12414160370826721,0.0932515412569046,0.05848313122987747
0.029181890189647675,0.014540538191795349,0.020520977675914764,0.04715818539261818
0.08827496320009232,0.134324848651886,0.17669391632080078,0.21043699979782104
0.2336203008890152,0.24477903544902802,0.24176038801670074,0.22331620752811432
0.19162890315055847,0.15278415381908417,0.11414439976215363
0.08068244904279709,0.053483523428440094,0.031553737819194794,0.014534324407577515,0.002991100773215294,-0.003618870861828327,-0.008203628472983837,-0.01472937036305666,-0.025384938344359398,-0.03862026333808899,-0.049880824983119965,-0.054720185697078705,-0.051646795123815536,-0.041979026049375534,-0.027270887047052383,-0.007564246654510498,0.017686963081359863,0.04721001535654068,0.07657650113105774,0.09950727224349976,0.11107325553894043,0.11006657779216766,0.09829723834991455
0.07795533537864685,0.050293803215026855,0.016677826642990112,-0.02015639841556549
-0.056776341050863266,-0.09080936014652252,-0.12135998904705048,-0.14811503887176514,-0.17114433646202087,-0.19155386090278625,-0.21144358813762665,-0.23264428973197937
-0.2553689479827881,-0.27812647819519043,-0.2985365390777588,-0.3135800361633301
-0.3192749619483948,-0.31121647357940674,-0.2865443825721741,-0.24572758376598358
-0.19212621450424194,-0.13000360131263733,-0.06347906589508057
0.0031242966651916504,0.06503848731517792,0.11744792014360428,0.15603750944137573,0.1776244044303894,0.18088844418525696,0.16707366704940796,0.14066210389137268,0.10945537686347961,0.08315490186214447,0.07040812820196152,0.0755026638507843,0.09662202000617981,0.1270763874053955,0.15904590487480164,0.18715476989746094
0.20899681746959686,0.2229670137166977,0.22661231458187103,0.21754764020442963,0.1959201842546463,0.16574008762836456,0.13335584104061127
0.10406886041164398,0.07983337342739105,0.06009452044963837,0.044413916766643524,0.033487718552351,0.027560710906982422,0.024600906297564507,0.020606020465493202,0.012163856998085976,-0.0007611317560076714,-0.014388274401426315,-0.023713968694210052,-0.025922903791069984,-0.021420501172542572,-0.011879436671733856,0.002108810469508171
0.02125079557299614,0.045534104108810425,0.07205858081579208,0.0951443612575531,0.10911580920219421,0.11138337105512619,0.10287940502166748
0.08581922203302383,0.06181526929140091,0.03237155079841614,0.0001733340322971344
-0.03142149746417999,-0.060213349759578705,-0.08578216284513474,-0.10869647562503815
-0.13013482093811035,-0.15215983986854553,-0.17749062180519104,-0.2084752917289734
-0.2459551841020584,-0.28884226083755493,-0.3344568610191345,-0.3786367177963257
-0.4152756333351135,-0.43671947717666626,-0.43617063760757446,-0.4105258882045746
-0.3609101176261902,-0.291045606136322,-0.20589974522590637
-0.11133305728435516,-0.013924762606620789,0.0792248472571373,0.1607975959777832
0.22402513027191162,0.26370969414711,0.277099609375,0.2648906707763672
0.23226378858089447,0.1887478083372116,0.14600299298763275,0.11400653421878815
0.09750837087631226,0.09516961872577667,0.10216636210680008,0.11400054395198822
0.12808483839035034,0.14236417412757874,0.15352243185043335,0.15724027156829834
0.150600403547287,0.13448300957679749,0.11338835209608078
0.09248117357492447,0.07454468309879303,0.05966080725193024,0.04743056371808052
0.038711871951818466,0.03469539433717728,0.03462944179773331,0.03512819856405258,0.03216787427663803,0.02415003441274166,0.013331765308976173,0.004270486533641815
0.0005385745316743851,0.002641796600073576,0.0090107973664999,0.018653064966201782,0.03235273063182831,0.051136888563632965,0.0736650750041008,0.09529173374176025
0.10999418795108795,0.11368156224489212,0.10592060536146164
0.08866961300373077,0.06414593011140823,0.034585095942020416,0.0031433552503585815,-0.026547417044639587,-0.05194864049553871,-0.07222278416156769,-0.08772392570972443
-0.09983068704605103
-0.11126553267240524,-0.1258070319890976,-0.1471518576145172,-0.17767652869224548
-0.21781307458877563,-0.2660859227180481,-0.3190305829048157,-0.37057653069496155
-0.412166029214859,-0.4350612163543701,-0.43362948298454285,-0.4067140221595764
-0.35650351643562317,-0.28688564896583557,-0.202556312084198,-0.10873305797576904
-0.011268839240074158,0.08318798243999481,0.16759833693504333,0.23538410663604736
0.2811477482318878,0.3015613555908203,0.2969490885734558,0.2725600600242615
0.2377987802028656,0.2030937224626541,0.17596133053302765,0.1587628275156021
0.14975756406784058,0.14632201194763184,0.14713987708091736,0.15147671103477478
0.15707597136497498,0.15962275862693787,0.15483498573303223,0.14146284759044647
0.12233246862888336
0.10220552980899811,0.08439197391271591,0.06939554959535599,0.05660334229469299
0.04654417559504509,0.04073768109083176,0.039416708052158356,0.040029220283031464
0.038335252553224564,0.03132854402065277,0.01962997578084469,0.007245684042572975
-0.0013422304764389992,-0.004227639175951481,-0.002333623357117176,0.002982834354043007
0.011912780813872814,0.025646334514021873,0.04402575641870499,0.06382802128791809
0.07959776371717453,0.08659669756889343,0.08311018347740173
0.06992733478546143,0.048425860702991486,0.02018386498093605,-0.012122895568609238,-0.0448802188038826,-0.07479919493198395,-0.09963375329971313,-0.11823473870754242,-0.13089478015899658,-0.13984039425849915,-0.14891423285007477,-0.1623176485300064,-0.18324407935142517,-0.21316123008728027,-0.2517256736755371,-0.29653334617614746,-0.3423544764518738,-0.38106799125671387,-0.403624951839447,-0.40326347947120667,-0.3776203393936157,-0.32847076654434204,-0.26007190346717834
-0.17765182256698608,-0.08668968081474304,0.00705583393573761,0.09733914583921432
0.17772024869918823,0.2422007918357849,0.2856099009513855,0.3040256202220917
0.2960745096206665,0.2647637128829956,0.21807290613651276,0.16697289049625397
0.12148439884185791,0.08720484375953674,0.06480103731155396,0.05258747190237045,0.049396973103284836,0.05481922626495361,0.06717811524868011,0.08223463594913483,0.09446338564157486,0.10003392398357391,0.09889807552099228
0.09389132261276245,0.08767563849687576,0.08070694655179977,0.0722319558262825
0.06275813281536102,0.05471713840961456,0.050408829003572464,0.04952772706747055,0.048864368349313736,0.044682577252388,0.03587247058749199,0.025061357766389847
0.016565170139074326,0.01310514286160469,0.01452038623392582,0.01944749802350998,0.027707615867257118,0.040784262120723724,0.059877000749111176,0.08336709439754486
0.10639764368534088,0.12328029423952103,0.13027650117874146
0.12600956857204437,0.11017952114343643,0.08328687399625778,0.047512657940387726,0.006735756993293762,-0.03457484394311905,-0.07226808369159698,-0.10297921299934387
-0.12487655878067017,-0.13862018287181854,-0.14749380946159363,-0.1561313271522522,-0.16873478889465332,-0.18811918795108795,-0.21565072238445282,-0.2510320544242859
-0.2914186120033264,-0.33080142736434937,-0.36097878217697144,-0.37409740686416626,-0.3652445077896118,-0.3334493637084961,-0.28085729479789734
-0.21127143502235413,-0.12928101420402527,-0.04022058844566345,0.04971242696046829,0.13381841778755188,0.205555722117424,0.2589934170246124,0.28908205032348633,0.2924530506134033,0.2692297101020813,0.22475473582744598,0.1690816879272461,0.11354579031467438,0.0664590448141098,0.031074121594429016,0.007135998457670212,-0.006009059026837349,-0.008175214752554893,0.00013662921264767647,0.01581093855202198,0.033302001655101776,0.047269269824028015,0.05551966279745102
0.0593576580286026,0.061045076698064804,0.061261557042598724,0.059231627732515335,0.0549856498837471,0.05076408386230469,0.04960856959223747,0.05252118781208992
0.057157959789037704,0.0593302920460701,0.05613478645682335,0.04818414896726608
0.03890969231724739,0.031568821519613266,0.026997415348887444,0.024322886019945145,0.023473644629120827,0.026442378759384155,0.035891011357307434,0.05242514610290527
0.07316380739212036,0.09301341325044632,0.10711647570133209
0.11193766444921494,0.10494302958250046,0.08478375524282455,0.05229991674423218,0.010832473635673523,-0.03459823876619339,-0.07830940932035446,-0.11473077535629272,-0.13933426141738892,-0.15004029870033264,-0.1482674926519394,-0.13825038075447083,-0.12515045702457428,-0.11385264992713928,-0.10875087231397629,-0.11332126706838608,-0.12889039516448975,-0.15334518253803253,-0.18102818727493286,-0.2043115794658661,-0.2161807417869568,-0.21232052147388458,-0.19148491322994232
-0.15458747744560242,-0.10392977297306061,-0.043072283267974854,0.023208312690258026
0.08936606347560883,0.149865061044693,0.1997266709804535,0.23444175720214844
0.25001847743988037,0.24436335265636444,0.21942082047462463,0.18181736767292023
0.1407081037759781,0.10394322872161865,0.07526557892560959,0.05464982986450195,0.04106907919049263,0.034572433680295944,0.035528868436813354,0.04233966022729874,0.05065125226974487,0.05531700327992439,0.053502414375543594
0.046040311455726624,0.035694003105163574,0.02428566664457321,0.011847922578454018,-0.0015812218189239502,-0.01401432417333126,-0.021987004205584526,-0.023176629096269608
-0.018604392185807228,-0.012353021651506424,-0.008810386061668396,-0.009533911012113094
-0.012505875900387764,-0.014493473805487156,-0.014056018553674221,-0.012072914279997349,-0.009593389928340912,-0.005748780444264412,0.0019558118656277657,0.015204806812107563,0.03267105296254158,0.05025887489318848,0.06317614018917084,0.06746163964271545,0.060322608798742294,0.040444355458021164,0.008693385869264603,-0.03163185715675354,-0.07552070170640945,-0.11728501319885254,-0.15118815004825592,-0.17213019728660583,-0.17719289660453796,-0.1672113537788391,-0.14651824533939362,-0.12102434039115906,-0.09669159352779388,-0.07909547537565231,-0.0730079635977745,-0.08131701499223709,-0.10369518399238586,-0.13587014377117157,-0.1702297329902649,-0.19796276092529297,-0.2117377072572708,-0.2072303742170334
-0.1831122189760208,-0.14051631093025208,-0.08266037702560425,-0.014609850943088531
0.05720909684896469,0.12619256973266602,0.18672126531600952,0.23406946659088135
0.263748437166214,0.2721731662750244,0.25884389877319336,0.22807148098945618
0.18818944692611694,0.1481410712003708,0.11372075974941254,0.08642655611038208,0.06557903438806534,0.051066018640995026,0.04362551122903824,0.04280605539679527
0.045449741184711456,0.04663785547018051,0.042565397918224335
0.03284811973571777,0.019844550639390945,0.005772896111011505,-0.008990248665213585
-0.024674993008375168,-0.039714135229587555,-0.05018516629934311,-0.05207901820540428
-0.04441029205918312,-0.03031451255083084,-0.015112854540348053,-0.0028532762080430984,0.005850343964993954,0.0128370001912117,0.01949336752295494,0.025191962718963623,0.028643112629652023,0.030314169824123383,0.03302498906850815,0.039870910346508026,0.05143692344427109,0.06499790400266647,0.07597143948078156
0.07969856262207031,0.07241563498973846,0.05182844400405884,0.0178334042429924,-0.02703430876135826,-0.07810715585947037,-0.12949879467487335,-0.17457817494869232
-0.20665118098258972,-0.22083249688148499,-0.21617786586284637,-0.1959727704524994,-0.16592149436473846,-0.13229012489318848,-0.10127609968185425,-0.07877353578805923
-0.06959028542041779,-0.0761222094297409,-0.09701570868492126,-0.12678162753582
-0.1571510136127472,-0.17963457107543945,-0.18775850534439087
-0.17803411185741425,-0.14979331195354462,-0.10465526580810547,-0.046322643756866455
0.01972009986639023,0.08753812313079834,0.15229608118534088,0.21015024185180664,0.25682830810546875,0.2873363494873047,0.2979878783226013,0.2891532778739929
0.26600420475006104,0.23620977997779846,0.20616483688354492,0.1786600947380066,0.15381431579589844,0.1318078339099884,0.11401955038309097,0.10145256668329239
0.09265507757663727,0.08364942669868469,0.0703476071357727
0.05140337347984314,0.02852155640721321,0.004036393016576767,-0.02116849645972252,-0.04710480570793152,-0.0724276453256607,-0.09322503209114075,-0.10449670255184174,-0.10328520089387894,-0.09086970239877701,-0.07225769013166428,-0.05319993942975998,-0.03693603351712227,-0.023465145379304886,-0.011736840009689331,-0.0019472166895866394,0.004786501172930002,0.008683929219841957,0.012530606240034103,0.020373821258544922,0.03485628962516785,0.05547362193465233,0.07886166870594025
0.10014019161462784,0.11404126137495041,0.1158522292971611,0.10263669490814209,0.07418392598628998,0.03285501152276993,-0.017030149698257446,-0.06930454075336456,-0.11639578640460968,-0.1512916088104248,-0.1701863408088684,-0.17361104488372803
-0.16525046527385712,-0.15006545186042786,-0.1333712488412857,-0.12057039886713028
-0.11654595285654068,-0.12446790933609009,-0.1444193422794342,-0.17264625430107117,-0.20212644338607788,-0.22443139553070068,-0.23216520249843597
-0.22080697119235992,-0.1890788972377777,-0.13842037320137024,-0.07278876006603241,0.001522161066532135,0.0773368626832962,0.14876976609230042,0.21181096136569977,0.2628682851791382,0.2976154685020447,0.3120881915092468,0.3053041398525238,0.28097474575042725,0.24650216102600098,0.20959271490573883,0.1749946027994156
0.1441185176372528,0.11738826334476471,0.0961863324046135,0.08208026736974716,0.07447975128889084,0.0696752741932869,0.06261393427848816
0.04995833337306976,0.03153303638100624,0.008886747062206268,-0.01701439917087555,-0.04620742425322533,-0.07792315632104874,-0.10867537558078766,-0.1326117366552353
-0.14439928531646729,-0.14244934916496277,-0.12983033061027527,-0.1121211051940918
-0.09387209266424179,-0.07657043635845184,-0.059782639145851135,-0.04369859769940376
-0.029700055718421936,-0.018468592315912247,-0.008260946720838547,0.004665300250053406,0.023791858926415443,0.05005094036459923,0.08117301017045975
0.11246579140424728,0.13782840967178345,0.15089693665504456,0.1466730833053589
0.12291329354047775,0.08038824796676636,0.022626079618930817,-0.04393034800887108,-0.11024665832519531,-0.1668367087841034,-0.20692850649356842,-0.22837600111961365
-0.23314401507377625,-0.22544465959072113,-0.21031150221824646,-0.19308418035507202
-0.17907452583312988,-0.17278267443180084,-0.17670440673828125,-0.19022299349308014,-0.20916736125946045,-0.22659184038639069,-0.23488733172416687
-0.22809481620788574,-0.20291543006896973,-0.15860381722450256,-0.09709630906581879,-0.02330966293811798,0.05585921183228493,0.13386884331703186,0.20598286390304565,0.2684130072593689,0.31668585538864136,0.34571367502212524,0.3521515130996704,0.3371141254901886,0.30655208230018616,0.2684756815433502
0.20898820459842682,0.2237188071012497,0.2099289745092392,0.1651621013879776,0.100417859852314,0.03813621774315834,0.002757972339168191,0.00966649316251278,0.06005796790122986,0.14262311160564423,0.23736293613910675,0.31934618949890137,0.36497482657432556,0.3614163398742676,0.31308063864707947,0.23841464519500732
0.1590288132429123,0.09049118310213089,0.040469691157341,0.011080427095293999
0.0003565948863979429,0.00275645824149251,0.011281748302280903,0.020660998299717903
0.028664328157901764,0.03486386314034462,0.03879731148481369,0.03943295031785965
0.036201734095811844,0.030086543411016464,0.023116474971175194,0.016842355951666832
0.011622615158557892,0.007146338000893593,0.0033424037974327803,0.0007614782080054283
9.680228686193004e-06,0.0008758633048273623,0.0022985495161265135,0.003264806466177106
0.0035559984389692545,0.003598859068006277,0.0038948245346546173
0.004756492096930742,0.006389194168150425,0.009071951732039452,0.01329160388559103,0.019591184332966805,0.02784213423728943,0.036228299140930176,0.0413367860019207
0.04027874395251274,0.03296232596039772,0.021957315504550934,0.010703410021960735,0.0024682609364390373,0.00010491108696442097,0.005067606456577778,0.015896473079919815
0.028332043439149857,0.03786108270287514,0.04245942458510399,0.04313267767429352,0.0425427183508873,0.04354032874107361,0.04864257946610451
0.06021127849817276,0.08040125668048859,0.10992534458637238,0.14560747146606445
0.1785518229007721,0.1956941932439804,0.18558141589164734,0.1458473950624466
0.08759116381406784,0.03227437287569046,0.0019356157863512635,0.009801162406802177
0.056926533579826355,0.1334068775177002,0.22037115693092346,0.2933778166770935
0.3303864300251007,0.3219752013683319,0.27537232637405396,0.20823268592357635
0.13835939764976501,0.07797843217849731,0.033858101814985275
0.008533453568816185,0.00012332270853221416,0.002982184523716569,0.010715478099882603,0.01914963684976101,0.026686785742640495,0.03265928104519844,0.03597595542669296
0.03543649986386299,0.03108556941151619,0.024606717750430107,0.01803089678287506
0.012393727898597717,0.007706616539508104,0.003798574209213257,0.0009984092321246862,8.466219583169732e-07,0.0010158602381125093,0.0031763827428221703,0.005063275340944529,0.005850272253155708,0.00575253926217556,0.005462236236780882
0.005486988462507725,0.006034964695572853,0.00724800955504179,0.009439382702112198
0.013155843131244183,0.018856612965464592,0.026069585233926773,0.032673873007297516
0.035683225840330124,0.03337359428405762,0.02640288695693016,0.01693863235414028
0.007576668635010719,0.0011957887327298522,0.0005696776206605136,0.0067406087182462215
0.01758907362818718,0.028742343187332153,0.03639712184667587,0.03941192105412483
0.03919985145330429,0.038347724825143814,0.039475731551647186
0.04495808854699135,0.05716903507709503,0.07831587642431259,0.1089203879237175
0.1451704502105713,0.1773509979248047,0.19208618998527527,0.17875075340270996
0.13694347441196442,0.07956172525882721,0.02777290716767311,0.0011988148326054215
0.010641985572874546,0.0560896061360836,0.12725211679935455,-0.4526742100715637
-0.5154241323471069,-0.5397485494613647,-0.5267632603645325,-0.4832620620727539
-0.41831740736961365,-0.33979126811027527,-0.2535916566848755
-0.16545754671096802,-0.08219259977340698,-0.010261505842208862,0.046978648751974106,0.09051046520471573,0.12402264773845673,0.15065523982048035,0.17067831754684448
0.1819629967212677,0.18276172876358032,0.17413467168807983,0.15960083901882172
0.14244914054870605,0.12343285977840424,0.10076864063739777,0.07212982326745987
0.03706228733062744,-0.0017257370054721832,-0.03899283707141876,-0.0692519098520279,-0.08941105753183365,-0.1000339686870575,-0.10427030175924301
-0.10532891005277634,-0.10483089834451675,-0.1034262478351593,-0.1024099811911583
-0.10421644151210785,-0.11109849810600281,-0.12290481477975845,-0.1359892189502716,-0.14484620094299316,-0.14531542360782623,-0.13624726235866547,-0.11827442049980164
-0.09166840463876724,-0.05607004463672638,-0.012368135154247284,0.03556187450885773
0.08126701414585114,0.11813002824783325,0.14208319783210754,0.1529945731163025,0.1543690264225006,0.15209315717220306,0.1529543101787567
0.16320642828941345,0.18732497096061707,0.22704750299453735,0.28055089712142944
0.3417676091194153,0.4005421996116638,0.44429394602775574,0.4608040153980255
0.44124752283096313,0.3827119469642639,0.2890177071094513,0.1689647138118744
0.033180803060531616,-0.10801555961370468,-0.24456895887851715,-0.3656259775161743
-0.45988893508911133,-0.5184170603752136,-0.5380003452301025,-0.5221385955810547
-0.47860187292099,-0.41554906964302063,-0.3394439220428467
-0.2559657692909241,-0.1717337965965271,-0.09399758279323578,-0.028151214122772217
0.024492919445037842,0.06647520512342453,0.10144504904747009,0.13094012439250946
0.15334589779376984,0.16591334342956543,0.167833149433136,0.16132113337516785
0.14977972209453583,0.13504482805728912,0.11622656881809235,0.09080397337675095
0.056940317153930664,0.015547111630439758,-0.029101502150297165,-0.07075468450784683
-0.10395766794681549,-0.1264236569404602,-0.13928237557411194
-0.14510950446128845,-0.1456768810749054,-0.1416487693786621,-0.13407368957996368,-0.125520721077919,-0.1194581538438797
-0.11811564862728119,-0.12045054882764816,-0.12241768091917038,-0.11971981078386307
-0.11031557619571686,-0.09426139295101166,-0.07167652249336243,-0.041636109352111816,-0.0034231990575790405,0.04123030602931976,0.08731237798929214,0.12802240252494812
0.15747445821762085,0.17286577820777893,0.17519831657409668,0.16876187920570374
0.1599905639886856,0.1560668796300888,0.1634526550769806,0.18659614026546478,0.22696906328201294,0.2822440564632416,0.34563320875167847,0.4061962962150574
0.4507594108581543,0.4669742286205292,0.446601003408432,0.38782647252082825,0.29516083002090454,0.1769947111606598,0.04295879602432251,-0.09701983630657196
-0.2320687472820282,-0.3500638008117676,-0.43954765796661377,-0.49323150515556335
-0.5102826952934265,-0.49544450640678406,-0.4556695222854614,-0.39710164070129395
-0.32488903403282166,-0.24505138397216797,-0.16524344682693481,-0.09281745553016663
-0.03185728192329407,0.017988041043281555,0.059787750244140625,0.09605292975902557,0.12644770741462708,0.14836639165878296,0.1597483605146408,0.161312535405159
0.15602946281433105,0.14654311537742615,0.13308097422122955,0.11342178285121918
0.08461744338274002,0.04534800350666046,-0.0022928044199943542,-0.05274766683578491,-0.09911184757947922,-0.13618747889995575,-0.1622133105993271
-0.1780022382736206,-0.1846051663160324,-0.18210755288600922,-0.17073498666286469
-0.15263791382312775,-0.13214567303657532,-0.1139543354511261,-0.10050169378519058
-0.0908195972442627,-0.08212656527757645,-0.07246556878089905,-0.06151167303323746
-0.04902506247162819,-0.03320895507931709,-0.011219888925552368,0.018406638875603676
0.053728945553302765,0.08961741626262665,0.11994613707065582,0.14011189341545105
0.14855080842971802,0.14702501893043518,0.14010310173034668
0.13415178656578064,0.13595691323280334,0.15122970938682556,0.18338099122047424,0.2326512336730957,0.29529985785484314,0.3630649745464325,0.42390045523643494,0.4643903374671936,0.4731224775314331,0.4439002275466919,0.37722086906433105
0.2789748013019562,0.15762773156166077,0.022361114621162415,-0.11676126718521118,-0.247901052236557,-0.3582301735877991,-0.43714773654937744,-0.4797942042350769,-0.48793327808380127,-0.46742933988571167,-0.4246009290218353
-0.36469128727912903,-0.2931167781352997,-0.21694624423980713,-0.14410951733589172,-0.08062449097633362,-0.02831244468688965,0.01493954285979271,0.05239853262901306,0.08527488261461258,0.11175471544265747,0.1290498971939087,0.13633665442466736
0.1356630027294159,0.13014090061187744,0.12135255336761475,0.10814330726861954
0.08738216757774353,0.05603117495775223,0.013543270528316498,-0.036723412573337555
-0.0883595421910286,-0.1347661167383194,-0.1718721091747284
-0.19860363006591797,-0.21507826447486877,-0.22073929011821747,-0.21465079486370087
-0.19747179746627808,-0.1726565808057785,-0.145464226603508,-0.12037709355354309
-0.09895652532577515,-0.08012215048074722,-0.06243136525154114,-0.045690737664699554,-0.03021564707159996,-0.014963779598474503,0.002938736230134964,0.02637745440006256
0.055714335292577744,0.08777797967195511,0.11708901822566986,0.13820494711399078,0.14769025146961212,0.14511297643184662,0.1332630217075348
0.11775343865156174,0.10592975467443466,0.10524488985538483,0.12160040438175201
0.1580825001001358,0.21405109763145447,0.28430822491645813,0.3588375151157379
0.42414790391921997,0.4663046896457672,0.47471168637275696,0.44501158595085144
0.3792555332183838,0.2835443913936615,0.1656462848186493,0.03443804383277893
-0.09928688406944275,-0.22274193167686462,-0.32348334789276123,-0.393165647983551
-0.4297453761100769,-0.43635544180870056,-0.4179871380329132
-0.3790122866630554,-0.3235417604446411,-0.25733256340026855,-0.1882423460483551
-0.12401227653026581,-0.06913585960865021,-0.02361791580915451,0.015271149575710297
0.04967725649476051,0.07895347476005554,0.10032609105110168,0.1116522029042244
0.1135236918926239,0.10877779126167297,0.1001436784863472,0.08821588009595871
0.07112790644168854,0.045874156057834625,0.010584823787212372,-0.033340826630592346
-0.08081995695829391,-0.1251436471939087,-0.16108500957489014
-0.18654829263687134,-0.20157061517238617,-0.20604760944843292,-0.19891640543937683
-0.17977257072925568,-0.1509314626455307,-0.11757607758045197,-0.0856330469250679,-0.05899935960769653,-0.038484156131744385,-0.023241527378559113,-0.012739187106490135
-0.0068966783583164215,-0.00446568988263607,-0.0018980912864208221,0.0055716028437018394
0.021248454228043556,0.04488230124115944,0.0726815015077591,0.09906989336013794
0.11877776682376862,0.12837785482406616,0.1272471845149994
0.11800672858953476,0.10615918785333633,0.09882330894470215,0.10301017016172409,0.12405073642730713,0.1644182801246643,0.22272765636444092,0.2928585112094879
0.36401402950286865,0.42263349890708923,0.4559662640094757,0.45584800839424133
0.4204433560371399,0.352935791015625,0.2589434087276459,0.14518454670906067
0.020084857940673828,-0.10524512827396393,-0.21805059909820557,-0.3073837459087372
-0.36752212047576904,-0.39861220121383667,-0.4041665494441986
-0.38786762952804565,-0.3527001440525055,-0.3026062846183777,-0.24391543865203857
-0.18429842591285706,-0.1298149675130844,-0.08256514370441437,-0.04093494266271591,-0.0023139268159866333
0.03382723033428192,0.06506472826004028,0.08799995481967926,0.10103370249271393
0.10533919930458069,0.10345899313688278,0.09702552109956741,0.08539650589227676
0.06599303334951401,0.036101989448070526,-0.0047097764909267426,-0.053076449781656265
-0.10268121212720871,-0.14713583886623383,-0.1825668066740036,-0.20779061317443848
-0.22230343520641327,-0.2245991975069046,-0.21297939121723175,-0.1879892647266388
-0.1537153273820877,-0.1165618896484375,-0.0824504867196083,-0.054689325392246246
-0.03418684005737305,-0.02116582915186882,-0.01597907580435276,-0.018056800588965416
-0.024412114173173904,-0.029781127348542213,-0.028827736154198647,-0.018762709572911263
-0.00045866332948207855,0.022336654365062714,0.044698651880025864,0.062159229069948196,0.07204838842153549
0.07450505346059799,0.0727461650967598,0.07228747010231018,0.07947476953268051
0.09996386617422104,0.1375027596950531,0.19294020533561707,0.26315757632255554,0.3402750492095947,0.41228580474853516,0.4657198190689087,0.4896008372306824
0.47860392928123474,0.43323642015457153,0.35753560066223145,0.2570791244506836,0.13897272944450378,0.012983739376068115,-0.1084556132555008,-0.21287810802459717
-0.2916952669620514,-0.3422805070877075,-0.3666619658470154
-0.3682766258716583,-0.3498682379722595,-0.3142217993736267,-0.26615020632743835
-0.21280278265476227,-0.16132329404354095,-0.11572925746440887,-0.07575559616088867
-0.03864460438489914,-0.0024406462907791138,0.031823523342609406,0.06078779697418213
0.08144759386777878,0.09327392280101776,0.09810482710599899,0.09825523942708969
0.09445103257894516,0.08502613753080368,0.06688708811998367,0.037778787314891815
-0.0014485977590084076,-0.04634283855557442,-0.09082528948783875
-0.13008727133274078,-0.16190260648727417,-0.18540579080581665,-0.1990349292755127
-0.2003185898065567,-0.18797798454761505,-0.16404244303703308,-0.13379158079624176,-0.10349738597869873,-0.07776986807584763,-0.05863548070192337,-0.046657003462314606
-0.0422055684030056,-0.04516002908349037,-0.05344938114285469,-0.0623854398727417
-0.06603731215000153,-0.059844426810741425,-0.04255985468626022,-0.016450077295303345
0.013822395354509354,0.042720913887023926,0.06539581716060638
0.07920137047767639,0.08468656986951828,0.08550423383712769,0.0873471051454544
0.09651276469230652,0.11853672564029694,0.15703123807907104,0.21256397664546967
0.28137341141700745,0.3546813726425171,0.4200246334075928,0.46483638882637024
0.48046979308128357,0.4639202058315277,0.41645944118499756,0.34140971302986145
0.24341118335723877,0.1294477880001068,0.00987282395362854,-0.10286977142095566
-0.1978703886270523,-0.2690401077270508,-0.31554144620895386
-0.3393179774284363,-0.34224528074264526,-0.32575637102127075,-0.2927817404270172
-0.24905362725257874,-0.20177583396434784,-0.15656346082687378,-0.11519114673137665
-0.07594139128923416,-0.036302752792835236,0.0040239617228507996,0.04225143790245056
0.07433517277240753,0.09760262072086334,0.11197584122419357,0.11915265023708344
0.12058950215578079,0.11582139879465103,0.10236905515193939,0.07740182429552078
0.04023066163063049,-0.006119892001152039,-0.05578377842903137
-0.10287025570869446,-0.14375686645507812,-0.1768874228000641,-0.20072948932647705
-0.21258141100406647,-0.20993955433368683,-0.19306321442127228,-0.1660332828760147
-0.13529953360557556,-0.10694734752178192,-0.084832563996315,-0.07076814770698547
-0.06571308523416519,-0.07002410292625427,-0.08233250677585602,-0.09845860302448273
-0.1119643896818161,-0.11639968305826187,-0.1077161505818367,-0.08541189879179001
-0.052278049290180206,-0.013370804488658905,0.025406818836927414
0.05897145718336105,0.08457386493682861,0.10250113159418106,0.11567945778369904
0.12863627076148987,0.1464100480079651,0.17353805899620056,0.2129441797733307
0.2644881308078766,0.32354992628097534,0.38097813725471497,0.4253997802734375
0.4471646547317505,0.44137731194496155,0.4078142046928406,0.3486938774585724
0.2671924829483032,0.16803386807441711,0.05901724100112915,-0.0489032045006752
-0.14432261884212494,-0.21928344666957855,-0.271212637424469
-0.3014732897281647,-0.3122557997703552,-0.30499929189682007,-0.2815816402435303
-0.2462574690580368,-0.20564775168895721,-0.16622893512248993,-0.13127736747264862
-0.09984394907951355,-0.06855207681655884,-0.034806519746780396,0.0009732916951179504
0.03568294644355774,0.06578409671783447,0.08940210938453674,0.10678430646657944
0.11900374293327332,0.1259865164756775,0.12545694410800934,0.11370815336704254
0.08788519352674484,0.048372723162174225,-0.0006842091679573059
-0.05340512469410896,-0.10491625964641571,-0.15229280292987823,-0.19316545128822327
-0.22401437163352966,-0.24062898755073547,-0.24065765738487244,-0.22567316889762878
-0.20082531869411469,-0.17246165871620178,-0.14566108584403992,-0.12349939346313477
-0.1079150140285492,-0.10037106275558472,-0.10116191953420639,-0.10811103880405426
-0.1163155660033226,-0.11962810158729553,-0.11293292790651321,-0.09382256120443344
-0.06312373280525208,-0.024506479501724243,0.016552038490772247
0.05433528125286102,0.08465247601270676,0.10607579350471497,0.1200457364320755
0.13006752729415894,0.14077430963516235,0.15715162456035614,0.18364885449409485,0.22287997603416443,0.27384787797927856,0.3306125998497009,0.383118212223053
0.4206394553184509,0.4357506334781647,0.4257199168205261,0.3908883333206177
0.33270707726478577,0.2535698711872101,0.158301442861557,0.055427923798561096
-0.04401755332946777,-0.13007880747318268,-0.1970408409833908,-0.24367377161979675
-0.27079641819000244,-0.278902143239975,-0.2683899402618408,-0.2417338490486145
-0.20458602905273438,-0.16415083408355713,-0.12596948444843292,-0.0916360467672348
-0.05910415202379227,-0.025251038372516632,0.011159691959619522,0.04824710637331009
0.08222337812185287,0.10975754261016846,0.129597008228302,0.14239901304244995
0.14903919398784637,0.14880302548408508,0.13899362087249756,0.11643492430448532,0.08000041544437408,0.032227687537670135
-0.02159995213150978,-0.07616236805915833,-0.12798602879047394,-0.17487773299217224
-0.21396994590759277,-0.24102897942066193,-0.2523042857646942,-0.24722161889076233
-0.22929251194000244,-0.20449377596378326,-0.1785864382982254,-0.15553483366966248
-0.1378195732831955,-0.12731730937957764,-0.12509410083293915,-0.13016541302204132
-0.138723224401474,-0.1449204981327057,-0.1428174078464508,-0.1283041536808014
-0.10022617876529694,-0.060651324689388275,-0.014404833316802979
0.032148778438568115,0.0729409009218216,0.10399942100048065,0.12429292500019073
0.13533338904380798,0.14036163687705994,0.14389577507972717,0.15130774676799774
0.1677316576242447,0.1961301565170288,0.23519614338874817,0.2786984443664551
0.3175275921821594,0.3434995412826538,0.351960152387619,0.341349720954895
0.3112621307373047,0.26166000962257385,0.19408385455608368,0.11357636749744415
0.028954505920410156,-0.04983075335621834,-0.11551007628440857
-0.16527289152145386,-0.19924908876419067,-0.21771568059921265,-0.2201894372701645
-0.20713932812213898,-0.18197862803936005,-0.15085679292678833,-0.11998720467090607
-0.09252218157052994,-0.0674491599202156,-0.041191354393959045,-0.010639995336532593
0.024428263306617737,0.06113578751683235,0.09535195678472519,0.12395867705345154
0.14590847492218018,0.16144730150699615,0.17022567987442017,0.1699885129928589
0.15710899233818054,0.1288258284330368,0.08559852093458176
0.031457290053367615,-0.02809920534491539,-0.08855815976858139,-0.14686840772628784
-0.1998603641986847,-0.24282337725162506,-0.2704441547393799,-0.27963966131210327
-0.27159571647644043,-0.2512296736240387,-0.22473132610321045,-0.1972905546426773
-0.17258065938949585,-0.15347446501255035,-0.1422562450170517,-0.13967204093933105
-0.14383366703987122,-0.15025833249092102,-0.15321695804595947,-0.14754065871238708
-0.13003763556480408,-0.10027067363262177,-0.06076304614543915
-0.016497910022735596,0.02650359272956848,0.06316325813531876,0.09079064428806305
0.10911604762077332,0.11948047578334808,0.1245526447892189,0.1286105513572693
0.1371920257806778,0.1554986536502838,0.18587622046470642,0.22571946680545807
0.2678266167640686,0.30366382002830505,0.32703810930252075,0.3350260257720947
0.32625189423561096,0.2993965446949005,0.2537084221839905,0.19103708863258362
0.11738595366477966,0.041770145297050476,-0.027326636016368866
-0.08488675206899643,-0.1293024867773056,-0.15999442338943481,-0.17563053965568542
-0.17502689361572266,-0.15955597162246704,-0.13414320349693298,-0.10552224516868591
-0.07894634455442429,-0.05576784163713455,-0.033568114042282104,-0.008611511439085007
0.021114226430654526,0.054328493773937225,0.08726808428764343,0.11599712073802948
0.13845157623291016,0.15478438138961792,0.1657995581626892,0.17084117233753204
0.16706223785877228,0.1509012132883072,0.12075874209403992
0.07855229079723358,0.02860540896654129,-0.02492363005876541,-0.07940734922885895
-0.13274070620536804,-0.18139979243278503,-0.22016455233097076,-0.2443646788597107
-0.2526386082172394,-0.24767754971981049,-0.23450158536434174,-0.21797926723957062
-0.20165479183197021,-0.18819864094257355,-0.17997318506240845,-0.17849411070346832
-0.1832204908132553,-0.19097866117954254,-0.1966729313135147,-0.19482164084911346
-0.18109352886676788,-0.1534232646226883,-0.1127198338508606
-0.0630466639995575,-0.010772399604320526,0.037412967532873154,0.07657704502344131,0.10428507626056671,0.11995081603527069,0.12439250946044922,0.12049190700054169
0.11375013738870621,0.1112830638885498,0.11922459304332733,0.13976603746414185
0.16985949873924255,0.20300263166427612,0.2328459918498993,0.2553601861000061
0.26809027791023254,0.2684142291545868,0.2532816529273987,0.22098396718502045
0.17351371049880981,0.11705081164836884,0.05944465100765228
0.006659768521785736,-0.03865770995616913,-0.07557931542396545,-0.10250614583492279
-0.11694446206092834,-0.11769535392522812,-0.10692667216062546,-0.0899096205830574
-0.07235319912433624,-0.057210810482501984,-0.04333404824137688,-0.02679595723748207
-0.0038140304386615753,0.02661249041557312,0.06200410798192024,0.09792480617761612
0.13045991957187653,0.1578487753868103,0.18007156252861023,0.19679519534111023
0.20564162731170654,0.20255093276500702,0.18419097363948822
0.15043015778064728,0.10453136265277863,0.050934240221977234,-0.006960712373256683
-0.0668216422200203,-0.12554778158664703,-0.17798790335655212,-0.21820761263370514
-0.24248357117176056,-0.25125476717948914,-0.24844780564308167,-0.23913657665252686,-0.22769342362880707,-0.21753323078155518,-0.21159732341766357
0.00715416157618165,0.0029509756714105606,0.0004070565919391811,0.00025805566110648215,0.002751193242147565,0.007484594359993935,0.01330709271132946,0.018574951216578484
0.02178633026778698,0.02213374711573124,0.019570283591747284,0.014643033966422081,0.0085172513499856,0.0030145857017487288,0.0001377159933326766,0.0010783191537484527,0.005475212819874287,0.011585185304284096,0.017140820622444153,0.020220469683408737,0.01979406177997589
0.01602734811604023,0.010306199081242085,0.004707947373390198,0.0010345079936087132
1.0934695637843106e-05,0.0011534111108630896,0.003281308338046074,0.005205218214541674
0.006148534826934338,0.00583266606554389,0.004437094554305077,0.0025331112556159496
0.0008748435648158193,4.8780613724375144e-05,0.00022387417266145349,0.001203866326250136
0.0026848239358514547,0.0044140382669866085,0.006120612844824791,0.0074059623293578625
0.007842767052352428,0.007261798717081547,0.005897883325815201
0.004212384577840567,0.0026190821081399918,0.0013618749799206853,0.0005363831296563148
0.00012658664491027594,7.978779649420176e-06,4.277779339645349e-07,1.7431900687370216e-06,6.191162538016215e-05,0.0002857736253645271,0.0006643186789005995,0.001021288218908012,0.0011226868955418468,0.0008501608390361071,0.00033438560785725713,1.0559903103057877e-06,0.00045241089537739754,0.0020912548061460257,0.004670573864132166,0.00722091319039464,0.0085679329931736,0.008069366216659546,0.00596527149900794
0.0031828531064093113,0.0008826875709928572,5.17408837996669e-10,0.0008457924122922122
0.0028694174252450466,0.004843509756028652,0.005541806574910879,0.0045194802805781364,0.0024129252415150404,0.0005231506074778736,6.583431968465447e-05,0.001636214554309845
0.005030979868024588,0.009299827739596367,0.013001560233533382,0.014750033617019653,0.013892912305891514,0.010826608166098595,0.006704733707010746,0.002865429734811187
0.0004378313315100968,0.00019607084686867893,0.002374934731051326
0.006402619183063507,0.010895640589296818,0.014163651503622532,0.014982391148805618
0.013089403510093689,0.009180590510368347,0.0046227858401834965,0.0010825637727975845
4.357603029347956e-05,0.0021735213231295347,0.006812212988734245,0.01205354928970337
0.015581117011606693,0.015840252861380577,0.012780696153640747,0.007751932833343744
0.002853756071999669,0.00015669649292249233,0.0009324856218881905,0.005032136105000973
0.0107880849391222,0.01578436605632305,0.018113039433956146
0.01720193400979042,0.013740113005042076,0.009048592299222946,0.004527403973042965
0.0013246495509520173,3.14637873088941e-05,0.0004751919477712363,0.0018645429518073797
0.0032706893980503082,0.00408463180065155,0.004142334219068289,0.0035760162863880396
0.0026332014240324497,0.00159220932982862,0.0007207022863440216,0.0001910601567942649
6.5364210968255065e-06,3.217414632672444e-05,0.00010797051072586328,0.0001412636338500306
0.00011387063568690792,4.9073660193243995e-05,8.801972626315546e-07
5.20301800861489e-05,0.00026924459962174296,0.0006213238229975104,0.0009604228544048965
0.0011208383366465569,0.0010389165254309773,0.0007779711158946157,0.00045895660878159106
0.0001893901644507423,3.492847099551e-05,6.746145118086133e-07,2.3447859348380007e-05
2.191235398640856e-05,1.439295971294996e-07,-0.009847725741565228,-0.022164342924952507
-0.03532040864229202,-0.0475110299885273,-0.057348061352968216,-0.06353229284286499
-0.06459835171699524,-0.059253230690956116,-0.047063812613487244
-0.02900330349802971,-0.007439654320478439,0.014602676033973694,0.03438693284988403
0.04990994557738304,0.059805914759635925,0.06310521066188812,0.05921466648578644
0.04823418706655502,0.031286172568798065,0.010505087673664093,-0.011317691765725613
-0.03133905678987503,-0.047240618616342545,-0.05739105865359306,-0.060691989958286285
-0.0564405657351017,-0.04435526579618454,-0.02488633245229721,0.00036976486444473267
0.028656933456659317,0.056617822498083115,0.08116239309310913
0.10011754930019379,0.11215297877788544,0.11625327169895172,0.11153440177440643,0.09764359891414642,0.07538323849439621,0.04705531895160675,0.016079489141702652
-0.013945817947387695,-0.03999141976237297,-0.05979200452566147,-0.07170672714710236
-0.07463999092578888,-0.06830311566591263,-0.05358784645795822,-0.03261956945061684
-0.008420970290899277,0.015751395374536514,0.03716498613357544,0.05396638065576553
0.06506341695785522,0.0699068009853363,0.0683620423078537
0.06077643856406212,0.048241619020700455,0.03268769755959511,0.016533993184566498
0.002013588324189186,-0.009493590332567692,-0.017626935616135597,-0.022591207176446915
-0.02466251701116562,-0.024078354239463806,-0.021220967173576355,-0.016906408593058586
-0.012415347620844841,-0.009041834622621536,-0.007546558044850826,-0.007973956875503063
-0.009945660829544067,-0.01316872425377369,-0.01759573072195053,-0.023080244660377502
-0.02897544950246811,-0.03404901921749115,-0.03685842454433441
-0.036453697830438614,-0.032804057002067566,-0.0265603456646204,-0.018506823107600212
-0.009208209812641144,0.0009114984422922134,0.011148530058562756,0.020253455266356468
0.026683278381824493,0.029172228649258614,0.027259595692157745,0.02144651673734188
0.012843411415815353,0.0027055367827415466,-0.007742361165583134,-0.01726369746029377
-0.02450621873140335,-0.028049081563949585,-0.02679893560707569,-0.020505407825112343
-0.010019844397902489,0.0029140720143914223,0.016337670385837555
0.02873486839234829,0.03913968428969383,0.046813663095235825,0.050921663641929626,0.05055420845746994
0.0452311746776104,0.03542095422744751,0.02246115356683731,0.007991736754775047,-0.006595061160624027,-0.02036166936159134,-0.03258330747485161,-0.04238360375165939
-0.04872913658618927,-0.050772346556186676,-0.04823353514075279,-0.04153136909008026
-0.03147813677787781,-0.018839068710803986,-0.004217782989144325,0.011758526787161827
0.02814740501344204,0.04345852881669998,0.05577462166547775,0.06325343996286392
0.06470536440610886,0.0599343478679657,0.049590617418289185,0.03469062224030495
0.016351774334907532,-0.004111310467123985,-0.025006908923387527,-0.0442313477396965
-0.0596126914024353,-0.06956733018159866,-0.07350528240203857,-0.07168871909379959
-0.06482759863138199,-0.053789131343364716,-0.03963522985577583,-0.023857571184635162
-0.008394930511713028,0.004726056009531021,0.013948732987046242,0.018656548112630844,0.019177928566932678
0.01630271226167679,0.010813791304826736,0.003356160596013069,-0.005404600407928228
-0.014503619633615017,-0.022633109241724014,-0.02850189059972763,-0.031290844082832336
-0.030873944982886314,-0.02766367420554161,-0.022202225401997566,-0.014946052804589272
-0.006420230492949486,0.00255587138235569,0.010796993039548397,0.016950173303484917
0.019975095987319946,0.019537465646862984,0.01598283462226391,0.010012052953243256
0.002342316322028637,-0.006395209114998579
-0.015451677143573761,-0.023729030042886734,-0.029815521091222763,-0.03237178176641464
-0.03074697218835354,-0.02533523365855217,-0.017286064103245735,-0.007895415648818016
0.0018016118556261063,0.011048692278563976,0.019083090126514435,0.024957746267318726
0.027800805866718292,0.02727779932320118,0.023851197212934494,0.018623117357492447
0.01281815767288208,0.007352006621658802,0.0028247572481632233,-0.0002507306635379791,-0.00128031091298908,0.0003673912724480033,0.005040151998400688
0.012432069517672062,0.021515225991606712,0.03082563355565071,0.03894392400979996
0.04489782080054283,0.048197437077760696,0.048586390912532806,0.04582026228308678
0.039656832814216614,0.030145730823278427,0.01798742264509201,0.004506241530179977,-0.008769813925027847,-0.020550066605210304,-0.029973793774843216,-0.03646159917116165
-0.03944646567106247,-0.03837965056300163,-0.0330495685338974,-0.023915987461805344,-0.01216048002243042,0.0006752107292413712,0.013210514560341835
0.02448391541838646,0.033865466713905334,0.04081468656659126,0.04469582438468933,0.04488519951701164,0.04115542396903038,0.0339607335627079,0.024363074451684952,0.01365952380001545,0.0029685907065868378,-0.006910386495292187,-0.015355406329035759
-0.021775219589471817,-0.02562009170651436,-0.02658570185303688,-0.02487565390765667
-0.02117934636771679,-0.016322901472449303,-0.010947847738862038,-0.005435849539935589,-5.115009844303131e-05,0.004828383680433035,0.008603986352682114
0.01060103066265583,0.010398008860647678,0.00813062209635973,0.004495721310377121
0.00040392810478806496,-0.003399874782189727,-0.006457197479903698,-0.008449891582131386
-0.008960053324699402,-0.00742389215156436,-0.0034202397800982,0.0029458506032824516
0.010916690342128277,0.01934647373855114,0.027144689112901688,0.03348206728696823
0.03764669597148895,0.03887174651026726,0.036399103701114655,0.029789695516228676
0.019330527633428574,0.006200751289725304,-0.007827598601579666
-0.020945386961102486,-0.031754739582538605,-0.039406560361385345,-0.04344642534852028
-0.04361080750823021,-0.039805613458156586,-0.03229304030537605,-0.021948356181383133
-0.010305698961019516,0.0007810890674591064,0.009655809961259365,0.015227670781314373
0.01702958345413208,0.015017175115644932,0.009392870590090752,0.0006855428218841553
-0.010051393881440163,-0.021210504695773125,-0.03091800957918167,-0.03756071627140045
-0.04020285606384277,-0.03859839588403702,-0.03292755037546158
-0.02355141192674637,-0.010960618034005165,0.004032021388411522,0.020071405917406082
0.03532078117132187,0.04781010001897812,0.05586971342563629,0.058441419154405594
0.05513782426714897,0.04611862450838089,0.031953342258930206,0.01359613612294197
-0.007506523281335831,-0.029374731704592705,-0.04975366219878197,-0.0665738582611084
-0.07831275463104248,-0.08410510420799255,-0.08363866060972214,-0.07701655477285385
-0.06478940695524216,-0.04811080917716026,-0.028785917907953262
-0.009071439504623413,0.008773616515100002,0.022989002987742424,0.032582055777311325,0.037304140627384186,0.03742862492799759,0.03348635882139206,0.026203839108347893
0.01664266176521778,0.006241181865334511,-0.0034169796854257584,-0.011002898216247559
-0.015737982466816902,-0.01739480160176754,-0.016097398474812508,-0.012148763984441757
-0.006022771820425987,0.0015117311850190163,0.009336085990071297,0.016182802617549896,0.02101609669625759,0.02332146093249321,0.023134194314479828
0.02082950808107853,0.01683567836880684,0.011482343077659607,0.00505214836448431
-0.0020506391301751137,-0.009157689288258553,-0.015402592718601227,-0.019994132220745087
-0.02245969884097576,-0.02270168997347355,-0.02086225338280201,-0.017110221087932587
-0.011579707264900208,-0.004531483165919781,0.0034608030691742897,0.011528052389621735
0.018780549988150597,0.024634726345539093,0.028899352997541428,0.0315760001540184
0.03259839490056038,0.03174639493227005,0.028830725699663162
0.024023035541176796,0.017995627596974373,0.01169959269464016,0.005991663783788681
0.0013822922483086586,-0.001982828602194786,-0.004152524750679731,-0.005189433228224516,-0.005110840313136578
-0.003972104284912348,-0.0020417175255715847,0.00012361770495772362,0.0018349620513617992
0.002528562443330884,0.001945069874636829,0.0001331712119281292,-0.0027097389101982117
-0.00636034831404686,-0.010498941875994205,-0.01456286758184433,-0.01772870495915413
-0.019118309020996094,-0.018152670934796333,-0.014790826477110386,-0.009471211582422256
-0.002854481339454651,0.004442907869815826,0.011958840303122997,0.01926489546895027,0.025791725143790245,0.030835287645459175,0.03374534100294113,0.03414706885814667
0.03204971179366112,0.027773262932896614,0.021782219409942627,0.014578254893422127
0.006709186360239983,-0.0011469218879938126,-0.00817418098449707,-0.013614003546535969
-0.01700831763446331,-0.0182638019323349,-0.017538662999868393,-0.015064691193401814,-0.011044365353882313
-0.005726073868572712,0.0004308801144361496,0.006678006146103144,0.012091748416423798
0.015856118872761726,0.017523417249321938,0.017092807218432426,0.014935458078980446
0.011638008058071136,0.00782990176230669,0.0041052550077438354,0.0010536257177591324
-0.0007456226740032434,-0.0008609983487986028,0.0007984602707438171,0.0038893925957381725
0.007752093952149153,0.01168130524456501,0.015137497335672379,0.017751334235072136
0.019145967438817024,0.018799535930156708,0.01618790626525879
0.011105065234005451,0.003869926556944847,-0.004700863733887672,-0.013535380363464355
-0.021621380001306534,-0.02820080891251564,-0.03280607610940933,-0.0351887121796608
-0.035238783806562424,-0.03302476555109024,-0.028896793723106384,-0.02348897233605385
-0.01759888418018818,-0.011996638029813766,-0.007223776541650295,-0.003509928472340107
-0.0008689849637448788,0.0007515724282711744,0.0014178450219333172,0.0012919324217364192,0.0007616836810484529,0.0004167594015598297,0.0008074620272964239
0.002164189238101244,0.00425367895513773,0.006485668942332268,0.00823894888162613
0.009129762649536133,0.009042643941938877,0.008004552684724331,0.006034334655851126
0.0031105219386518,-0.0007046302780508995,-0.005149714648723602,-0.009786860086023808
-0.014146055094897747,-0.017899122089147568,-0.020916812121868134,-0.023174401372671127,-0.024657268077135086,-0.025353239849209785,-0.025292012840509415,-0.02460401877760887
-0.023522015661001205,-0.022248174995183945,-0.020787812769412994
-0.018908649682998657,-0.01627093181014061,-0.012660101056098938,-0.008156056515872478
-0.0031287791207432747,0.0018940973095595837,0.006419566925615072,0.010133808478713036
0.012885297648608685,0.01460330281406641,0.015292387455701828,0.015065337531268597
0.014163381420075893,0.012939867563545704,0.011755973100662231,0.01083904318511486
0.010223166085779667,0.0098159434273839,0.009536433964967728,0.009369326755404472
0.009250467643141747,0.008936767466366291,0.008032312616705894
0.006165696773678064,0.0032181753776967525,-0.0005575288087129593,-0.0046439506113529205
-0.00850091502070427,-0.011764653958380222,-0.0142922792583704,-0.016048576682806015,-0.016986854374408722,-0.01704396679997444,-0.01618015021085739,-0.014412160031497478,-0.011842639185488224,-0.008616653271019459,-0.004831445403397083,-0.0005248254165053368,0.004249509423971176,0.00931053888052702,0.01427999697625637,0.018664265051484108
0.022030675783753395,0.0241234190762043,0.024867363274097443
0.02425093948841095,0.022182203829288483,0.018510345369577408,0.013211410492658615
0.006569454446434975,-0.0007606372237205505,-0.007874049246311188,-0.013873022980988026
-0.01807934045791626,-0.020110558718442917,-0.019851725548505783,-0.017401089891791344
-0.013097589835524559,-0.007574291899800301,-0.0016676951199769974,0.003773259464651346
0.008056849241256714,0.010789182037115097,0.011912189424037933,0.011608995497226715
0.010211844928562641,0.008163572289049625,0.006003629416227341
0.004367547575384378,0.003923206124454737,0.00520488154143095,0.008411756716668606
0.013263285160064697,0.019025251269340515,0.02472325786948204,0.029390782117843628
0.03224547207355499,0.0328005850315094,0.030892565846443176,0.026644453406333923
0.020445004105567932,0.01292305439710617,0.004872197285294533,-0.002855400089174509
-0.009494645521044731,-0.014485757797956467,-0.017461955547332764,-0.018208757042884827,-0.016709767282009125,-0.013231727294623852,-0.008392798714339733
-0.0031063519418239594,0.001680214423686266,0.005290828179568052,0.007467990275472403
0.008310211822390556,0.008074134588241577,0.007026410195976496,0.005432053003460169
0.0035751797258853912,0.0017503602430224419,0.00023106392472982407,-0.0007861099438741803
-0.0011946812737733126,-0.0009186576353386045,0.00012223509838804603,0.0019850400276482105
0.0046526649966835976,0.007954113185405731,0.011517612263560295,0.014844818972051144
0.01744357869029045,0.01893424428999424,0.019084952771663666
0.017737189307808876,0.014722347259521484,0.009878364391624928,0.003141033463180065
-0.0052995579317212105,-0.014858641661703587,-0.024599824100732803,-0.03344946354627609
-0.040448859333992004,-0.04493243247270584,-0.046558890491724014,-0.0452725887298584
-0.04129611700773239,-0.03511238843202591,-0.027419861406087875,-0.01906425505876541
-0.010876480489969254,-0.003488282673060894,0.0027097277343273163,0.007503488566726446
0.010791637934744358,0.012541515752673149,0.012810183688998222
0.011816625483334064,0.009953968226909637,0.0077225398272275925,0.005596739239990711
0.0038544009439647198,0.0025231698527932167,0.0014784082304686308,0.000553998863324523,-0.00037133449222892523,-0.001324914861470461,-0.0022664007265120745,-0.0031322978902608156
-0.0038763857446610928,-0.004509386606514454,-0.005087639205157757,-0.005696483887732029
-0.006471746601164341,-0.007588536944240332,-0.009213702753186226,-0.01144266314804554
-0.014203578233718872,-0.01722433790564537,-0.020120704546570778,-0.022479934617877007
-0.023884594440460205,-0.023935584351420403,-0.02227768301963806,-0.018655942752957344
-0.013023488223552704,-0.0056085968390107155,0.0030782846733927727,0.012255535461008549
0.020948609337210655,0.028127845376729965,0.032853104174137115,0.03444550558924675
0.03263244405388832,0.027594681829214096,0.01994435489177704,0.010620823130011559
0.0007131882011890411,-0.008696967735886574,-0.016651354730129242,-0.02239464782178402,-0.0254153273999691,-0.02549879625439644
-0.02277802862226963,-0.017733842134475708,-0.011183364316821098,-0.0042175473645329475
0.002011530566960573,0.0065618474036455154,0.008876979351043701,0.008845590054988861
0.0067446427419781685,0.003103459719568491,-0.001411899458616972,-0.006093790754675865
-0.010291137732565403,-0.013479724526405334,-0.015318915247917175,-0.015663236379623413
-0.014482236467301846,-0.011785046197474003,-0.007624615915119648,-0.00215217936784029
0.004310889635235071,0.011259195394814014,0.018080085515975952
0.024149537086486816,0.028934065252542496,0.03208424523472786,0.03342987596988678
0.03289852291345596,0.030457602813839912,0.02610701136291027,0.01995004713535309
0.012328220531344414,0.0038750600069761276,-0.004573489539325237,-0.012119441293179989
-0.01794634945690632,-0.021450627595186234,-0.02232486382126808,-0.02060410939157009
-0.01666085608303547,-0.011122126132249832,-0.004750015214085579,0.0017020795494318008
0.00763293169438839,0.012648737989366055,0.01654873788356781
0.019299592822790146,0.020968612283468246,0.02165975607931614,0.021527057513594627
0.020803162828087807,0.019784221425652504,0.018767409026622772,0.017934925854206085
0.017270125448703766,0.016575783491134644,0.015539423562586308,0.013841088861227036
0.011299311183393002,0.007942067459225655,0.003982808440923691,-0.00022893119603395462
-0.004273566417396069,-0.0077239167876541615,-0.010204191319644451,-0.011488907039165497
-0.01158298272639513,-0.010705969296395779,-0.009204432368278503
-0.007431444711983204,-0.005657241214066744,-0.004077755380421877,-0.002859346568584442
-0.002133074915036559,-0.0019386413041502237,-0.002135676797479391,-0.0023619658313691616
-0.0021330751478672028,-0.0010159871308133006,0.001236189273186028,0.004610511939972639
0.008834539912641048,0.013434505090117455,0.017794882878661156,0.021232979372143745
0.023128092288970947,0.0230723824352026,0.02097308449447155,0.017050765454769135
0.011747671291232109,0.00562440138310194,-0.0007209796458482742
-0.006717237643897533,-0.01186223141849041,-0.0157635398209095,-0.0181843601167202
-0.019081737846136093,-0.018660642206668854,-0.017398651689291,-0.015935298055410385
-0.01485627144575119,-0.014501610770821571,-0.014877917245030403,-0.0156917255371809
-0.016472548246383667,-0.016735132783651352,-0.01612374559044838,-0.014462125487625599
-0.011701715178787708,-0.007907046005129814,-0.0033669136464595795,0.0013060979545116425
0.005256954580545425,0.007667103316634893,0.008104188367724419
0.00670064939185977,0.004007422830909491,0.0006728162989020348,-0.0027852836064994335
-0.005979249253869057,-0.008492463268339634,-0.009847521781921387,-0.009771816432476044
-0.008508026599884033,-0.006827032659202814,-0.00568720418959856,-0.005746128968894482
-0.007055083755403757,-0.009132396429777145,-0.011269113048911095,-0.01280959416180849
-0.01327933743596077,-0.012347569689154625,-0.009740592911839485,-0.005284447222948074
0.0008352631703019142,0.007785754278302193,0.014160562306642532
0.018478792160749435,0.019748076796531677,0.017763987183570862,0.013036864809691906
0.006413995288312435,-0.0012932894751429558,-0.009374506771564484,-0.017068201676011086
-0.023479333147406578,-0.027720032259821892,-0.029223358258605003,-0.027977021411061287
-0.02448747493326664,-0.01952410116791725,-0.013856219127774239,-0.008190383203327656
-0.0032279547303915024,0.0004111584275960922,0.0024380148388445377,0.003111849073320627
0.003163645975291729,0.003355174558237195,0.0039457958191633224
0.004446578212082386,0.003847981570288539,0.0012095847632735968,-0.003765461267903447
-0.01053373608738184,-0.01797221414744854,-0.02483367919921875,-0.030025701969861984
-0.032671310007572174,-0.03212762624025345,-0.027994630858302116,-0.020137330517172813
-0.008785942569375038,0.005375196225941181,0.021226808428764343,0.037282783538103104
0.05178678035736084,0.06291325390338898,0.06908216327428818,0.06930533051490784
0.06347882747650146,0.052515286952257156,0.03815276920795441
0.022470731288194656,0.007368229329586029,-0.0058328527957201,-0.016515066847205162
-0.024508126080036163,-0.029684152454137802,-0.03179667145013809,-0.030634013935923576
-0.026288233697414398,-0.01935575343668461,-0.010914012789726257,-0.0022753942757844925
0.005288997665047646,0.010772233828902245,0.013576801866292953,0.013520016334950924
0.01074220146983862,0.005628490820527077,-0.0011855880729854107,-0.008828345686197281
-0.016329921782016754,-0.0226780753582716,-0.026728540658950806
-0.027269413694739342,-0.02329006791114807,-0.014309931546449661,-0.0007248707115650177
0.016041861847043037,0.03378252685070038,0.05000526085495949,0.06244944408535957
0.0694705918431282,0.07024237513542175,0.06476904451847076,0.05379371717572212,0.03872587904334068,0.021491844207048416,0.00417279452085495
0.00026064389385282993,0.0010000411421060562,0.002253154758363962,0.003967131022363901,0.005969765596091747,0.007980357855558395,0.009663011878728867,0.010700828395783901
0.010872691869735718,0.010113250464200974,0.008531097322702408,0.0063871173188090324
0.004055508878082037,0.0019677411764860153,0.000526474614161998,4.643977433715918e-07
0.0004450982087291777,0.0016931315185502172,0.0034152597654610872,0.005216227378696203,0.0067352489568293095
0.007724002469331026,0.008077137172222137,0.007813707925379276,0.007035018410533667
0.005883939564228058,0.004520895890891552,0.0031167087145149708,0.0018410534830763936,0.0008379979990422726,0.00020713330013677478,1.311380515289784e-07,0.00022252833878155798
0.0008310690755024552,0.00173089443705976,0.00278493738733232,0.0038377265445888042
0.004743180703371763,0.0053891511633992195,0.0057168942876160145,0.005729551427066326
0.005482722073793411,0.005057996138930321,0.004531565587967634
0.003955041524022818,0.003355019260197878,0.002743303310126066,0.0021255319006741047
0.0015058622229844332,0.0009016767726279795,0.00037354457890614867,4.2931824282277375e-05
6.332117482088506e-05,0.0005465343710966408,0.0014906823635101318,0.0027604037895798683
0.00412070332095027,0.005294080823659897,0.006027137394994497,0.006159318145364523
0.005672326777130365,0.004692082293331623,0.0034392245579510927,0.0021622946951538324
0.0010832628468051553,0.0003543042694218457,2.674358620424755e-05
5.3294686949811876e-05,0.0003324121644254774,0.0007645333535037935,0.0012808678438887
0.001838492345996201,0.0024003456346690655,0.002917883452028036,0.0033276493195444345
0.0035631698556244373,0.0035751096438616514,0.0033512325026094913,0.0029233687091618776
0.0023541953414678574,0.001716986414976418,0.0010854555293917656,0.0005360700306482613
0.0001499929785495624,3.312190983706387e-07,0.00012995529687032104,0.0005385109107010067
0.0011854524491354823,0.0020014112815260887,0.0029018146451562643
0.0038009921554476023,0.004620813298970461,0.005291001871228218,0.005743358749896288
0.005904417484998703,0.00570366345345974,0.0051084221340715885,0.004162793979048729
0.0029978915117681026,0.0018064776668325067,0.0007992633618414402,0.00016117579070851207
1.1862914107041433e-05,0.0003695204795803875,0.001132399425841868,0.002099925186485052
0.0030311276204884052,0.0037133372388780117,0.004016191698610783,0.003916420973837376
0.003487680573016405,0.0028616888448596,0.002178153023123741
0.0015446722973138094,0.001020605443045497,0.000623641477432102,0.000344565836712718
0.00016043760115280747,4.8588099161861464e-05,9.941843472915934e-07,3.219463906134479e-05
0.00017353359726257622,0.00045132869854569435,0.0008624122710898519,0.0013675851514562964
0.0019040824845433235,0.0024014930240809917,0.002793777734041214,0.0030332980677485466
0.003105990355834365,0.0030310472939163446,0.0028397354763001204,0.002554550301283598
0.0021884215530008078,0.0017597555415704846,0.0013029477559030056
0.0008612194214947522,0.0004738511051982641,0.00017698384181130677,1.4857961105008144e-05
4.293953679734841e-05,0.0003108833043370396,0.0008295707521028817,0.0015419599367305636
0.002317663747817278,0.0029822788201272488,0.0033778150100260973,0.0034231827594339848
0.003136910730972886,0.002611597767099738,-0.04433559998869896,-0.03618818521499634
-0.027116384357213974,-0.017609374597668648,-0.008184459060430527,0.0006907898932695389,0.008684853091835976,0.015654893592000008,0.021646248176693916
0.026833847165107727,0.031439654529094696,0.035659633576869965,0.03958217054605484,0.04309873282909393,0.04588424786925316,0.047490816563367844,0.04749009385704994,0.04557539150118828,0.04159797728061676,0.03556933254003525,0.027664870023727417,0.018240226432681084,0.00782862864434719,-0.002923966385424137,-0.013366409577429295
-0.022934073582291603,-0.031198926270008087,-0.03789490461349487,-0.04293782263994217,-0.0464281290769577,-0.048620130866765976,-0.04984575882554054
-0.050395380705595016,-0.05042586103081703,-0.04996221140027046,-0.04894053936004639,-0.04720785468816757,-0.044496502727270126,-0.04045509174466133,-0.03478160873055458,-0.02742321416735649,-0.018714774399995804,-0.009327501058578491,-5.291774868965149e-05
0.008427106775343418,0.015661833807826042,0.021429739892482758,0.02569807693362236
0.028607569634914398,0.030446823686361313,0.03157079964876175,0.032266661524772644
0.03263257071375847,0.03257222846150398,0.03189830482006073
0.030413853004574776,0.027902163565158844,0.024075232446193695,0.018577149137854576
0.011111615225672722,0.0016421591863036156,-0.00946110300719738,-0.021402394399046898
-0.03309840336441994,-0.04343828186392784,-0.05154454708099365,-0.056939899921417236
-0.059580039232969284,-0.059738583862781525,-0.05780449137091637,-0.05410831794142723
-0.0488642193377018,-0.04222682863473892,-0.03437071666121483,-0.025513801723718643
-0.015899959951639175,-0.005775608122348785,0.004626554436981678
0.015073370188474655,0.025298716500401497,0.034995924681425095,0.04382307827472687
0.05139339715242386,0.05728008970618248,0.06107024848461151,0.06245911493897438,0.06134654954075813,0.05787979066371918,0.05241486802697182,0.04543481394648552
0.037469878792762756,0.029034201055765152,0.020580342039465904,0.012452606111764908
0.0048427823930978775,-0.002213412895798683,-0.00880749523639679,-0.015120736323297024,-0.02137044072151184,-0.0277556125074625,-0.03440605476498604
-0.041298896074295044,-0.04817589372396469,-0.05455118790268898,-0.05980702117085457,-0.06329862028360367
-0.06441332399845123,-0.0625804215669632,-0.05730993673205376,-0.048345789313316345,-0.03587294742465019,-0.020607594400644302,-0.0036643967032432556,0.013720422983169556
0.030419234186410904,0.04550861194729805,0.05829383432865143,0.0683373510837555,0.07549766451120377,0.07991194725036621,0.08185210824012756,0.08152680844068527,0.07900623232126236,0.07431390881538391,0.06756006181240082,0.05898619070649147,0.048887547105550766,0.03750472888350487,0.02500862255692482,0.011596575379371643
-0.0023731179535388947,-0.016299661248922348,-0.02937382087111473,-0.04072323441505432
-0.04962261766195297,-0.055694565176963806,-0.05900054797530174,-0.059967976063489914
-0.05918277055025101,-0.05714304372668266,-0.054112475365400314,-0.05013221502304077
-0.04510704427957535,-0.03889041766524315,-0.03135058656334877,-0.02239196188747883,-0.01196112297475338
-9.751319885253906e-05,0.013001133687794209,0.02695363387465477,0.041199661791324615
0.05501013249158859,0.06751342117786407,0.07776817679405212,0.08490785956382751
0.08831660449504852,0.08773908764123917,0.0832873061299324,0.0753784030675888
0.0646354928612709,0.05178382620215416,0.03755927458405495,0.022625211626291275
0.007525168359279633,-0.007306146435439587,-0.021503552794456482,-0.03472984954714775
-0.04666125029325485,-0.05703861266374588,-0.06571948528289795
-0.07263485342264175,-0.07769636064767838,-0.08075156062841415,-0.08162423968315125
-0.0802224799990654,-0.07660883665084839,-0.07093387842178345,-0.06331062316894531,-0.053796909749507904,-0.04253086447715759,-0.029890019446611404,-0.016491327434778214
-0.0030069686472415924,0.010025126859545708,0.02225118689239025,0.033446718007326126
0.043464578688144684,0.05224178358912468,0.059797435998916626,0.06611897051334381,0.07099983841180801,0.07399367541074753,0.07452937960624695
0.07210277020931244,0.06642843782901764,0.05746510997414589,0.04533683508634567
0.030276689678430557,0.012676630169153214,-0.006807498633861542,-0.027203425765037537,-0.04727073758840561,-0.06563112884759903,-0.08095808327198029,-0.09219954907894135
-0.09878088533878326,-0.10070598870515823,-0.09847025573253632,-0.09281591325998306
-0.08448462188243866,-0.0740780383348465,-0.06203879415988922,-0.04871032387018204
-0.03439769521355629,-0.019384250044822693,-0.003944072872400284
0.01160483155399561,0.02683967724442482,0.04123154282569885,0.054213859140872955,0.06525890529155731,0.07390262186527252,0.07973083853721619,0.08239862322807312,0.08172069489955902,0.07778023928403854,0.07097195833921432,0.06193952634930611
0.0514371395111084,0.04018491134047508,0.028759364038705826,0.017531994730234146,0.006666714325547218,-0.003843506798148155,-0.014114241115748882,-0.0242729801684618,-0.034370291978120804,-0.044344283640384674,-0.054014913737773895
-0.0630759596824646,-0.07108184695243835,-0.07745210081338882,-0.08154618740081787
-0.08282172679901123,-0.08098562806844711,-0.07601848244667053,-0.06805519014596939
-0.05726037546992302,-0.04386265203356743,-0.028315134346485138,-0.011378634721040726
0.00599074549973011,0.022877920418977737,0.03859122097492218,0.05266639590263367
0.06476825475692749,0.07465033233165741,0.08217562735080719,0.08729317784309387
0.089935801923275,0.08990872651338577,0.0868934616446495
0.080617755651474,0.07107535749673843,0.058625563979148865,0.04391057416796684,0.02767767757177353,0.010654766112565994,-0.006462407298386097,-0.022969599813222885
-0.038133058696985245,-0.0512196384370327,-0.06156980246305466,-0.06869277358055115
-0.07237443327903748,-0.07276321947574615,-0.07035696506500244,-0.06584883481264114
-0.059890266507864,-0.052885111421346664,-0.044914767146110535,-0.035833053290843964
-0.025452226400375366,-0.013684745877981186,-0.0006072334945201874
0.013512525707483292,0.028216665610671043,0.042877182364463806,0.056725114583969116
0.06891359388828278,0.07861867547035217,0.08514294028282166,0.08799056708812714
0.08691021800041199,0.08193856477737427,0.07345512509346008,0.062181226909160614
0.04907316714525223,0.03515385836362839,0.02135534957051277,0.008408745750784874
-0.003225932829082012,-0.013389475643634796,-0.02217024192214012,-0.029769843444228172
-0.03637087345123291,-0.042071860283613205
-0.04689174145460129,-0.05079802870750427,-0.053692810237407684,-0.05536402016878128
-0.05549104884266853,-0.05376021936535835,-0.05004709213972092,-0.04452294483780861
-0.037562184035778046,-0.02953365072607994,-0.020685911178588867,-0.011203480884432793
-0.0013347659260034561,0.008554939180612564,0.01807596907019615,0.026957733556628227
0.035086601972579956,0.04242488741874695,0.04891679808497429,0.054454490542411804
0.05888944864273071,0.062016356736421585,0.06350457668304443
0.06286688148975372,0.05956394970417023,0.05322292819619179,0.04383037984371185
0.03176875039935112,0.017711050808429718,0.002480924129486084,-0.013065142557024956
-0.02811473421752453,-0.04192708805203438,-0.0538388192653656,-0.06326538324356079
-0.06971666216850281,-0.07288604974746704,-0.07279691845178604,-0.0698709636926651
-0.06483340263366699,-0.05848944932222366,-0.05146603658795357,-0.044052861630916595
-0.036227401345968246,-0.02780323103070259,-0.018584147095680237
-0.008474176749587059,0.002445667050778866,0.013864384964108467,0.02524186670780182
0.03590013086795807,0.04516209661960602,0.052447885274887085,0.057309504598379135,0.05944326892495155
0.05871265009045601,0.05519815534353256,0.04923495277762413,0.041373737156391144
0.03227776661515236,0.022601675242185593,0.012880159541964531,0.003470407798886299
-0.005447329953312874,-0.013847624883055687,-0.021806305274367332,-0.02939872071146965
-0.03658585995435715,-0.04315396770834923,-0.04876634478569031,-0.05309198796749115
-0.05588725581765175,-0.056981660425662994,-0.05624060332775116,-0.05359838530421257
-0.049174271523952484,-0.04336637631058693,-0.036795277148485184,-0.030100692063570023
-0.023732924833893776,-0.01787519082427025,-0.012525761500000954,-0.00763340387493372
-0.0031345821917057037,0.001107534859329462,0.005333109758794308,0.009817925281822681
0.014758352190256119,0.02020779438316822,0.026085931807756424,0.03218603879213333
0.03814133256673813
0.043384723365306854,0.04717932641506195,0.04878669232130051,0.04770025983452797
0.04379399120807648,0.03733287751674652,0.02886831760406494,0.019081616774201393
0.008656211197376251,-0.0018015308305621147,-0.011789069510996342,-0.020867392420768738
-0.028609493747353554,-0.03461943566799164,-0.03862670436501503,-0.04059433192014694
-0.04076102375984192,-0.039555564522743225,-0.03740418702363968,-0.03454788029193878
-0.03096790611743927,-0.026436423882842064,-0.02066189981997013
-0.013449901714920998,-0.004814779385924339,0.004958587698638439,0.015320327132940292
0.025545436888933182,0.03486860916018486,0.042615652084350586,0.048290953040122986
0.05160922929644585,0.05251248553395271,0.05118441581726074,0.04802697151899338
0.043594840914011,0.03850219398736954,0.033313535153865814,0.028454704210162163
0.024163054302334785,0.020457293838262558,0.017130408436059952,0.01379639096558094
0.010007643140852451,0.005430740304291248,6.92903995513916e-07
-0.006051567383110523,-0.012300808914005756,-0.018269814550876617,-0.02352510765194893
-0.02769101783633232,-0.030450379475951195,-0.031626999378204346,-0.03131210803985596,-0.02989547699689865,-0.027923837304115295,-0.025845859199762344,-0.02381032705307007
-0.021665086969733238,-0.01911286823451519,-0.0158424973487854,-0.011570976115763187
-0.006075332872569561,0.0007338924333453178,0.008726334199309349,0.017524495720863342
0.026576638221740723,0.03527580946683884,0.043030209839344025
0.04925808683037758,0.053382907062768936,0.05491995811462402,0.053633712232112885
0.04965357854962349,0.043472789227962494,0.03583002835512161,0.027524255216121674
0.019236432388424873,0.011407420039176941,0.004197888076305389,-0.0024506687186658382
-0.008679885417222977,-0.014584223739802837,-0.02016674354672432,-0.025400230661034584
-0.030322600156068802,-0.03505363315343857,-0.03968905657529831,-0.04414244368672371
-0.048058148473501205,-0.05086846649646759,-0.051946524530649185
-0.05074864998459816,-0.04692280292510986,-0.040407873690128326,-0.03149055317044258
-0.020781852304935455,-0.00910746306180954,0.0026676589623093605,0.01379573717713356
0.02371363155543804,0.032043345272541046,0.038570791482925415,0.04323013871908188
0.04609989747405052,0.047376856207847595,0.04730242118239403,0.046072401106357574
0.043778713792562485,0.04040552303195,0.03585727885365486,0.029978763312101364
0.02259654365479946,0.013642026111483574,0.003309674561023712
-0.007867935113608837,-0.01910148561000824,-0.029559191316366196,-0.03856930881738663
-0.045679859817028046,-0.05062119662761688,-0.05329573154449463,-0.05384492501616478
-0.05273307487368584,-0.05070045590400696,-0.048510171473026276,-0.0466318242251873
-0.045096058398485184,-0.04359553009271622,-0.041692327708005905,-0.03894878178834915
-0.034953225404024124,-0.029350195080041885,-0.021940933540463448,-0.012797091156244278
-0.0022856201976537704,0.009017668664455414,0.02043299563229084
0.031221121549606323,0.04060564190149307,0.047843992710113525,0.05235736817121506
0.05387633666396141,0.05252213031053543,0.04875613749027252,0.043219272047281265
0.036543913185596466,0.02919871360063553,0.021404923871159554,0.013157129287719727
0.0043448712676763535,-0.005077723879367113,-0.014956069178879261,-0.024913962930440903
-0.03446115925908089,-0.04313530772924423,-0.05057153478264809,-0.0564768984913826
-0.06055747717618942,-0.06248033419251442,-0.06191379204392433
-0.05861344933509827,-0.05251181870698929,-0.0437832847237587,-0.032863128930330276
-0.020413625985383987,-0.007224373519420624,0.005939607508480549,0.018470335751771927
0.02996443212032318,0.04018783941864967,0.04901587963104248,0.056392982602119446
0.06229594349861145,0.06668314337730408,0.06945829093456268,0.07047329843044281
0.06956255435943604,0.06659267842769623,0.06149336323142052,0.05424361675977707
0.044861167669296265,0.03345080092549324,0.020304951816797256
0.006003277376294136,-0.008595690131187439,-0.022531380876898766,-0.034971632063388824
-0.04532909765839577,-0.05323353409767151,-0.05847041681408882,-0.06100348383188248
-0.06106732413172722,-0.05919698253273964,-0.0560917928814888,-0.052344899624586105
-0.04820544645190239,-0.04354336857795715,-0.03800667077302933,-0.03121378645300865
-0.022866984829306602,-0.012792658060789108,-0.0009915325790643692,0.012260343879461288
0.02636123262345791,0.04048904776573181,0.05378499627113342
0.06546508520841599,0.07483290135860443,0.08127221465110779,0.08430010080337524
0.08369036018848419,0.07957249879837036,0.0724150538444519,0.06291761994361877,0.05187474563717842,0.04003226011991501,0.027947362512350082,0.01589779183268547
0.003919452428817749,-0.008007334545254707,-0.019747046753764153,-0.030929191038012505
-0.041037462651729584,-0.04959145933389664,-0.05628930777311325,-0.06101240962743759
-0.06372435390949249,-0.0643741637468338,-0.0628654956817627,-0.059097662568092346
-0.05304838344454765,-0.04483851417899132,-0.03475905582308769,-0.023274604231119156
-0.010980356484651566,0.0015061050653457642,0.013673815876245499,0.02519325166940689
0.035895898938179016,0.04568827152252197,0.054463133215904236,0.06204516440629959
0.06818537414073944,0.07258979976177216,0.07493861019611359,0.07489842921495438
0.07217478007078171,0.06659144163131714,0.05814213305711746,0.04699493199586868,0.03346264362335205,0.017990224063396454
0.00120607390999794,-0.016021395102143288,-0.03264704719185829,-0.0476536862552166
-0.06026499718427658,-0.0700237825512886,-0.07672452181577682,-0.08031825721263885
-0.08090951293706894,-0.07883020490407944,-0.07464379072189331,-0.06897871941328049
-0.06229182332754135,-0.0547449067234993,-0.04626183584332466,-0.03670152649283409
-0.02601330354809761,-0.014289043843746185,-0.0017639044672250748,0.01115595642477274
0.023864731192588806,0.03561093658208847,0.0456482395529747
0.05339743196964264,0.058519501239061356,0.060875046998262405,0.060455072671175
0.057375118136405945,0.05190422385931015,0.044470008462667465,0.03563201427459717
0.026010621339082718,0.016172822564840317,0.006505340337753296,-0.002879098057746887
-0.012127497233450413,-0.021497061476111412,-0.03113928623497486,-0.04092061519622803
-0.05038091912865639,-0.05886000394821167,-0.06569249927997589,-0.07035377621650696
-0.0725165605545044,-0.07203163951635361,-0.0688849538564682
-0.06317369639873505,-0.05509597063064575,-0.044947270303964615,-0.03313398361206055
-0.02019105851650238,-0.006759190931916237,0.006497093476355076,0.018994372338056564
0.0303058959543705,0.0401778407394886,0.0484997034072876,0.05525125190615654
0.06043579801917076,0.06403490900993347,0.06599044054746628,0.06618010997772217
0.06442360579967499,0.060553040355443954,0.054493460804224014,0.04631500691175461
0.03624129295349121,0.02460145205259323,0.011785237118601799
-0.0017325002700090408,-0.015334578230977058,-0.028264103457331657,-0.03973544389009476
-0.04910922795534134,-0.05602268502116203,-0.060395196080207825,-0.062322404235601425
-0.06197552755475044,-0.05961190164089203,-0.055630143731832504,-0.050523560494184494
-0.04471104219555855,-0.038363631814718246,-0.03137502074241638,-0.02350345440208912
-0.014552701264619827,-0.004480345174670219,0.006555225700139999,0.01817552000284195
0.029792530462145805,0.04066725820302963,0.05003749951720238
0.05728938430547714,0.062076907604932785,0.06431832909584045,0.06410650908946991
0.061627693474292755,0.0571417436003685,0.05099877715110779,0.04363161697983742
0.035504408180713654,0.027043920010328293,0.018570607528090477,0.010238340124487877
0.0020107999444007874,-0.006284631788730621,-0.01480165310204029,-0.023472722619771957
-0.03189476206898689,-0.03939126431941986,-0.04521115869283676,-0.04875743389129639
-0.04973772168159485,-0.04817238077521324,-0.04429773986339569
-0.03846564143896103,-0.031088121235370636,-0.022613447159528732,-0.013501634821295738
-0.004185721278190613,0.004945935681462288,0.013542784377932549,0.02131570130586624
0.028085999190807343,0.033811114728450775,0.03856952488422394,0.04249691963195801
0.0457075797021389,0.04824750870466232,0.05005716159939766,0.050940144807100296
0.05058954283595085,0.04868067800998688,0.044995348900556564,0.039525579661130905
0.032486435025930405,0.02423056960105896,0.015147270634770393
0.0056264568120241165,-0.003898240625858307,-0.012901104986667633,-0.020815011113882065
-0.027188485488295555,-0.031838156282901764,-0.03486324101686478,-0.03649967536330223
-0.036964207887649536,-0.03643893450498581,-0.03515755385160446,-0.03344609588384628
-0.03162875771522522,-0.029843619093298912,-0.02792803756892681,-0.025485916063189507
-0.022066134959459305,-0.01731603778898716,-0.011075319722294807,-0.0034363241866230965
0.005225709639489651,0.014269367791712284,0.022889478132128716
0.03030940517783165,0.03596312552690506,0.03955692797899246,0.041014399379491806
0.04039134085178375,0.03783542662858963,0.03359400853514671,0.0280178003013134
0.021534204483032227,0.01459931768476963,0.007630461826920509,0.0009316904470324516
-0.005369825288653374,-0.011350691318511963,-0.017224043607711792,-0.02316521480679512
-0.029117371886968613,-0.03470441699028015,-0.0393267385661602,-0.04239325970411301
-0.04354872554540634,-0.04277258366346359,-0.040331874042749405
-0.03666595369577408,-0.032276615500450134,-0.0276345182210207,-0.023095160722732544
-0.018849829211831093,-0.01493900828063488,-0.011305337771773338,-0.007839929312467575
-0.004397725686430931,-0.0007853936403989792,0.003231622511520982,0.007849382236599922
0.01310059241950512,0.018773790448904037,0.02443399280309677,0.02952868677675724
0.033502571284770966,0.03587005287408829,0.03627382591366768,0.0345596969127655
0.030835283920168877,0.02544030360877514,0.018811935558915138
0.011351186782121658,0.00340109970420599,-0.004672971088439226,-0.012412702664732933
-0.019332874566316605,-0.025112679228186607,-0.0297229140996933,-0.03334350138902664
-0.036149684339761734,-0.03817695379257202,-0.03937685489654541,-0.03976805880665779
-0.0394970178604126,-0.038735032081604004,-0.037532225251197815
0.001431901240721345,0.001450116978958249,0.0013237175298854709,0.0010719518177211285,0.0007468572002835572,0.0004212605126667768,0.00016553045134060085,2.4195480364141986e-05,8.253715350292623e-06,0.00010504026431590319,0.00029132471536286175,0.0005387872224673629,0.0008144385064952075,0.0010826005600392818,0.001309902872890234,0.0014699874445796013
0.0015464132884517312,0.001535716699436307,0.0014485262800008059,0.0013040555641055107,0.001119777443818748
0.0009046071791090071,0.0006636208272539079,0.0004124550032429397,0.00018717969942372292
3.713716796482913e-05,4.08477126256912e-06,0.00010266208118991926,0.0003142172936350107
0.0005941747222095728,0.0008850401500239968,0.0011289221001788974,0.0012778404634445906
0.001301195123232901,0.0011921757832169533,0.0009735336061567068,0.0006954906857572496
0.00042016778024844825,0.0001993262121686712,5.95994497416541e-05,2.667074113560375e-06
1.611657535249833e-05,8.600775618106127e-05,0.00020458392100408673
0.00037178152706474066,0.00059182767290622,0.0008659737068228424,0.0011838568607345223
0.0015174667350947857,0.0018210115376859903,0.0020395820029079914,0.002125087659806013
0.0020513474009931087,0.0018224457744508982,0.001473653013817966,0.0010646452428773046
0.0006650538998655975,0.0003357255191076547,0.00011403215466998518,1.0335033948649652e-05
1.476878605899401e-05,0.00010807869693962857,0.000269390526227653,0.00047833804273977876
0.0007147070718929172,0.0009575719013810158,0.0011839752551168203
0.001368923345580697,0.0014875312335789204,0.0015185629017651081,0.0014489545719698071
0.0012783342972397804,0.0010233114007860422,0.0007209721952676773,0.00042513362132012844
0.00018966966308653355,4.729522333946079e-05,1.7917112415943848e-07,2.8001855753245763e-05
0.00010325264884158969,0.00020132992358412594,0.00030302698723971844,0.00039356996421702206
0.0004614522331394255,0.0004979939549230039,0.000497722823638469,0.000459823728306219
0.00038972805486992,0.00029843070660717785,0.0001993379119085148
0.00010579341324046254,3.2450501748826355e-05,5.4610698185797446e-08,3.758742241188884e-05
0.00017488117737229913,0.00042660703184083104,0.0007776757120154798,0.001181405852548778
0.0015722439857199788,0.001883776392787695,0.0020636531990021467,0.0020830268040299416
0.0019394975388422608,0.001655855099670589,0.001278167823329568,0.0008702671620994806
0.0005000875098630786,0.00022085654200054705,5.660545502905734e-05,6.013240181346191e-07
2.6182669898844324e-05,0.00010079285129904747,0.00019634299678727984
0.0002948681067209691,0.0003886367194354534,0.0004748968640342355,0.0005491412593983114
0.0006011638324707747,0.0006161576602607965,0.0005809396388940513,0.0004918723716400564,0.00035992046468891203,0.00021116537391208112,8.202083699870855e-05,8.43122415972175e-06
1.1853723663080018e-05,8.931016782298684e-05,0.0002140946453437209,0.00034699076786637306
0.0004522564704529941,0.0005101892747916281,0.0005203364416956902,0.0004960844526067376
0.00045523460721597075,0.0004119139921385795,0.0003730983880814165
0.00033895933302119374,0.0003050863742828369,0.00026543394778855145,0.00021499315334949642
0.00015219469787552953,8.250474638771266e-05,2.2694106519338675e-05,3.022470025371149e-07
4.233977597323246e-05,0.0001571669999975711,0.0003248702560085803,0.0005060799303464592
0.0006612122524529696,0.0007647654274478555,0.028427116572856903,0.028198231011629105
0.027142994105815887,0.025407763198018074,0.023085087537765503,0.020230447873473167
0.01690894365310669,0.01322890818119049,0.009336107410490513
0.0053688036277890205,0.0014025429263710976,-0.0025635981000959873,-0.00654987059533596,-0.010495280846953392,-0.014184068888425827,-0.01726263202726841,-0.019342046231031418
-0.020115401595830917,-0.01943451538681984,-0.017339812591671944,-0.014038408175110817
-0.00983441062271595,-0.00505463033914566,-5.324371159076691e-06,0.00503007834777236
0.009758531115949154,0.013860369101166725,0.017037391662597656,0.019100965932011604
0.020034868270158768,0.020001575350761414,0.019311536103487015
0.018371891230344772,0.017595408484339714,0.01727941632270813,0.017519183456897736
0.01819474808871746,0.01901445910334587,0.019591856747865677,0.01953747496008873,0.018546761944890022,0.016473200172185898,0.013372580520808697,0.009497848339378834
0.005241058766841888,0.0010543754324316978,-0.0026219221763312817,-0.005434687249362469
-0.007189891766756773,-0.007881520316004753,-0.007665568962693214,-0.006800908129662275
-0.005570886190980673,-0.004202764015644789,-0.002821376547217369
-0.0014510236214846373,-5.0315167754888535e-05,0.0014429232105612755,0.0030834232456982136
0.004909896291792393,0.006936822086572647,0.009129617363214493,0.011354221031069756
0.013329632580280304,0.014638636261224747,0.014816628769040108,0.013497477397322655
0.010561494156718254,0.00620389636605978,0.0008904216811060905,-0.004753975663334131
-0.0100688012316823,-0.014470977708697319,-0.017548881471157074,-0.019123606383800507
-0.019242260605096817,-0.01809517666697502,-0.015928655862808228
-0.013028844259679317,-0.009760166518390179,-0.006578543223440647,-0.003963723313063383,-0.0022852374240756035,-0.0016821078024804592,-0.002034249249845743,-0.0030259331688284874
-0.0042511411011219025,-0.005321803968399763,-0.005953765474259853,-0.006012109573930502
-0.005507064517587423,-0.004544544033706188,-0.003262534271925688,-0.0017921891994774342
-0.00026069884188473225,0.0011717305751517415,0.0022912519052624702,0.0028745087329298258,0.0027679118793457747,0.001945779426023364,0.0005280522163957357
-0.0012484807521104813,-0.0030965774785727262,-0.004744959995150566,-0.005987866781651974,-0.006733057089149952
-0.00703213457018137,-0.007058776915073395,-0.007038292940706015,-0.007156875915825367
-0.007492145989090204,-0.008001000620424747,-0.00855676457285881,-0.008996757678687572
-0.009148470126092434,-0.0088370805606246,-0.007910240441560745,-0.006296967156231403
-0.0040670656599104404,-0.0014533293433487415,0.0011689208913594484,0.0033450424671173096
0.004647676832973957,0.004791689570993185,0.003704894334077835,0.001538766548037529
-0.001375100458972156,-0.004612626973539591,-0.007749514654278755,-0.010418637655675411
-0.012334191240370274,-0.013315160758793354,-0.013338726945221424,-0.012601649388670921,-0.011514229699969292,-0.010582786984741688,-0.010225668549537659,-0.010622936300933361,-0.011674974113702774,-0.013063940219581127,-0.014355191960930824,-0.015096358023583889
-0.014918058179318905,-0.013630140572786331,-0.011262987740337849,-0.00801570899784565,-0.004149815067648888
8.45734030008316e-05,0.0044437432661652565,0.00864260271191597,0.012341458350419998
0.015206342563033104,0.017009858042001724,0.01771385595202446,0.017487507313489914
0.016640936955809593,0.01550727616995573,0.014332924038171768,0.013212945312261581
0.012082802131772041,0.010762091726064682,0.009035217575728893,0.006738828495144844
0.0038125161081552505,0.0002961973659694195,-0.0036940178833901882,-0.007978263311088085,-0.012317120097577572,-0.01641593873500824,-0.019926536828279495
-0.02246013842523098,-0.02362884022295475,-0.02311447076499462,-0.020749134942889214
-0.01657763682305813,-0.010876424610614777,-0.004119032062590122,0.003111529629677534
0.010235953144729137,0.016769729554653168,0.02236834540963173,0.026834813877940178
0.030107984319329262,0.032250840216875076,0.033433228731155396,0.03388264775276184
0.03381223976612091,0.03335725516080856,0.03253045678138733,0.031216619536280632
0.029225215315818787,0.026375750079751015,0.022582100704312325
0.01791028305888176,0.012583425268530846,0.006936796009540558,0.001348217949271202
-0.0038281921297311783,-0.008297150954604149,-0.011824427172541618,-0.014241164550185204
-0.015485994517803192,-0.015661930665373802,-0.015035858377814293,-0.013962852768599987
-0.012785198166966438,-0.01174218486994505,-0.010905709117650986,-0.010154647752642632
-0.009204224683344364,-0.0077012209221720695,-0.005352046340703964,-0.0020314911380410194
0.0021648118272423744,0.00695412140339613,0.011964354664087296
0.016820743680000305,0.02118094079196453,0.024729862809181213,0.02716761827468872
0.02823087014257908,0.027753673493862152,0.02573290467262268,0.02236567810177803
0.01803833805024624,0.013251448050141335,0.0084913345053792,0.004093652591109276
0.00016074161976575851,-0.0034165261313319206,-0.006840480025857687,-0.01027004886418581
-0.013745971955358982,-0.01719672605395317,-0.020489003509283066,-0.023474738001823425
-0.02600659616291523,-0.027930963784456253,-0.02908925525844097
-0.029331965371966362,-0.02852378785610199,-0.02654004655778408,-0.02328249253332615
-0.01873129978775978,-0.013012643903493881,-0.006427496671676636,0.0005969544872641563,0.007604070007801056,0.014193704351782799,0.020062152296304703,0.024987131357192993
0.028792478144168854,0.03134283795952797,0.032564613968133926,0.03245830535888672
0.03108052909374237,0.028493953868746758,0.024720435962080956,0.01973896659910679
0.013528730720281601,0.006131978705525398,-0.002293294295668602
-0.0114464545622468,-0.020871397107839584,-0.02996891364455223,-0.038075678050518036,-0.044594794511795044,-0.04909895732998848,-0.05135580524802208,-0.05130048841238022,-0.04901927337050438,-0.04477797821164131,-0.039057061076164246,-0.03251895308494568
-0.025886686518788338,-0.019779931753873825,-0.01456892117857933,-0.010306079871952534,-0.006764557212591171,-0.003557375632226467,-0.0002917470410466194,0.003293408080935478
0.007253930903971195,0.011442924849689007,0.015578982420265675
0.019348610192537308,0.02248362824320793,0.024774210527539253,0.026034684851765633
0.02607634663581848,0.024731887504458427,0.021925676614046097,0.01773979887366295
0.01243295893073082,0.006403492763638496,0.0001036766916513443,-0.006065314169973135
-0.011829372495412827,-0.017059488222002983,-0.021724073216319084,-0.025797292590141296
-0.029182378202676773,-0.03169599547982216,-0.03311576694250107,-0.03325498476624489
-0.03201732784509659,-0.02941293455660343,-0.025546731427311897
-0.020596766844391823,-0.01478787511587143,-0.008358022198081017,-0.0015340745449066162
0.005458366125822067,0.012362772598862648,0.018879219889640808,0.02468961477279663
0.029507189989089966,0.03313044458627701,0.035478174686431885,0.03658943623304367
0.036591991782188416,0.035660382360219955,0.033981747925281525,0.03172842785716057
0.02903882972896099,0.026007341220974922,0.022665947675704956,0.018960408866405487
0.014758789911866188,0.009909076616168022,0.0043144216760993
-0.0020068283192813396,-0.008878490887582302,-0.015945686027407646,-0.022706247866153717
-0.028603699058294296,-0.03313198685646057,-0.03589003533124924,-0.036578185856342316
-0.03499775752425194,-0.031109390780329704,-0.025112539529800415,-0.017462553456425667
-0.008799239993095398,0.0001755785197019577,0.008821871131658554,0.016649778932332993
0.02336440421640873,0.02887864224612713,0.03327853977680206,0.03671816736459732
0.03927832096815109,0.040869586169719696,0.04124661535024643
0.04012639448046684,0.03732502833008766,0.03283552825450897,0.026828931644558907
0.019606217741966248,0.01154797151684761,0.0030846120789647102,-0.0053168535232543945
-0.013149659149348736,-0.0198639165610075,-0.024914484471082687,-0.027884166687726974
-0.028624946251511574,-0.027331186458468437,-0.024500343948602676,-0.020793531090021133,-0.016854051500558853,-0.013159757480025291,-0.009958159178495407,-0.007286373525857925
-0.0050424495711922646,-0.003061761613935232,-0.001169648952782154,0.000795051222667098,0.0029716896824538708,0.005466683767735958,0.008342545479536057,0.011611063964664936
0.01522308960556984,0.0190555602312088,0.02290382608771324,0.026489395648241043,0.029493950307369232,0.0316171795129776,0.032635413110256195,0.03242958337068558
0.030970493331551552,0.028292439877986908,0.02448832057416439,0.019718114286661148
0.01420648954808712,0.008211751468479633,0.0019797533750534058,-0.004278858192265034
-0.010383350774645805
-0.016170533373951912,-0.021483171731233597,-0.02615673467516899,-0.029997313395142555
-0.03276427090167999,-0.034201279282569885,-0.03412168473005295,-0.03248543292284012
-0.029405856505036354,-0.025093303993344307,-0.019805580377578735,-0.013860173523426056
-0.007676079869270325,-0.0017675897106528282,0.003337993286550045,0.007219856604933739
0.009656627662479877,0.010658245533704758,0.01045476645231247,0.009457238018512726
0.008165943436324596,0.007024144288152456,0.006275231949985027
0.005890908185392618,0.005611049477010965,0.005079106893390417,0.00398693373426795
0.002150036860257387,-0.0004976904019713402,-0.003949057310819626,-0.00814729742705822
-0.012957451865077019,-0.018122848123311996,-0.023263640701770782,-0.027916721999645233
-0.03159387782216072,-0.03387434408068657,-0.034522369503974915,-0.03355596587061882
-0.03120971843600273,-0.02781551145017147,-0.02369244024157524,-0.019107066094875336
-0.01427285373210907,-0.00935395248234272,-0.004477586597204208
0.00024614064022898674,0.0046933661215007305,0.008689778856933117,0.012006886303424835
0.014412705786526203,0.015745028853416443,0.015957925468683243,0.015116265043616295
0.013348836451768875,0.010809279978275299,0.007681378163397312,0.004197906702756882
0.0006371778436005116,-0.0027001043781638145,-0.005530904047191143,-0.007634392008185387
-0.008878792636096478,-0.00922970287501812,-0.008746832609176636,-0.007578528486192226
-0.005954135209321976,-0.004152387380599976,-0.00245077395811677
-0.001090614590793848,-0.0002615309786051512,-7.735053077340126e-05,-0.0005325825768522918
-0.0014645018381997943,-0.002564687980338931,-0.003467883914709091,-0.0038778921589255333
-0.003635559231042862,-0.0026872684247791767,-0.0010121206287294626,0.0014008150901645422
0.004489604849368334,0.008036968298256397,0.011667988263070583,0.014937693253159523
0.017439015209674835,0.01888653263449669,0.01917169615626335,0.018384531140327454
0.01678723469376564,0.014732670038938522,0.01254664920270443
0.010420885868370533,0.008371883071959019,0.00629343930631876,0.004074627533555031
0.0017037801444530487,-0.0007130969315767288,-0.0030130939558148384,-0.005044825375080109
-0.006689109839498997,-0.007841718383133411,-0.008399100974202156,-0.00825929269194603
-0.007329428568482399,-0.0055526988580822945,-0.0029686670750379562,0.00022678403183817863
0.0036841006949543953,0.0069854664616286755,0.00976753793656826,0.011817318387329578
0.013099869713187218,0.01371814962476492,0.013851598836481571
0.013705886900424957,0.013458344154059887,0.013201376423239708,0.012915336526930332,0.012488462962210178,0.011786709539592266,0.010736864060163498,0.009357316419482231,0.007733916863799095,0.005989916156977415,0.004264423623681068,0.0026916288770735264
0.0013841856271028519,0.000427786260843277,-0.00011251983232796192,-0.0001894850720418617
0.00021571034449152648,0.0010799741139635444,0.0023373349104076624,0.0038960298988968134
0.005658828653395176,0.0075305672362446785,0.009414678439497948
0.011205241084098816,0.012776955962181091,0.013980482704937458,0.014664812944829464
0.014732415787875652,0.01418454758822918,0.013105539605021477,0.011593753471970558
0.00969995278865099,0.0074219005182385445,0.004759928677231073,0.0017858496867120266
-0.0013480866327881813,-0.004475099500268698,-0.0074907336384058,-0.010371040552854538
-0.013125297613441944,-0.01573275774717331,-0.0181041918694973,-0.02007301151752472
-0.02140684984624386,-0.02184530533850193,-0.02118305116891861
-0.019379207864403725,-0.016622157767415047,-0.013290688395500183,-0.009831189177930355
-0.0066323839128017426,-0.00395194860175252,-0.001900702714920044,-0.00047094421461224556
0.00041685299947857857,0.000869256560690701,0.000995114678516984,0.0009147636010311544
0.0007844663923606277,0.0007966890698298812,0.00112627272028476,0.0018394752405583858
0.0028329892084002495,0.0038470218423753977,0.004545618314296007,0.004629666917026043
0.003925196826457977,0.0024130800738930702,0.00021334527991712093
-0.002464809687808156,-0.005395689979195595,-0.008400344289839268,-0.01137523539364338
-0.014275815337896347,-0.017066653817892075,-0.019670840352773666,-0.021940674632787704
-0.02366071566939354,-0.02458672784268856,-0.024506950750947,-0.023299863561987877
-0.020958906039595604,-0.017571035772562027,-0.013274900615215302,-0.00824936106801033
-0.002746766433119774,0.0028759301640093327,0.008178459480404854,0.012720226310193539
0.016161348670721054,0.01831413060426712,0.01913762465119362
0.018713921308517456,0.017208732664585114,0.014819584786891937,0.011750355362892151
0.008223476819694042,0.004497744143009186,0.0008536665700376034,-0.0024677952751517296,-0.005340403411537409,-0.00778212770819664,-0.009905816987156868,-0.011821236461400986
-0.013567527756094933,-0.015130151063203812,-0.016507286578416824,-0.01774418354034424
-0.018911676481366158,-0.02006557397544384,-0.02120763063430786,-0.022245269268751144
-0.022960975766181946,-0.02301640436053276,-0.02201189659535885,-0.019599607214331627
-0.015610069036483765,-0.010135244578123093,-0.003529452718794346,0.0036855414509773254
0.010972775518894196,0.017893193289637566,0.024119500070810318,0.029380470514297485
0.03340671956539154,0.035931531339883804,0.03674101456999779,0.035737939178943634
0.03299073502421379,0.028729159384965897,0.023276865482330322,0.016972551122307777
0.010128261521458626,0.003027241677045822,-0.0040541659109294415,-0.010812750086188316,-0.016895171254873276,-0.021910926327109337
-0.025483829900622368,-0.027328474447131157,-0.02733328565955162,-0.025615252554416656
-0.02250593900680542,-0.018466923385858536,-0.013981293886899948,-0.009467161260545254
-0.005226230248808861,-0.0014230543747544289,0.0019064585212618113,0.004823535680770874
0.007454247213900089,0.009972017258405685,0.012585921213030815,0.01550818607211113
0.018886655569076538,0.02273677848279476,0.02691924199461937,0.031163500621914864
0.03511728718876839,0.038409411907196045,0.04070928692817688
0.04176484793424606,0.0414077565073967,0.03953405097126961,0.03608861193060875
0.031080633401870728,0.024632632732391357,0.017026538029313087,0.008700260892510414
0.0001855958253145218,-0.007987930439412594,-0.015367591753602028,-0.021578587591648102
-0.026292379945516586,-0.029242483898997307,-0.03028688207268715,-0.029460223391652107
-0.026974275708198547,-0.023167280480265617,-0.018441783264279366,-0.013214748352766037
-0.007865801453590393,-0.0026826998218894005,0.002172402571886778
0.006650648079812527,0.010743048042058945,0.014383528381586075,0.01741146668791771
0.019624721258878708,0.020877588540315628,0.02116289921104908,0.020629245787858963
0.01952369697391987,0.01810302399098873,0.016556862741708755,0.014965315349400043,0.013304698280990124,0.011491534300148487,0.00943753682076931,0.007086676545441151
0.004401168320327997,0.001303382683545351,-0.002350826747715473,-0.006712006870657206,-0.011823269538581371,-0.01753240078687668,-0.023481789976358414
-0.02916117198765278,-0.03399006277322769,-0.03742101788520813,-0.03904440999031067
-0.03866272419691086,-0.03631631284952164,-0.0322534441947937,-0.026849983260035515
-0.020508037880063057,-0.013583533465862274,-0.006372775882482529,0.0008652284741401672
0.007886349223554134,0.014456101693212986,0.02036336064338684,0.025424402207136154
0.029459688812494278,0.0322733074426651,0.03366171568632126,0.03344576060771942
0.031507473438978195,0.02782176248729229,0.022484954446554184
0.015736211091279984,0.007957233116030693,-0.00036299601197242737,-0.008695770055055618
-0.016552869230508804,-0.02354670688509941,-0.02939431183040142,-0.03388661891222
-0.03690014034509659,-0.03845813497900963,-0.038760218769311905,-0.038125716149806976
-0.03686866909265518,-0.03517802804708481,-0.03308480978012085,-0.030522240325808525
-0.02741805464029312,-0.023764455690979958,-0.01963217370212078,-0.015136037021875381
-0.010398605838418007,-0.00553407147526741,-0.0006320904940366745
0.004264757502824068,0.009143323637545109,0.013941537588834763,0.018470298498868942
0.022401247173547745,0.02534179389476776,0.026964029297232628,0.027113718912005424
0.025846976786851883,0.0233770739287138,0.01995863765478134,0.01579388417303562
0.011019138619303703,0.005754481069743633,0.00016824714839458466,-0.005495465360581875
-0.01094889361411333,-0.015925616025924683,-0.020237457007169724,-0.023792389780282974
-0.02655668929219246,-0.028481321409344673,-0.02945045381784439
-0.02929418906569481,-0.02785675972700119,-0.025074681267142296,-0.021020499989390373
-0.015908561646938324,-0.010083993896842003,-0.003989657387137413,0.001906552817672491
0.007207942195236683,0.011678420938551426,0.015296644531190395,0.018233973532915115,0.02075149118900299,0.023083020001649857,0.025371946394443512,0.027664480730891228
0.029918452724814415,0.03199595957994461,0.033648110926151276,0.03453074395656586,0.03426865115761757,0.03254035860300064,0.029159462079405785
0.02414216846227646,0.01772962510585785,0.010349540039896965,0.002540809102356434
-0.0051332139410078526,-0.01215846836566925,-0.01810566894710064,-0.02262880653142929
-0.0254647396504879,-0.02647237479686737,-0.025693925097584724,-0.02336924709379673
-0.019862595945596695,-0.015538882464170456,-0.010668233036994934,-0.005413194186985493
0.00011522788554430008,0.005791316274553537,0.011431975290179253,0.016778206452727318
0.021508943289518356,0.025296993553638458,0.02788860909640789
0.029168084263801575,0.02917405031621456,0.02805478498339653,0.025984589010477066
0.023099685087800026,0.01950063742697239,0.015308316797018051,0.010729653760790825
0.006088310852646828,0.0017796382308006287,-0.0018456745892763138,-0.004606436938047409
-0.00654595484957099,-0.007883439771831036,-0.008898138999938965,-0.009811779484152794
-0.010723516345024109,-0.011621861718595028,-0.012446130625903606,-0.013135497458279133
-0.013633688911795616,-0.0138656971976161,-0.013713447377085686
-0.013010929338634014,-0.01156811323016882,-0.00921911932528019,-0.005883057601749897
-0.0016193953342735767,0.0033399350941181183,0.008593629114329815,0.013616885989904404
0.017854947596788406,0.020852265879511833,0.022366508841514587,0.022412331774830818,0.02122463285923004,0.01916538178920746,0.016620226204395294
0.0002413646870991215,0.00026914116460829973,0.0002882329863496125,0.0002908540773205459
0.0002728823747020215,0.0002352642477490008,0.00018364896823186427,0.00012675744073931128,7.390794053208083e-05,3.2710438972571865e-05,7.728994205535855e-06,5.814159820261011e-09,7.450109023920959e-06,2.5896028091665357e-05,5.031436376157217e-05,7.596051000291482e-05
9.907521598506719e-05,0.00011644859478110448,0.00012411794159561396,0.0001171182666439563
9.247946582036093e-05
5.4388099670177326e-05,1.6774698451627046e-05,2.4296662459732943e-09,2.2385313059203327e-05,9.039894212037325e-05,0.00019260718545410782,0.0003010201617144048,0.0003811430942732841,0.0004065564717166126,0.00036983517929911613,0.0002846203278750181,0.0001791113754734397,8.471246837871149e-05,2.381689046160318e-05,1.031923488881148e-06,3.397311047592666e-06,1.1212638128199615e-05,1.1887266737176105e-05,5.734287697123364e-06,4.5467280074262817e-07,1.251215735464939e-06,5.8029913816426415e-06,7.64926244301023e-06
3.979720531788189e-06,2.5720410690155404e-08,6.06519506618497e-06,3.0059572964091785e-05,7.222509157145396e-05,0.00012461170263122767,0.00017391887377016246,0.00020532011694740504,0.0002071903581963852,0.00017685734201222658,0.00012390983465593308,6.651342118857428e-05,2.2326275939121842e-05,1.3637749134431942e-06,5.225829681876348e-06,3.031969208677765e-05,7.101567462086678e-05,0.00012113960838178173,0.0001742312015267089,0.00022309967607725412,0.0002592181845102459,0.00027360543026588857,0.00025980101781897247
0.00021718352218158543,0.00015295254706870764,8.189067739294842e-05,2.3853719540056773e-05
5.700784844187012e-10,2.8275002478039823e-05,0.00011758117761928588,0.0002621113962959498
0.0004406375519465655,0.0006221973453648388,0.0007740621804259717,0.0008691853145137429,0.0008928533643484116,0.0008461604011245072,0.0007436346495524049,0.0006074520060792565
0.0004618471721187234,0.0003283483092673123,0.0002215640270151198,0.00014632190868724138,9.851349022937939e-05,6.952138210181147e-05,5.0577142246766016e-05
3.506540087983012e-05,1.9766173863899894e-05,6.0388642850739416e-06,1.2627149104105229e-08
9.951001629815437e-06,4.1173283534590155e-05,9.133933781413361e-05,0.00014877659850753844
0.00019543089729268104,0.0002141579461749643,0.0001966751297004521,0.00014774507144466043
8.41504952404648e-05,2.872910954465624e-05,1.2179453960925457e-06,9.954856977856252e-06
4.9170641432283446e-05,0.0001038564441842027,0.00015862374857533723,0.00020467417198233306
0.00024145228962879628,0.00027349984156899154,0.00030566295026801527
0.0003391620412003249,0.0003692112513817847,0.00038496346678584814,0.0003736799699254334,0.00032852592994458973,0.00025431360700167716,0.00016631362086627632,8.39101558085531e-05
2.454313107591588e-05,2.6298550892533967e-07,1.5092698959051631e-05,6.263609975576401e-05
0.00012646603863686323,0.00018563683261163533,0.0002234171552117914,0.0002334073360543698
0.00021973256662022322,0.00019264750881120563,0.00016272020002361387,0.00013683867291547358
0.00011737626482499763,0.00010353991092415527,9.312947804573923e-05
8.363914821529761e-05,7.279795681824908e-05,5.89966875850223e-05,4.189053288428113e-05
2.3219530703499913e-05,7.2759835347824264e-06,3.1282759493933554e-08,6.709135504934238e-06
2.9199563869042322e-05,6.479868170572445e-05,0.0001065340475179255,0.00014493349590338767
0.0001707126066321507,0.00017742755881045014,0.01277104765176773,0.011418134905397892
0.009281677193939686,0.006422556936740875,0.0029815169982612133,-0.0008071740157902241
-0.004668695852160454,-0.008380332961678505,-0.011835819110274315
-0.015036672353744507,-0.018016111105680466,-0.020760290324687958,-0.023181837052106857,-0.025136636570096016,-0.026452379301190376,-0.02695588953793049,-0.026507118716835976
-0.02504100278019905,-0.02259123884141445,-0.019279683008790016,-0.015282662585377693
-0.010797053575515747,-0.0060397181659936905,-0.0012851795181632042,0.003108338452875614
0.006736901123076677,0.009256305173039436,0.010496744886040688,0.01051023043692112
0.009537125006318092,0.007937136106193066,0.006106511224061251
0.004373213741928339,0.0029011983424425125,0.001660910900682211,0.0004747975617647171,-0.0008892643381841481,-0.002616284415125847,-0.004787617828696966,-0.007382639218121767
-0.010309804230928421,-0.013436799868941307,-0.016592878848314285,-0.019552722573280334
-0.022039733827114105,-0.023760713636875153,-0.024468766525387764,-0.024036850780248642,-0.022494306787848473,-0.020003264769911766,-0.01679835468530655,-0.013126211240887642,-0.009207372553646564,-0.005217421799898148,-0.0012869881466031075
0.0024816161021590233,0.005997451953589916,0.009166660718619823,0.011893868446350098,0.014104166999459267,0.015750685706734657,0.01680944859981537,0.01728549599647522
0.017212066799402237,0.016643304377794266,0.015656623989343643,0.01435505598783493
0.01287182979285717,0.011367715895175934,0.009992508217692375,0.00882734265178442
0.007860507816076279,0.0070249722339212894,0.0062676542438566685,0.005589901003986597
0.005033482797443867,0.0046317256055772305,0.004358593840152025
0.004114428069442511,0.0037700512912124395,0.00322939595207572,0.0024635414592921734
0.001527799991890788,0.0005704286741092801,-0.00018994719721376896,-0.0005205206107348204
-0.00023974268697202206,0.000735724694095552,0.0023787040263414383,0.004574158228933811
0.007159756496548653,0.009952502325177193,0.01274749543517828,0.01530502550303936
0.017352569848299026,0.01862640306353569,0.018942978233098984,0.018251996487379074
0.016647454351186752,0.014350036159157753,0.011665189638733864
0.00891278125345707,0.006338750012218952,0.004042991437017918,0.001970937941223383,-1.9413186237215996e-05
-0.0020403251983225346,-0.0040616244077682495,-0.005901436787098646,-0.00734414579346776
-0.008262239396572113,-0.008637647144496441,-0.008502669632434845,-0.007877293042838573
-0.006760795600712299,-0.005169994663447142,-0.003168234135955572,-0.0008599758148193359
0.0016227720770984888,0.004124617204070091,0.006472757086157799,0.008499875664710999
0.01009032316505909,0.01121625304222107,0.01191819179803133,0.012248275801539421
0.012231028638780117,0.011870128102600574,0.011179388500750065,0.010186845436692238
0.008912716992199421,0.007371176965534687,0.0055982633493840694,0.0036642644554376602
0.0016592452302575111,-0.0003299310337752104,-0.002231758553534746,-0.003977743908762932
-0.005480444058775902,-0.006647569593042135,-0.00744280032813549,-0.007923079654574394
-0.008193667978048325,-0.00832136906683445,-0.008284087292850018,-0.00799768976867199
-0.00739259272813797
-0.00646709930151701,-0.005285907071083784,-0.003950969316065311,-0.0025768810883164406
-0.0012755906209349632,-0.000135897658765316,0.0007981962407939136,0.0015296511119231582
0.0020834202878177166,0.002465196419507265,0.002634695265442133,0.0025207819417119026
0.0020729759708046913,0.0013062029611319304,0.00029445404652506113,-0.0008703338098712265
-0.0021130184177309275,-0.003395439125597477,-0.004715878516435623,-0.006083209998905659
-0.007477961014956236,-0.00881316140294075,-0.009921547956764698
-0.01059737242758274,-0.010683447122573853,-0.010162347927689552,-0.009198341518640518
-0.008089376613497734,-0.0071516744792461395,-0.006614704616367817,-0.006575094070285559
-0.0070028300397098064,-0.007790850009769201,-0.008824259042739868,-0.010007080622017384
-0.011233679950237274,-0.012362729758024216,-0.013235580176115036,-0.013725670985877514
-0.013766416348516941,-0.01333705522119999,-0.01244355458766222,-0.011120290495455265
-0.00944193173199892,-0.0075162798166275024,-0.0054543172009289265
-0.003362006042152643,-0.0013688360340893269,0.00034685898572206497,0.001570466673001647
0.0021028160117566586,0.0018167418893426657,0.0006857617991045117,-0.0012169682886451483
-0.003733518533408642,-0.0066251493990421295,-0.009571264497935772,-0.012200376018881798
-0.01415228471159935,-0.015138103626668453,-0.01497588399797678,-0.013596391305327415
-0.011043000034987926,-0.007488898932933807,-0.003241581842303276,0.0013108025304973125
0.005802510306239128,0.009973039850592613,0.013664641417562962
0.01675424538552761,0.019099483266472816,0.020542841404676437,0.020956385880708694,0.02028844505548477,0.018589669838547707,0.016009390354156494,0.012772834859788418,0.009170206263661385,0.005536895245313644,0.002182710450142622,-0.0006804820150136948
-0.002946046181023121,-0.004571208730340004,-0.0055387248285114765,-0.005860674660652876
-0.005620498675853014,-0.004996841307729483,-0.004231086000800133,-0.0035645528696477413
-0.0031798973213881254,-0.0031526528764516115,-0.0034263990819454193
-0.003830189583823085,-0.004125358536839485,-0.0040625473484396935,-0.003451362019404769
-0.002226655837148428,-0.00046241842210292816,0.0016868109814822674,0.004072450567036867
0.006593477912247181,0.009162073954939842,0.011649023741483688,0.013873598538339138
0.015636086463928223,0.016771601513028145,0.017189672216773033,0.016869574785232544
0.01583969034254551,0.014165275730192661,0.011944071389734745,0.00931122712790966
0.006437331438064575,0.00351623073220253,0.0007627797313034534
-0.0015874289674684405,-0.0033072384539991617,-0.004236557520925999,-0.004329517483711243
-0.003649143734946847,-0.0023166153114289045,-0.00047585577704012394,0.0016902787610888481,0.0039479732513427734,0.006060713902115822,0.007853942923247814,0.00923522375524044,0.010181516408920288,0.010728961788117886,0.010974877513945103,0.011076780967414379
0.01121041551232338,0.011486398987472057,0.011896952986717224,0.012339934706687927
0.012696431018412113,0.012905815616250038,0.01298228558152914
0.01296989805996418,0.012885100208222866,0.012687639333307743,0.01229164469987154
0.011597096920013428,0.010509093292057514,0.008947942405939102,0.006876268424093723
0.0043294113129377365,0.0014092149212956429,-0.0017551216296851635,-0.005039433017373085
-0.008325323462486267,-0.011471927165985107,-0.014291072264313698,-0.01656048372387886
-0.018072500824928284,-0.018688220530748367,-0.018371105194091797,-0.017194483429193497
-0.015324880369007587,-0.012983541004359722,-0.010388809256255627
-0.0076895821839571,-0.004930458031594753,-0.002081128768622875,0.0008829506114125252
0.003890798194333911,0.006741940043866634,0.00916352216154337,0.010917730629444122,0.011882003396749496,0.012048018164932728,0.011462176218628883,0.01017385721206665
0.008215878158807755,0.005615946836769581,0.002430679276585579,-0.0012333053164184093,-0.005227428860962391,-0.009377051144838333,-0.013493836857378483,-0.017398085445165634,-0.020948443561792374,-0.02404060959815979,-0.02657114528119564
-0.028415076434612274,-0.029440974816679955,-0.029551396146416664,-0.028721606358885765,-0.027006639167666435,-0.024525955319404602,-0.02145494893193245,-0.018018990755081177
-0.01446639746427536,-0.011010809801518917,-0.007774743251502514,-0.0047861989587545395
-0.002027981448918581,0.0005090499762445688,0.0028098449110984802,0.004861667286604643
0.006679527927190065,0.008279843255877495,0.009617762640118599,0.01056025642901659
0.010940033942461014,0.010647960007190704,0.009685331955552101
0.008151763118803501,0.006197668612003326,0.003985195886343718,0.0016719382256269455
-0.0006082633044570684,-0.0027665430679917336,-0.004759043920785189,-0.006566816940903664
-0.008165054954588413,-0.009508850052952766,-0.010559812188148499,-0.011316191405057907
-0.011804106645286083,-0.012043066322803497,-0.012011785991489887,-0.01163195539265871
-0.010785982012748718,-0.00936795026063919,-0.00734186265617609,-0.00477374205365777
-0.00182642275467515,0.001274279784411192,0.0042897434905171394,0.007018404081463814
0.009337469935417175,0.011229341849684715,0.01275705173611641,0.013979596085846424
0.014876078814268112,0.015346857719123363,0.015285272151231766,0.014658527448773384
0.013537884689867496,0.012058707885444164,0.01033497042953968,0.008393233641982079
0.006186523474752903,0.003671745304018259,0.000870799645781517,-0.0021266930270940065
-0.005184650421142578,-0.008137826807796955,-0.010815435089170933,-0.013066992163658142,-0.01477618608623743,-0.01585620641708374
-0.016228720545768738,-0.015812546014785767,-0.01454112771898508,-0.012395906262099743,-0.009430649690330029,-0.005770139396190643,-0.0015946519561111927,0.002872046083211899,0.007378394715487957,0.011672764085233212,0.015539245679974556,0.01883517950773239,0.021504204720258713,0.023542407900094986,0.024953482672572136,0.02574220299720764
0.02593987062573433,0.025615377351641655,0.02483644336462021,0.023603329434990883,0.0218303594738245,0.019415535032749176,0.016341298818588257
0.012719307094812393,0.00876032467931509,0.004715359769761562,0.000834241509437561
-0.0026459491346031427,-0.005510813556611538,-0.007605834864079952,-0.008875161409378052
-0.00935828685760498,-0.009144341573119164,-0.008325111120939255,-0.006991342641413212
-0.005267603788524866,-0.0033257799223065376,-0.0013405834324657917,0.0005773119628429413
0.002413671463727951,0.00422599958255887,0.006078873760998249,0.007983819581568241
0.009878470562398434,0.011635728180408478,0.013083417899906635
0.014038525521755219,0.014359548687934875,0.014006617479026318,0.013075809925794601,0.011761374771595001,0.010257263667881489,0.008671700023114681,0.007014734670519829,0.005264617968350649,0.003457016311585903,0.0017093080095946789,0.00014953664503991604,-0.0011713310377672315,-0.002297329716384411,-0.0033328712452203035,-0.004403720609843731,-0.0056189121678471565,-0.007037436123937368,-0.008648138493299484,-0.010367284528911114,-0.012062730267643929,-0.013592577539384365,-0.01483169011771679
-0.015673968940973282,-0.016013672575354576,-0.01573861762881279,-0.014763889834284782
-0.013081226497888565,-0.010779847390949726,-0.008021608926355839,-0.004998359829187393
-0.001913389191031456,0.0010128465946763754,0.003553704358637333,0.005527775269001722
0.006847892422229052,0.007513822056353092,0.007567217107862234,0.0070658354088664055
0.006094455253332853,0.004777517169713974,0.0032470272853970528,0.0015724776312708855
-0.0002801702357828617,-0.0024185460060834885,-0.004941931925714016
-0.007855445146560669,-0.011032041162252426,-0.014236900955438614,-0.01718692108988762,-0.01961182802915573,-0.021295249462127686,-0.022094259038567543,-0.021947495639324188
-0.020876940339803696,-0.018977653235197067,-0.0163876935839653,-0.013261882588267326,-0.009788389317691326,-0.006225306540727615,-0.0028866371139883995,-5.566515028476715e-05,0.0021114961709827185,0.003615935333073139,0.004570154473185539,0.005114087834954262,0.005342687480151653,0.005285585764795542,0.004926521796733141
0.004225571174174547,0.0031420032028108835,0.001669356832280755,-0.00012717745266854763
-0.0020970413461327553,-0.004045328125357628,-0.005823853425681591,-0.007397079840302467
-0.008816538378596306,-0.01013350673019886,-0.01133007649332285,-0.012312805280089378
-0.012960441410541534,-0.013193947263062,-0.013024494051933289,-0.012542962096631527
-0.011864416301250458,-0.011072920635342598,-0.010197332128882408,-0.009221263229846954
-0.008107724599540234,-0.006818097550421953,-0.005324674304574728
-0.0036198031157255173,-0.0017135478556156158,0.00037742755375802517,0.0026337241288274527
0.005021778866648674,0.007469759322702885,0.009849824011325836,0.011984819546341896,0.013672618195414543,0.014717784710228443,0.0149709926918149,0.014376753009855747
0.013011923059821129,0.0110850241035223,0.008889506570994854,0.0067379651591181755
0.004917701240628958,0.003669985104352236,0.0031557620968669653,0.0034111947752535343,0.004330639261752367,0.005686608608812094,0.0071805319748818874
0.00850907526910305,0.009424399584531784,0.009785478003323078,0.009592495858669281
0.008975335396826267,0.008133983239531517,0.00727466493844986,0.006568923592567444
0.006123177241533995,0.00596978235989809,0.006100919097661972,0.006508450955152512
0.0071773952804505825,0.008043058216571808,0.00897357240319252,0.009812958538532257
0.010449562221765518,0.010859047994017601,0.01109867263585329,0.011256715282797813
0.01139353308826685,0.011498481966555119,0.01145778689533472
0.011058695614337921,0.010056273080408573,0.00828141625970602,0.005748815834522247
0.002687790896743536,-0.0005449368618428707,-0.003580463584512472,-0.006109804380685091
-0.007932347245514393,-0.008966044522821903,-0.009196295402944088,-0.008610308170318604
-0.00718274200335145,-0.00492864241823554,-0.0019753226079046726,0.0014211984816938639
0.004930528812110424,0.008211123757064342,0.010950932279229164,0.01290334202349186
0.013918879441916943,0.013960804790258408,0.013088866136968136
0.011423000134527683,0.009128955192863941,0.006428077816963196,0.003594375681132078
0.0009101442992687225,-0.0014002852840349078,-0.0032044847030192614,-0.004459443502128124,-0.0052116792649030685,-0.005598028190433979,-0.005816861055791378
-0.00605970062315464,-0.006434534676373005,-0.0069439709186553955,-0.00751799950376153
-0.008047533221542835,-0.008411698043346405,-0.008495442569255829,-0.008193792775273323
-0.007431551814079285,-0.006196711678057909,-0.004576227627694607,-0.002773428335785866
-0.0010600874666124582,0.00031744351144880056,0.0012243114179000258,0.0016798852011561394
0.0018253461457788944,0.0018518260912969708,0.0019402391044422984,0.0022131181322038174
0.002711193636059761,0.003390881232917309,0.004122736863791943,0.004711986519396305
0.004946699365973473,0.004646047484129667,0.0036828801967203617,0.0019882405176758766
-0.0004181666299700737,-0.00338562810793519,-0.0066347792744636536,-0.009803114458918571
-0.012514198198914528,-0.01446323562413454,-0.01549170259386301
-0.015624281018972397,-0.015055511146783829,-0.014086526818573475,-0.013027346692979336
-0.012093576602637768,-0.011349078267812729,-0.010727783665060997,-0.01011095754802227
-0.009409263730049133,-0.008595745079219341,-0.00767672061920166,-0.006652671378105879
-0.005510839633643627,-0.004246401600539684,-0.0028923358768224716,-0.001535153714939952
-0.00031467853114008904,0.0005942616262473166,0.0010307354386895895,0.00090307358186692
0.00021823740098625422,-0.0009246228728443384,-0.0023797969333827496
-0.004006562754511833,-0.005681294482201338,-0.00729011557996273,-0.008734963834285736
-0.009936944581568241,-0.010839344933629036,-0.011425942182540894,-0.011731989681720734
-0.011837884783744812,-0.011854985728859901,-0.011899949051439762,-0.012056032195687294
-0.012329231947660446,-0.01262142788618803,-0.012744458392262459,-0.012468529865145683
-0.01157667487859726,-0.009906375780701637,-0.007371530868113041,-0.0039691743440926075
0.00020590657368302345,0.00493131298571825,0.009849438443779945
0.014513205736875534,0.01847163215279579,0.02136516198515892,0.02299514412879944
0.023343363776803017,0.02255639247596264,0.020903119817376137,0.018699433654546738
0.016229726374149323,0.013695050030946732,0.011197599582374096,0.008765499107539654
0.0063895490020513535,0.0040450068190693855,0.0017004129476845264,-0.0006735986098647118
-0.003083278425037861,-0.0054881758987903595,-0.0077849747613072395,-0.00979987159371376
-0.011297094635665417,-0.012015007436275482,-0.011746777221560478
-0.010436016134917736,-0.00821874849498272,-0.005395677872002125,-0.002351835835725069
0.000557387713342905,0.0031071878038346767,0.0052407835610210896,0.007026324514299631
0.008573704399168491,0.009978383779525757,0.01131602842360735,0.012662313878536224
0.014094354584813118,0.01565653271973133,0.017316054552793503,0.018934957683086395
0.020272117108106613,0.021019475534558296,0.02086718939244747,0.019588463008403778
0.01711936667561531,0.01359416451305151,0.009312829002737999
0.004663767293095589,5.8395322412252426e-05,-0.004092156421393156,-0.007395259104669094
-0.009534519165754318,-0.010343622416257858,-0.009844141080975533,-0.008229871280491352,-0.005816685035824776,-0.0029865182004868984,-0.00013581756502389908,0.0023792865686118603
0.004299798980355263,0.005509689450263977,0.0060585374012589455,0.0061396281234920025
0.00601613987237215,0.0059357900172472,0.006085612345486879,0.006592186633497477,0.007525254040956497,0.008876489475369453
0.010531710460782051,0.01226743496954441,0.013792657293379307,0.01483115740120411
0.015200775116682053,0.01485148724168539,0.013861250132322311,0.012396412901580334
0.010647002607584,0.00876384787261486,0.006817818619310856,0.004787697456777096
0.002586408518254757,0.00012041418813169003,-0.002655690535902977,-0.005725489463657141
-0.009030155837535858,-0.01247626356780529,-0.015908753499388695,-0.01908329501748085
-0.02167521044611931,-0.02332037314772606,-0.02368002012372017
-0.022519629448652267,-0.01977458782494068,-0.015595940873026848,-0.01036921888589859
-0.004670106805860996,0.0008543049916625023,0.005638887640088797,0.009321990422904491
0.011776227504014969,0.013045193627476692,0.013246353715658188,0.012510525062680244
0.010983129031956196,0.008850186131894588,0.006341890431940556,0.0037021664902567863
0.0011268001981079578,-0.0012994571588933468,-0.0036201216280460358,-0.0059715392999351025
-0.008509738370776176,-0.011330164968967438,-0.014424378052353859
-0.01768498122692108,-0.020940762013196945,-0.023993458598852158,-0.02663644589483738,-0.02867019921541214,-0.029929693788290024,-0.030312445014715195,-0.02979412116110325
-0.028422761708498,-0.026293568313121796,-0.023530326783657074,-0.02029416151344776
-0.016798365861177444,-0.01327461376786232,-0.009886147454380989,-0.006669255904853344
-0.003558551426976919,-0.00046434253454208374,0.002658909186720848,0.005790078546851873
0.00885428860783577,0.01173694059252739,0.014280185103416443
0.01626668870449066,0.017426837235689163,0.017502058297395706,0.016331303864717484
0.01390342228114605,0.01036649290472269,0.006022964604198933,0.0013210354372859001
-0.0031948916148394346,-0.006995014846324921,-0.009686890989542007,-0.011088517494499683
-0.011232973076403141,-0.010319889523088932,-0.008640307933092117,-0.00651521235704422
-0.004275266546756029,-0.002242435235530138,-0.0006780251860618591,0.0002723777433857322
0.000613129697740078,0.000492734950967133,0.00015106165665201843
-0.00013520917855203152,-9.550579852657393e-05,0.00047526368871331215,0.001644187606871128
0.003295225091278553,0.005165690556168556,0.006962514482438564,0.00848321057856083
0.009677021764218807,0.010618268512189388,0.011406823992729187,0.012078632600605488,0.012593774124979973,0.012880275957286358,0.012875993736088276
2.7975038392469287e-05,2.4276921976706944e-05,2.1199244656600058e-05,2.003234658332076e-05,2.1116804418852553e-05,2.432743895042222e-05,2.9345039365580305e-05,3.573389403754845e-05,4.3013234972022474e-05,5.0624814321054146e-05,5.7770725106820464e-05,6.339539686450735e-05
6.656895129708573e-05,6.705592386424541e-05,6.551216938532889e-05,6.315951031865552e-05
6.117650627857074e-05,6.007984484313056e-05,5.942115967627615e-05,5.7863217080011964e-05
5.3551473683910444e-05,4.4928736315341666e-05
3.191150608472526e-05,1.6796017007436603e-05,4.23910933022853e-06,1.6089477128389262e-07
1.006488673738204e-05,3.7474495911737904e-05,8.268555393442512e-05,0.00014160815044306219
0.00020509219029918313,0.0002600603620521724,0.0002929831971414387,0.0002945490414276719,0.00026347668608650565,0.00020726591174025089,0.00013927566760685295,7.432525308104232e-05
2.5379611543030478e-05,1.5481041373277549e-06,6.4600158111716155e-06,3.685790579766035e-05,8.25808456283994e-05,0.00012946287461090833,0.00016442341438960284
0.00017991311324294657,0.00017555084195919335,0.0001562177640153095,0.00012820989650208503
9.667130507295951e-05,6.532602128572762e-05,3.727139483089559e-05,1.5544928828603588e-05
2.806362772389548e-06,3.4128802894883847e-07,7.417900633299723e-06,2.1832414859090932e-05
4.1174083889927715e-05,6.371673953253776e-05,8.850976155372337e-05,0.00011497870582388714
0.00014239383745007217,0.00016952511214185506,0.00019491702551022172,0.00021758560615126044
0.0002372874296270311,0.0002540699206292629,0.00026754537248052657
0.00027628944371826947,0.00027753578615374863,0.0002675076830200851,0.00024289244902320206
0.0002032944466918707,0.00015296449419111013,0.00010001439659390599,5.3530831792159006e-05
2.0372979633975774e-05,3.2331395232176874e-06,3.892227198321052e-07,6.452691650338238e-06
1.4035028470971156e-05,1.663126386119984e-05,1.195338336401619e-05,3.754469162231544e-06
8.399543816040023e-08,8.695814358361531e-06,3.300309617770836e-05,7.066512625897303e-05
0.00011474826897028834,0.00015662756050005555,0.00018894135428126901
0.00020702890469692647,0.00020907649013679475,0.0001961251546163112,0.00017189839854836464
0.00014167236804496497,0.00011064195132348686,8.279299072455615e-05,6.035446494934149e-05
4.369899397715926e-05,3.185881723766215e-05,2.3358705220744014e-05,1.6844227502588183e-05
1.139223331847461e-05,6.60430168863968e-06,2.627236426633317e-06,2.1827655416473135e-07
9.069414090845385e-07,7.251235729199834e-06,2.2758680643164553e-05,5.0804217607947066e-05
9.256098564947024e-05,0.00014500963152386248,0.0002006843569688499
0.0002498472749721259,0.0002836594358086586,0.00029642158187925816,0.0002862422843463719
0.0002544319140724838,0.00020463534747250378,0.00014308160461951047,7.975458720466122e-05,2.814939580275677e-05,1.6740360706535284e-06,7.87033059168607e-06,4.4395204895408824e-05
9.968590165954083e-05,0.00015721553063485771,0.00020044641860295087,0.0002172964159399271
0.00020358407346066087,0.00016385734488721937,0.00010937408660538495,5.491947376867756e-05
1.507223987573525e-05,2.067520554760449e-08,1.2318545486778021e-05
4.623262429959141e-05,9.073508408619091e-05,0.00013506341201718897,0.00017302745254710317
0.0002034645585808903,0.00022786065528634936,0.0002477480738889426,0.0002635992714203894
0.000275126367341727,0.00028196134371683,0.000283961184322834,0.0002809060679282993
0.0002719182230066508,0.01598319038748741,0.015173083171248436,0.01399848610162735
0.012404155917465687,0.010346854105591774,0.00781848095357418,0.00486676674336195
0.0015942258760333061,-0.0018618039321154356,-0.005343006923794746
-0.008655651472508907,-0.011548072099685669,-0.013732382096350193,-0.014956389553844929
-0.015066470950841904,-0.0140244010835886,-0.011901840567588806,-0.008873934857547283
-0.00519319623708725,-0.0011401907540857792,0.0030138869769871235,0.007022922858595848
0.010675912722945213,0.013798890635371208,0.016252420842647552,0.01794496178627014
0.01885591819882393,0.019044140353798866,0.01863100752234459,0.017750713974237442
0.016488803550601006,0.014867310412228107,0.012889389880001545
0.010591601952910423,0.008067457936704159,0.0054672276601195335,0.002980484627187252
0.000798836350440979,-0.0009308784501627088,-0.002144702710211277,-0.002873340155929327
-0.0032119019888341427,-0.00326887471601367,-0.0031416441779583693,-0.002922789892181754
-0.0027041619177907705,-0.0025670782197266817,-0.002574433106929064,-0.002767738653346896
-0.003146386006847024,-0.003634108230471611,-0.0040787747129797935,-0.004299070220440626
-0.004142968915402889,-0.003530283225700259,-0.0024687363766133785
-0.001038135727867484,0.0006401900900527835,0.002426647348329425,0.004183490760624409
0.005791074130684137,0.007143386639654636,0.008126061409711838,0.008600162342190742
0.008413787931203842,0.007446445990353823,0.005659386981278658,0.0031112320721149445
-6.898259744048119e-05,-0.0037199053913354874,-0.007666527759283781,-0.011718964204192162
-0.015675285831093788,-0.0193367637693882,-0.02252228558063507,-0.025082282721996307
-0.026911165565252304,-0.027944166213274002,-0.028151260688900948
-0.027550101280212402,-0.02621316909790039,-0.02424178086221218,-0.021737881004810333
-0.018803277984261513,-0.015555372461676598,-0.012146811932325363,-0.008769862353801727
-0.005631233565509319,-0.002919684164226055,-0.0007839864119887352,0.0006932435790076852
0.0015284238616004586,0.0018433344084769487,0.0018284026300534606,0.0016906362725421786
0.0016141691012308002,0.001738421618938446,0.00213831989094615,0.002795885782688856
0.0035835853777825832,0.004278064705431461
0.0046020266599953175,0.004290167707949877,0.0031608156859874725,0.0011641541495919228,-0.0015990706160664558
-0.004886722657829523,-0.00835967343300581,-0.011649145744740963,-0.014421384781599045
-0.01642387919127941,-0.01749608665704727,-0.017549313604831696,-0.016551679000258446
-0.01453219074755907,-0.011598095297813416,-0.007955167442560196,-0.0038973456248641014
0.0002476610243320465,0.0041833375580608845,0.007689087651669979,0.01063463557511568
0.012956852093338966,0.014611544087529182,0.015540841966867447,0.015681197866797447
0.014997515827417374,0.013518184423446655,0.011359928175807,0.008733567781746387
0.0059187887236475945,0.003208738286048174,0.0008450918830931187,-0.001017512520775199
-0.0022969648707658052,-0.0029474725015461445,-0.0029412643052637577,-0.0022851594258099794,-0.0010581249371170998,0.0005740161286666989,0.002380519872531295,0.004094448871910572,0.005444889888167381,0.00620314572006464,0.006228586193174124,0.005500899627804756,0.00413021445274353
0.002336977981030941,0.00040711183100938797,-0.0013590713497251272,-0.002678473712876439
-0.0032935431227087975,-0.0029925901908427477,-0.0016601949464529753,0.0006734365597367287
0.003816446755081415,0.007438672706484795,0.011130722239613533,0.014479747042059898
0.017127862200140953,0.018808208405971527,0.01937657594680786,0.018827686086297035
0.01727575808763504,0.014912295155227184,0.011973729357123375,0.008734624832868576
0.005499493330717087,0.0025558634661138058,0.00010606134310364723
-0.0017643846804276109,-0.0030569243244826794,-0.0038068625144660473,-0.004053219687193632
-0.0038306242786347866,-0.0031665510032325983,-0.0020824309904128313,-0.0006031538359820843
0.001222524093464017,0.003302153432741761,0.0054971007630229,0.007646436803042889
0.009609213098883629,0.011288190260529518,0.012616043910384178,0.01353467721492052
0.013994833454489708,0.013973958790302277,0.01349902618676424,0.01265961118042469
0.011602957732975483,0.01051054336130619,0.009555438533425331
0.008841486647725105,0.008351949974894524,0.007946126163005829,0.007402955088764429
0.006489535793662071,0.00503741018474102,0.0029950570315122604,0.0004294556565582752
-0.0025096097961068153,-0.005624064709991217,-0.008683647960424423,-0.011435120366513729
-0.013617286458611488,-0.014990176074206829,-0.015380038879811764,-0.014726697467267513
-0.013111538253724575,-0.010752004571259022,-0.007969392463564873,-0.005135709419846535
-0.002598654478788376,-0.0006134468130767345,0.0006846257019788027
0.0012709146831184626,0.0012037773849442601,0.0005946023156866431,-0.0004094830946996808,-0.0016359160654246807,-0.002908275928348303,-0.004075037315487862,-0.005028341896831989
-0.00571290822699666,-0.0061341505497694016,-0.006362908519804478,-0.00652245944365859
-0.006746066268533468,-0.007115382235497236,-0.007618965581059456,-0.008169477805495262
-0.008664721623063087,-0.009029457345604897,-0.009207965806126595,-0.009142188355326653
-0.008776247501373291,-0.008091991767287254,-0.007151967845857143
-0.006114565301686525,-0.00519607262685895,-0.004592514596879482,-0.004414718132466078
-0.004670538008213043,-0.005268827546387911,-0.006023731082677841,-0.006681093946099281
-0.006983616854995489,-0.006754853297024965,-0.005957360379397869,-0.004687614273279905
-0.003116872161626816,-0.001426703529432416,0.0002258741296827793,0.001707195769995451
0.002883845241740346,0.0036153215914964676,0.0037805652245879173,0.003317972645163536
0.0022586346603929996,0.000732464948669076,-0.001065831515006721
-0.0029300828464329243,-0.004694616887718439,-0.0062791733071208,-0.007698704954236746
-0.009021352976560593,-0.010311651043593884,-0.011589990928769112,-0.012812198139727116
-0.013881095685064793,-0.014679058454930782,-0.015087321400642395,-0.01498753484338522
-0.014265238307416439,-0.012828177772462368,-0.01063459925353527,-0.007720693945884705
-0.0042227888479828835,-0.0003803260624408722,0.003492287825793028,0.007053514011204243
0.009987033903598785,0.012051469646394253,0.013121502473950386
0.013205189257860184,0.01242552325129509,0.010983890853822231,0.009121972136199474
0.007078409194946289,0.005056227557361126,0.0032126004807651043,0.0016474658623337746
0.00038503226824104786,-0.0006340502295643091,-0.0015377658419311047,-0.002480205846950412
-0.0035885623656213284,-0.004917941056191921,-0.0064152805134654045,-0.007906290702521801
-0.009125939570367336,-0.009791703894734383,-0.009686563163995743,-0.0086993258446455
-0.006804996635764837,-0.004037046805024147,-0.0005113892257213593
0.0035261199809610844,0.00770936394110322,0.011626282706856728,0.014903431758284569
0.017271725460886955,0.018608467653393745,0.018950706347823143,0.018473342061042786,0.017436418682336807,0.01612120494246483,0.0147677818313241,0.013525214977562428
0.01243303157389164,0.011446204967796803,0.010492244735360146,0.009516259655356407
0.008486395701766014,0.007383412681519985,0.006201596464961767,0.004968291614204645,0.003768481779843569,0.0027437754906713963,0.002067031105980277
0.0019124073442071676,0.0024045284371823072,0.00354232219979167,0.00515219010412693
0.006917890161275864,0.008469147607684135,0.009480700828135014,0.009755479171872139
0.009280758909881115,0.008228219114243984,0.006884044036269188,0.005559299606829882
0.004539473447948694,0.004067667759954929,0.004323476925492287,0.0053844088688492775
0.0071845874190330505,0.009501298889517784,0.011987322941422462,0.014230268076062202
0.01581493206322193,0.016386087983846664,0.015713050961494446
0.013740847818553448,0.010602088645100594,0.006581693887710571,0.0020542191341519356,-0.002582506975159049,-0.006964618340134621,-0.010799533687531948,-0.01388278417289257
-0.0161095280200243,-0.017477452754974365,-0.01806354895234108,-0.017993133515119553,-0.017422541975975037,-0.01651059463620186,-0.015372946858406067,-0.014054205268621445
-0.012532642111182213,-0.01075664721429348,-0.008695406839251518,-0.006364574655890465
-0.0038173124194145203,-0.0011276458390057087,0.0016105452086776495,0.004272200167179108
0.006694059818983078,0.00868249125778675,0.010047395713627338,0.010658950544893742
0.010497947223484516,0.00967136025428772,0.0083822812885046,0.006871805526316166
0.005360654089599848,0.003994777332991362,0.0028007826767861843,0.0016737792175263166
0.0004108813591301441,-0.0012132030678912997,-0.003360300324857235,-0.006079793907701969
-0.00930306501686573,-0.012854408472776413,-0.016471944749355316,-0.019839201122522354,-0.022615250200033188,-0.024466639384627342
-0.02511223405599594,-0.02437911182641983,-0.02226274646818638,-0.018969234079122543
-0.014902139082551003,-0.010581244714558125,-0.00652353186160326,-0.0031353598460555077
-0.0006583891808986664,0.0008238367736339569,0.0013624037383124232,0.0011270616669207811
0.0003694387851282954,-0.0006335625657811761,-0.001624113181605935,-0.0023952126502990723
-0.002819240093231201,-0.0028723496943712234,-0.0026452846359461546,-0.00232091941870749
-0.002118729753419757,-0.0022270800545811653,-0.002747961087152362
-0.003678487613797188,-0.004927498288452625,-0.0063446988351643085,-0.007753165904432535
-0.008985921740531921,-0.009919548407196999,-0.010490496642887592,-0.010690215043723583
-0.010553905740380287,-0.010151347145438194,-0.009577197022736073,-0.00893584918230772
-0.008311980403959751,-0.007738306187093258,-0.0071816337294876575,-0.006544792093336582
-0.0056794313713908195,-0.0044172401539981365,-0.002621937543153763,-0.00024584843777120113
0.0026406152173876762,0.005865996237844229,0.009203962981700897
0.012414359487593174,0.015259871259331703,0.017503008246421814,0.01891285926103592
0.019310884177684784,0.018633216619491577,0.016952993348240852,0.014458952471613884
0.01142496895045042,0.008170979097485542,0.005008738487958908,0.0021824506111443043
-0.0001796223223209381,-0.002069781767204404,-0.0035541923716664314,-0.004713797941803932
-0.005604219622910023,-0.0062398724257946014,-0.006599566899240017,-0.0066480995155870914
-0.006354634650051594,-0.005684200674295425,-0.004577441606670618
-0.002956673502922058,-0.000762550625950098,0.002001160057261586,0.005229092203080654
0.00868899468332529,0.012035198509693146,0.014884033240377903,0.016923420131206512
0.018003422766923904,0.018170934170484543,0.01763143204152584,0.016659751534461975
0.015517795458436012,0.01441387739032507,0.013488443568348885,0.01279923040419817
0.012304763309657574,0.011868486180901527,0.01129571720957756,0.010383674874901772
0.008961159735918045,0.006925161927938461,0.004284829832613468
0.0011883159168064594,-0.0020927158184349537,-0.005212899297475815,-0.00782510731369257
-0.00965943280607462,-0.010571210645139217,-0.010536737740039825,-0.00962023064494133
-0.007949747145175934,-0.005714301485568285,-0.00315443379804492,-0.0005201953463256359
0.0019811377860605717,0.0042050303891301155,0.006050890777260065,0.007442173082381487
0.008343004621565342,0.008800648152828217,0.008954324759542942,0.008967505767941475
0.008930349722504616,0.008825195021927357,0.008577005006372929
0.008130943402647972,0.007491548079997301,0.006702934857457876,0.005806973669677973
0.004821309819817543,0.003751186653971672,0.0026272586546838284,0.001532581401988864
0.0005882785189896822,-9.062443859875202e-05,-0.00043966120574623346,-0.00046884198673069477,-0.0002625216729938984,3.282865509390831e-05,0.00022648912272416055,0.00012398701801430434,-0.0004016807652078569,-0.0013504370581358671,-0.002594891469925642,-0.003928076941519976,-0.005116617307066917,-0.005939085967838764,-0.0062124719843268394
-0.005814822390675545,-0.004704860970377922,-0.002930348739027977,-0.0006265458650887012
0.001982214394956827,0.00458059087395668,0.0067848460748791695,0.008214069530367851
0.008596077561378479,0.007845979183912277,0.006072262302041054,0.0035225432366132736
0.000505330041050911,-0.0026754913851618767,-0.005757183767855167,-0.008540954440832138
-0.010910522192716599,-0.0128317940980196,-0.014334287494421005,-0.015493711456656456
-0.016414422541856766,-0.01720382273197174,-0.01794474944472313
-0.018668748438358307,-0.019338440150022507,-0.019856058061122894,-0.020092185586690903
-0.019918883219361305,-0.019246907904744148,-0.018056901171803474,-0.01641276851296425
-0.01446040254086256,-0.012396657839417458,-0.010402997024357319,-0.008587140589952469
-0.006967590190470219,-0.005498859565705061,-0.004120112396776676,-0.0027905143797397614
-0.0014893212355673313,-0.00020564417354762554,0.0010551221203058958,0.0022490904666483402
0.0032699615694582462,0.0039497967809438705,0.004102280363440514
0.0035863376688212156,0.0023580791894346476,0.000493205850943923,-0.0018335962668061256,-0.0043954020366072655,-0.006945131812244654,-0.009230312891304493,-0.011014236137270927
-0.012097951024770737,-0.012333416379988194,-0.011641466058790684,-0.010038337670266628
-0.007656676694750786,-0.004742899909615517,-0.0016198307275772095,0.0013743860181421041
0.00395066337659955,0.00592100340873003,0.007221058942377567,0.007895153015851974,0.008057240396738052,0.00784713588654995,0.007395363878458738
0.006805505137890577,0.006159679498523474,0.005543232429772615,0.005055607762187719
0.004777802620083094,0.004721829202026129,0.004809685051441193,0.004900773987174034,0.004856451880186796,0.004609073046594858,0.004195944406092167
0.003736926941201091,0.0033691979479044676,0.003186081536114216,0.0032187867909669876
0.003448877017945051,0.003819098463281989,0.004237332846969366,0.004589732736349106
0.004773040302097797,0.004733221605420113,0.004482182674109936,0.00408461969345808
0.003635781817138195,0.0032470545265823603,0.003038342110812664,0.0031269730534404516
0.003609676379710436,0.004540504887700081,0.0058981021866202354,0.007554181851446629
0.00928574986755848,0.010836317203938961,0.01197937410324812,0.012557209469377995
0.012499081902205944,0.011817952618002892,0.010589775629341602,0.008934488520026207
0.0070068081840872765,0.004988154396414757,0.0030701998621225357,0.0014196517877280712,0.000138911884278059,-0.0007402136106975377,-0.0012372502824291587
-0.0014087129384279251,-0.0013336800038814545,-0.0010901250643655658,-0.0007303154561668634
-0.00026723468909040093,0.00031612819293513894,0.0010370408417657018,0.0018906978657469153
0.0028572678565979004,0.0039228335954248905,0.005088403820991516,0.006354231387376785
0.007682470139116049,0.00897624995559454,0.010103393346071243,0.01093503087759018
0.0113754877820611,0.011390992440283298,0.011030669324100018,0.010421797633171082
0.009727975353598595,0.009085604920983315,0.008560243062675
0.008140775375068188,0.007756161503493786,0.0073012313805520535,0.006663581822067499
0.005745450966060162,0.0044797733426094055,0.002834747079759836,0.0008084441069513559
-0.0015607826644554734,-0.004157720133662224,-0.006766399368643761,-0.0090973861515522
-0.010856528766453266,-0.011820938438177109,-0.011892695911228657,-0.011114731431007385
-0.009650594554841518,-0.007736724801361561,-0.005624266341328621,-0.003538589458912611
-0.0016651386395096779,-0.0001413957215845585,0.0009519292507320642
0.0015854198718443513,0.0017647496424615383,0.001523912651464343,0.0009266637498512864
6.1238300986588e-05,-0.000979940639808774,-0.0021322534885257483,-0.0033777467906475067
-0.004732195287942886,-0.006212648004293442,-0.007807867601513863,-0.009460775181651115
-0.011058568023145199,-0.012444416992366314,-0.013467085547745228,-0.014034057967364788
-0.014122230932116508,-0.013760247267782688,-0.013023151084780693,-0.012036021798849106
-0.010964197106659412,-0.009987042285501957,-0.009258674457669258
-0.00887282844632864,-0.008844440802931786,-0.009094719775021076,-0.009445896372199059
-0.009654615074396133,-0.009486306458711624,-0.00879933126270771,-0.007593237794935703
-0.0059874290600419044,-0.004149180371314287,-0.002229804638773203,-0.0003403488080948591
0.0014369547134265304,0.0030180788598954678,0.004301812499761581,0.005183952860534191
0.005579277407377958,0.005440961103886366,0.00478029903024435,0.003674648702144623
0.0022513174917548895,0.0006551169790327549,-0.000991343054920435
-0.0026227408088743687,-0.004233650863170624,-0.005845487117767334,-0.007461823523044586
-0.009031160734593868,-0.01044137217104435,-0.011554654687643051,-0.012257690541446209
-0.012495970353484154,-0.012271275743842125,-0.011609893292188644,-0.010533042252063751
-0.009051318280398846,-0.007184951566159725,-0.004991327878087759,-0.0025796713307499886
-0.00010534049943089485,0.002258461667224765,0.004361211322247982,0.006109559442847967
0.007478039711713791,0.008486267179250717,0.009167765267193317
0.009563345462083817,0.009725168347358704,0.009706098586320877,0.009541288018226624
0.009233939461410046,0.00875187013298273,0.008037950843572617,0.007021757774055004
0.00563372578471899,0.0038366802036762238,0.0016564233228564262,-0.0008111952338367701
-0.0034022508189082146,-0.005888563115149736,-0.008010630495846272,-0.009544000960886478
-0.010356674902141094,-0.01042143628001213,-0.009785303846001625,-0.008531525731086731
-0.006766796577721834,-0.0046234759502112865,-0.002253109123557806
0.00019163032993674278,0.002584205474704504,0.004852352198213339,0.006991132162511349
0.00905105285346508,0.01110249012708664,0.0131898894906044,0.015291345305740833
0.017300184816122055,0.019042138010263443,0.020320095121860504,0.020963095128536224
0.02085835300385952,0.019964167848229408,0.018319400027394295,0.016045628115534782
0.013322950340807438,0.010356045328080654,0.007359492592513561,0.004561144858598709
0.0022081914357841015,0.000539734959602356,-0.00029218278359621763
-0.0002915009099524468,0.000382467289455235,0.0014710809336975217,0.002695247530937195
0.003836297895759344,0.004788901656866074,0.00555645115673542,0.006192413158714771
0.006732461508363485,0.007170382421463728,0.0074846562929451466,0.0076780472882092
0.007800169754773378,0.007934438064694405,0.00814819522202015,0.008451271802186966
0.008798526600003242,0.009117791429162025,0.00933847576379776,0.009409971535205841,0.00930772814899683,0.00903560034930706,0.008626202121376991
0.008126650005578995,0.007562938146293163,0.006905405316501856,0.006066689733415842
0.004930949304252863,0.0033899066038429737,0.0013687529135495424,-0.0011603445746004581
-0.004167299717664719,-0.0075548430904746056,-0.011161078698933125,-0.014769979752600193
-0.018124718219041824,-0.020945008844137192,-0.022947970777750015,-0.023885002359747887,-0.023602616041898727,-0.022095948457717896,-0.019510775804519653,-0.016097700223326683
-0.012163511477410793,-0.008043401874601841,-0.004081941209733486
-0.0006005894392728806,0.0021574164275079966,0.004080945625901222,0.005211163777858019
0.005720579996705055,0.005858188960701227,0.005876939743757248,0.0059587107971310616
0.0061509557999670506,0.006352729629725218,0.0063668848015367985,0.005977191496640444,0.005012620240449905,0.003389672376215458
9.130442776950076e-05,7.180772809078917e-05,5.718881948268972e-05,4.754266410600394e-05,4.175748472334817e-05,3.793506766669452e-05,3.362993084010668e-05,2.660357677086722e-05,1.6349356883438304e-05,5.515561042557238e-06,6.438152233556593e-09,6.86070961819496e-06,3.0037053875275888e-05,6.673974712612107e-05,0.00010766204650280997,0.00014103527064435184,0.00015724699187558144,0.00015162446652539074,0.00012563391646835953,8.700526086613536e-05
4.745779006043449e-05,1.7687129002297297e-05
2.623643467813963e-06,3.2745754197094357e-07,4.7364992497023195e-06,9.776372280612122e-06,1.2121538020437583e-05,1.1526587513799313e-05,9.403755029779859e-06,7.213193839561427e-06,5.715876795875374e-06,4.982905011274852e-06,4.654825261241058e-06,4.158021965849912e-06
2.9700311188207706e-06,1.1422928309912095e-06,8.103192561392802e-10,2.602187123557087e-06
1.3287989531818312e-05,3.5792269045487046e-05,7.040766649879515e-05,0.0001120536180678755
0.00015118082228582352,0.00017743244825396687,0.0001839351753005758
0.00016993407916743308,0.0001403981150360778,0.00010341656161472201,6.72859387123026e-05
3.8126752770040184e-05,1.8499613361200318e-05,7.567307875433471e-06,2.6112015802937094e-06,8.173698802238505e-07,2.999173887019424e-07,1.718335198575005e-07,1.0928811633448277e-07,1.58931303673171e-08,9.510138454515982e-08,9.584473446011543e-07,3.1580732411384815e-06,6.291145382419927e-06,8.698371857462917e-06,8.463519407087006e-06,5.118583430885337e-06,8.780382358963834e-07,1.207488253385236e-06,1.4439701772062108e-05
4.894204539596103e-05,0.00010809819650603458,0.00018634629668667912,0.0002693366550374776
0.00033860126859508455,0.0003787380119320005,0.00038376101292669773,0.0003587811079341918
0.0003160667547490448,0.00026895481278188527,0.00022713473299518228,0.0001946593984030187
0.00017074351490009576,0.00015194846491795033,0.00013418961316347122,0.0001141988905146718
9.052142559085041e-05,6.396030221367255e-05,3.750066753127612e-05,1.5591978808515705e-05
2.5431154426769353e-06,5.853290190316329e-07,8.567425538785756e-06
2.1930602088104934e-05,3.434943573665805e-05,4.0582894143881276e-05,3.8938775105634704e-05
3.160897904308513e-05,2.2599686417379417e-05,1.5143722521315794e-05,1.0603456757962704e-05
8.95841822057264e-06,9.815470548346639e-06,1.2806514860130847e-05,1.695070750429295e-05
1.9942859580623917e-05,1.8946961063193157e-05,1.292532488150755e-05,4.559566150419414e-06
2.204789684157049e-09,6.106503406044794e-06,2.611302988952957e-05,5.602042801911011e-05
8.461579272989184e-05,9.867415792541578e-05,9.072900138562545e-05
6.391279021045193e-05,3.042471143999137e-05,5.535508989851223e-06,1.424854985998536e-06,2.3248139768838882e-05,6.822736031608656e-05,0.00012732735194731504,0.00018836185336112976
0.0002400527591817081,0.0002758190385065973,0.000295058183837682,0.00030170954414643347
0.000301749532809481,0.00030058479751460254,0.00030092179076746106,0.0003017472627107054,0.0002986343752127141,0.0002855109632946551,0.0002577177947387099,0.00021502657909877598
0.00016258747200481594,0.0001088741046260111,6.20470818830654e-05
2.741983007581439e-05,7.034688223939156e-06,7.186503125922172e-08,3.0734713618585374e-06
1.0512555491004605e-05,1.6505115127074532e-05,1.7197575289173983e-05,1.2391495147312526e-05
5.303239049680997e-06,4.798110921910848e-07,1.1641150194918737e-06,7.841660590202082e-06
1.87005425686948e-05,-0.0055975657887756824,-0.0066664451733231544,-0.007646782323718071
-0.008651293814182281,-0.009717724286019802,-0.01079307496547699,-0.011775195598602295
-0.012554725632071495,-0.013025134801864624,-0.01307958085089922
-0.012612857855856419,-0.011534917168319225,-0.00980462972074747,-0.0074690403416752815
-0.004678370431065559,-0.0016744551248848438,0.001238655997440219,0.003750195261090994
0.005624330136924982,0.00677060941234231,0.007257114630192518,0.007268252316862345
0.007046170067042112,0.006834844592958689,0.006829577963799238,0.0071417056024074554
0.007782292552292347,0.008659880608320236,0.009592011570930481,0.010335750877857208,0.010634545236825943,0.010272731073200703,0.009126804769039154
0.007193855009973049,0.004592387471348047,0.0015421751886606216,-0.0016813167603686452,-0.004802928306162357,-0.007584539707750082,-0.009841005317866802,-0.011450974270701408,-0.012364544905722141,-0.012601650319993496,-0.01224435493350029,-0.011423392221331596,-0.010295202024281025,-0.00900991540402174,-0.007666571997106075,-0.006274595856666565
-0.004758289083838463,-0.003001926466822624,-0.0009068578947335482,0.0015592871932312846
0.004336646758019924,0.007278451696038246,0.01018440816551447
0.012847233563661575,0.015090099535882473,0.016781745478510857,0.017833136022090912
0.018189355731010437,0.017834248021245003,0.016814664006233215,0.0152563052251935
0.013340714387595654,0.011267315596342087,0.009231419302523136,0.0073981378227472305
0.0058605726808309555,0.004611653741449118,0.003552741836756468,0.002539566019549966
0.0014484352432191372,0.0002330271527171135,-0.0010473676957190037,-0.0022305171005427837,-0.003092039143666625,-0.003416734281927347,-0.0030510106589645147
-0.001913487445563078,-1.18231400847435e-06,0.002596226055175066,0.005701301619410515,0.009070171043276787,0.012408706359565258,0.015392998233437538,0.017713289707899094,0.01913292333483696,0.019537637010216713,0.01895669847726822,0.01754748821258545
0.015548860654234886,0.013223753310739994,0.010813525877892971,0.008510874584317207,0.0064408909529447556,0.004646967630833387,0.0030958056449890137,0.0017025070264935493,0.0003603540826588869,-0.0010290831560268998,-0.0025251531042158604
-0.004124226979911327,-0.00574922002851963,-0.007254472933709621,-0.008451886475086212
-0.009161257185041904,-0.009267875924706459,-0.008756954222917557,-0.007707518525421619
-0.006261839065700769,-0.004596590064466,-0.0028991629369556904,-0.0013472284190356731,-9.2638423666358e-05,0.0007579154334962368,0.001164790941402316,0.0011724195210263133
0.0009195819147862494,0.0006225472316145897,0.0005104598239995539,0.0007412651902996004
0.001340249553322792,0.0021821088157594204,0.0030360359232872725,0.003659875364974141
0.0038801473565399647,0.0036166682839393616,0.0028667550068348646,0.001682003028690815
0.00015092757530510426,-0.0016174750635400414,-0.003507012967020273,-0.0053997039794921875
-0.007180027198046446,-0.008746814914047718,-0.010031553916633129,-0.01100953295826912
-0.011703407391905785,-0.012190359644591808,-0.012593594379723072,-0.013034445233643055
-0.01356894988566637,-0.014150901697576046,-0.014642645604908466,-0.0148688405752182,-0.014676930382847786,-0.013967555947601795
-0.012696907855570316,-0.010877522639930248,-0.008588680066168308,-0.005982964299619198
-0.003280497156083584,-0.0007509649731218815,0.0013247436145320535,0.0027093077078461647
0.003257762873545289,0.0029484110418707132,0.0018959315493702888,0.00033317902125418186
-0.0014518724055960774,-0.003189113922417164,-0.0046649533323943615,-0.005740921013057232,-0.006372277624905109,-0.006610735319554806,-0.006583510898053646,-0.0064576053991913795
-0.006399194244295359,-0.0065413303673267365,-0.0069634332321584225
-0.007672103587538004,-0.008584433235228062,-0.009531714953482151,-0.010292598977684975
-0.010649506002664566,-0.010452467016875744,-0.009659402072429657,-0.008330199867486954
-0.006591021548956633,-0.004599777981638908,-0.0025243135169148445,-0.0005304277874529362
0.0012277326313778758,0.002620781073346734,0.0035589023027569056,0.004008693620562553
0.004008114337921143,0.003661900758743286,0.0031127086840569973,0.002498336136341095
0.0019021723419427872,0.001320727402344346,0.0006770166801288724
-0.00012428208719938993,-0.0011262090411037207,-0.0022736003156751394,-0.0034248298034071922
-0.004403490107506514,-0.00504588196054101,-0.00522266561165452,-0.004840165842324495
-0.0038438807241618633,-0.002239725785329938,-0.00011325045488774776,0.002382575999945402,0.005060116294771433,0.007716845255345106,0.010136283002793789,0.012094970792531967
0.013400032185018063,0.013950033113360405,0.013781724497675896,0.013069218955934048
0.012069668620824814,0.011044515296816826,0.010206399485468864
0.00970993097871542,0.009649135172367096,0.010038278996944427,0.01080398540943861,0.011801982298493385,0.01284482516348362,0.013734321109950542,0.014282756485044956
0.014321381226181984,0.013727696612477303,0.012473976239562035,0.01065512839704752
0.00846757274121046,0.006151645444333553,0.0039259521290659904,0.0019472972489893436
0.0003139371983706951,-0.0009131223196163774,-0.0016949069686233997,-0.002016282407566905
-0.0019091160502284765,-0.0014598228735849261,-0.0007796797435730696
3.150419797748327e-05,0.0009092796826735139,0.001832555397413671,0.002813782775774598
0.0038823774084448814,0.005060638766735792,0.006325867958366871,0.0075836749747395515
0.008682827465236187,0.009466258808970451,0.009826291352510452,0.009729031473398209,0.009195726364850998,0.00827390793710947,0.007034847512841225,0.005580741912126541,0.004034727346152067,0.002521667629480362,0.0011465640272945166,-2.6569468900561333e-05,-0.000984831596724689,-0.0017728620441630483,-0.002499287948012352
-0.003315091598778963,-0.004348139278590679,-0.005626434460282326,-0.0070398831740021706
-0.008366560563445091,-0.009345628321170807,-0.00974779762327671,-0.009417682886123657
-0.00829758308827877,-0.00643721641972661,-0.003983396105468273,-0.001149902120232582
0.0018196746241301298,0.004680691286921501,0.007205102127045393,0.00919463112950325
0.010491801425814629,0.010989263653755188,0.010648250579833984,0.009526325389742851
0.007782253436744213,0.005635353736579418,0.003302345983684063
0.0009479401633143425,-0.001330522121861577,-0.0034839631989598274,-0.005482219625264406
-0.007295034360140562,-0.00888129509985447,-0.010187490843236446,-0.011160505004227161
-0.01176877785474062,-0.012016029097139835,-0.01193276047706604,-0.011555766686797142
-0.01091893669217825,-0.010057969950139523,-0.0090215764939785,-0.007885546423494816
-0.006758554372936487,-0.0057598198764026165,-0.004977630451321602,-0.004453918430954218
-0.00419998774304986,-0.00420512817800045,-0.004425511695444584
-0.004767846316099167,-0.005095114931464195,-0.005270328372716904,-0.005208577960729599
-0.004895438440144062,-0.00437239371240139,-0.003719164989888668,-0.003045722609385848
-0.002485247328877449,-0.0021748722065240145,-0.0022224625572562218,-0.0026775626465678215
-0.0035220133140683174,-0.004679275676608086,-0.006039322819560766,-0.007491317577660084
-0.008946062065660954,-0.01033850945532322,-0.011616993695497513,-0.012728630565106869
-0.013614161871373653,-0.014229594729840755,-0.014577660709619522
-0.014706977643072605,-0.014675724320113659,-0.014505391009151936,-0.01415175199508667,-0.013515307568013668,-0.012477077543735504,-0.010935856960713863,-0.008844318799674511,-0.006234538741409779,-0.0032213949598371983,1.6387086361646652e-05,0.0032725848723202944,0.006350177805870771,0.009078513830900192,0.011312748305499554,0.012934137135744095
0.013856875710189342,0.014037035405635834,0.013486608862876892,0.012285159900784492
0.010577324777841568,0.00855883676558733,0.006443924270570278
0.004409499000757933,0.002546105068176985,0.000851981109008193,-0.0007223752327263355,-0.0022085823584347963,-0.0035833348520100117,-0.004779588431119919
-0.005713546648621559,-0.006298397667706013,-0.006455544847995043,-0.006129061337560415
-0.005291162524372339,-0.003943279385566711,-0.0021158126182854176,0.00013861129991710186,0.0027455410454422235,0.005598968826234341,0.008554045110940933,0.011429442092776299
0.01402951218187809,0.01618010178208351,0.01775015890598297,0.01865309476852417
0.018843360245227814,0.018319472670555115,0.017135851085186005,0.015406940132379532
0.01329024787992239,0.010958909057080746,0.00857190228998661,0.006248614750802517
0.0040610963478684425,0.0020469138398766518,0.00023010233417153358,-0.0013621710240840912
-0.0026864632964134216,-0.003682090900838375,-0.0042931800708174706,-0.004494168795645237
-0.0042926352471113205,-0.0037074675783514977,-0.0027533306274563074,-0.0014562245924025774,0.00012479349970817566,0.0018879814306274056,0.0036806517746299505
0.005304401740431786,0.00655394047498703,0.0072833942249417305,0.007472881581634283
0.0072560980916023254,0.006884061265736818,0.006650712341070175,0.006826389580965042
0.007601132616400719,0.009027134627103806,0.010990889742970467,0.013241423293948174
0.015457128174602985,0.017317140474915504,0.018550889566540718,0.018957126885652542
0.018407192081212997,0.0168527252972126,0.014341871254146099,0.01103236898779869
0.007182297296822071,0.00311219971626997,-0.0008452138863503933
-0.004393061622977257,-0.007311724126338959,-0.009487182833254337,-0.010915134102106094
-0.011675636284053326,-0.01188411470502615,-0.011639773845672607,-0.011002665385603905
-0.010005135089159012,-0.00867368746548891,-0.007045411504805088,-0.0051765767857432365
-0.0031470214016735554,-0.0010614055208861828,0.0009624367812648416,0.0028098642360419035
0.004370559006929398,0.005539621226489544,0.006238309200853109,0.006434010807424784
0.0061425259336829185,0.005424921400845051
0.0043803672306239605,0.003125521820038557,0.0017692535184323788,0.00039298483170568943
-0.0009629447013139725,-0.0022957937326282263,-0.003618026152253151,-0.004946260713040829
-0.006314001977443695,-0.007779889274388552,-0.009410814382135868,-0.011247584596276283
-0.013268556445837021,-0.015364163555204868,-0.017341621220111847,-0.018968969583511353,-0.02003321796655655,-0.020382260903716087,-0.01994330622255802,-0.018726853653788567
-0.016828177496790886,-0.014421614818274975,-0.011736206710338593
-0.009016742929816246,-0.006485920399427414,-0.0043326434679329395,-0.0027282023802399635
-0.0018195430748164654,-0.0016696264501661062,-0.00219286628998816,-0.0031533860601484776
-0.004243906587362289,-0.005192544776946306,-0.0058234380558133125,-0.006058516446501017
-0.005904057528823614,-0.0054455590434372425,-0.004831753205507994,-0.004232138395309448,-0.0037862539757043123,-0.003575637238100171,-0.003628455102443695,-0.003939386457204819,-0.004485324025154114,-0.005224823951721191,-0.006076060235500336
-0.006903212051838636,-0.007550854701548815,-0.007906358689069748,-0.00793483853340149
-0.007665898650884628,-0.007153978105634451,-0.006444219034165144,-0.005556405056267977
-0.004475811030715704,-0.0031467918306589127,-0.0014902697876095772,0.0005502563435584307
0.002964290324598551,0.005653521977365017,0.008438280783593655,0.011089839972555637,0.013378278352320194,0.015113229863345623,0.016157545149326324,0.016419267281889915
0.015846986323595047,0.014448649249970913,0.012320160865783691
0.009649267420172691,0.006689608097076416,0.003715120255947113,0.0009616347961127758
-0.0014103429857641459,-0.003308315295726061,-0.0046893334947526455,-0.0055628325790166855
-0.006003742106258869,-0.006148777902126312,-0.006161675788462162,-0.006184333004057407
-0.006297879386693239,-0.006498567294329405,-0.006700099445879459,-0.006766322534531355
-0.0065486435778439045,-0.005914092995226383,-0.004770247265696526,-0.0030890917405486107
-0.0009242813102900982,0.001592549029737711,0.004287092946469784
0.006988761946558952,0.00954607967287302,0.011804894544184208,0.013595135882496834
0.01476224698126316,0.015223496593534946,0.015002567321062088,0.014219640754163265
0.01304989866912365,0.011678344570100307,0.010264619253575802,0.008918670006096363
0.007690915837883949,0.0065742670558393,0.00551775423809886,0.004460076801478863
0.003379587084054947,0.0023374988231807947,0.0014741551131010056,0.000945140840485692
0.0008475456852465868,0.0011930328328162432,0.001931334612891078
0.002985181752592325,0.0042659817263484,0.005675863940268755,0.007105275522917509
0.008429473266005516,0.009515896439552307,0.010247141122817993,0.010557789355516434
0.010471727699041367,0.01010566484183073,0.009627250023186207,0.009196015074849129,0.008916664868593216,0.008822161704301834,0.00888472143560648,0.009030846878886223
0.009151821956038475,0.009116042405366898,0.008781766518950462,0.008018969558179379,0.006747255101799965,0.004967710468918085,0.0027665221132338047
0.00029934290796518326,-0.0022254162468016148,-0.004566423129290342,-0.006484611891210079
-0.007790247909724712,-0.008382285013794899,-0.008263053372502327,-0.007525434251874685
-0.006322488188743591,-0.004835226573050022,-0.003253278322517872,-0.0017610397189855576
-0.0005050117615610361,0.0004431336419656873,0.0010886752279475331,0.0014876702334731817
0.001723630353808403,0.001891216728836298,0.002073029987514019,0.00230238726362586
0.002532301703467965,0.002647990360856056,0.002522632945328951
0.0020705419592559338,0.001264000777155161,0.00011431309394538403,-0.0013589481823146343
-0.0031319442205131054,-0.005145033355802298,-0.007277360185980797,-0.00935840979218483,-0.011203227564692497,-0.012651294469833374,-0.013596827164292336
-0.014005006290972233,-0.013922245241701603,-0.01347874104976654,-0.012865177355706692,-0.012277007102966309,-0.011845497414469719,-0.011597929522395134,-0.011475478298962116,-0.011384347453713417,-0.011236421763896942,-0.010965151712298393,-0.010522540658712387
-0.009869540110230446,-0.008982621133327484,-0.007882656529545784,-0.006652051117271185
-0.005413987208157778,-0.0042986623011529446,-0.003420836292207241,-0.002857229672372341
-0.002618251135572791,-0.0026312172412872314,-0.0027562296018004417,-0.002836719388142228,-0.002755960216745734,-0.0024685466196388006,-0.002003217814490199,-0.0014506448060274124
-0.0009448236087337136,-0.0006407152395695448,-0.0006893877289257944,-0.0012079738080501556,-0.002245573094114661,-0.00376022607088089,-0.005622214637696743
-0.007636664435267448,-0.009564880281686783,-0.011141601949930191,-0.012109224684536457
-0.012273148633539677,-0.011547250673174858,-0.009972103871405125,-0.00770928431302309
-0.005003653466701508,-0.002124842256307602,0.0006772915367037058,0.003191879717633128
0.005250005051493645,0.006727308500558138,0.007562478072941303,0.0077774403616786
0.007468823343515396,0.006772102788090706,0.005823695100843906,0.0047325314953923225
0.0035596704110503197,0.002313622971996665,0.0009729063604027033
-0.0004747958155348897,-0.0020080057438462973,-0.0035719661973416805,-0.005084529519081116
-0.006442501209676266,-0.007540663704276085,-0.008288945071399212,-0.008608137257397175
-0.00841829739511013,-0.007640677969902754,-0.006224531214684248,-0.004192844498902559,-0.0016665458679199219,0.0011567629408091307,0.004041245207190514,0.006749866530299187
0.009089646860957146,0.010952021926641464,0.012324699200689793,0.01327747106552124,0.013930806890130043,0.014409327879548073,0.014801379293203354
0.01515116821974516,0.015474332496523857,0.015772711485624313,0.01603217050433159
0.016201484948396683,0.016185536980628967,0.015874475240707397,0.01517927460372448
0.014053679071366787,0.012513409368693829,0.010653444565832615,0.008647146634757519
0.00671300757676363,0.005055050831288099,0.003803073428571224,0.0029856087639927864
0.0025547686964273453,0.002433242741972208,0.0025330008938908577,0.002749404404312372
0.0029656507540494204,0.003072845982387662,0.0029968603048473597
0.0027322215028107166,0.00236461847089231,0.0020446879789233208,0.0019257529638707638,0.0021184333600103855,0.002673268783837557,0.0035765396896749735,0.004754704423248768
0.006083814427256584,0.007407347671687603,0.008565295487642288,0.009426665492355824
0.0099088866263628,0.009970137849450111,0.009591405279934406,0.008779327385127544
0.007590536493808031,0.0061433990485966206,0.004585096146911383,0.0030294880270957947,0.0015170478727668524,2.1161511540412903e-05,-0.0015165295917540789
-0.003147658659145236,-0.004892611876130104,-0.006727797910571098,-0.008580225519835949
-0.010337496176362038,-0.011864181607961655,-0.013016036711633205,-0.013664056546986103
-0.013714870437979698,-0.013106185011565685,-0.011797379702329636,-0.009781379252672195
-0.007115814834833145,-0.003952972590923309,-0.0005389521829783916,0.0028284252621233463
0.005854381248354912,0.008287984877824783,0.009953154250979424,0.010770449414849281
0.01075939740985632,0.010021384805440903,0.008704529143869877
0.0069584837183356285,0.004903609864413738,0.002632062416523695,0.00022825761698186398
-0.002221971284598112,-0.00464323814958334,-0.006982969120144844,-0.009207154624164104
-0.011283038184046745,-0.013159004971385002,-0.01475068274885416,-0.015942726284265518
-0.016609258949756622,-0.016646578907966614,-0.01601339876651764,-0.014764214865863323
-0.013043781742453575,-0.01104564405977726,-0.008975496515631676,-0.007025311700999737,-0.005347267258912325,-0.004038115963339806,-0.003129524178802967
-0.002579539781436324,-0.0022847752552479506,-0.0021135329734534025,-0.0019368279026821256,-0.0016519323689863086,-0.0012021936709061265,-0.0005862211110070348,0.00014422100502997637
0.0008939552935771644,0.001541934092529118,0.0019615604542195797,0.002042143139988184
0.0017108815954998136,0.0009460905566811562,-0.00022155360784381628,-0.0017184889875352383
-0.0034480809699743986,-0.0053034438751637936,-0.007161702029407024,-0.008885321207344532
-0.010354883968830109,-0.011521462351083755,-0.012436829507350922
-0.013216005638241768,-0.013949469663202763,-0.014647685922682285,-0.01525583490729332,-0.015694469213485718,-0.01588153839111328,-0.015734616667032242,-0.015168174169957638
-0.01410006359219551,-0.01247370894998312,-0.010276742279529572,-0.007539416663348675
-0.004326444119215012,-0.0007381313480436802,0.0030698610935360193,0.006863185204565525
0.010348609648644924,0.013244595378637314,0.015352480113506317,0.016585486009716988
0.016954898834228516,0.016534697264432907,0.015422288328409195
0.013715785928070545,0.011521329171955585,0.008967730216681957,0.00620062742382288
0.003365645185112953,0.0006028818897902966,-0.001948066521435976,-0.004153078887611628
-0.005907597951591015,-0.007153329439461231,-0.007859459146857262,-0.007986411452293396
-0.007470805663615465,-0.006249621044844389,-0.004312158562242985,-0.0017392141744494438
0.001298204530030489,0.0045655034482479095,0.0077983844093978405,0.010740622878074646
0.013178279623389244,0.014962458983063698,0.01602182723581791
0.016369342803955078,0.0161009319126606,0.015376882627606392,0.014387671835720539
0.013322480954229832,0.01234121061861515,0.011536612175405025,0.010906605049967766
0.010367946699261665,0.009801462292671204,0.009094924665987492,0.008165108039975166,0.006961093749850988,0.005466028116643429
4.4052688963347464e-07,5.896091010981763e-07,4.3186622633584193e-07,1.5140845732730668e-07
6.299326837932995e-09,2.0135408007604383e-08,2.9745990559604252e-08,1.8244961097479973e-09,2.490064048288332e-07,1.2595803582371445e-06,3.1859019600233296e-06,5.4988554438750725e-06
7.209348495962331e-06,7.4682343438325915e-06,6.072598807804752e-06,3.584043042792473e-06
1.104038688026776e-06,9.211117979468497e-10,1.729690438878606e-06,7.598664069519145e-06,1.8441767679178156e-05,3.447571361903101e-05
5.554751624003984e-05,8.154371607815847e-05,0.0001125173075706698,0.00014815932081546634
0.0001868210092652589,0.00022487428213935345,0.0002569419739302248,0.0002770854043774307
0.000280489883152768,0.0002647532965056598,0.00023066269932314754,0.00018279794312547892
0.000129005013150163,7.819586608093232e-05,3.7790359783684835e-05,1.1934640497202054e-05
8.909904636311694e-07,1.4716766827405081e-06,8.194603651645593e-06,1.5186972632363904e-05,1.8328350051888265e-05,1.643692667130381e-05,1.0995320735673886e-05
4.8363035602960736e-06,6.870357083244016e-07,5.043872306487174e-07,5.603977115242742e-06,1.6654581486363895e-05,3.294083580840379e-05,5.168368807062507e-05,6.861543806735426e-05,7.968652062118053e-05,8.266616350738332e-05,7.773881952743977e-05,6.707546708639711e-05,5.380790389608592e-05,4.095356780453585e-05,3.057972207898274e-05,2.3490551029681228e-05,1.958021312020719e-05,1.8383254428044893e-05,1.9392049580346793e-05,2.2088926925789565e-05,2.579455031082034e-05,2.9562428608187474e-05,3.23392559948843e-05
3.330767503939569e-05,3.2142303098225966e-05,2.9040425943094306e-05,2.449602288834285e-05
1.8997767256223597e-05,1.3021901395404711e-05,7.243953405122738e-06,2.6096668079844676e-06
1.7448266476094432e-07,6.847154168099223e-07,4.060033461428247e-06,9.107056030188687e-06
1.3672949535248335e-05,1.548412546981126e-05,1.3462734386848751e-05,8.519584298483096e-06
3.138920419587521e-06,1.2490711753798678e-07,1.4515836710415897e-06,7.733031452517025e-06
1.811971378629096e-05,3.0365996281034313e-05,4.136920688324608e-05
4.842327689402737e-05,5.038510062149726e-05,4.786935096490197e-05,4.251616701367311e-05
3.604667654144578e-05,2.9654873287654482e-05,2.3747636078041978e-05,1.8066135453409515e-05,1.2174690709798597e-05,6.140374352980871e-06,1.2586884849952185e-06,3.837770066184021e-07
7.396514320134884e-06,2.5921779524651356e-05,5.778215927421115e-05,0.00010184877464780584
0.00015370818437077105,0.0002062294806819409,0.0002509912010282278,0.0002801975351758301,0.0002888446324504912,0.0002763395314104855,0.00024624879006296396
0.00020459538791328669,0.0001581027900101617,0.00011275187716819346,7.286130858119577e-05
4.105985499336384e-05,1.8584423742140643e-05,5.389873876993079e-06,2.673405106179416e-07
1.0508867944736267e-06,4.996730240236502e-06,9.339890311821364e-06,1.1823488421214279e-05
1.114916358346818e-05,7.412551894958597e-06,2.4600496999482857e-06,1.6609611463991314e-08
5.538487130252179e-06,2.5410456146346405e-05,6.473886605817825e-05,0.00012404070002958179
0.0001970234006876126,0.0002716741000767797,0.00033411357435397804
0.00037284355494193733,0.000381643942091614,0.0003604668308980763,0.00031496447627432644,0.0002549885830376297,0.00019183433323632926,0.00013511069118976593,9.04693006305024e-05,5.9152607718715444e-05,3.9329755963990465e-05,2.789732207020279e-05,2.1787738660350442e-05
1.8552807887317613e-05,0.004045549780130386,0.0037354864180088043,0.003274430986493826
0.002610408468171954,0.0017181211151182652,0.0005827310960739851,-0.0007888854015618563
-0.002346817869693041,-0.003989978693425655,-0.005587059538811445
-0.007018242962658405,-0.008202280849218369,-0.00909379217773676,-0.00967430043965578,-0.009944490157067776,-0.0099041648209095,-0.009533034637570381,-0.008787418715655804
-0.007611783687025309,-0.005969034507870674,-0.003879398573189974,-0.001446498092263937
0.0011434094049036503,0.003655937034636736,0.005857936572283506,0.0075525520369410515
0.008595414459705353,0.008899344131350517,0.008432777598500252,0.007218331564217806
0.005338030867278576,0.002940182574093342,0.00023005018010735512
-0.0025591934099793434,-0.005205018911510706,-0.0075343153439462185,-0.009448574855923653
-0.010925780981779099,-0.011998102068901062,-0.012716175056993961,-0.013123680837452412
-0.013254068791866302,-0.013136811554431915,-0.012799316085875034,-0.012263529933989048
-0.011542058549821377,-0.010642413049936295,-0.009575266391038895,-0.008353657089173794
-0.006993267219513655,-0.005523382686078548,-0.00399188743904233,-0.0024586752988398075
-0.00099239032715559,0.00033125700429081917,0.0014396472834050655
0.0022669672034680843,0.0027420930564403534,0.002784825162962079,0.002322698710486293
0.0013121992815285921,-0.00024162768386304379,-0.0022641350515186787,-0.0046042343601584435,-0.00706025306135416,-0.009427759796380997,-0.011539758183062077,-0.01328266691416502
-0.014596346765756607,-0.0154641168192029,-0.015890667214989662,-0.015887003391981125
-0.015465818345546722,-0.014632852748036385,-0.013395126909017563,-0.01179071981459856
-0.00990529265254736,-0.00786213856190443,-0.005797694902867079
-0.0038388343527913094,-0.0020912429317831993,-0.0006377743557095528,0.00045435840729624033
0.0011274365242570639,0.0013460007030516863,0.0011277220910415053,0.0005646613426506519
-0.0001848926185630262,-0.0009211505530402064,-0.0014348938129842281,-0.0015482738381251693
-0.0011456868378445506,-0.00018511642701923847,0.0012934657279402018,0.0031592564191669226
0.005197850521653891,0.00714441854506731,0.008732737973332405,0.009738163091242313
0.010004980489611626,0.009463826194405556,0.008139882236719131
0.006149644497781992,0.0036880099214613438,0.0009983549825847149,-0.0016744810855016112
-0.004117055330425501,-0.006149317137897015,-0.007621242664754391,-0.008416382595896721
-0.008454052731394768,-0.0076978071592748165,-0.006171614397317171,-0.003967978060245514
-0.0012422837316989899,0.0018076712731271982,0.004977098666131496,0.008083760738372803
0.010971799492835999,0.01350211538374424,0.015546677634119987,0.016992362216114998
0.017758700996637344,0.017818856984376907,0.017203113064169884,0.015986450016498566,0.014285068958997726,0.012265156954526901,0.010125340893864632,0.00804102886468172
0.0061220694333314896,0.004421052522957325,0.0029679392464458942,0.0017897789366543293
0.0009090346284210682,0.00033649150282144547,5.608610808849335e-05,5.68007817491889e-06
9.252876043319702e-05,0.00025084445951506495,0.000480085815070197,0.000822097877971828
0.001313361106440425,0.0019666971638798714,0.0027835227083414793,0.0037548220716416836
0.004843577276915312,0.005983052775263786
0.00709933415055275,0.008133500814437866,0.00904163159430027,0.009773830883204937
0.010256042703986168,0.010395888239145279,0.010109267197549343,0.0093526691198349
0.008154105395078659,0.006625758949667215,0.004936950746923685,0.003264698665589094
0.0017538738902658224,0.000494437525048852,-0.0004817405133508146,-0.001187088550068438
-0.001664264826104045,-0.0019736597314476967,-0.0021750275045633316,-0.0023136562667787075
-0.0024149855598807335,-0.0024774756748229265,-0.0024679943453520536
-0.00233239377848804,-0.002018117345869541,-0.001494985306635499,-0.0007675120141357183
0.00012112106196582317,0.0010901771020144224,0.0020349863916635513,0.0028611603192985058
0.0035136297810822725,0.003981008194386959,0.004287899471819401,0.004473389126360416
0.00456234160810709,0.004566543735563755,0.0045107463374733925,0.004438580945134163
0.004391605965793133,0.004385270178318024,0.004396758042275906,0.004370480310171843,0.004235537722706795,0.003922386094927788,0.0033739313948899508
0.0025547253899276257,0.0014619319699704647,0.0001312789972871542,-0.001376033411361277
-0.002996772062033415,-0.004675595089793205,-0.006367044057697058,-0.00803875457495451
-0.009655994363129139,-0.011155262589454651,-0.012447347864508629,-0.013452247716486454
-0.014133112505078316,-0.014504147693514824,-0.014610040001571178,-0.014494430273771286
-0.014179333113133907,-0.013664371334016323,-0.012937081046402454,-0.011990952305495739
-0.010849813930690289,-0.009580806829035282,-0.008295448496937752
-0.007143854629248381,-0.006282058544456959,-0.0058201453648507595,-0.005792628042399883
-0.006167432758957148,-0.0068783084861934185,-0.007849358953535557,-0.008990837261080742
-0.010183947160840034,-0.011281061917543411,-0.012123492546379566,-0.01257052831351757
-0.012535205110907555,-0.01201053336262703,-0.01106792502105236,-0.009831505827605724
-0.008448257111012936,-0.007063927594572306,-0.005798835773020983,-0.004725072532892227
-0.003861095756292343,-0.0031890859827399254,-0.0026742485351860523
-0.002267308998852968,-0.001899882685393095,-0.0014908943558111787,-0.0009698908543214202
-0.00030437426175922155,0.0004904759116470814,0.0013620569370687008,0.00223728665150702
0.0030401069670915604,0.003709642682224512,0.004214919172227383,0.004557277075946331
0.0047571733593940735,0.00483533414080739,0.004803301300853491,0.004666726104915142
0.004429694730788469,0.004093327093869448,0.003651500679552555,0.003085862845182419
0.0023719531018286943,0.001502735773101449,0.0005107657052576542
-0.00052473577670753,-0.0014863279648125172,-0.002242713700979948,-0.002679294440895319
-0.0027205529622733593,-0.0023382706567645073,-0.0015478436835110188,-0.00040083006024360657
0.001020519295707345,0.002610004274174571,0.004250300116837025,0.00582845089957118
0.007247408851981163,0.008431842550635338,0.009327536448836327,0.009895464405417442
0.010114732198417187,0.010004254058003426,0.00964322593063116,0.00916121806949377
0.008691389113664627,0.008317628875374794,0.008060472086071968
0.007902659475803375,0.007818134501576424,0.007783932611346245,0.007769202347844839
0.007710854988545179,0.007511184085160494,0.007067839149385691,0.0063062612898647785
0.005202083382755518,0.003796690609306097,0.0021962327882647514,0.0005555034149438143
-0.0009377227397635579,-0.00207963096909225,-0.0026877103373408318,-0.0026542814448475838
-0.001975311664864421,-0.0007312861271202564,0.0009523839107714593,0.002927627181634307
0.005025658756494522,0.007067693397402763,0.008898848667740822
0.010418795049190521,0.0115811200812459,0.012371202930808067,0.012789200060069561
0.012842281721532345,0.012539424002170563,0.011892390437424183,0.010920867323875427,0.00965489074587822,0.008138190023601055,0.006439150311052799,0.0046607330441474915
0.002929285168647766,0.0013655447401106358,6.089918315410614e-05,-0.0009342805715277791
-0.0016121120424941182,-0.0019987572450190783,-0.002144490834325552,-0.002114979550242424
-0.0019808232318609953,-0.0018113661790266633,-0.0016675287624821067
-0.0015837225364521146,-0.0015522477915510535,-0.001524964813143015,-0.0014319510664790869
-0.001204376807436347,-0.0007841689512133598,-0.00012952182441949844,0.0007650276529602706
0.001853700028732419,0.0030546996276825666,0.00427483394742012,0.00541725056245923
0.006379160098731518,0.007050973363220692,0.007324622943997383,0.007114892825484276
0.006374760065227747,0.005093721207231283,0.0032980511896312237,0.0010597282089293003
-0.0015017780242487788,-0.004231384955346584,-0.006963296793401241
-0.009553883224725723,-0.011896614916622639,-0.01390458457171917,-0.015489100478589535,-0.016568537801504135,-0.017103005200624466,-0.017117923125624657
-0.01669396460056305,-0.015936991199851036,-0.014954663813114166,-0.013846365734934807
-0.012690468691289425,-0.011529959738254547,-0.010372704826295376,-0.009203353896737099,-0.008004814386367798,-0.006787035148590803,-0.005592694506049156,-0.004469544626772404
-0.0034449477680027485,-0.0025311678182333708,-0.001756135607138276,-0.0011824057437479496
-0.0008789239218458533,-0.000867484777700156,-0.001096501830033958,-0.0014561344869434834
-0.001816246658563614,-0.0020682504400610924,-0.0021550715900957584,-0.0020893439650535583
-0.001959764864295721,-0.0019037293968722224,-0.002051146700978279,-0.0024793099146336317
-0.003194966819137335,-0.004140304401516914,-0.005222299601882696,-0.006344713736325502
-0.007414963562041521,-0.00833404716104269,-0.009000325575470924,-0.009331662207841873,-0.009282216429710388,-0.008841337636113167,-0.00802451092749834
-0.006872429978102446,-0.0054574450477957726,-0.003874898422509432,-0.0022160583175718784
-0.0005462148692458868,0.00109774898737669,0.0026840365026146173,0.004150198772549629
0.005395832005888224,0.0063094994984567165,0.006798160262405872,0.006809093989431858
0.006344190798699856,0.005461035296320915,0.004259007982909679,0.0028516207821667194
0.0013412109110504389,-0.0001880910713225603,-0.0016644212882965803,-0.003019996453076601
-0.004189532250165939,-0.005123808979988098,-0.005809880793094635
-0.006272822618484497,-0.0065552834421396255,-0.006697327364236116,-0.006723680067807436
-0.006632646080106497,-0.006393183022737503,-0.0059563894756138325,-0.005279277451336384
-0.00434914231300354,-0.0031874743290245533,-0.001828551758080721,-0.0002948390319943428
0.0014090270269662142,0.003280659904703498,0.005296718794852495,0.007399916648864746
0.009498526342213154,0.011476049199700356,0.013212735764682293,0.014604336582124233
0.015562862157821655,0.016014045104384422,0.015910137444734573
0.015245880000293255,0.014062801375985146,0.012448735535144806,0.010533589869737625
0.00847440306097269,0.0064334627240896225,0.004551858641207218,0.002921132370829582
0.001573109533637762,0.0005038625095039606,-0.0002878772793337703,-0.0007790966192260385
-0.0009208947885781527,-0.0006556670414283872,4.594761412590742e-05,0.001158157829195261
0.002604570472612977,0.00427605863660574,0.006043259985744953,0.007765172980725765
0.00930807739496231,0.010575925931334496,0.011530416086316109
0.012184599414467812,0.012574671767652035,0.012738481163978577,0.012724949046969414,0.012610442005097866,0.012489039450883865,0.012442744337022305,0.012508329004049301
0.01265354547649622,0.012783640995621681,0.012779583223164082,0.012537299655377865
0.011984840035438538,0.011079037562012672,0.009796008467674255,0.008132428862154484
0.006116336211562157,0.0038088709115982056,0.0012967954389750957,-0.00130602833814919,-0.003851455170661211,-0.0061664218083024025,-0.008084101602435112
-0.009482995606958866,-0.010312988422811031,-0.010590558871626854,-0.010376627556979656
-0.009763767011463642,-0.00886534620076418,-0.007792072836309671,-0.006632400676608086
-0.005457912106066942,-0.0043412805534899235,-0.003356488887220621,-0.0025584734976291656
-0.001962511334568262,-0.00153831928037107,-0.0012246324913576245,-0.0009631733410060406
-0.0007336088456213474,-0.0005582800367847085,-0.00047439837362617254,-0.0005072743515484035
-0.0006662000087089837,-0.0009539157617837191,-0.0013764678733423352
-0.0019439075840637088,-0.0026577196549624205,-0.0035042529925704002,-0.004465528763830662
-0.005525101907551289,-0.006656919606029987,-0.007815444841980934,-0.008943883702158928
-0.009994303807616234,-0.010938052088022232,-0.011754381470382214,-0.012409310787916183
-0.012841477990150452,-0.01296483539044857,-0.012692990712821484,-0.011969328857958317,-0.010783870704472065,-0.009180150926113129,-0.007255330681800842,-0.005153830163180828
-0.0030640666373074055,-0.0012087621726095676,0.00019697798416018486
0.0010048727272078395,0.0011634791735559702,0.0007152539328671992,-0.00021274451864883304
-0.0014277485897764564,-0.0027074201498180628,-0.0038461838848888874,-0.004704180173575878
-0.005238276906311512,-0.0054992083460092545,-0.0056003970094025135,-0.00567341223359108
-0.005825781263411045,-0.00611519068479538,-0.006550183054059744,-0.007107892539352179
-0.007750908378511667,-0.00843542069196701,-0.009104660712182522,-0.00968056358397007
-0.010074859485030174,-0.01020745001733303,-0.01001537311822176
-0.00945785827934742,-0.008526519872248173,-0.007263104896992445,-0.005765377078205347
-0.00415915297344327,-0.002553708851337433,-0.0010178238153457642,0.00041000533383339643
0.0016943153459578753,0.002789852675050497,0.003655098844319582,0.004265374504029751
0.004610983654856682,0.004701787140220404,0.00457699503749609,0.004295327700674534
0.003913205116987228,0.0034743573050945997,0.0030064377933740616,0.0025190722662955523
0.002015862613916397,0.001514593604952097,0.0010520718060433865
0.0006691616727039218,0.0003920121234841645,0.0002241297042928636,0.00015317273209802806
0.00016505869280081242,0.00025283434661105275,0.0004193759523332119,0.0006782165728509426
0.0010441705817356706,0.001515901880338788,0.002070409245789051,0.0026769894175231457
0.003321547992527485,0.004018881823867559,0.004799260292202234,0.005691333673894405
0.006715045310556889,0.007867385633289814,0.009101595729589462,0.010325208306312561
0.011425312608480453,0.012298640795052052,0.012862957082688808
0.013055719435214996,0.012840492650866508,0.012217518873512745,0.011224852874875069
0.009937056340277195,0.008463856764137745,0.006938689388334751,0.005500879138708115,0.004277163650840521,0.003357048612087965
0.002772845095023513,0.00250932271592319,0.0025293983053416014,0.002783298259600997
0.003212433075532317,0.0037614041939377785,0.0043763453140854836,0.004987499210983515
0.005510368850082159,0.005879086442291737,0.006079058162868023,0.006149444729089737
0.006162632256746292,0.006195298861712217,0.006299648899585009,0.00649093696847558
0.0067556872963905334,0.007058433257043362,0.007341779302805662,0.007538417354226112
0.007587493862956762,0.007437749300152063,0.007043934892863035,0.0063661495223641396
0.005375686101615429,0.004068398382514715,0.002480989322066307,0.0006996060255914927
-0.0011488896561786532,-0.0029192352667450905,-0.004475554451346397,-0.005719113163650036
-0.006604189984500408,-0.007129038218408823,-0.0073024798184633255,-0.007113894913345575
-0.006540662609040737,-0.005580088589340448,-0.004266789183020592,-0.0026730638928711414
-0.0009033603128045797,0.0009203662630170584,0.00267563434317708,0.004247136414051056
0.0055249277502298355,0.006406092084944248,0.006811769679188728,0.006707968655973673
0.006117227952927351,0.00511967483907938,0.0038364678621292114,0.002403696533292532
0.0009626641403883696,-0.0003381159622222185,-0.0013633393682539463,-0.0020295626018196344
-0.002322855871170759,-0.002294103614985943
-0.002050815150141716,-0.001738872961141169,-0.0015151536790654063,-0.001523196930065751
-0.0018696703482419252,-0.002602720633149147,-0.0036951208021491766,-0.005032389424741268
-0.0064275627955794334,-0.007680029608309269,-0.008649099618196487,-0.009288059547543526
-0.009626641869544983,-0.009738622233271599,-0.009709404781460762,-0.009604408405721188
-0.00945785641670227,-0.009281985461711884,-0.0090749841183424,-0.008821256458759308
-0.008510245941579342,-0.008178748190402985,-0.007913554087281227
-0.007788880728185177,-0.007814795710146427,-0.007951110601425171,-0.0081514623016119
-0.00839188601821661,-0.008668533526360989,-0.008971596136689186,-0.009270064532756805
-0.00952436588704586,-0.00970215629786253,-0.009779950603842735,-0.009742135182023048
-0.009595075622200966,-0.009384729899466038,-0.00918816588819027,-0.009085630998015404
-0.009134920313954353,-0.009348086081445217,-0.009681649506092072,-0.01005471684038639
-0.01037624292075634,-0.010555245913565159,-0.01049585361033678
-0.010095172561705112,-0.00925316009670496,-0.007901995442807674,-0.006045605055987835
-0.003764561377465725,-0.0011819442734122276,0.0015554791316390038,0.004281006287783384
0.006830576807260513,0.00905622448772192,0.01081751473248005,0.011984037235379219
0.012460822239518166,0.012219971977174282,0.011295953765511513,0.009762873873114586
0.0077473483979702,0.005428503733128309,0.0029998603276908398,0.0006422661244869232
-0.0014898338122293353,-0.003279698546975851,-0.004656615201383829
-0.0055902572348713875,-0.0060644554905593395,-0.006074161268770695,-0.005641065072268248,-0.004798955284059048,-0.003579108975827694,-0.002019493840634823,-0.0001699165441095829
0.001909787068143487,0.004148364998400211,0.006446348503232002,0.008665589615702629
0.010656507685780525,0.012283273972570896,0.013437040150165558,0.014066345989704132
0.014191759750247002,0.013893122784793377,0.013291355222463608,0.01251875888556242
0.01169260498136282,0.010909393429756165,0.010242183692753315
0.009728924371302128,0.009363346733152866,0.009105382487177849,0.008898679167032242
0.008664695546030998,0.00829378329217434,0.007678733207285404,0.0067695677280426025
0.005597233772277832,0.004262203816324472,0.0029089064337313175,0.0016944543458521366
0.000749359605833888,0.00013442232739180326,-0.0001758970902301371,-0.00026713672559708357
-0.00024758061044849455,-0.00021616852609440684,-0.00022844686463940889,-0.00028057803865522146
-0.0003156760358251631,-0.00024156674044206738,3.490272501949221e-05
0.0005817259661853313,0.001440820749849081,0.0026249452494084835,0.00411043968051672
0.005827605724334717,0.007644922472536564,0.009385749697685242,0.010875998064875603
0.011974460445344448,0.01258078496903181,0.012639070861041546,0.01214776374399662
0.011161506175994873,0.009763619862496853,0.008035172708332539,0.00605031568557024
0.003892461769282818,0.001667108852416277,-0.0005123470909893513,-0.0025464361533522606
-0.004351338371634483,-0.005856070667505264,-0.007006435189396143
-0.007763116154819727,-0.008091988041996956,-0.007965592667460442,-0.007385115139186382
-0.0063893599435687065,-0.005032742861658335,-0.003372663166373968,-0.001478435005992651
0.0005642380565404892,0.0026524357963353395,0.0046745967119932175,0.006529005244374275,0.008114639669656754,0.009304739534854889,0.009959088638424873,0.009971898049116135
0.009309714660048485,0.008022838272154331,0.006227994803339243,0.004066668450832367,0.0016762674786150455,-0.0008116411045193672,-0.00327597139403224
-0.005622900556772947,-0.007799782790243626,-0.009786540642380714,-0.011567790061235428
-0.013121451251208782,-0.014429881237447262,-0.01549182366579771,-0.016320694237947464
-0.016917992383241653,-0.01724151149392128,-0.017211711034178734,-0.016764521598815918
-0.01589951664209366,-0.014679517596960068,-0.013212108984589577,-0.011633023619651794
-0.010075708851218224,-0.008655020035803318,-0.007464366964995861,-0.00655829394236207
-0.005953073501586914,-0.005639904644340277,-0.005572535563260317
-0.0056542945094406605,-0.005743308924138546,-0.005680220201611519,-0.005343913566321135
-0.004693417344242334,-0.0037686736322939396,-0.002668562810868025,-0.0015197719912976027
-0.00045247748494148254,0.0004125171690247953,0.0009792116470634937,0.001191263902001083
0.0010387750808149576,0.000550897209905088
