7.50058243284002e-05,6.902909808559343e-05
6.071867755963467e-05,5.1520499255275354e-05,4.2809911974472925e-05,3.552676935214549e-05,3.013194873346947e-05,2.6684512704377994e-05,2.4984765332192183e-05,2.4767816285020672e-05,2.57844239968108e-05,2.764197597571183e-05,2.966525062220171e-05,3.1055209547048435e-05,3.1088169635040686e-05,2.915870391007047e-05,2.5022929548867978e-05,1.917917688842863e-05,1.2798920579371043e-05,7.216753601824166e-06,3.350783345013042e-06,1.3170694046493736e-06,5.677687795468955e-07,5.05887385315873e-07,1.0392178637630423e-06
2.6496563805267215e-06,6.077390935388394e-06,1.1919623830181081e-05,2.0258352378732525e-05,3.03886645269813e-05,4.083892417838797e-05,4.9796155508374795e-05,5.560463614528999e-05
5.7071207265835255e-05,5.376240369514562e-05,4.625568908522837e-05,3.603727600420825e-05
2.5069462935789488e-05,1.5252961929945741e-05,7.845051186450291e-06,3.1571109957440058e-06
7.916131607998977e-07,3.025989414595642e-08,1.3076169125270098e-07,5.297571874507412e-07
8.91504782885022e-07,1.089524062081182e-06,1.1653754654616932e-06
1.245589032805583e-06,1.4784384347876767e-06,2.04514299184666e-06,3.2286063742503757e-06
5.456000053527532e-06,9.215936188411433e-06,1.4855300833005458e-05,2.23858642129926e-05
3.1401370506500825e-05,4.106224878341891e-05,5.014949420001358e-05,5.737244282499887e-05
6.180193304317072e-05,6.311463948804885e-05,6.168478284962475e-05,5.843088001711294e-05
5.4390253353631124e-05,5.049308674642816e-05,4.759832881973125e-05,4.6436449338216335e-05
4.751931919599883e-05,5.1140472351107746e-05,5.744455484091304e-05
6.652018055319786e-05,7.817024015821517e-05,9.144770592683926e-05,0.00010460574412718415
0.00011548399197636172,0.00012221274664625525,0.00012392849021125585,0.00012063538451911882
0.00011264525528531522,0.00010065716924145818,8.612097008153796e-05,7.104780524969101e-05
5.7250701502198353e-05,4.575345155899413e-05,3.6875164369121194e-05,3.062459290958941e-05
2.6976880690199323e-05,2.5980225473176688e-05,2.7733163733500987e-05,3.230490619898774e-05
3.958528395742178e-05,4.905643800157122e-05,5.9636116930050775e-05
6.973624840611592e-05,7.76435190346092e-05,8.197005081456155e-05,8.159270510077477e-05
7.557810022262856e-05,6.391904025804251e-05,4.826113217859529e-05,3.1582087103743106e-05
1.7080346879083663e-05,6.940426828805357e-06,1.6128873312482028e-06,2.2812669087102222e-08
4.36538073245174e-07,1.3204851256887196e-06,1.766173227224499e-06,1.53373923694744e-06
8.730583545002446e-07,2.3639778135020606e-07,5.973562755556827e-10,2.5572956019459525e-07
7.570455409222632e-07,1.1152152410431881e-06,1.0866075399462716e-06
7.226257707770856e-07,2.791368274301931e-07,1.815241112979038e-08,7.631130216623205e-08
4.3228305912634823e-07,9.303716410613561e-07,1.3203933804106782e-06,1.3708030337511445e-06
1.0315094414181658e-06,4.993448214918317e-07,9.473472317722553e-08,8.318002286955561e-09
1.5824002730369102e-07,2.8279580988055386e-07,1.8601102169668593e-07,2.8199280688312456e-09
3.8369637422874803e-07,2.4625155674584676e-06,7.573998573207064e-06,1.677950785961002e-05
3.022684177267365e-05,4.6786350139882416e-05,6.436935655074194e-05
8.063646237133071e-05,9.35307762119919e-05,0.00010142350220121443,0.000103363512607757
9.942797623807564e-05,9.063258039532229e-05,7.8695455158595e-05,6.570757977897301e-05
5.346141188056208e-05,4.302082015783526e-05,0.005902246106415987,0.005387505982071161
0.0050543807446956635,0.00492623308673501,0.005002761259675026,0.0052617816254496574
0.005658950190991163,0.006132176611572504,0.006616577040404081,0.00705709820613265
0.007409845013171434,0.007631966844201088,0.00768129900097847
0.00753570394590497,0.00721100764349103,0.0067618172615766525,0.006260487716645002
0.005780140403658152,0.0053987991996109486,0.005187234375625849,0.005176736041903496
0.0053441631607711315,0.005625356454402208,0.00594170531257987,0.006213455926626921
0.006357752718031406,0.006295428611338139,0.005977789405733347,0.005419004708528519
0.004707930609583855,0.003982962109148502,0.0033778129145503044,0.002978821750730276
0.0028213721234351397,0.0029054824262857437,0.0032067601568996906
0.003670929465442896,0.004206746816635132,0.004718195181339979,0.005144067108631134
0.0054451823234558105,0.005582840647548437,0.0055351248010993,0.005314723588526249
0.004950449336320162,0.004457517527043819,0.003846312640234828,0.0031419023871421814
0.0023698715958744287,0.0015488590579479933,0.0007033923175185919,-0.00013450440019369125
-0.0009198510088026524,-0.0015959482407197356,-0.0021200450137257576,-0.0024698881898075342
-0.0026278800796717405,-0.00258452701382339,-0.0023641244042664766
-0.0020349265541881323,-0.0016818094300106168,-0.001384330098517239,-0.001223922474309802
-0.001276058959774673,-0.0015834211371839046,-0.0021414142102003098,-0.0029026365373283625
-0.0038031870499253273,-0.0047828396782279015,-0.005772668868303299,-0.006689737550914288
-0.007462184876203537,-0.008049095049500465,-0.008442111313343048,-0.008661606349050999
-0.008745377883315086,-0.00873306579887867,-0.008657477796077728,-0.008550379425287247
-0.008452659472823143,-0.00840669497847557,-0.008439850993454456
-0.008558228611946106,-0.008748162537813187,-0.008985105901956558,-0.00923845637589693
-0.009462833404541016,-0.009605683386325836,-0.009628500789403915,-0.009510050527751446
-0.009245523251593113,-0.008845342323184013,-0.008333726786077023,-0.0077565740793943405
-0.007164918817579746,-0.006584812421351671,-0.006027291063219309,-0.005516983103007078
-0.005095812026411295,-0.0048037366941571236,-0.004664337728172541,-0.004694093018770218
-0.004909776151180267,-0.005314343608915806,-0.00588596798479557
-0.006583069451153278
-0.007342531345784664,-0.00805947370827198,-0.008584480732679367,-0.008771545253694057,-0.008546615019440651,-0.007933950051665306,-0.007020743563771248,-0.005899270065128803
-0.004640490282326937,-0.0033185044303536415,-0.002034916542470455,-0.0008964843582361937
1.5066936612129211e-05,0.0006488941144198179,0.0009943096665665507,0.00108763063326478
0.000988184241577983,0.0007540041697211564,0.00045166199561208487,0.0001708332565613091
-2.055545337498188e-06,-2.7236361347604543e-05,8.420558151556179e-05,0.00029325849027372897
0.0005522171268239617,0.0008232176769524813,0.0010847169905900955,0.0013162302784621716
0.0014849145663902164,0.0015539501328021288,0.00150347372982651,0.0013399713207036257
0.001099925022572279,0.0008554792730137706,0.0006827180041000247,0.0006166117964312434
0.0006699491059407592,0.0008728944230824709,0.0012551263207569718,0.0018081266898661852
0.0024834051728248596,0.0032273498363792896,0.004015045240521431,0.0048369793221354485,0.005666731391102076
0.006461266428232193,0.007178462576121092,0.007783471141010523,0.008238382637500763
0.00849882885813713,0.008548647165298462,0.008428155444562435,0.008199751377105713
0.007907122373580933,0.00757899833843112,0.007243738975375891,0.00694690179079771
0.006754550617188215,0.006717839743942022,0.006853409577161074,0.007155071012675762
0.007595248520374298,0.008124482817947865,0.008676561526954174,0.009173523634672165
0.009539397433400154,0.009715194813907146,0.009670780971646309
0.009409809485077858,0.008953750133514404,0.008325902745127678,0.007559375837445259
0.006710769608616829,0.0058576990850269794,0.005076216999441385,0.0044225058518350124
0.003938456531614065,0.0036485297605395317,0.0035382085479795933,0.003546807449311018
0.0035809180699288845,0.0035519760567694902,0.003426659619435668,0.003236429998651147
0.0030413230415433645,0.0028954690787941217,0.0028264059219509363,0.0028284320142120123
0.00287983869202435,0.002970372559502721,0.0031122856307774782
0.003317267633974552,0.0035694423131644726,0.00384351285174489,0.004130192566663027
0.004421276971697807,0.004695271607488394,0.004925976973026991,0.005090883933007717
0.005170573480427265,0.005143548361957073,0.004989448003470898,0.004686362110078335
0.004203150048851967,0.0035280422307550907,0.0026942137628793716,0.0017557924147695303
0.0007668908219784498,-0.00021642830688506365,-0.0011319943005219102,-0.001915164990350604
-0.002527650911360979,-0.0029729725793004036,-0.0032764391507953405
-0.003480711719021201,-0.003644449869170785,-0.003815404139459133,-0.004017447121441364
-0.004257568158209324,-0.0045349253341555595,-0.004851396195590496,-0.005205040331929922
-0.005580605007708073,-0.005970648489892483,-0.0063903192058205605,-0.0068520004861056805
-0.007342267315834761,-0.007826750166714191,-0.008271005935966969,-0.008659598417580128
-0.008986989967525005,-0.009238352999091148,-0.009391083382070065,-0.009427594020962715
-0.00934568140655756,-0.009157240390777588,-0.008885558694601059
-0.00857072975486517,-0.008263721130788326,-0.008015470579266548,-0.00786517933011055
-0.007816876284778118,-0.007841438055038452,-0.007902940735220909,-0.00796426273882389
-0.00798819214105606,-0.007947016507387161,-0.007821532897651196,-0.007594421040266752
-0.007253361400216818,-0.006809312384575605,-0.00630592368543148,-0.005799313075840473
-0.005344702396541834,-0.005000046454370022,-0.004807508550584316,-0.004772191867232323
-0.004872992634773254,-0.005083998665213585,-0.005382349248975515
-0.005735958460718393,-0.006083027925342321,-0.006342063657939434,-0.006451845169067383
-0.006391333416104317,-0.006167749874293804,-0.005801917053759098,-0.005322362761944532
-0.004761292599141598,-0.004151746165007353,-0.0035251525696367025,-0.002910567680373788
-0.0023381158243864775,-0.001828494481742382,-0.0013775535626336932,-0.0009732771432027221
-0.0006249021971598268,-0.0003598011680878699,-0.00019636668730527163,-0.00012463584425859153
-0.00010903763177338988,-0.00010676606325432658,-8.41470537125133e-05
-2.4660250346641988e-05,6.89458247506991e-05,0.00018070357327815145,0.00029343049391172826
0.000393556896597147,0.0004629186587408185,0.0004776802088599652,0.0004256174433976412
0.00032071099849417806,0.00020466966088861227,0.00013853414566256106,0.00018530728993937373
0.00039665179792791605,0.0008033971535041928,0.0014053701888769865,0.0021781683899462223
0.0030877471435815096,0.004090579226613045,0.005125847179442644,0.006112047471106052
0.0069701396860182285,0.00766901858150959,0.008233791217207909
0.008701758459210396,0.009082211181521416,0.009358476847410202,0.009518427774310112
0.009565028361976147,0.009494872763752937,0.009291045367717743,0.00894029438495636
0.008444268256425858,0.007821984589099884,0.007116737309843302,0.006401242688298225
0.005763676017522812,0.005283067002892494,0.0050151655450463295,0.004984976723790169
0.005184423644095659,0.0055833663791418076,0.0061377352103590965,0.0067845294252038
0.007441708352416754,0.008023204281926155,0.008457896299660206
0.00869531650096178,0.008704472333192825,0.008481713011860847,0.008055566810071468
0.007480819709599018,0.006834366824477911,0.00620670011267066,0.005677411798387766
0.005288637708872557,0.005032719112932682,0.004857602994889021,0.004693649709224701
0.004495278000831604,0.004266892094165087,0.004050884395837784,0.003895528381690383
0.0038334745913743973,0.0038784779608249664,0.004026678390800953,0.004251330159604549
0.004498968366533518,0.0047019291669130325,0.00479866424575448
0.004744202364236116,0.0045174527913331985,0.004124194383621216,0.0035856955219060183
0.0029313326813280582,0.0022089998237788677,0.0014952828641980886,0.0008845803095027804
0.00045845890417695045,0.00025193922920152545,0.00023838802007958293,0.00034636654891073704
0.0004960299120284617,0.0006274181650951505,0.0007040567579679191,0.0007049604319036007
0.0006230954895727336,0.0004666387685574591,0.000255211372859776,8.452916517853737e-06
-0.00026558517129160464,-0.0005695808795280755,-0.0009074397385120392,-0.0012784636346623302
-0.0016771531663835049,-0.002099341480061412,-0.002552277408540249,-0.0030518078710883856
-0.003604948753491044,-0.004197336733341217,-0.004796961322426796,-0.005371983163058758
-0.0059049008414149284,-0.006390920374542475,-0.0068345037288963795,-0.007249082904309034
-0.00765118096023798,-0.008059127256274223,-0.008495730347931385,-0.00897713378071785
-0.009498557075858116,-0.010031232610344887,-0.010528088547289371,-0.010938145220279694
-0.0112166041508317,-0.01132440660148859
-0.011237471364438534,-0.010962743312120438,-0.010541800409555435,-0.010040060617029667
-0.009524393826723099,-0.009046193212270737,-0.008638197556138039,-0.008311159908771515
-0.008054184727370739,-0.007838474586606026,-0.0076116882264614105,-0.007298717740923166
-0.006828966084867716,-0.006175060756504536,-0.005371177569031715,-0.004496874287724495
-0.0036472552455961704,-0.0029164699371904135,-0.0023950517643243074,-0.0021665059030056
-0.0022819307632744312,-0.0027262079529464245,-0.003421609755605459
-0.004251884296536446,-0.005076299421489239,-0.005763523280620575,-0.006238087080419064
-0.006489242427051067,-0.0065469928085803986,-0.006458152551203966,-0.006267945747822523
-0.006005105096846819,-0.00567616568878293,-0.005277244374155998,-0.004814717918634415
-0.004309166222810745,-0.003780100494623184,-0.0032336553558707237,-0.002669169334694743
-0.002096535637974739,-0.0015398161485791206,-0.0010242044227197766,-0.0005671847611665726
-0.00018091319361701608,0.0001240250130649656,0.00034362199949100614
0.0004888430703431368,0.0005850083543919027,0.0006706496933475137,0.0007928500417619944
0.0009887381456792355,0.0012758641969412565,0.001656756503507495,0.002121536759659648
0.002649372210726142,0.003208995098248124,0.0037637711502611637,0.004281425848603249
0.004736242350190878,0.005107429809868336,0.005379411857575178,0.005544283892959356
0.005606957711279392,0.005592505447566509,0.005548061337321997,0.005519984755665064
0.005524056032299995,0.0055521465837955475,0.005600910633802414
0.005681084468960762,0.005807421635836363,0.005987450946122408,0.006215641275048256,0.00647505559027195,0.006747933570295572,0.007023116573691368,0.0072869230061769485
0.007513922173529863,0.007679540663957596,0.007781828287988901,0.00783998891711235
0.007871146313846111,0.007881700992584229,0.007875937968492508,0.007863780483603477
0.007870405912399292,0.007933948189020157,0.008080569095909595,0.008304096758365631,0.008569099009037018,0.008827919140458107,0.009031638503074646
0.00912654958665371,0.009055936709046364,0.00878102332353592,0.008302388712763786
0.007663322146981955,0.0069357044994831085,0.0061932881362736225,0.005486862268298864
0.004834870807826519,0.004226570017635822,0.003637826768681407,0.0030509326606988907
0.00246612005867064,0.0019111803267151117,0.001442719018086791,0.0011255228891968727
0.0010031778365373611,0.0010848580859601498,0.0013570386217907071,0.0017997866962105036
0.0023834463208913803,0.0030534067191183567,0.003725663525983691
0.004304101690649986,0.004712259396910667,0.00491146557033062,0.004892849829047918
0.004667110741138458,0.004267827142030001,0.0037577589973807335,0.0032207737676799297
0.002736611058935523,0.002357758115977049,0.0020995154045522213,0.0019411292159929872
0.0018372151535004377,0.001730676623992622,0.0015622107312083244,0.0012799614341929555
0.0008512319764122367,0.00027523981407284737,-0.0004177242226433009,-0.0011874086922034621
-0.002003614790737629,-0.0028492275159806013,-0.0037097884342074394
-0.004559682682156563,-0.005361292511224747,-0.006077333353459835,-0.006679387763142586
-0.00715194595977664,-0.007494104094803333,-0.00771734956651926,-0.007843026891350746,-0.007894035428762436,-0.007878674194216728,-0.007786115165799856,-0.0076103853061795235
-0.007375491317361593,-0.0071281068958342075,-0.006914712954312563,-0.006768645718693733
-0.006710607558488846,-0.006756128743290901,-0.006910907104611397,-0.007155064959079027
-0.007447861135005951,-0.007751907221972942,-0.008045289665460587
-0.008315330371260643,-0.0085450429469347,-0.00870633963495493,-0.008772790431976318
-0.00873882882297039,-0.008623015135526657,-0.008457222953438759,-0.00826905108988285
-0.00806504674255848,-0.007834834977984428,-0.007570663932710886,-0.0072729215025901794
-0.006941635627299547,-0.006574316415935755,-0.006176995113492012,-0.005779920145869255
-0.005436747334897518,-0.005195768550038338,-0.005071667488664389,-0.005052653141319752
-0.00512842508032918,-0.0052961315959692,-0.005532237701117992
-0.005771668627858162,-0.005932310596108437,-0.0059551214799284935,-0.005818963050842285
-0.005534920375794172,-0.005132465157657862,-0.004642672371119261,-0.004090636502951384
-0.003501695580780506,-0.0029036984778940678,-0.0023152343928813934,-0.0017397527117282152
-0.001175045152194798,-0.0006287988508120179,-0.00012814148794859648,0.00029081417596898973
0.0005988277844153345,0.0007749474607408047,0.0008035465143620968,0.000677053234539926
0.00040546467062085867,2.505606971681118e-05,-0.00040909741073846817
-0.0008432845352217555,-0.0012346748262643814,-0.0015444005839526653,-0.001734454883262515,-0.0017729285173118114,-0.001636955188587308,-0.0013179429806768894
-0.0008234957931563258,-0.0001655080122873187,0.000644827145151794,0.0015863328007981181
0.002621124032884836,0.0036931894719600677,0.004732287488877773,0.005670626647770405
0.006462549790740013,0.007096677552908659,0.007589538581669331,0.007964033633470535
0.008240114897489548,0.008439192548394203,0.008583792485296726,0.008687707595527172
0.008748577907681465,0.008758258074522018,0.008717400021851063,0.008637651801109314
0.00853330921381712,0.008405134081840515,0.00823892466723919,0.00802566297352314
0.007770210970193148,0.0074843172915279865,0.007177742198109627,0.006850558798760176
0.006505095865577459,0.006163780577480793,0.005858743097633123,0.005613512825220823
0.005442231427878141,0.005354519002139568,0.005355347413569689,0.0054438975639641285,0.005612185224890709,0.0058410814963281155,0.006098628975450993
0.006343130953609943,0.006534517277032137,0.006654123775660992,0.006711198017001152
0.006726344581693411,0.006715709343552589,0.006688433699309826,0.006642987485975027
0.0065603237599134445,0.006412329152226448,0.006187978200614452,0.005912362597882748
0.005640518385916948,0.005431754514575005,0.005319682415574789,0.005296127405017614
0.005321042612195015,0.0053471955470740795,0.005334069021046162,0.005247991532087326
0.005066618788987398,0.004784101154655218,0.004401576705276966
0.00391597393900156,0.0033236066810786724,0.0026336938608437777,0.001882641576230526
0.0011319555342197418,0.00044734892435371876,-0.0001160617102868855,-0.0005214797565713525
-0.0007588838925585151,-0.0008419682271778584,-0.000797517248429358,-0.0006619818159379065
-0.00048607023200020194,-0.0003320900141261518,-0.0002520266571082175,-0.0002681399928405881
-0.00037877820432186127,-0.0005749711417593062,-0.0008472371846437454,-0.0011846042471006513
-0.001575562870129943,-0.0020118202082812786,-0.0024890219792723656
-0.0029984533321112394,-0.00351837114430964,-0.004016036633402109,-0.004454026930034161
-0.004800811409950256,-0.0050427271053195,-0.005185205023735762,-0.005255990196019411
-0.005312394816428423,-0.005428679753094912,-0.005666195414960384,-0.006049317307770252,-0.0065660797990858555,-0.007190784439444542,-0.007897531613707542,-0.008658193051815033
-0.009442394599318504,-0.01021347101777792,-0.010922016575932503,-0.011515338905155659
-0.011953849345445633,-0.012214033864438534,-0.012281781062483788
-0.012152634561061859,-0.01183844543993473,-0.011366215534508228,-0.010769661515951157
-0.010085576213896275,-0.00935478787869215,-0.008617281913757324,-0.007903823629021645
-0.007236755918711424,-0.006633972283452749,-0.006103357300162315,-0.005639105569571257
-0.0052308510057628155,-0.0048718759790062904,-0.004553746897727251,-0.004260054789483547
-0.003979052416980267,-0.0037269610911607742,-0.0035508156288415194,-0.0035000904463231564
-0.0035905202385038137,-0.0037879692390561104,-0.004022327717393637
-0.004220173694193363,-0.0043367547914385796,-0.004366858396679163,-0.004326144233345985
-0.0042284512892365456,-0.004078694153577089,-0.0038777266163378954,-0.0036332886666059494
-0.0033549710642546415,-0.0030367569997906685,-0.0026633082889020443,-0.0022328789345920086
-0.0017688637599349022,-0.0013158605434000492,-0.0009210460120812058,-0.0006125535583123565
-0.00039345654658973217,-0.0002530755882617086,-0.00018291751621291041,-0.0001873253204394132
-0.00028412160463631153,-0.00048324279487133026,-0.0007593407644890249
-0.001057091518305242,-0.001316081266850233,-0.0014844880206510425,-0.0015212460421025753
-0.0013911952264606953,-0.0010670563206076622,-0.0005416070343926549,0.00017218838911503553
0.0010547501733526587,0.0020870950538665056,0.00324546592310071,0.00448676897212863
0.0057328008115291595,0.006875098682940006,0.007808522321283817,0.008467581123113632
0.008840490132570267,0.0089566670358181,0.008860670030117035,0.008599357679486275
0.008226368576288223,0.00780107919126749,0.007379372604191303
0.00701128551736474,0.006743506528437138,0.006612169090658426,0.006622917018830776
0.006740656215697527,0.006911995355039835,0.007096234243363142,0.00726702343672514
0.007399117574095726,0.007468639872968197,0.007461243309080601,0.00737958075478673
0.0072482796385884285,0.0071036554872989655,0.006971800234168768,0.006863452028483152
0.006787169259041548,0.0067537277936935425,0.006766148377209902,0.006809436250478029
0.006849333178251982,0.006842777132987976,0.006753990892320871
0.006568055599927902,0.006296106148511171,0.005965499207377434,0.005606550257652998
0.005252591334283352,0.004937414545565844,0.004672583192586899,0.004430635832250118
0.004165735095739365,0.003856081748381257,0.003527127904817462,0.0032377897296100855
0.0030491866637021303,0.0030041278805583715,0.003123309463262558,0.003406448056921363
0.00382561725564301,0.004321275744587183,0.004820769652724266,0.005263087339699268
0.0056037260219454765,0.005804690532386303,0.00583128584548831
0.00566435232758522,0.005309360567480326,0.004792078863829374,0.004156438633799553
0.0034616764169186354,0.002766838762909174,0.002118110191076994,0.001551242545247078
0.0010928820120170712,0.0007514340104535222,0.0005150267388671637,0.00035996735095977783
0.0002541894791647792,0.00015696982154622674,2.3642642190679908e-05,-0.000183748037670739
-0.0004913165466859937,-0.0009190071141347289,-0.001476885168813169,-0.0021546571515500546
-0.0029254513792693615,-0.0037513868883252144,-0.004582586698234081
-0.005364981014281511,-0.0060553280636668205,-0.006626100279390812,-0.007054030895233154
-0.007310315500944853,-0.007377711124718189,-0.007278086617588997,-0.007070410065352917
-0.006825712975114584,-0.006606155075132847
2.9628476113430224e-05,3.279092925367877e-05
3.5791556001640856e-05,3.724442285601981e-05,3.6282610381022096e-05,3.29261711158324e-05
2.7985319320578128e-05,2.2580939912586473e-05,1.762019564921502e-05,1.3557573765865527e-05
1.046600391418906e-05,8.245305252785329e-06,6.723024398525013e-06,5.638533366436604e-06
4.692245965998154e-06,3.669023044494679e-06,2.527157221265952e-06,1.399075927110971e-06
5.087061367703427e-07,4.924407903672545e-08,5.259012780811645e-08,3.2911532343860017e-07
5.941935796727194e-07,6.850406748526439e-07,6.13750273714686e-07
4.5934922354717855e-07,2.9042735150142107e-07,1.5300224731618073e-07,6.697425902757459e-08
2.6830562660506985e-08,1.5954714882582266e-08,2.9079069818749304e-08,1.0648125225998228e-07
3.79355498125733e-07,1.0744313385657733e-06,2.432275550745544e-06,4.5969659367983695e-06
7.561795428046025e-06,1.12027810246218e-05,1.534685361548327e-05,1.981663444894366e-05
2.4518269128748216e-05,2.9514054403989576e-05,3.4969103580806404e-05,4.1040955693461e-05
4.7725603508297354e-05,5.4761607316322625e-05,6.173529254738241e-05
6.819614645792171e-05,7.363607437582687e-05,7.748416101094335e-05,7.92271748650819e-05
7.868315879022703e-05,7.616945367772132e-05,7.21909455023706e-05,6.705089617753401e-05
6.094000855227932e-05,5.426443385658786e-05,4.778229777002707e-05,4.239737245370634e-05
3.873571040458046e-05,3.690494486363605e-05,3.6651137634180486e-05,3.765380824916065e-05
3.963903509429656e-05,4.228594480082393e-05,4.511159204412252e-05,4.7534253099001944e-05
4.9146652600029483e-05,4.9941674660658464e-05,5.0199960242025554e-05
5.013510235585272e-05,4.957950659445487e-05,4.7965026169549674e-05,4.4785421778215095e-05
4.014348814962432e-05,3.474273398751393e-05,2.940084414149169e-05,2.4576827854616567e-05
2.026618312811479e-05,1.632666499062907e-05,1.2809534382540733e-05,9.920961019815877e-06
7.823064152034931e-06,6.552756985911401e-06,6.065967227186775e-06,6.319713975244667e-06
7.301979621843202e-06,8.984365194919519e-06,1.1252369404246565e-05,1.387932297802763e-05
1.6543912352062762e-05,1.888531187432818e-05,2.0630497601814568e-05
2.1673475202987902e-05,2.202087671321351e-05,2.1717476556659676e-05,2.0745386791531928e-05,1.8981720131705515e-05,1.6354486433556303e-05,1.3038514225627296e-05,9.487832357990555e-06
6.238007699721493e-06,3.652421582955867e-06,1.8498606095818104e-06,7.663433621019067e-07
2.279223423329313e-07,2.8029891296910137e-08,5.924707835447407e-09,8.641465853997943e-08
2.6790553420141805e-07,5.860691203452006e-07,1.1046931831515394e-06,1.9429487565503223e-06
3.2666725928720552e-06,5.201335625315551e-06,7.703810297243763e-06
1.0484839549462777e-05,1.3118159586156253e-05,1.5314824850065634e-05,1.708346462692134e-05
1.862572753452696e-05,2.0152010620222427e-05,2.1814574211020954e-05,2.3783948563504964e-05
2.6374267690698616e-05,2.998597119585611e-05,3.482254396658391e-05,4.074365278938785e-05
4.74395310448017e-05,5.4664149502059445e-05,6.225003016879782e-05,6.983579805819318e-05
7.660395203856751e-05,8.147877088049427e-05,8.370031719096005e-05,8.330107812071219e-05
8.113341755233705e-05,7.836844451958314e-05,7.590394670842215e-05
7.421906047966331e-05,7.354333502007648e-05,7.386328070424497e-05,7.479426130885258e-05
7.566627755295485e-05,7.583064871141687e-05,7.499234197894111e-05,7.329790241783485e-05
7.101771188899875e-05,6.819977716077119e-05,-0.00804082676768303,-0.00775659317150712
-0.007396112661808729,-0.006966018117964268,-0.006485228892415762,-0.005975943990051746
-0.005464960355311632,-0.004990017041563988,-0.004596400074660778,-0.00432495167478919
-0.004191027022898197,-0.004162789322435856,-0.004173441790044308
-0.0041667381301522255,-0.004122142679989338,-0.004046029876917601,-0.0039589302614331245
-0.0038891155272722244,-0.0038686487823724747,-0.003916325978934765,-0.004010798409581184
-0.004093880765140057,-0.004105254076421261,-0.004009411670267582,-0.003802922321483493,-0.003505922155454755,-0.0031404539477080107,-0.0027176574803888798,-0.0022498401813209057
-0.0017671920359134674,-0.0013134994078427553,-0.0009225981775671244,-0.0005990820936858654,-0.0003276171628385782,-0.00010362779721617699,5.7684810599312186e-05
0.000147151222336106,0.00018130442185793072,0.000193954590940848,0.00022132191224955022
0.00029199873097240925,0.00042134238174185157,0.0006195041933096945,0.0009016466792672873,0.0012822761200368404,0.0017635589465498924,0.0023287194781005383,0.002942460123449564,0.00355986924842,0.004137711133807898,0.004643807653337717,0.005063728429377079
0.005401001311838627,0.0056735556572675705,0.005908238235861063,0.006130339577794075
0.006357490085065365,0.006604802794754505,0.006884334608912468
0.007190948352217674,0.007497838232666254,0.0077706933952867985,0.007978293113410473
0.008091587573289871,0.008086402900516987,0.007955360226333141,0.007714173290878534
0.007391580380499363,0.007020438089966774,0.006643443834036589,0.006311421748250723
0.006066843401640654,0.005937179084867239,0.0059422836638987064,0.006097476463764906
0.006402103696018457,0.0068258554674685,0.007308821193873882,0.007775519974529743
0.008158277720212936,0.008414488285779953,0.008526600897312164
0.008490784093737602,0.008300079964101315,0.007942914962768555,0.007429099641740322
0.006808323785662651,0.006149751134216785,0.005498754791915417,0.004854731261730194
0.004201862029731274,0.003562626428902149,0.003007281571626663,0.002612801967188716
0.002425782149657607,0.0024619968608021736,0.0027237236499786377,0.0032026725821197033
0.0038647751789540052,0.004638161975890398,0.005422099493443966,0.006110940128564835
0.006615099497139454,0.006874829065054655,0.006866020616143942
0.0065955850295722485
0.0060922978445887566,0.005402108654379845,0.004594850353896618,0.0037630312144756317
0.0029927834402769804,0.002334968186914921,0.0018026260659098625,0.0013889485271647573
0.0010862196795642376,0.0008857820648699999,0.000766592042054981,0.0006913946126587689
0.0006166090606711805,0.0005054811481386423,0.0003295312053523958,6.500197923742235e-05
-0.00030755152693018317,-0.0008007315336726606,-0.0014136761892586946,-0.0021286325063556433
-0.0029123290441930294,-0.0037165144458413124,-0.004481601528823376,-0.00514926016330719
-0.005678579211235046,-0.006055991165339947,-0.006295972038060427,-0.006430606823414564
-0.0064943889155983925,-0.006519352085888386,-0.006539990659803152,-0.0065939961932599545
-0.006712339818477631,-0.006909775082021952,-0.00718748290091753,-0.007540151942521334
-0.00795597955584526,-0.008410809561610222,-0.008865585550665855,-0.009270976297557354
-0.009577896445989609,-0.009756281040608883,-0.009809652343392372,-0.009764986112713814,-0.009650249034166336
-0.009485578164458275,-0.009286778047680855,-0.009070731699466705,-0.00886104442179203
-0.008683215826749802,-0.008547562174499035,-0.008444512262940407,-0.008357402868568897
-0.008273097686469555,-0.008181948214769363,-0.008068712428212166,-0.00790679082274437
-0.007667075842618942,-0.00732839573174715,-0.006880888249725103,-0.006333214696496725
-0.005720970686525106,-0.005104201380163431,-0.00455292034894228,-0.0041218288242816925
-0.003821868682280183,-0.0036147094797343016,-0.003447048831731081
-0.0032950921449810266,-0.0031742132268846035,-0.00311533291824162,-0.003142652800306678
-0.0032669766806066036,-0.003486726200208068,-0.003784341039136052,-0.004112877883017063
-0.004389980807900429,-0.0045172651298344135,-0.004419189877808094,-0.004075493197888136
-0.003520323894917965,-0.0028148735873401165,-0.002022913657128811,-0.0012053181417286396
-0.00042849709279835224,0.00023787893587723374,0.0007392207626253366,0.0010461313650012016
0.0011530423071235418,0.0010765298502519727,0.0008499366231262684
0.0005145318573340774,0.00012004043674096465,-0.00026617731782607734,-0.0005654444685205817
-0.000709967571310699,-0.0006554537103511393,-0.0003823739825747907,0.00010841040057130158
0.0008041241089813411,0.001682504080235958,0.002707627136260271,0.003822650294750929
0.0049432916566729546,0.005969356745481491,0.006815949454903603,0.007434418424963951
0.007808067370206118,0.007941958494484425,0.007862772792577744,0.007623773533850908,0.007301135919988155,0.006979245226830244,0.006735360249876976
0.006626594811677933,0.006677150726318359,0.006870920769870281,0.0071624405682086945
0.007501690182834864,0.007842864841222763,0.008136505261063576,0.008335103280842304
0.008407523855566978,0.008338769897818565,0.008125696331262589,0.007783771492540836
0.00735329557210207,0.00689015444368124,0.0064447615295648575,0.0060526835732162
0.005744726397097111,0.005549137480556965,0.005477061960846186,0.005515871569514275
0.005638491362333298,0.005817693192511797,0.006034414283931255
0.006271261256188154,0.006499328184872866,0.006677932571619749,0.006767418701201677
0.006738198921084404,0.0065677594393491745,0.006231694482266903,0.0057070269249379635,0.004993798676878214,0.0041337343864142895,0.0032128198072314262,0.002348709851503372,0.001666082302108407,0.0012714322656393051,0.0012349039316177368,0.0015777483349666,0.002263640984892845,0.003200631123036146,0.004257979337126017,0.00528368167579174,0.0061252121813595295,0.0066659837029874325,0.006851362995803356
0.006688299123197794,0.0062317438423633575,0.005556240677833557,0.0047285170294344425
0.003805294632911682,0.0028449564706534147,0.0019176423083990812,0.0011042370460927486
0.0004718182608485222,4.331790842115879e-05,-0.00020441875676624477,-0.0003179836494382471
-0.0003465060726739466,-0.0003393545630387962,-0.0003554026479832828,-0.00045190739911049604
-0.0006561544723808765,-0.00096150889294222,-0.0013524501118808985,-0.0018231614958494902
-0.0023716227151453495,-0.0029859503265470266,-0.003641246585175395
-0.004305551759898663,-0.004944921471178532,-0.005522779654711485,-0.006002387963235378
-0.006358227226883173,-0.006582289468497038,-0.006679895333945751,-0.006665956694632769
-0.006561613641679287,-0.006392620969563723,-0.006197827868163586,-0.006035184022039175
-0.005972019862383604,-0.006067960523068905,-0.006355697754770517,-0.006827577017247677,-0.007441805209964514,-0.00813695415854454,-0.00884061399847269,-0.009479580447077751,-0.009992053732275963,-0.010335467755794525,-0.010489506646990776
-0.010452321730554104,-0.010233508422970772,-0.00985084380954504,-0.00933006964623928
-0.008707416243851185,-0.008032270707190037,-0.007361527066677809,-0.006748337298631668
-0.0062338002026081085,-0.005840476602315903,-0.005566470790654421,-0.005388435907661915
-0.005279686767607927,-0.005228422582149506,-0.005235494114458561,-0.005295465234667063
-0.0053834267891943455,-0.005465795285999775,-0.005518713966012001,-0.00552013237029314
-0.0054331570863723755,-0.005219222977757454,-0.004870672710239887
-0.004430233966559172,-0.003981749527156353,-0.003621462732553482,-0.0034269581083208323
-0.0034309152979403734,-0.003608583239838481,-0.0038893043529242277,-0.004189630970358849,-0.004441414028406143,-0.004591233562678099,-0.0045893569476902485,-0.004391907248646021
-0.0039713745936751366,-0.0033262830693274736,-0.0024825269356369972,-0.001485136104747653
-0.00039573246613144875,0.0007032986613921821,0.0017142256256192923,0.002538298722356558,0.003094062441959977,0.0033376102801412344,0.003270585322752595
0.0029301755130290985,0.0023710387758910656,0.0016552789602428675,0.0008604327449575067
8.679204620420933e-05,-0.0005564980674535036,-0.000977265415713191,-0.0011192918755114079
-0.0009644695091992617,-0.0005247524240985513,0.00016560859512537718,0.0010578527580946684
0.0020879635121673346,0.0031714714132249355,0.004219279624521732,0.005166258662939072
0.005984459538012743,0.0066739958710968494,0.007242895197123289,0.007697440683841705
0.008044546470046043,0.008292321115732193,0.00845122430473566,0.008536350913345814
0.00856785848736763,0.008573750033974648,0.008585155010223389,0.008617497980594635
0.008659597486257553,0.00868486613035202,0.008673910051584244,0.008632665500044823
0.00858689472079277,0.008550426922738552,0.00849851407110691,0.008376508951187134
0.008138561621308327,0.007783076260238886,0.007350568193942308,0.006885059643536806
0.006406574044376612,0.005926588550209999,0.005474202800542116,0.005092565435916185
0.004813480190932751,0.004643917549401522
0.004577444400638342,0.00460581760853529,0.004713842645287514,0.004871215671300888
0.005028635263442993,0.00512351281940937,0.005100445356220007,0.004932057112455368
0.0046265386044979095,0.004223146475851536,0.0037859089206904173,0.003398994216695428
0.0031483967322856188,0.0030915664974600077,0.0032435955945402384,0.0035847697872668505,0.004073854070156813,0.004660479724407196,0.005288281477987766,0.005886354949325323
0.006364575121551752,0.006629387382417917,0.0066163609735667706
0.006314667407423258,0.005761828739196062,0.005014021415263414,0.004122443497180939
0.003135251346975565,0.0021117881406098604,0.001127767376601696,0.00026111502666026354
-0.00043194470345042646,-0.0009232776355929673,-0.0011998402187600732,-0.001264370046555996
-0.0011566883185878396,-0.0009569553658366203,-0.0007534708129242063,-0.0006118943565525115
-0.0005749223055317998,-0.0006767150480300188,-0.0009466838091611862,-0.0013986306730657816
-0.0020226987544447184,-0.0027876244857907295,-0.003643480595201254
-0.004529288038611412,-0.0053871553391218185,-0.006165639031678438,-0.006817002780735493
-0.00730471033602953,-0.007613249123096466,-0.0077504864893853664,-0.007742131128907204
-0.007622635457664728,-0.007431813050061464,-0.00721654761582613,-0.007029708940535784
-0.0069219861179590225,-0.006926880218088627,-0.00705216359347105,-0.007291192654520273
-0.007636711932718754,-0.008076483383774757,-0.008583985269069672,-0.009117635898292065
-0.009626138024032116,-0.010060856118798256,-0.010386948473751545
-0.010579868219792843,-0.010618082247674465,-0.01048721931874752,-0.010183770209550858
-0.009712542407214642,-0.009090344421565533,-0.008351054042577744,-0.0075448364950716496
-0.006734672002494335,-0.005987650714814663,-0.005363449454307556,-0.004904129076749086
-0.004624868277460337,-0.004513121210038662,-0.004539718851447105,-0.004670487716794014
-0.004872448742389679,-0.005113489925861359,-0.00534302182495594,-0.005476898048073053
-0.005430163349956274,-0.0051664793863892555,-0.004715032409876585
-0.00415797857567668,-0.0035974967759102583,-0.0031200579833239317,-0.0027823648415505886
-0.002612002892419696,-0.0026061013340950012,-0.002728608436882496,-0.002914304845035076
-0.003083285875618458,-0.0031628962606191635,-0.0031092585995793343,-0.002915921388193965,-0.002604383509606123,-0.002203982789069414,-0.0017342283390462399,-0.0012073267716914415
-0.0006471539381891489,-9.365467121824622e-05,0.0004162434779573232,0.0008647083886899054,0.0012436689576134086,0.0015334939816966653,0.0017009626608341932
0.001721339300274849,0.00160263292491436,0.0013930739369243383,0.0011670136591419578
0.0009979959577322006,0.0009359247633256018,0.0010039731860160828,0.0012130544055253267
0.0015721134841442108,0.002087034285068512,0.002753289183601737,0.003544100094586611
0.00441146083176136,0.005302022211253643,0.006162451580166817,0.006935412064194679
0.0075670569203794,0.00802658498287201,0.008318810723721981,0.00847479235380888
0.00853046216070652,0.008511848747730255,0.008434580639004707
0.008314432576298714,0.008172275498509407,0.008024200797080994,0.007867364212870598
0.007679756265133619,0.007442648056894541,0.007161828689277172,0.006862543988972902
0.006571660283952951,0.006310164462774992,0.006098901852965355,0.005960431881248951
0.005906035657972097,0.0059226746670901775,0.0059731691144406796,0.006009554024785757
0.005992510821670294,0.0059046964161098,0.005755022168159485,0.0055727059952914715
0.0053912135772407055,0.005235380958765745,0.005120870191603899
0.005059270653873682,0.005061241798102856,0.005135697312653065,0.0052743046544492245
0.0054284436628222466,0.005519601982086897,0.005485106725245714,0.005307989194989204
0.0050083184614777565,0.004623543471097946,0.004202199634164572,0.0038021081127226353,0.003483156906440854,0.003300137585029006,0.0032903014216572046,0.0034552812576293945
0.0037560381460934877,0.004125639796257019,0.004489965736865997,0.004784466698765755,0.004957180004566908,0.004967126529663801,0.004795692395418882
0.004464341793209314,0.004029794130474329,0.0035514270421117544,0.003065913449972868
0.0025941345375031233,0.002160180127248168,0.0017944932915270329,0.001521171536296606
0.0013415820430964231,0.0012267525307834148,0.0011248301016166806,0.0009792950004339218
0.0007471765275113285,0.00040119484765455127,-7.739599095657468e-05,-0.0006897514685988426
-0.0014038693625479937,-0.0021603028289973736,-0.002896134741604328,-0.003569592721760273
-0.004169728606939316,-0.004702236503362656,-0.005168934818357229
-0.005567488726228476,-0.005907218437641859,-0.006212649866938591,-0.00650434335693717,-0.006775915157049894,-0.006993432063609362,-0.007122775074094534
-0.007156402803957462,-0.007112404331564903,-0.007015864830464125,-0.006886365357786417
-0.0067409672774374485,-0.006606964860111475,-0.006525477394461632,-0.006534181069582701
-0.006648591253906488,-0.006865023169666529,-0.007172913756221533,-0.007551926653832197
-0.00796537660062313,-0.008371641859412193,-0.008736775256693363,-0.009029548615217209
-0.009216664358973503,-0.009276054799556732,-0.009213941171765327,-0.009059721603989601
-0.008841745555400848,-0.008573749102652073,-0.008260078728199005,-0.007901759818196297
-0.0074976361356675625,-0.007048509549349546,-0.006566870026290417,-0.006081468425691128
-0.005625941324979067,-0.0052240085788071156,-0.004891887307167053,-0.0046552796848118305
-0.004550727549940348,-0.004588468000292778,-0.0047197360545396805,-0.004864377900958061,-0.0049622985534369946,-0.004992812871932983,-0.004968924447894096
-0.004923204425722361,-0.00489127216860652,-0.004899349994957447,-0.004957238212227821
-0.005054435692727566,-0.0051568676717579365,-0.005207045469433069,-0.0051341187208890915
-0.004878115374594927,-0.004414870869368315,-0.0037597408518195152,-0.002956322394311428
-0.0020653449464589357,-0.0011540029663592577,-0.00028649158775806427,0.000484048476209864
0.0011189186479896307,0.0015879501588642597,0.0018665986135601997,0.001947812270373106
0.001852072193287313,0.001617347588762641,0.001286234357394278
0.0009092979598790407,0.0005513746291399002,0.0002864444977603853,0.00018146575894206762
0.00027684555971063673,0.0005827106069773436,0.0010910236742347479,0.0017745675286278129
0.0025764149613678455,0.0034218323417007923,0.004244478419423103,0.004996216855943203
0.00564104039222002,0.006151903886348009,0.0065172589384019375,0.006748799700289965
0.006879956927150488,0.00695801293477416,0.007035329006612301,0.007154382299631834
0.007331039756536484,0.007556315511465073,0.007812966592609882
0.008080413565039635,0.008329956792294979,0.008528942242264748,0.008653614670038223
0.008701011538505554,0.008688481524586678,0.008641090244054794,0.008580086752772331
0.008512773551046848,0.008424364030361176,0.008285005576908588,0.008069738745689392
0.007772167678922415,0.007401834242045879,0.0069740405306220055,0.0065077077597379684
0.006032587494701147,0.005589577369391918,0.005216915160417557,0.0049396962858736515
0.004774956963956356,0.004737964831292629,0.004837631247937679
0.005065141245722771,0.005381499417126179,0.005710388533771038,0.0059479009360075
0.00599990738555789,0.005827515851706266,0.005459651816636324,0.0049718404188752174
0.004459975752979517,0.004016532097011805,0.0037113477010279894,0.003582244971767068
0.003628794103860855,0.0038128269370645285,0.004073746502399445,0.004347781650722027
0.004579528234899044,0.004722721874713898,0.004736300557851791,0.004591385368257761
0.004287476651370525,0.0038571543991565704,0.0033522320445626974
0.002824021503329277,0.002312770579010248,0.0018464364111423492,0.001438295585103333
0.0010853951098397374,0.0007786463247612119,0.0005162579473108053,0.00030418665846809745
0.0001473847369197756,4.113552859053016e-05,-3.122138150501996e-05,-9.422720177099109e-05,-0.00017934737843461335,-0.0003231359296478331,-0.0005582961020991206,-0.0009047791827470064
-0.0013664026046171784,-0.0019332942320033908,-0.002588141243904829,-0.0033113164827227592,-0.004079578444361687,-0.004865254741162062,-0.005641217343509197
-0.006376944482326508,-0.007027219980955124,-0.007535617798566818,-0.007853636518120766
-0.007960603572428226,-0.007872390560805798,-0.0076338788494467735,-0.007303507067263126
-0.00694133760407567,-0.006606650073081255,-0.006357948761433363,-0.006243176758289337
-0.006286982912570238,-0.006487105041742325,-0.006821314338594675,-0.007254466414451599
-0.00773822283372283,-0.008219514042139053,-0.008658180013298988,-0.009027639403939247
-0.00930476002395153,-0.009474008344113827,-0.009536311030387878
-0.00950429867953062,-0.009387531317770481,-0.009181994944810867,-0.008874472230672836
-0.008456147275865078,-0.007932543754577637,-0.007324502803385258,-0.006664228159934282
-0.005992576014250517,-0.005359245929867029,-0.004824540577828884,-0.004452954512089491
-0.004294386133551598,-0.004369303584098816,-0.004664702340960503,-0.005127104464918375
-0.0056519885547459126,-0.0060941074043512344,-0.006313230376690626,-0.006226449739187956
-0.005828905384987593,-0.005181074608117342,-0.004379910882562399
-0.003534081857651472,-0.002751423278823495,-0.00212297891266644,-0.0017031650058925152
-0.00150200049392879,-0.0014906107680872083,-0.0016125977272167802,-0.0017957709496840835
-0.001965907635167241,-0.002061364473775029,-0.002039465121924877,-0.0018780302489176393
-0.0015792993362993002,-0.0011699110036715865,-0.0006964100757613778,-0.0002198776346631348
0.00019612029427662492,0.0005023972480557859,0.000677514704875648,0.0007316880510188639
0.0006983274361118674,0.000620075617916882,0.0005368582205846906
0.00048001680988818407,0.00047666855971328914,0.0005557147087529302,0.0007376302964985371
0.0010125921107828617,0.001339484704658389,0.0016757219564169645,0.0020059552043676376
0.002347450703382492,0.00273189228028059,0.0031748744659125805,0.0036624192725867033
0.004167152103036642,0.00467251380905509,0.005177844315767288,0.005682307295501232
0.006172670517116785,0.006629259791225195,0.007038619834929705,0.007396721746772528
0.007700284942984581,0.007937142625451088,0.008087577298283577
0.008139437064528465,0.00810631550848484,0.008032029494643211,0.007970646023750305
0.007955284789204597,0.007984485477209091,0.00803380273282528,0.008074741810560226,0.008080489933490753,0.008023848757147789
3.437581835896708e-05,3.5825320082949474e-05,3.4089967812178656e-05
2.9134735086699948e-05,2.1896848920732737e-05,1.3984235920361243e-05,7.071189884300111e-06
2.358664005441824e-06,2.2582599967790884e-07,1.7888194747683883e-07,1.177167177957017e-06,2.184933691751212e-06,2.58942804975959e-06,2.294879777764436e-06,1.5855780475249048e-06,8.592158451392606e-07,3.666867200990964e-07,1.329493244384139e-07,6.118737161386889e-08,7.84930804798023e-08,2.4134334353220765e-07,8.396838779844984e-07,2.5076526526390808e-06,6.194908110046526e-06,1.2786616935045458e-05,2.2462667402578518e-05
3.440792715991847e-05,4.715802788268775e-05,5.899379902984947e-05,6.808598118368536e-05,7.283905142685398e-05,7.25831268937327e-05,6.796212983317673e-05,6.051911987015046e-05,5.191453601582907e-05,4.3427182390587404e-05,3.5919485526392236e-05,3.0039131161174737e-05
2.6347728635300882e-05,2.5335606551379897e-05,2.7431608032202348e-05,3.298252704553306e-05
4.2089432099601254e-05,5.4331983847077936e-05,6.866110197734088e-05,8.362545486306772e-05
9.756620420375839e-05,0.00010866026423173025,0.0001152542099589482
0.00011640570301096886,0.0001121544701163657,0.00010329412179999053,9.089997183764353e-05
7.621932309120893e-05,6.0825084801763296e-05,4.639343751478009e-05,3.419432687223889e-05
2.484541619196534e-05,1.8398512111161835e-05,1.4564324374077842e-05,1.2977026926819235e-05
1.3366196071729064e-05,1.5558414816041477e-05,1.936917942657601e-05,2.4418144676019438e-05,2.982112710014917e-05,3.4063024941133335e-05,3.556821684469469e-05,3.364996155141853e-05
2.892375960072968e-05,2.290302472829353e-05,1.7192527593579143e-05
1.28267029140261e-05,1.0111828487424646e-05,8.915731086744927e-06,9.033267815539148e-06
1.0337578714825213e-05,1.2671661352214869e-05,1.5618725228705443e-05,1.8412911231280304e-05
2.0161238353466615e-05,2.0240669982740656e-05,1.8530503439251333e-05,1.53081891767215e-05
1.1090038242400624e-05,6.625537480431376e-06,2.828745664373855e-06,5.142915142641868e-07
5.750474940668937e-08,1.2381365195324179e-06,3.4111503737221938e-06,5.798880920337979e-06
7.673056643398013e-06,8.459164746454917e-06,7.894090231275186e-06
6.200405550771393e-06,4.020515007141512e-06,2.0502391180343693e-06,7.16680801815528e-07
1.0138840877971234e-07,7.826806758259863e-09,9.78864278522451e-08,8.969767861799482e-08,1.7196966073385056e-10,3.055049830891221e-07,1.904541818475991e-06,5.87743579671951e-06
1.3022948223806452e-05,2.3362621504929848e-05,3.595581802073866e-05,4.913458178634755e-05
6.1002163420198485e-05,6.993176793912426e-05,7.485356763936579e-05,7.534998439950868e-05,7.174027996370569e-05,6.516151188407093e-05,5.733319267164916e-05
4.988483851775527e-05,4.37844792031683e-05,3.940386159229092e-05,3.6954268580302596e-05
3.6710207496071234e-05,3.889888830599375e-05,4.346478817751631e-05,4.994854316464625e-05
5.7574994571041316e-05,6.535221473313868e-05,7.213447679532692e-05,7.684496085857973e-05
7.873529830249026e-05,7.747157360427082e-05,7.31617328710854e-05,6.646012479905039e-05
5.849423905601725e-05,5.0435679440852255e-05,4.309430732973851e-05,3.682339593069628e-05
3.1692343327449635e-05,2.7731663067243062e-05
2.4968525394797325e-05,2.329782728338614e-05,2.2422098481911235e-05,2.189516817452386e-05
2.1275025574141182e-05,2.0306086298660375e-05,1.8929242287413217e-05,1.720136424410157e-05
1.5292684111045673e-05,1.3473061699187383e-05,0.003466931404545903,0.0033304416574537754
0.0032661072909832,0.0032570662442594767,0.0032830715645104647,0.0033321420196443796
0.0034034065902233124,0.003505622735247016,0.003645602148026228,0.003816294949501753
0.004004794172942638,0.004206155892461538,0.0044161914847791195
0.004610105417668819,0.004735267721116543,0.00473414920270443,0.004577897489070892
0.004273521713912487,0.003843361511826515,0.0033107770141214132,0.0027058653067797422
0.00207154150120914,0.0014567915350198746,0.0009035114198923111,0.0004330462543293834
4.184048157185316e-05,-0.00028578643104992807,-0.0005639957380481064,-0.0008082324056886137
-0.0010466555831953883,-0.001321704825386405,-0.00167311099357903,-0.002119464101269841
-0.0026583916042000055,-0.0032756091095507145,-0.003947087563574314
-0.004640316590666771,-0.005324904341250658,-0.00598188629373908,-0.00659969775006175
-0.007165613584220409,-0.007662075571715832,-0.008072211407124996,-0.008392604067921638
-0.008634893223643303,-0.008811581879854202,-0.00892588496208191,-0.008974538184702396,-0.008955434896051884,-0.00886897835880518,-0.00871415063738823,-0.008495594374835491
-0.008239318616688251,-0.007993161678314209,-0.007809207774698734,-0.007724171970039606,-0.0077434866689145565,-0.007837874814867973,-0.007961411960422993
-0.00807352177798748,-0.008147567510604858,-0.008165647275745869,-0.008105061948299408,-0.007938457652926445,-0.007653891108930111,-0.007264783140271902,-0.006802680436521769
-0.006311181932687759,-0.005836870521306992,-0.005415417719632387,-0.005070182494819164
-0.004823816940188408,-0.004703143145889044,-0.004726896993815899,-0.004883836954832077
-0.005114802159368992,-0.0053259506821632385,-0.005439493339508772,-0.005428381264209747,-0.005307336803525686,-0.005116290878504515,-0.004907369613647461
-0.004724346566945314,-0.0045913211070001125,-0.004513954743742943,-0.00447774538770318
-0.004451774060726166,-0.004404468461871147,-0.004315226338803768,-0.0041728550568223
-0.003968461416661739,-0.0036947906482964754,-0.003353981301188469,-0.0029595056548714638,-0.0025275079533457756,-0.002072432078421116,-0.0016094576567411423,-0.0011546218302100897,-0.0007222045678645372,-0.000320608785841614,4.723924212157726e-05,0.0003734958008863032,0.0006424166494980454,0.0008482867851853371,0.0010098000057041645
0.001156917423941195
0.0013068041298538446,0.0014576052781194448,0.0016002190532162786,0.0017306023510172963,0.0018571872496977448,0.0020035235211253166,0.0022034680005162954,0.0024889791384339333
0.0028755697421729565,0.0033547119237482548,0.003897198010236025,0.004464964848011732
0.00502699613571167,0.005570476874709129,0.006096881348639727,0.00660773366689682
0.007095389999449253,0.007542154286056757,0.0079267006367445,0.008234351873397827
0.008464328944683075,0.008632682263851166,0.008759938180446625,0.008844908326864243
0.008859965018928051,0.008777691051363945,0.00859700795263052,0.008346205577254295
0.008063793182373047,0.0077772196382284164,0.0075028808787465096,0.007261008024215698
0.007077367510646582,0.0069632381200790405,0.006897557992488146,0.006835232023149729
0.006734143942594528,0.006573696620762348,0.006349732168018818,0.006059451028704643,0.005699872970581055,0.005280171986669302,0.004833329003304243,0.004416540265083313,0.004094552714377642
0.003915515728294849,0.003891290631145239,0.003986201249063015,0.004129880107939243,0.004255417734384537,0.00433026347309351,0.0043609850108623505,0.004382373299449682
0.004437563940882683,0.004556456580758095,0.004747337661683559,0.004996000789105892
0.005269788205623627,0.00553658464923501,0.005776713136583567,0.005971114616841078
0.006088820286095142,0.006092029623687267,0.0059561459347605705,0.005687723867595196
0.005321234464645386,0.004896905738860369,0.004442429170012474
0.003970962017774582,0.003484586253762245,0.0029796482995152473,0.0024566901847720146
0.0019247836899012327,0.001400040928274393,0.0009050334338098764,0.0004612421616911888
7.387477671727538e-05,-0.0002740964700933546,-0.000611898023635149,-0.0009626626851968467
-0.0013248741161078215,-0.0016675866208970547,-0.0019482946954667568,-0.0021413881331682205
-0.0022591634187847376,-0.0023500025272369385,-0.0024745422415435314,-0.0026833857409656048
-0.00301002012565732,-0.0034691933542490005,-0.004052930511534214
-0.00472988560795784,-0.00545121356844902,-0.006162360776215792,-0.006819086614996195
-0.007395830471068621,-0.00788019597530365,-0.00826039258390665,-0.00851508229970932
-0.008619364351034164,-0.008565560914576054,-0.008373476564884186,-0.008081676438450813
-0.007737133651971817,-0.007388579659163952,-0.00707935681566596,-0.006843343377113342
-0.006706941872835159,-0.0066921706311404705,-0.00681202532723546,-0.007062589284032583
-0.007422138005495071,-0.00785705167800188,-0.008329130709171295
-0.008798133581876755,-0.009223122149705887,-0.009562355466187,-0.009763440117239952
-0.009763533249497414,-0.00952047947794199,-0.009043917059898376,-0.008385730907320976
-0.00760616734623909,-0.006759844720363617,-0.005907067563384771,-0.005121523980051279,-0.004475741647183895,-0.004016736056655645,-0.0037523929495364428,-0.0036442731507122517
-0.003612568834796548,-0.003575604408979416,-0.0034960864577442408,-0.0033913557417690754
-0.00331132672727108,-0.0033023476134985685,-0.0033817426301538944
-0.0035414956510066986,-0.0037579480558633804,-0.003989392891526222,-0.004179114475846291
-0.004271984566003084,-0.004235494881868362,-0.004069840535521507,-0.0037950845435261726
-0.0034350419882684946,-0.0030181955080479383,-0.002578639890998602,-0.002144450321793556,-0.001729460433125496,-0.0013382238103076816,-0.0009750397875905037,-0.000648749410174787
-0.0003719741362147033,-0.00015362072736024857,1.1791038559749722e-05,0.00014621924492530525,0.0002815038897097111,0.000451618863735348,0.0006797184469178319
0.0009653510060161352,0.001282406970858574,0.0015881904400885105,0.0018450807547196746
0.002040327526628971,0.002185443416237831,0.0023047742433845997,0.0024273921735584736
0.0025831623934209347,0.00279847695492208,0.0030890393536537886,0.0034553532022982836
0.0038845394738018513,0.004357719793915749,0.0048611522652208805,0.005390208214521408
0.005940422415733337,0.006496831309050322,0.007033900823444128,0.007527075242251158
0.00796104408800602,0.0083256084471941,0.00861145555973053
0.008805813267827034,0.008885403163731098,0.008824960328638554,0.008616918697953224
0.00827796384692192,0.007839592173695564,0.007338727358728647,0.0068198093213140965
0.006335389334708452,0.005934969987720251,0.00565233314409852,0.005498296115547419
0.00546325882896781,0.005530011374503374,0.0056870668195188046,0.005926896817982197
0.006224081385880709,0.006520834285765886,0.006744680926203728,0.006842468399554491
0.006804795004427433,0.006667804438620806,0.006485764402896166
0.006289089098572731,0.006063515320420265,0.005768792238086462,0.005379125010222197
0.004909835755825043,0.00441379938274622,0.0039662248454988,0.0036505686584860086
0.0035367757081985474,0.0036589677911251783,0.004007438197731972,0.00453288946300745
0.005156675353646278,0.005782093852758408,0.0063046300783753395,0.006628446746617556
0.006691076327115297,0.006477374583482742,0.00601179338991642,0.005342782009392977
0.004527772311121225,0.0036268928088247776,0.002710076281800866
0.001855628564953804,0.0011312814895063639,0.0005777782062068582,0.00020858872449025512
2.382884849794209e-05,2.1864354494027793e-05,0.00018993673438671976,0.00048364055692218244
0.0008231248939409852,0.0011147259501740336,0.0012852665968239307,0.0013051852583885193
0.0011807619594037533,0.0009279253426939249,0.000557958148419857,8.015806088224053e-05
-0.0004931028815917671,-0.0011448998702690005,-0.0018581500044092536,-0.0026237950660288334
-0.003435660619288683,-0.004270306788384914,-0.005081481300294399
-0.005822139326483011,-0.006468265783041716,-0.007020343095064163,-0.007483899127691984
-0.007853686809539795,-0.0081273652613163,-0.008326346054673195,-0.008486468344926834
-0.008636325597763062,-0.008789693005383015,-0.008946931920945644,-0.009100882336497307
-0.009242348372936249,-0.009356586262583733,-0.009419268928468227,-0.009406935423612595
-0.00931590236723423,-0.009166920557618141,-0.008988071233034134,-0.008794937282800674
-0.008588775992393494,-0.008372383192181587,-0.008163759484887123,-0.007992278784513474
-0.007881835103034973,-0.00783354602754116,-0.007824606262147427,-0.007827665656805038
-0.007824921980500221,-0.007801972329616547,-0.007736511528491974,-0.00759245827794075
-0.007331023458391428,-0.006941430736333132,-0.006457536481320858,-0.005939034279435873
-0.005430326331406832,-0.004921355750411749,-0.004355046432465315,-0.0036920823622494936,-0.0029645764734596014,-0.0022664708085358143,-0.0017075471114367247,-0.0013765497133135796,-0.0013226630399003625,-0.0015457767294719815
-0.0020020620431751013,-0.0026232507079839706,-0.003329478669911623,-0.004034148529171944
-0.004651624709367752,-0.00511139165610075,-0.005370224826037884,-0.005406751297414303
-0.005208080168813467,-0.004771733190864325,-0.004116319585591555,-0.0032834941521286964
-0.002333821263164282,-0.0013427457306534052,-0.0003929367521777749,0.0004402136546559632
0.0011061608092859387,0.0015879140701144934,0.001894197310321033,0.0020475611090660095
0.002081997226923704,0.0020421743392944336,0.0019715074449777603
0.0018972118850797415,0.0018304508412256837,0.0017794157611206174,0.0017595505341887474
0.0017925804713740945,0.0019002206390723586,0.002104719402268529,0.002428939566016197
0.0028828149661421776,0.003447147086262703,0.0040741413831710815,0.004710594192147255
0.005321715958416462,0.00588470371440053,0.006366339512169361,0.006725796032696962
0.0069442312233150005,0.007046779152005911,0.0070908027701079845,0.007127733901143074
0.007174577098339796,0.007220710627734661,0.0072576566599309444
0.007295070681720972,0.007346163969486952,0.007407600991427898,0.0074581485241651535,0.00747273862361908,0.007436052896082401,0.00734200282022357,0.007189149968326092
0.006986425258219242,0.006754509638994932,0.00651740375906229,0.00629819231107831,0.0061170924454927444,0.005989250726997852,0.005924826022237539,0.005925454199314117
0.005978806875646114,0.006062217056751251,0.006153071764856577,0.006234449800103903,0.00629541277885437,0.0063255238346755505,0.006301437970250845
0.00617961585521698,0.005910386797040701,0.00546900974586606,0.004883535206317902
0.004235776606947184,0.0036324721295386553,0.0031726183369755745,0.0029327080119401217
0.002962657017633319,0.0032740836031734943,0.0038237222470343113,0.004517482593655586
0.005245570093393326,0.0059204366989433765,0.006481609772890806,0.006874038837850094
0.007040523458272219,0.0069396053440868855,0.006564841605722904,0.005948842503130436
0.0051496597006917,0.004230637568980455,0.003253526519984007
0.0022844590712338686,0.001398230204358697,0.0006723025580868125,0.00016532163135707378
-0.00010455332812853158,-0.00015972534311003983,-4.8424379201605916e-05,0.00017238457803614438
0.0004484045202843845,0.0007250914932228625,0.0009406669996678829,0.001031193882226944
0.0009466336341574788,0.0006655827164649963,0.0001948741264641285,-0.0004470548592507839
-0.001241038553416729,-0.0021571663673967123,-0.0031470160465687513,-0.0041587017476558685
-0.005154184997081757,-0.00610815966501832,-0.006991506088525057
-0.007755935657769442,-0.008343188092112541,-0.008714761584997177,-0.008869176730513573
-0.008833630010485649,-0.008647519163787365,-0.008352112025022507,-0.00798968505114317
-0.007612227462232113,-0.007283778861165047,-0.007062230259180069,-0.006976259872317314
-0.007021564058959484,-0.007177252788096666,-0.007419495843350887,-0.0077148787677288055
-0.008011016063392162,-0.008251221850514412,-0.00839785486459732,-0.008440470322966576,-0.008394253440201283,-0.00828892644494772,-0.008156027644872665
-0.008029951713979244,-0.007946711964905262,-0.007927924394607544,-0.007964030839502811
-0.008011920377612114,-0.008012930862605572,-0.007921487092971802,-0.007719929330050945
-0.00741077633574605,-0.0070104715414345264,-0.0065543255768716335,-0.006091405171900988
-0.005664312280714512,-0.005284661892801523,-0.004921195562928915,-0.0045225173234939575
-0.004058593884110451,-0.0035460449289530516,-0.0030503373127430677,-0.002664699451997876
-0.002472096821293235,-0.0025130382273346186,-0.0027727282140403986
-0.0031906277872622013,-0.003686188952997327,-0.00418046535924077,-0.004605312831699848,-0.004910217132419348,-0.005066081881523132,-0.005054493434727192,-0.004855671431869268
-0.004457253031432629,-0.0038658827543258667,-0.0031030606478452682,-0.0022016356233507395
-0.0012086646165698767,-0.00018826161976903677,0.000781057053245604,0.0016242435667663813
0.0022874344140291214,0.0027364110574126244,0.00295476196333766,0.0029540336690843105,0.002774659777060151,0.002470351057127118,0.002094431547448039
0.0016997914062812924,0.001343791838735342,0.0010839392198249698,0.0009676511399447918
0.0010277172550559044,0.0012807651655748487,0.0017225297633558512,0.002327661495655775
0.0030588917434215546,0.003870859509333968,0.004705196246504784,0.005496536381542683
0.006191988941282034,0.006763296667486429,0.00720230583101511,0.007507765665650368
0.0076782358810305595,0.0077224476262927055,0.00767164584249258,0.007570432964712381
0.007453437428921461,0.007332155480980873,0.007205668371170759
0.007083488162606955,0.006990407593548298,0.006947349291294813,0.006956399884074926,0.007002857979387045,0.007062082178890705,0.007109473925083876
0.0071306186728179455,0.007114039268344641,0.007035342510789633,0.006862397771328688
0.00657740468159318,0.006194666493684053,0.005763962399214506,0.005351784639060497
0.0050163292326033115,0.004797179717570543,0.0047090970911085606,0.004739830270409584
0.004866963252425194,0.005071466788649559,0.005322928540408611,0.005562764126807451
0.00572077976539731,0.005752882920205593,0.005659050773829222,0.005475202109664679
0.005259186495095491,0.0050730025395751,0.004964784253388643,0.00495580118149519
0.005035064648836851,0.005172785371541977,0.0053375354036688805,0.005498445127159357
0.005625061225146055,0.005686819087713957,0.00565052917227149,0.005489725153893232
0.005201204679906368,0.0048102885484695435,0.004356858786195517,0.0038715892005711794
0.0033663639333099127,0.002846946008503437,0.0023260978050529957
0.0018209810368716717,0.0013451798586174846,0.0009059570729732513,0.0005084470612928271
0.0001632591593079269,-0.00011596977128647268,-0.0003231388400308788,-0.00046287820441648364
-0.0005487778107635677,-0.0006009256467223167,-0.0006365297012962401,-0.0006638674531131983
-0.0006946445209905505,-0.0007620458491146564,-0.0009218635968863964,-0.0012289119185879827
-0.0017078383825719357,-0.002346763852983713,-0.0031091119162738323,-0.0039426414296031
-0.004784569144248962,-0.00557359866797924,-0.006265781819820404
-0.006838097237050533,-0.007277870085090399,-0.007574988063424826,-0.007728585973381996
-0.007757493760436773,-0.007699234876781702,-0.007598290219902992,-0.007494261022657156
-0.007416342850774527,-0.007381756324321032,-0.007397047709673643,-0.007460993714630604
-0.007565004285424948,-0.007695283740758896,-0.007839140482246876,-0.007990747690200806
-0.008158652111887932,-0.008364774286746979,-0.008621413260698318,-0.008910700678825378
-0.009190011769533157,-0.009412405081093311,-0.00954599678516388
-0.00957768876105547,-0.009498072788119316,-0.009291239082813263,-0.00894478615373373
-0.00846405141055584,-0.007878169417381287,-0.007238364778459072,-0.006605401169508696
-0.006030885502696037,-0.005544374231249094,-0.005153851583600044,-0.004851299803704023
-0.004604661371558905,-0.004350976087152958,-0.0040206871926784515,-0.003579314099624753
-0.0030499680433422327,-0.002506850054487586,-0.0020534847863018513,-0.0017871968448162079
-0.0017595869721844792,-0.001966472715139389,-0.002360825426876545
-0.00286306906491518,-0.0033798571676015854,-0.003830498084425926,-0.004160233773291111
-0.0043394966050982475,-0.00435636518523097,-0.004208950325846672,-0.0039037202950567007
-0.0034569089766591787,-0.002893816912546754,-0.002244938164949417,-0.0015425062738358974
-0.0008230688981711864,-0.0001357152359560132,0.0004578853549901396,0.000904202344827354
0.0011821859516203403,0.00130725116468966,0.001319922972470522,0.0012688689166679978
0.001192535855807364,0.0011127645848318934,0.001042328542098403
0.0009961300529539585,0.0009999496396631002,0.001088351826183498,0.0012936578132212162
0.0016396574210375547,0.00213925214484334,0.0027880300767719746,0.003558334894478321
0.004400269594043493,0.005248854868113995,0.006040988489985466,0.006737603340297937
0.007328432518988848,0.007817122153937817,0.00820518471300602,0.008481184020638466
0.008619459345936775,0.00859435461461544,0.008403550833463669,0.008082808926701546
0.0076957582496106625,0.007304540369659662,0.006949224509298801
0.006655379664152861,0.0064507778733968735,0.0063581871800124645,0.006373824086040258
0.0064644524827599525,0.006586267612874508,0.006705880165100098,0.006807383615523577
0.006883090827614069,0.006917136721313,0.006878180895000696,0.00673108734190464
0.006457288283854723,0.006069404538720846,0.00560859264805913,0.005125048104673624
0.00466925511136651,0.004300507716834545,0.004081983119249344,0.004053614102303982
0.004202929325401783,0.004458247218281031,0.004720775876194239
0.0049147289246320724,0.005015188828110695,0.005045974627137184,0.00505939032882452
0.005106648430228233,0.005213513970375061,0.005373392254114151,0.00555751658976078
0.005730690900236368,0.00586226349696517,0.005934040527790785,0.005940285511314869
0.0058731683529913425,0.005715010222047567,0.005455219652503729,0.005106671247631311
0.004698183387517929,0.0042584980838000774,0.0038077393546700478,0.003356936853379011
0.002912526484578848,0.0024759832303971052,0.002041302854195237
0.0016055986052379012,0.0011813415912911296,0.0007899173069745302,0.00044800766045227647
0.000163719872944057,-5.893781781196594e-05,-0.00021797526278533041,-0.00031953660072758794
-0.00037871458334848285,-0.00040995885501615703,-0.0004259756824467331,-0.0004496144538279623
-0.0005191091913729906,-0.0006747783627361059,-0.0009411677019670606,-0.0013228976167738438
-0.0018102279864251614,-0.002386377425864339,-0.003035731380805373,-0.0037427202332764864
-0.004485372453927994,-0.005241292528808117,-0.005996092222630978
-0.006739553529769182,-0.007455081678926945,-0.00811146479099989,-0.008669665083289146
-0.009100067429244518,-0.009385088458657265,-0.009513655677437782,-0.00948716513812542
-0.009325621649622917,-0.009062165394425392,-0.008733130991458893,-0.008376076817512512
-0.008036278188228607,-0.00776670640334487,-0.007613600697368383,-0.007597536779940128
-0.007706207223236561,-0.007904643192887306,-0.008153112605214119,-0.008417576551437378
-0.008668850176036358,-0.008878801949322224,-0.009018462151288986
-0.009056968614459038,-0.00896200817078352,-0.008710045367479324,-0.008301585912704468
-0.007760646287351847,-0.0071248263120651245,-0.006445412058383226,-0.005790311377495527,-0.005233582574874163,-0.004830293357372284
3.3539461128384573e-06,3.150891188852256e-06,2.82115593108756e-06
2.4170035430870485e-06,2.009363470278913e-06,1.7036742292475537e-06,1.6136677913891617e-06,1.8496332359063672e-06,2.556316985646845e-06,3.94937751480029e-06,6.305304850684479e-06,9.87494695436908e-06,1.4720623767061625e-05,2.058667814708315e-05,2.6887950298259966e-05,3.282729448983446e-05,3.772121999645606e-05,4.1377767047379166e-05,4.407713277032599e-05,4.617769445758313e-05,4.779607479576953e-05,4.880131018580869e-05,4.908711343887262e-05,4.8768790293252096e-05,4.803395859198645e-05,4.690326750278473e-05
4.522959716268815e-05,4.2936138925142586e-05,4.026548413094133e-05,3.778825339395553e-05
3.6115779948886484e-05,3.557578747859225e-05,3.613398803281598e-05,3.754863064386882e-05
3.9599224692210555e-05,4.221960625727661e-05,4.537332642939873e-05,4.8756257456261665e-05,5.1694798457901925e-05,5.346684702089988e-05,5.3753581596538424e-05,5.2725077694049105e-05,5.0704496970865875e-05,4.783162512467243e-05,4.413325586938299e-05,3.981600093538873e-05,3.522647239151411e-05,3.053464388358407e-05,2.5684967113193125e-05
2.069040056085214e-05,1.583871380717028e-05,1.1594057468755636e-05,8.36841809359612e-06
6.374388703989098e-06,5.668272933689877e-06,6.354159722832264e-06,8.786056241660845e-06
1.3539838619180955e-05,2.105524436046835e-05,3.11729236273095e-05,4.289452044758946e-05
5.442497422336601e-05,6.352873606374487e-05,6.823281000833958e-05,6.750059401383623e-05
6.152514106361195e-05,5.1619044825201854e-05,3.9740851207170635e-05,2.7910708013223484e-05,1.774717020452954e-05,1.0127453606401104e-05,5.132311343913898e-06
2.3071415853337385e-06,9.677542038843967e-07,4.551454821921652e-07,3.279194800143159e-07
3.9840531940171786e-07,6.263140903683961e-07,9.91788965620799e-07,1.4221831179384026e-06
1.7583812450538971e-06,1.778788941919629e-06,1.3561017340180115e-06,6.415564826056652e-07,6.80622846971346e-08,1.7515212391572277e-07,1.443130827283312e-06,4.225862085149856e-06
8.648392395116389e-06,1.4516832379740663e-05,2.14315477933269e-05,2.894116369134281e-05,3.654689135146327e-05,4.367546353023499e-05,4.9713209591573104e-05
5.409775621956214e-05,5.6438362662447616e-05,5.664124546456151e-05,5.504267755895853e-05
5.2385985327418894e-05,4.957380224368535e-05,4.746344711747952e-05,4.678648474509828e-05
4.8038604290923104e-05,5.137607149663381e-05,5.6574936024844646e-05,6.301261601038277e-05,6.978357123443857e-05,7.592616020701826e-05,8.045064168982208e-05,8.230836829170585e-05
8.071860793279484e-05,7.56763547542505e-05,6.812625360907987e-05,5.9574798797257245e-05,5.146631883690134e-05,4.479581184568815e-05,4.0051614632830024e-05
3.735290010808967e-05,3.662552990135737e-05,3.768745227716863e-05,4.019234984298237e-05,4.354134580353275e-05,4.697459007729776e-05,4.979039294994436e-05,5.144220631336793e-05,5.1557162805693224e-05,5.002733814762905e-05,4.703691229224205e-05,4.2853804188780487e-05
3.760334584512748e-05,3.13723212457262e-05,2.4522931198589504e-05,1.7805557945393957e-05,1.2102916116418783e-05,8.006469215615653e-06,5.604064881481463e-06,4.660972990677692e-06,4.998376880394062e-06,6.736064733559033e-06,1.0207281775365118e-05
1.5569474271615036e-05,2.2396325221052393e-05,2.955173113150522e-05,3.5420063795754686e-05,3.841602665488608e-05,3.751185431610793e-05,3.260625453549437e-05,2.468547609169036e-05
1.560114833409898e-05,-0.0027362527325749397,-0.001434169476851821,-0.00015891902148723602,0.000987923820503056,0.0019308223854750395,0.0026176110841333866,0.0030152034014463425
0.0031174684409052134,0.002957449061796069,0.002598317340016365,0.002106364583596587,0.0015351667534559965,0.0009293393231928349,0.00033635750878602266
-0.00018398661632090807,-0.0005627324571833014,-0.0007399673922918737,-0.0006778303650207818
-0.000359010708052665,0.00021139500313438475,0.00100107048638165,0.001952935941517353
0.0029906067065894604,0.004029611125588417,0.004994926042854786,0.005832696799188852
0.006512105464935303,0.007024167571216822,0.0073795742355287075,0.007600157521665096
0.007706813048571348,0.007717312779277563,0.007657029200345278,0.007566953077912331
0.0074929348193109035,0.007463274523615837,0.007481088396161795
0.007538157515227795,0.007627904415130615,0.007745760027319193,0.00788117665797472
0.008009211160242558,0.008095789700746536,0.008113829419016838,0.008052628487348557
0.007912347093224525,0.007689677644520998,0.007375145331025124,0.006965795531868935,0.006474747322499752,0.005930518731474876,0.005370211787521839,0.0048336428590118885,0.004360767547041178,0.003989575430750847,0.0037488704547286034,0.0036343280225992203,0.003589784726500511,0.0035358015447854996,0.003426033305004239
0.003273321781307459,0.0031305397860705853,0.0030562561005353928,0.0030947572086006403
0.003273466369137168,0.003602562937885523,0.004068450070917606,0.0046278079971671104
0.005202613305300474,0.005659271031618118,0.005805294960737228,0.005482694134116173
0.004702423233538866,0.003686615265905857,0.0028060299810022116,0.002439583418890834
0.0028405599296092987,0.004137225449085236,0.006372722797095776,0.009412068873643875
0.012831222265958786,0.016002634540200233,0.01829126477241516
0.019164353609085083,0.018252843990921974,0.01541936956346035,0.010753058828413486
0.004511995241045952,-0.0028748735785484314,-0.01076310034841299,-0.01833665743470192
-0.024791033938527107,-0.02953171543776989,-0.03225848451256752,-0.0329727977514267,-0.03196076303720474,-0.02968425489962101,-0.026570234447717667,-0.022836344316601753
-0.018465284258127213,-0.013318739831447601,-0.007305721752345562,-0.0004956163465976715,0.006859630346298218,0.014335008338093758,0.02133605256676674
0.027117807418107986,0.03086206689476967,0.031847234815359116,0.029664693400263786
0.024362711235880852,0.01645946130156517,0.006863413378596306,-0.0032538631930947304
-0.01262597180902958,-0.02010200545191765,-0.024865325540304184,-0.026600267738103867,-0.02554335631430149,-0.0223738681524992,-0.017992069944739342,-0.013305990025401115
-0.009101422503590584,-0.005981191992759705,-0.004293124191462994,-0.0040635522454977036,-0.0050338516011834145,-0.006751632317900658,-0.008672093041241169
-0.010295692831277847,-0.011290395632386208,-0.011562598869204521,-0.011247022077441216,-0.010624062269926071,-0.010023698210716248,-0.009677214547991753,-0.009563573636114597
-0.009370021522045135,-0.008569209836423397,-0.00660335086286068,-0.0030864239670336246
0.0020528482273221016,0.008434128947556019,0.015208465978503227,0.021292589604854584
0.025686031207442284,0.027652151882648468,0.026750236749649048,0.022873859852552414,0.016348661854863167,0.007954785600304604,-0.001153857447206974
-0.009604436345398426,-0.016087906435132027,-0.01969190314412117,-0.02009463682770729
-0.017544904723763466,-0.012734632939100266,-0.006700437515974045,-0.0007148934528231621,0.003955128137022257,0.006360984407365322,0.006059683859348297,0.0031531662680208683,-0.0017469513695687056,-0.007669881917536259,-0.013555074110627174,-0.018521051853895187,-0.02199459820985794,-0.0236992035061121,-0.023653976619243622,-0.02221030555665493,-0.02000078186392784,-0.017762841656804085,-0.016092170029878616
-0.015194288454949856,-0.014745430089533329,-0.013997089117765427,-0.012152967974543571,-0.008778131566941738,-0.003910341300070286,0.0020985924638807774,0.008728359825909138
0.015315522439777851,0.021072253584861755,0.02522551268339157,0.027214158326387405,0.02682751975953579,0.02431064285337925,0.02037123218178749,0.015991881489753723,0.012175412848591805,0.009737018495798111,0.00913565419614315,0.01034726481884718,0.012826225720345974,0.01565784215927124,0.017860066145658493
0.01862134225666523,0.0173944104462862,0.01396376732736826,0.00856547337025404
0.001891101710498333,-0.005140299443155527,-0.01164740975946188,-0.016949951648712158
-0.02063307911157608,-0.022533981129527092,-0.02273257076740265,-0.021528201177716255
-0.019345778971910477,-0.0166246946901083,-0.01370441447943449,-0.010690371505916119
-0.00739937461912632,-0.0034773442894220352,0.0014139101840555668,0.007460120599716902,0.014585800468921661,0.022378744557499886,0.030112501233816147
0.03688066452741623,0.041809454560279846,0.04427924007177353,0.04405524954199791
0.04131361469626427,0.036597173660993576,0.03068258985877037,0.02443348430097103
0.018710099160671234,0.014264268800616264,0.011588774621486664,0.010761169716715813,0.011368737556040287,0.012592693790793419,0.013438059017062187,0.013027000240981579
0.01081251073628664,0.006668653339147568,0.0009040767326951027,-0.0058209775015711784,-0.012626171112060547,-0.018537694588303566,-0.022689586505293846
-0.02457396313548088,-0.02416040003299713,-0.021838581189513206,-0.018283110111951828,-0.014290209859609604,-0.010617101565003395,-0.00786110945045948,-0.0063500674441456795
-0.00603912491351366,-0.006492188666015863,-0.007010937202721834,-0.006882249377667904,-0.005604678764939308,-0.0029920637607574463,0.0007970489095896482,0.005283192731440067,0.009766025468707085,0.01347457617521286,0.015757590532302856,0.016260942444205284,0.015019162558019161,0.012438936159014702,0.009152823127806187
0.0058083804324269295,0.0029030609875917435,0.0006926865316927433,-0.0008334249723702669
-0.0019394571427255869,-0.003090308280661702,-0.004825981799513102,-0.007591175381094217
-0.011582204140722752,-0.016682546585798264,-0.022481262683868408,-0.028317861258983612
-0.033390309661626816,-0.03692067414522171,-0.038324348628520966,-0.03737228736281395
-0.03427981585264206,-0.029665164649486542,-0.02439330331981182,-0.019376473501324654,-0.015400268137454987,-0.012959490530192852,-0.012145815417170525
-0.012653018347918987,-0.013871976174414158,-0.01506722904741764,-0.015592153184115887,-0.015045493841171265,-0.013316098600625992,-0.010526811704039574,-0.006965514272451401,-0.00303636584430933,0.0008061854168772697,0.00413120724260807,0.006609728094190359,0.00810234621167183,0.008713016286492348,0.008745219558477402,0.008565817028284073,0.008464429527521133,0.00856341328471899,0.008789186365902424,0.008903462439775467,0.008577976375818253,0.007492463104426861,0.00543319433927536
0.0023815338499844074,-0.001426725648343563,-0.005514540709555149,-0.009279773570597172
-0.012163990177214146,-0.013762415386736393,-0.01383377518504858,-0.01227865181863308
-0.009194744750857353,-0.004987186752259731,-0.00036881212145090103,0.003800470381975174
0.0067482590675354,0.008001317270100117,0.0074892896227538586,0.0055203791707754135
0.0026739188469946384,-0.00032779574394226074,-0.002752613974735141,-0.00401599844917655,-0.0038179082330316305,-0.002184485550969839,0.0006178258918225765
0.00423564575612545,0.008316080085933208,0.012486672960221767,0.016331033781170845
0.019459307193756104,0.021639486774802208,0.02288711443543434,0.023448625579476357
0.023673225194215775,0.023836813867092133,0.024009108543395996,0.024040428921580315,0.0236681941896677,0.02263929694890976,0.020774638280272484,0.018010376021265984
0.014462372288107872,0.010466926731169224,0.0065223341807723045,0.003149408847093582,0.0007470152340829372,-0.000495189568027854,-0.0005910166655667126
0.000324828753946349,0.0020519359968602657,0.004266325384378433
0.006446931045502424,0.007947400212287903,0.008220739662647247,0.007039060350507498
0.004540920257568359,0.0011255224235355854,-0.002674950286746025,-0.006295264698565006
-0.009216537699103355,-0.011050288565456867,-0.011623559519648552,-0.011002578772604465
-0.009421754628419876,-0.007149055600166321,-0.004400928970426321,-0.0013830214738845825
0.0016401770990341902,0.004357931669801474,0.006525526754558086,0.008095396682620049
0.009236495941877365,0.0102243572473526,0.011278005316853523,0.012442188337445259
0.013575972989201546,0.014414632692933083,0.014681345783174038,0.01421663723886013
0.013050446286797523,0.011382696218788624,0.009485839866101742,0.007598120719194412
0.005864459089934826,0.004321541637182236,0.0029242546297609806,0.0016038070898503065
0.00032439944334328175,-0.0009159562177956104,-0.002139848889783025,-0.0034223394468426704,-0.004870403092354536,-0.006554829888045788,-0.008419712074100971
-0.010236304253339767,-0.01162470318377018,-0.012158793397247791,-0.011548757553100586
-0.00977302435785532,-0.007070074789226055,-0.0038585965521633625,-0.0006439494900405407
0.0020944285206496716,0.004005311988294125,0.004915305413305759,0.004815886728465557
0.003802339779213071,0.002019557636231184,-0.00033014966174960136,-0.002949077170342207
-0.005442260764539242,-0.0073743946850299835,-0.008395150303840637,-0.008389400318264961,-0.007540741004049778,-0.0062501076608896255,-0.004961187485605478
-0.004005539231002331,-0.003545232582837343,-0.003598396899178624,-0.004097757861018181
-0.004952265881001949,-0.006089315749704838,-0.007469899952411652,-0.00908588245511055
-0.010931344702839851,-0.012952843680977821,-0.015012292191386223,-0.01690496690571308
-0.01846022717654705,-0.019643668085336685,-0.020528476685285568,-0.021149877458810806
-0.021397294476628304,-0.021052710711956024,-0.019933929666876793,-0.018028834834694862,-0.015539281070232391,-0.012822224758565426,-0.010268516838550568
-0.008191009983420372,-0.006784938275814056,-0.006132188718765974,-0.006193418987095356
-0.006811865139752626,-0.007761877961456776,-0.008815940469503403,-0.009773720055818558
-0.010438238270580769,-0.010591968894004822,-0.010024749673902988,-0.008620289154350758
-0.006448494270443916,-0.0037841922603547573,-0.0010337261483073235,0.0013928517000749707
0.0032124598510563374,0.004341873340308666,0.004877500701695681,0.0049964189529418945,0.004835386760532856,0.004427277948707342,0.0037320302799344063
0.0027252675499767065,0.0014623117167502642,5.899113602936268e-05,-0.0013541197404265404
-0.0026397693436592817,-0.0036653373390436172,-0.00432984996587038,-0.004571030382066965
-0.004346252419054508,-0.0036062919534742832,-0.0023044394329190254,-0.0004486094694584608,0.0018342919647693634,0.0042600613087415695,0.00643189949914813,0.007965118624269962
0.008616715669631958,0.008351840078830719,0.007325021084398031,0.0058174761943519115,0.004165009129792452,0.0026824288070201874,0.0016223841812461615
0.0011669301893562078,0.0014196912525221705,0.0024113620165735483,0.004090372007340193
0.006280716508626938,0.008676936849951744,0.010903354734182358,0.012603428214788437
0.01353038102388382,0.013610265217721462,0.012950061820447445,0.011775040067732334,0.010328608565032482,0.008793050423264503,0.007258874364197254,0.0057484470307827
0.004270025994628668,0.002873857505619526,0.001675215782597661,0.0008035216014832258,0.0003283419646322727,0.00024175690487027168,0.0004929599817842245
0.0010375004494562745,0.001867452752776444,0.002999310614541173,0.004417005926370621
0.006001574918627739,0.007514006923884153,0.008651518262922764,0.009134583175182343
0.00879702903330326,0.007656354922801256,0.005926123354583979,0.003961798269301653,0.0021654870361089706,0.0008787119295448065,0.0002964991144835949,0.0004477204638533294
0.0012430509086698294,0.0025386956986039877,0.004177756141871214,0.0059904251247644424,0.007768023759126663,0.009265920147299767,0.010270072147250175
0.0106942318379879,0.010621197521686554,0.01026188489049673,0.009880938567221165
0.009713741950690746,0.009893754497170448,0.010416237637400627,0.011148923076689243
0.011891416274011135,0.012452446855604649,0.012706048786640167,0.01260938961058855
0.012172767892479897,0.01141643151640892,0.010368038900196552,0.009085241705179214
0.0076649729162454605,0.006237369496375322,0.00493690837174654,0.0038503347896039486,0.0029739104211330414,0.0022106559481471777,0.001408634940162301
0.0004336385754868388,-0.0007278285920619965,-0.0019074357114732265,-0.0028182200621813536
-0.0031962073408067226,-0.002913025440648198,-0.001995748607441783,-0.00057585583999753
0.0011482636909931898,0.002926634857431054,0.004502767696976662,0.005664912983775139
0.006251120939850807,0.00612349808216095,0.005171092227101326,0.0033659497275948524
0.0008353465236723423,-0.0021060453727841377,-0.005013379734009504,-0.00745031051337719,-0.009128725156188011,-0.009979846887290478,-0.01012820191681385
-0.009797575883567333,-0.009224307723343372,-0.00860551930963993,-0.008069797419011593
-0.00767753180116415,-0.0074533321894705296,-0.007424386218190193,-0.007629218976944685
-0.008081641048192978,-0.008723863400518894,-0.0094340480864048,-0.010091284289956093,-0.010633452795445919,-0.01107934769243002,-0.011508907191455364,-0.011993708088994026
-0.012531878426671028,-0.013044917955994606,-0.01341276429593563,-0.013503603637218475,-0.0131992744281888,-0.012437574565410614,-0.011257684789597988
-0.009804422035813332,-0.008277244865894318,-0.006853663362562656,-0.005638851784169674,-0.004675521049648523,-0.003991199191659689
-0.0036271135322749615,-0.003604674944654107,-0.003852616995573044,-0.004178231116384268
-0.004320940468460321,-0.004059788305312395,-0.0033126447815448046,-0.0021610623225569725
-0.0008072433993220329,0.0004910227144137025,0.0014977153623476624,0.002067187335342169
0.002168144565075636,0.0018647542456164956,0.0012702452950179577,0.0004855949664488435
-0.00044496566988527775,-0.0015212591970339417,-0.0027198956813663244,-0.003941571805626154
-0.005024400074034929,-0.005804240237921476,-0.0061868829652667046,-0.006195018533617258
-0.005952689331024885,-0.005605790764093399,-0.005227654706686735,-0.0047815958969295025
-0.00416604382917285,-0.0033036565873771906,-0.0022161577362567186,-0.0010398437734693289
2.3714033886790276e-05,0.0007864693179726601,0.0011351517168805003,0.0010484640952199697
0.0005772327422164381,-0.00019081000937148929,-0.0011562660802155733,-0.0022102301008999348
-0.003228946588933468,-0.00407617911696434,-0.004608134739100933,-0.004678361117839813
-0.004159717820584774,-0.0030003562569618225,-0.0012909241486340761,0.0007226509042084217
0.0027178176678717136,0.004414911847561598,0.005652215331792831,0.006381093990057707,0.006609601434320211,0.00635113287717104,0.005618756636977196,0.0044538420625030994
0.0029532196931540966,0.00128455669619143,-0.0003253461327403784,-0.0016428024973720312,-0.002488166792318225,-0.002778385067358613,-0.0025468298699706793
-0.0019237890373915434,-0.001069382531568408,-9.584624785929918e-05,0.0009637384209781885
0.002123158425092697,0.0033706077374517918,0.004612772725522518,0.005691868718713522
0.006447776686400175,0.006769818253815174,0.0066358610056340694,0.006127122323960066,0.005395809654146433,0.004610665142536163,0.003922890871763229,0.003449219511821866
0.0032354588620364666,0.003236801130697131,0.0033886530436575413,0.0036985711194574833,0.00422596326097846,0.004965906031429768,0.005773384124040604
0.006413343362510204,0.006688490975648165,0.006544734351336956,0.006093347445130348
0.005535126198083162,0.00504210963845253,0.004689473193138838,0.004469175357371569
0.004344047512859106,0.004283440764993429,0.004264683462679386,0.004272849299013615
0.004313174169510603,0.004413186572492123,0.004597451537847519,0.004848163574934006
0.005092735402286053,0.00524671096354723,0.005272445734590292,0.0051887789741158485,0.005028453189879656,0.004787300247699022,0.004405498038977385
0.0037983604706823826,0.0029166261665523052,0.001798864221200347,0.0005939246620982885
-0.0004633453208953142,-0.001127606607042253,-0.0012309569865465164,-0.0007332933600991964
0.000274391146376729,0.0016023716889321804,0.0030251911375671625,0.004346527624875307,0.0054205236956477165,0.006126438733190298,0.006339848041534424,0.00594325503334403
0.004873488564044237,0.0031662341207265854,0.0009712015744298697,-0.0014719688333570957,-0.0038996159564703703,-0.006102370098233223,-0.00796565506607294
-0.009452000260353088,-0.01054829079657793,-0.01121876947581768,-0.011393706314265728
-0.01099773682653904,-0.010000135749578476,-0.008457941934466362,-0.006532017141580582
-0.004471814725548029,-0.0025647678412497044,-0.0010628420859575272,-0.00012206635437905788
0.00021337036741897464,-2.4433793441858143e-05,-0.0007765305344946682,-0.0019761736039072275
-0.0035370781552046537,-0.005327905528247356,-0.007155132479965687,-0.0087736239656806,-0.00992233119904995,-0.010379631072282791,-0.010025625117123127
-0.008882278576493263,-0.007106658071279526,-0.004939379170536995,-0.0026383292861282825
-0.0004315690603107214,0.0014958563260734081,0.002993967616930604,0.003934928216040134
0.004208732862025499,0.003754071658477187,0.0026156071107834578,0.0009657139889895916,-0.0009378197137266397,-0.0028231979813426733,-0.004470229614526033,-0.005749108269810677
-0.006613881327211857,-0.007061944808810949,-0.00709694204851985,-0.006721064448356628
-0.005955140572041273,-0.0048652286641299725,-0.003572941292077303
-0.0022413060069084167,-0.001040689880028367,-0.00010477635078132153,0.0004990266170352697
0.000767669000197202,0.0007447800016961992,0.0004962689126841724,8.040579268708825e-05
-0.0004636806552298367,-0.0010976550402119756,-0.0017494892235845327,-0.0022846313659101725,-0.0025169597938656807,-0.002274580765515566,-0.001484191743656993,-0.00021864264272153378,0.0013248666655272245,0.002902718959376216,0.004300825763493776,0.005367590114474297
0.006018063053488731,0.006227845326066017,0.006016607861965895
0.0054329317063093185,0.00454974127933383,0.003467267844825983,0.0023262195754796267
0.0013130949810147285,0.0006285128183662891,0.00042385212145745754,0.0007374758715741336
0.0014705413486808538,0.002428358420729637,0.003406879026442766,0.004264548420906067,0.004932889714837074,0.005379182286560535,0.005568619817495346,0.0054552932269871235
0.004998577758669853,0.004182531964033842,0.0030308584682643414,0.0016226631123572588,9.469292126595974e-05,-0.0013885477092117071,-0.00268495618365705
-0.003710868302732706,-0.004445389844477177,-0.0049048219807446,-0.005094181280583143
-0.004970320034772158,-0.004458472598344088,-0.003515502903610468,-0.0021861190907657146
-0.0006041158922016621,0.0010512908920645714,0.002597958082333207,0.0038792092818766832,0.004789888858795166,0.005283385049551725,0.005343531258404255,0.004952653311192989
0.00409616669639945,0.0028071522247046232,0.001215832307934761,-0.00044275494292378426,-0.0018764992710202932,-0.0028129329439252615,-0.0030739339999854565
-0.0026215650141239166,-0.0015517238061875105,-4.675216041505337e-05,0.0016804356127977371,0.003438459476456046,0.00509336544200778,0.006562158465385437,0.0077726999297738075
0.008640408515930176
2.1399102479335852e-05,2.785298420349136e-05,3.954197745770216e-05
5.890306056244299e-05,8.752228313824162e-05,0.0001244202721863985,0.000165079502039589
0.00020257305004633963,0.00023023401445243508,0.00024375939392484725,0.00024175058933906257,0.00022555526811629534,0.00019891255942638963,0.0001669337070779875,0.00013472918362822384
0.00010625846334733069,8.358366176253185e-05,6.699442747049034e-05,5.578207128564827e-05,4.880539563600905e-05,4.474131128517911e-05,4.2323059460613877e-05,4.060141145600937e-05,3.91471512557473e-05,3.8068785215727985e-05,3.777282836381346e-05
3.858779018628411e-05,4.0449172956869006e-05,4.28021521656774e-05,4.471115971682593e-05
4.507334961090237e-05,4.2998661228921264e-05,3.819862104137428e-05,3.09723945974838e-05
2.21049504034454e-05,1.3040224075666629e-05,5.648132173519116e-06,1.289543547500216e-06,2.991384251416207e-09,4.8407162012154e-07,9.418516242476471e-07,4.6264187858469086e-07,3.405498816277941e-08,2.3712161691946676e-06,1.0355069207435008e-05,2.49981640081387e-05,4.4329743104754016e-05,6.401965947588906e-05,7.93045328464359e-05
8.673603588249534e-05,8.490793698001653e-05,7.442982314387336e-05,5.7739802286960185e-05
3.87458385375794e-05,2.1638332327711396e-05,9.280742233386263e-06,2.4108492198138265e-06
6.499476512544788e-08,6.943666903680423e-07,3.0408514248847496e-06,6.32362434771494e-06
1.0020308764069341e-05,1.3602891158370767e-05,1.6412486729677767e-05,1.7825190298026428e-05,1.760503073455766e-05,1.609363971510902e-05,1.4072723388380837e-05,1.238673667103285e-05
1.1624996659520548e-05,1.2116024663555436e-05,1.4107366041571368e-05
1.786755456123501e-05,2.3590566343045793e-05,3.114919672952965e-05,3.988378739450127e-05
4.852376878261566e-05,5.5284759582718834e-05,5.83381115575321e-05,5.653343760059215e-05
4.997045107302256e-05,4.012676072306931e-05,2.9375727535807528e-05,2.0074552594451234e-05,1.366245578537928e-05,1.0396589459560346e-05,9.960284842236433e-06,1.222700666403398e-05
1.740888001222629e-05,2.563404996180907e-05,3.646321056294255e-05,4.861039269599132e-05
6.0045560530852526e-05,6.860871508251876e-05,7.28037121007219e-05
7.233362703118473e-05,6.81537130731158e-05,6.196950562298298e-05,5.5465876357629895e-05
4.973710383637808e-05,4.522768358583562e-05,4.206859375699423e-05,4.028150942758657e-05,3.972465856350027e-05,4.005183291155845e-05,4.067065310664475e-05,4.0849739889381453e-05
4.0173050365410745e-05,3.8776946894358844e-05,3.699493390740827e-05,3.488078436930664e-05
3.2046435080701485e-05,2.802354902087245e-05,2.2902308046468534e-05,1.742187305353582e-05
1.2417980542522855e-05,8.425947271462064e-06,5.662265266437316e-06
4.091781192983035e-06,3.563005293472088e-06,4.039300620206632e-06,5.782851076219231e-06
9.36657943384489e-06,1.5469549907720648e-05,2.4493456294294447e-05,3.617252150434069e-05
4.9437872803537175e-05,6.254873005673289e-05,7.338641444221139e-05,7.99258632468991e-05
8.064060966717079e-05,7.47983212932013e-05,6.299523374764249e-05,4.752554013975896e-05
3.164508962072432e-05,1.8156157238991e-05,8.562276889279019e-06,2.9825832825736143e-06
5.41989095381723e-07,1.7645633565432917e-10,2.787658104352886e-07
7.200521281447436e-07,1.0629884172885795e-06,1.2703015954684815e-06,1.3789260719931917e-06,1.4221740229913848e-06,1.4037206028660876e-06,1.3091520258967648e-06,1.1538406852196204e-06
1.0170354016736383e-06,-0.0010071347933262587,-0.0011285293148830533,-0.0014064540155231953
-0.0018497214186936617,-0.002452885266393423,-0.003207567147910595,-0.004105474334210157,-0.005123127717524767,-0.006206457503139973,-0.007276955991983414,-0.008249332197010517
-0.009047331288456917,-0.009612924419343472,-0.009907403029501438
-0.009920420125126839,-0.009687775745987892,-0.00928927306085825,-0.008824311196804047
-0.008385913446545601,-0.008042538538575172,-0.007836965844035149,-0.0077948980033397675
-0.007920938543975353,-0.008190423250198364,-0.008553613908588886,-0.00894783902913332
-0.009315704926848412,-0.009618254378437996,-0.009825952351093292,-0.009908346459269524,-0.009844554588198662,-0.009634521789848804,-0.009300710633397102,-0.008886509574949741,-0.008440714329481125,-0.007998637855052948,-0.0075850640423595905
-0.007223313208669424,-0.006931206677109003,-0.00671788863837719,-0.0065864077769219875
-0.006537124048918486,-0.0065676374360919,-0.006649482063949108,-0.006705603562295437
-0.006643060129135847,-0.006411621812731028,-0.006023898255079985,-0.005530921276658773,-0.004983501508831978,-0.004416507203131914,-0.0038604955188930035,-0.0033484885934740305
-0.0029070049058645964,-0.0025452952831983566,-0.0022539389319717884,-0.002018282888457179,-0.0018351305043324828,-0.001710915588773787,-0.0016418525483459234
-0.0015999438473954797,-0.0015408250037580729,-0.0014221837045624852,-0.0012164367362856865
-0.0009146494558081031,-0.000525027047842741,-7.277110125869513e-05,0.0004048500850331038
0.0008756357710808516,0.0013234750367701054,0.0017398777417838573,0.0021100803278386593
0.002413269365206361,0.0026343122590333223,0.0027696199249476194,0.002826318144798279,0.0028194005135446787,0.002772026229649782,0.0027219143230468035,0.00271102087572217
0.002757926005870104,0.002851427998393774,0.0029724412597715855
0.003115194384008646,0.0032885572873055935,0.0035037645138800144,0.003766847774386406
0.004083122126758099,0.004463443532586098,0.00492432015016675,0.005484338849782944
0.00615019490942359,0.006898312363773584,0.007674907799810171,0.008405474945902824,0.009002485312521458,0.009386224672198296,0.009510016068816185,0.009367052465677261
0.0089827049523592,0.008405560627579689,0.007706016767770052,0.006979314610362053,0.0063295806758105755,0.005833676550537348,0.0055186753161251545
0.005368554964661598,0.005347694735974073,0.005424964241683483,0.0055779763497412205
0.005773031618446112,0.005953317973762751,0.00605588685721159,0.0060353525914251804
0.005872715264558792,0.00557383056730032,0.005165095906704664,0.004682679194957018
0.004163282923400402,0.0036458559334278107,0.0031658492516726255,0.0027328624855726957
0.0023227727506309748,0.0019083002116531134,0.0015027918852865696,0.0011760955676436424
0.0010309243807569146,0.0011582283768802881,0.0016025429358705878
0.002355088945478201,0.003364759497344494,0.004550269339233637,0.005809416063129902,0.007030638866126537,0.008104954846203327,0.008932056836783886,0.009429939091205597
0.009551811963319778,0.009294111281633377,0.008690615184605122,0.007803250104188919,0.0067151980474591255,0.005522551480680704,0.004319367464631796,0.0031819590367376804,0.002165204845368862,0.0013060146011412144,0.0006181990029290318,8.668331429362297e-05,-0.0003222723607905209,-0.000640900107100606,-0.0008863333496265113
-0.001065526157617569,-0.0011924977879971266,-0.0012893700040876865,-0.0013663135468959808
-0.0014122138964012265,-0.0014063441194593906,-0.0013346406631171703,-0.0012026199838146567
-0.001039950642734766,-0.0008937357342801988,-0.0008150935173034668,-0.0008453493937849998
-0.001004429766908288,-0.0012864232994616032,-0.0016723223961889744,-0.0021476028487086296
-0.0027028187178075314,-0.003326175734400749,-0.00400301069021225,-0.004718830343335867,-0.005463159177452326,-0.006226398982107639,-0.006987628526985645
-0.00771441450342536,-0.008375763893127441,-0.008952319622039795,-0.009441791102290154
-0.00985417328774929,-0.010199261829257011,-0.010480165481567383,-0.010690991766750813
-0.010814285837113857,-0.010828906670212746,-0.010732825845479965,-0.010558654554188251
-0.010360672138631344,-0.010186486877501011,-0.010056466795504093,-0.009958990849554539
-0.00986208114773035,-0.009727184660732746,-0.00951287429779768,-0.00918269157409668
-0.008718626573681831,-0.00812368094921112,-0.007419388275593519
-0.006646610796451569,-0.0058616045862436295,-0.005121774505823851,-0.004466818645596504
-0.003910481464117765,-0.003445176174864173,-0.0030487338081002235,-0.002692318055778742
-0.0023531042970716953,-0.0020310096442699432,-0.0017612972296774387,-0.0016121485969051719
-0.0016577367205172777,-0.001937133027240634,-0.0024349347222596407,-0.00309587805531919
-0.0038524148985743523,-0.0046397726982831955,-0.005388924852013588,-0.00602076668292284,-0.0064629558473825455,-0.006672757212072611,-0.006642070598900318
-0.006387745495885611,-0.005939993541687727,-0.005334662739187479,-0.004615264479070902,-0.003839336335659027,-0.003071543062105775,-0.0023639679420739412,-0.001740568783134222,-0.0011948376195505261,-0.0007010825211182237,-0.00022998015629127622,0.00024544380721636117,0.0007520291255787015,0.0013119991635903716,0.0019265280570834875,0.0025670200120657682,0.003188070375472307,0.0037470348179340363,0.00421905517578125,0.004603011533617973,0.004910702351480722,0.005153867416083813,0.005344780161976814
0.005497733596712351,0.005621906369924545,0.005718130152672529,0.005788829643279314
0.005846123211085796,0.005904099438339472,0.005969394464045763,0.006042245775461197
0.006123448256403208,0.0062200408428907394,0.00633796164765954,0.006469241343438625
0.0065982709638774395,0.006720924284309149,0.006850435398519039,0.0070038544945418835
0.0071846176870167255,0.007373497821390629,0.007531133946031332,0.007615456357598305
0.007600307464599609,0.007481347769498825,0.007277732715010643
0.007028908934444189,0.006783097051084042,0.006590493489056826,0.0064986702054739
0.006538422778248787,0.006712063681334257,0.006994691211730242,0.007339718751609325,0.007685651071369648,0.007967435754835606,0.008130674250423908,0.008144805207848549
0.008003542199730873,0.007706306409090757,0.0072427717968821526,0.006600468885153532,0.005788428243249655,0.004861375316977501,0.003919548820704222,0.003075218526646495,0.002421425189822912,0.00202478957362473,0.0019241940462961793
0.002122532343491912,0.0025774799287319183,0.0032097785733640194,0.003934413194656372
0.00468316487967968,0.005399756133556366,0.006031039170920849,0.006529977545142174
0.006858385168015957,0.006982863415032625,0.006875196006149054,0.0065247053280472755,0.005953257903456688,0.005216364748775959,0.004384386353194714,0.003519546240568161
0.0026709449011832476,0.0018850697670131922,0.0012074350379407406,0.00066674395930022,0.0002608988434076309,-3.689160803332925e-05,-0.00025699567049741745
-0.0004153498448431492,-0.0005149328499101102,-0.0005666201468557119,-0.0006061075255274773
-0.0006858365959487855,-0.0008462448604404926,-0.0010925403330475092,-0.0014003000687807798
-0.0017433082684874535,-0.0021142135374248028,-0.0025217251386493444,-0.002973832655698061
-0.0034654985647648573,-0.00398431858047843,-0.004525341093540192,-0.0050943465903401375
-0.005698340013623238,-0.0063331411220133305,-0.006978880614042282,-0.007611013017594814,-0.00821006391197443,-0.008754853159189224,-0.00921766459941864
-0.009573740884661674,-0.009813879616558552,-0.009949618019163609,-0.010008217766880989,-0.010023891925811768,-0.010027044452726841,-0.010030490346252918,-0.010022934526205063
-0.00997418537735939,-0.009848886169493198,-0.009624308906495571,-0.009301040321588516,-0.008900502696633339,-0.00845433585345745,-0.007995199412107468,-0.007555335760116577
-0.007165927905589342,-0.006853901781141758,-0.006642266176640987,-0.006545685697346926,-0.0065607950091362,-0.006664758548140526,-0.006815573200583458
-0.006955190096050501,-0.00703179556876421,-0.007023000158369541
-0.006926907692104578,-0.006730301305651665,-0.006399206351488829,-0.005908295512199402
-0.005272991955280304,-0.004559267777949572,-0.0038760583847761154,-0.003347117220982909
-0.0030646645464003086,-0.003052287735044956,-0.003262995509430766,-0.0036086556501686573,-0.003997172228991985,-0.004355890676379204,-0.004629748873412609,-0.0047659617848694324,-0.004713773727416992,-0.004442733712494373,-0.0039537930861115456,-0.003275519935414195
-0.0024603488855063915,-0.0015784171409904957,-0.0007013295544311404,0.00011048279702663422
0.0008064371068030596,0.0013420965988188982,0.0016911481507122517,0.0018646048847585917
0.0019058192847296596,0.0018593886634334922,0.001747486530803144,0.0015775492647662759
0.001366293989121914,0.0011473792837932706,0.0009593683062121272,0.0008364400709979236,0.0008148915367200971,0.0009401510469615459,0.0012534663546830416,0.0017718758899718523,0.0024799220263957977,0.003328316379338503,0.0042388178408145905
0.00512122455984354,0.005899953190237284,0.006535260006785393,0.007020993623882532
0.007361984811723232,0.007560574449598789,0.0076298494823277,0.007611419539898634
0.007570951245725155,0.007572924718260765,0.007650574669241905,0.007795924320816994,0.007982686161994934,0.008190765976905823,0.00840424932539463,0.008594067767262459
0.00870634987950325,0.008675295859575272,0.008456490933895111,0.008047607727348804,0.00748076569288969,0.006800404749810696,0.0060491180047392845
0.005275100003927946,0.004543343558907509,0.003926037345081568,0.0034787615295499563,0.003220221260562539,0.003130638971924782,0.0031751105561852455,0.0033284311648458242,0.0035724660847336054,0.0038740490563213825,0.004179607145488262,0.0044369176030159,0.0046106912195682526,0.004675629548728466,0.004607636481523514,0.004388505592942238
0.004027111921459436,0.003580752993002534,0.003148685907945037,0.0028383159078657627,0.0027281558141112328,0.0028499045874923468,0.0031945512164384127
0.003729936433956027,0.00441342405974865,0.00518603203818202,0.0059607140719890594
0.0066396077163517475,0.00715424632653594,0.007483330089598894,0.007633889559656382
0.007613185793161392,0.007419863250106573,0.007053761277347803,0.006521030329167843
0.0058257258497178555,0.004964007530361414,0.003938937094062567,0.002784415613859892
0.0015682477969676256,0.0003737984225153923,-0.0007225429289974272,-0.0016713027143850923
-0.00245411554351449,-0.0030616431031376123,-0.003470846451818943
-0.003655624808743596,-0.003616559086367488,-0.003394635859876871,-0.0030606165528297424
-0.0026905029080808163,-0.002346886321902275,-0.002076335484161973,-0.0019105885876342654
-0.0018615294247865677,-0.0019154951442033052,-0.00203850120306015,-0.002196518238633871
-0.0023742513731122017,-0.0025730887427926064,-0.002799706533551216,-0.0030646496452391148
-0.0033862136770039797,-0.0037848821375519037,-0.00426434725522995,-0.004801885224878788
-0.005363906733691692,-0.005922733806073666,-0.006457971874624491
-0.006951336283236742,-0.007383458781987429,-0.007738185115158558,-0.00801355391740799,-0.00823088176548481,-0.008432488888502121,-0.008663899265229702,-0.008949371054768562,-0.009280472993850708,-0.009627319872379303,-0.009958288632333279,-0.010248048231005669
-0.01046920195221901,-0.010583071038126945,-0.010548301972448826,-0.010342697612941265
-0.009978171437978745,-0.009495986625552177,-0.008944071829319,-0.008354509249329567,-0.007738744840025902,-0.007099241483956575,-0.006446135696023703
-0.005806951783597469,-0.0052209109999239445,-0.004716126713901758,-0.004280186258256435,-0.003856695955619216,-0.0033856083173304796,-0.0028463357593864202,-0.00226242165081203
-0.0016876941081136465,-0.0011995844542980194,-0.0008845911361277103,-0.0008085682638920844
-0.0009959035087376833,-0.0014262954937294126,-0.0020377044565975666,-0.0027373377233743668
-0.003422548994421959,-0.00400057528167963,-0.0044003077782690525,-0.004578990396112204,-0.004525120370090008,-0.0042561134323477745,-0.003816853277385235
-0.003275498980656266,-0.0027038364205509424,-0.0021541009191423655,-0.0016509969718754292,-0.0011970165651291609,-0.0007859098259359598,-0.0004174401983618736,-9.653466986492276e-05,0.00018103369802702218,0.00043078605085611343,0.0006672564195469022,0.0008990330388769507,0.001134598394855857,0.0013850033283233643,0.0016585076227784157,0.0019587662536650896,0.0022915066219866276,0.0026654223911464214,0.0030849636532366276,0.003545051207765937,0.004028020426630974,0.004505659453570843,0.004947463981807232
0.005327207501977682,0.005627341568470001,0.005844879895448685,0.0059937224723398685
0.00609916727989912,0.006189807318150997,0.006291721016168594,0.006420132704079151
0.006562978029251099,0.006676636636257172,0.006714336108416319,0.006661158055067062
0.00653912965208292,0.006382408551871777,0.006213757209479809,0.006044664420187473
0.005888229236006737,0.005766299087554216,0.005700916517525911,0.0056980811059474945
0.005747336894273758,0.0058372714556753635,0.00596418185159564
0.0061234175227582455,0.00629374710842967,0.006437865551561117,0.006524686235934496,0.006547918077558279,0.006521386094391346,0.006458713673055172,0.006358012091368437
0.006204864475876093,0.005989549681544304,0.005716831423342228,0.005386793054640293
0.004969873931258917,0.004425055347383022,0.003750053234398365,0.0030041947029531
0.0022883436176925898,0.0017103638965636492,0.0013619042001664639,0.001316907349973917,0.0016291553620249033,0.002309205010533333,0.003307010978460312
0.004520950838923454,0.005819651298224926,0.007060591131448746,0.008107619360089302,0.008856588043272495,0.009258497506380081
0.009322029538452625,0.00909324549138546,0.008626117371022701,0.007969798520207405
0.007178175263106823,0.0063156140968203545,0.005445124581456184,0.0046087633818387985
0.0038164155557751656,0.003053366206586361,0.002300392836332321,0.0015523233450949192
0.0008195281261578202,0.00011023960541933775,-0.0005781641812063754,-0.0012410911731421947
-0.0018471471266821027,-0.0023473508190363646,-0.00270866509526968,-0.0029393178410828114
-0.003082641400396824,-0.0031910864636301994,-0.003303498262539506,-0.0034343262668699026
-0.003578128991648555,-0.003726479597389698,-0.003879527561366558,-0.004036393016576767
-0.00417900737375021,-0.004279020708054304,-0.004322662018239498,-0.004323579370975494
-0.004313362762331963,-0.004323097877204418,-0.00437603984028101,-0.004498148337006569
-0.004730471409857273,-0.005121925845742226,-0.005697438959032297,-0.006427501793950796
-0.0072354963049292564,-0.008033638820052147,-0.008748991414904594,-0.009330525062978268
-0.00974577758461237,-0.009976932778954506,-0.010026310570538044,-0.009922015480697155
-0.00971038918942213,-0.009440271183848381,-0.009150514379143715,-0.008866462856531143
-0.008604513481259346,-0.008378259837627411,-0.008197210729122162,-0.008059646934270859
-0.007955420762300491,-0.007878143340349197,-0.007824075408279896,-0.007779769133776426
-0.007723829243332148,-0.007639910560101271,-0.007519760634750128
-0.007358633913099766,-0.007148582022637129,-0.006863067392259836,-0.006454505957663059
-0.005888303276151419,-0.005179915577173233,-0.004396901465952396,-0.003634551540017128,-0.002986014122143388,-0.002522125141695142,-0.0022871873807162046,-0.0023014084435999393
-0.002560319844633341,-0.0030292763840407133,-0.003640541573986411,-0.004303926136344671
-0.004923855885863304,-0.005409580655395985,-0.005684110801666975,-0.0056968796998262405,-0.005430306773632765,-0.004894666839390993,-0.004120354074984789
-0.0031602189410477877,-0.0020963011775165796,-0.0010320621076971292,-6.885116454213858e-05
0.0007149598095566034,0.0012737178476527333,0.001598599599674344,0.0017106067389249802
0.0016451042611151934,0.0014424509136006236,0.0011406841222196817,0.0007767884526401758
0.00040503626223653555,0.00010122900130227208,-6.157541065476835e-05,-3.152749559376389e-05
0.0002203780022682622,0.0006981897749938071,0.0013832610566169024,0.0022417197469621897,0.0032272159587591887,0.004280543886125088,0.005331798456609249
0.0063128094188869,0.007175508886575699,0.007895620539784431,0.008453652262687683
0.008822750300168991,0.008986370638012886,0.00895410031080246,0.008754870854318142
0.008428892120718956,0.00802205502986908,0.0075754341669380665,0.007120440248399973,0.006684661377221346,0.006297060288488865,0.005982500500977039,0.005751668009907007
0.005600014701485634,0.005516568664461374,0.005485966801643372,0.005479711107909679,0.005464363843202591,0.0054265777580440044,0.005379016511142254
0.005347676109522581,0.0053590405732393265,0.005429446697235107,0.005564662162214518
0.0057679046876728535,0.006041255779564381,0.006381355691701174,0.00677490932866931
0.007193160708993673,0.007591418921947479,0.007911812514066696,0.00808235164731741
0.008027199655771255,0.007695815060287714,0.007091789972037077,0.00628573028370738
0.005401260685175657,0.004571825265884399,0.003897732123732567,0.003435103688389063
0.0032076830975711346,0.003215166972950101,0.0034375765826553106
0.003841415047645569,0.0043803188018500805,0.004997072741389275,0.005629250314086676
0.006205060984939337,0.00664035277441144,0.006852756720036268,0.0067814853973686695
0.0063986144959926605,0.005714133847504854,0.004780313465744257,0.003689227160066366
0.002552501857280731,0.0014712631236761808,0.0005182945169508457,-0.00026278686709702015
-0.0008496921509504318,-0.0012298505753278732,-0.0013949337881058455,-0.0013501937501132488
-0.0011267944937571883,-0.0007820609025657177,-0.000385850144084543
6.079731974750757e-06,0.00037114330916665494,0.0007026141392998397,0.0009713410399854183
0.0011117926333099604,0.0010512633016332984,0.0007516916957683861,0.00021984142949804664
-0.0005158674903213978,-0.001427449518814683,-0.002483320888131857,-0.003626802936196327,-0.004769937135279179,-0.005819373764097691,-0.0067121777683496475,-0.00742641044780612
-0.007967151701450348,-0.008356569334864616,-0.008627115748822689,-0.008811205625534058,-0.008942704647779465,-0.009060431271791458,-0.009198070503771305
-0.009373478591442108,-0.009585091844201088,-0.009814798831939697,-0.010036651976406574
-0.010222362354397774,-0.010343527421355247,-0.01037799846380949,-0.010317509062588215
-0.010169001296162605,-0.009948655031621456,-0.009674073196947575,-0.009355572983622551
-0.00899344403296709,-0.008589215576648712,-0.008151078596711159,-0.0076825725845992565
-0.007177428342401981,-0.006633009295910597,-0.006071791518479586,-0.005547938868403435
-0.005125085357576609,-0.004844497423619032,-0.004714441951364279
-0.004722743295133114,-0.004836373962461948,-0.00498585170134902,-0.00508290296420455,-0.00506641436368227,-0.004927932284772396,-0.004706027917563915,-0.0044646430760622025
-0.004268019925802946,-0.004155511036515236,-0.004125085659325123,-0.004146602004766464
-0.004192757420241833,-0.0042510805651545525,-0.0043118540197610855,-0.004350310657173395
-0.004322447814047337,-0.004182831384241581,-0.003905559191480279,-0.0034843829926103354,-0.0029181393329054117,-0.002205393509939313,-0.001356254331767559
-0.0004124563420191407,0.0005438920925371349,0.0014148964546620846,0.002129903296008706,0.0026627834886312485,0.0030133684631437063,0.003181063337251544,0.0031570519786328077
0.0029380202759057283
9.319007403973956e-06,4.676159733207896e-06,2.6596956104185665e-06
2.1242374259600183e-06,2.5910724161803955e-06,4.03570356866112e-06,6.486051915999269e-06,9.772948033059947e-06,1.3605774256575387e-05,1.783134757715743e-05,2.2590256776311435e-05,2.805739495670423e-05,3.396181273274124e-05,3.9462913264287636e-05,4.3463645852170885e-05,4.4935328332940117e-05,4.314552643336356e-05,3.799135811277665e-05,3.0345512641360983e-05,2.2011787223163992e-05,1.4962797649786808e-05,1.035188961395761e-05,8.326987881446257e-06,8.723733117221855e-06,1.1784770322265103e-05,1.8313123291591182e-05
2.926549677795265e-05,4.4938133214600384e-05,6.397067045327276e-05,8.28785850899294e-05,9.693748143035918e-05,0.00010229117469862103,9.76592127699405e-05,8.431299647781998e-05
6.515264249173924e-05,4.39766954514198e-05,2.477245288901031e-05,1.0609389391902369e-05
2.6072834771184716e-06,2.160549605889628e-08,1.1902767482752097e-06,4.246574462740682e-06
7.4791087172343396e-06,9.671708539826795e-06,1.0335943443351425e-05,9.641999895393383e-06
8.10538767836988e-06,6.2479020925820805e-06,4.448130312084686e-06
2.9369628009590087e-06,1.8051185861622798e-06,1.0411692983325338e-06,5.754590688411554e-07
3.1570110081702296e-07,1.8765405229714816e-07,1.5156874155763944e-07,2.1235776159755915e-07,4.6726921709705493e-07,1.1820390000139014e-06,2.817327413140447e-06,5.889174644835293e-06
1.0659029612725135e-05,1.6904527001315728e-05,2.4015769668039866e-05,3.125903458567336e-05
3.795688826357946e-05,4.369288944872096e-05,4.863576759817079e-05,5.357720874599181e-05,5.9503949159989133e-05,6.710932211717591e-05,7.646568701602519e-05
8.706020889803767e-05,9.829123155213892e-05,0.0001098237989936024,0.00012146388326073065
0.00013297390250954777,0.00014393762103281915,0.00015369412722066045,0.0001616262161405757
0.00016734110249672085,0.00017048405425157398,0.0001708424388198182,0.0001686101168161258
0.00016425197827629745,0.00015804906433913857,0.00014964911679271609,0.00013816957653034478,0.0001230959314852953,0.00010512775043025613,8.607159543316811e-05,6.802770076319575e-05,5.258505916572176e-05,4.0437927964376286e-05,3.147185270790942e-05
2.5110044589382596e-05,2.0669749574153684e-05,1.7487687728134915e-05,1.4887987163092475e-05
1.2331378457020037e-05,9.663730452302843e-06,7.092061423463747e-06,4.932985575578641e-06
3.396496367713553e-06,2.4924536319304025e-06,2.0952336399204796e-06,2.1033188204455655e-06,2.5560541416780325e-06,3.670701971714152e-06,5.774143119197106e-06,9.038637472258415e-06
1.3174345440347679e-05,1.7532333004055545e-05,2.1533436665777117e-05,2.479075192240998e-05,2.6857684133574367e-05,2.707085877773352e-05,2.4855104129528627e-05
2.0286141079850495e-05,1.4228980944608338e-05,7.988867764652241e-06,2.934129724962986e-06
2.3854798314459913e-07,5.863258252247761e-07,3.7980685192451347e-06,8.909372809284832e-06,1.4937586456653662e-05,2.1563482732744887e-05,2.9002747396589257e-05,3.729031959665008e-05
4.588275260175578e-05,5.404611874837428e-05,6.134578143246472e-05,6.755728827556595e-05
7.241652201628312e-05,7.575629570055753e-05,7.777126302244142e-05,7.894339069025591e-05,7.966422708705068e-05,7.993075996637344e-05,7.933189044706523e-05
7.730921788606793e-05,7.365211058640853e-05,6.882535672048107e-05,6.35794858681038e-05
5.8173900470137596e-05,5.217716170591302e-05,4.512279701884836e-05,3.7211440940154716e-05,2.9289201847859658e-05,0.004726041574031115,0.004128284752368927,0.003694359678775072,0.003465397981926799,0.0034393183887004852,0.0035798747558146715,0.0038350431714206934,0.00415395712479949,0.004493867978453636,0.004832679871469736,0.0051888530142605305,0.005613074637949467,0.0061449697241187096,0.006778963375836611
0.0074683730490505695,0.008152922615408897,0.008780749514698982,0.009311411529779434
0.009708786383271217,0.009929639287292957,0.00991378165781498,0.009598911739885807
0.008958271704614162,0.008016866631805897,0.006822829134762287,0.0054111965000629425
0.003807656466960907,0.0020599928684532642,0.00025049340911209583,-0.001512547256425023
-0.0031019938178360462,-0.004381599836051464,-0.005227221176028252,-0.005553591996431351,-0.005333747249096632,-0.004607783164829016,-0.0034742108546197414
-0.0020575656089931726,-0.00048225768841803074,0.0011297647142782807,0.002663628663867712
0.004029631149023771,0.005177292972803116,0.006083823274821043,0.006720063276588917
0.007036332506686449,0.006993536837399006,0.00660747243091464,0.005968315526843071,0.005214843433350325,0.004467196762561798,0.0037814523093402386,0.003169422270730138,0.0026386745739728212,0.002211949322372675,0.0019210069440305233,0.0017770432168617845,0.0017498371889814734,0.001773899421095848,0.0017657206626608968
0.0016452274285256863,0.0013487860560417175,0.0008336075115948915,0.00010190403554588556
-0.0007681787828914821,-0.0016331869410350919,-0.0023402755614370108,-0.00279477727599442
-0.00300808809697628,-0.0030976170673966408,-0.0032361410558223724,-0.0035743380431085825
-0.0041621834971010685,-0.004921562969684601,-0.0057026538997888565,-0.006367715075612068
-0.006840336136519909,-0.007106903940439224,-0.007182267494499683,-0.007088883314281702,-0.006876417901366949,-0.00663174269720912,-0.006434724200516939
-0.006293258164077997,-0.006137296557426453,-0.0059021697379648685,-0.0056135933846235275
-0.0053675053641200066,-0.0052383835427463055,-0.005227964371442795,-0.005282457917928696
-0.005334294866770506,-0.0053293462842702866,-0.005234898533672094,-0.005043534561991692
-0.004766215104609728,-0.004423592239618301,-0.0040695881471037865,-0.0038072706665843725
-0.003735856618732214,-0.0038813732098788023,-0.004195878282189369,-0.0046166228130459785,-0.005108273588120937,-0.005643430165946484,-0.006174204871058464
-0.006649345625191927,-0.007029461208730936,-0.007268654182553291,-0.007322044111788273
-0.0071924240328371525,-0.0069536613300442696,-0.006717520300298929,-0.0065646725706756115
-0.006508537568151951,-0.0065233102068305016,-0.006573591846972704,-0.0066281575709581375,-0.006681511644273996,-0.006749370601028204,-0.006836302578449249,-0.006912497337907553
-0.00691108126193285,-0.006764453835785389,-0.006451928988099098,-0.005985591560602188,-0.005364652723073959,-0.004582730121910572,-0.0036727190017700195
-0.002721186261624098,-0.0018282816745340824,-0.0010548117570579052,-0.00041609001345932484,9.167427197098732e-05,0.00047526671551167965,0.0007269380730576813,0.0008109245682135224,0.0006889367359690368,0.00036594102857634425,-8.893589256331325e-05,-0.0005712141282856464,-0.0010017245076596737,-0.001342091360129416,-0.0015505666378885508,-0.0015661242650821805
-0.0013425146462395787,-0.0008760136552155018,-0.00020495383068919182,0.0006118439487181604,0.00152202311437577,0.002492616418749094,0.0035050101578235626
0.004535345360636711,0.005531887523829937,0.006417091935873032,0.007123004179447889
0.007626894395798445,0.007949503138661385,0.008118738420307636,0.008144917897880077
0.008036727085709572,0.007827144116163254,0.007572503760457039,0.007325741928070784
0.007102482486516237,0.006872472818940878,0.00659540481865406,0.006262947339564562
0.005909348372370005,0.005597502924501896,0.005386799573898315,0.0053024678491055965,0.005337081383913755,0.005468970630317926,0.005669168196618557
0.005896993447095156,0.006102026905864477,0.006244906689971685,0.006319007370620966
0.006350845098495483,0.006384850479662418,0.006465577520430088,0.0066182599402964115
0.006827532779425383,0.007026382256299257,0.007110550533980131,0.006984715349972248,0.006618385203182697,0.006064299494028091,0.005431389901787043,0.004841041285544634
0.0043826717883348465,0.004097548313438892,0.004002749919891357,0.0041085099801421165,0.004405648447573185,0.0048517389222979546,0.005376649089157581
0.005905524827539921,0.006376875098794699,0.006738139316439629,0.006942099891602993
0.006964600645005703,0.006822087801992893,0.006566394120454788,0.006257645320147276
0.005930897314101458,0.005587016232311726,0.005218008998781443,0.004828046075999737
0.004425433464348316,0.004010717384517193,0.0035787879023700953,0.003127504838630557
0.0026673602405935526,0.0022219771053642035,0.0018122526817023754,0.0014430455630645156
0.0011064208811149001,0.0007939818315207958,0.0005098647088743746
0.0002674537827260792,6.480084266513586e-05,-0.0001281430886592716,-0.00034893001429736614
-0.000611792434938252,-0.0009003003360703588,-0.0011905520223081112,-0.0014777973992750049
-0.0017804887611418962,-0.0021277882624417543,-0.0025483756326138973,-0.003066922537982464,-0.0037061201874166727,-0.004483806435018778,-0.005393610801547766,-0.006385001353919506
-0.007374353241175413,-0.008282629773020744,-0.009059524163603783,-0.009672746062278748
-0.010091185569763184,-0.010297218337655067,-0.010312342084944248
-0.010195460170507431,-0.010005919262766838,-0.009770776145160198,-0.009496317245066166,-0.009201312437653542,-0.008925123140215874,-0.00870806910097599,-0.008568452671170235
-0.00849565677344799,-0.008461358025670052,-0.008433837443590164,-0.00838586688041687
-0.008296813815832138,-0.00815119780600071,-0.007935847155749798,-0.007642663083970547
-0.007282734382897615,-0.0068949745036661625,-0.0065291221253573895,-0.0062120878137648106,-0.005934727843850851,-0.005680857226252556,-0.005453373771160841
-0.005250782705843449,-0.00503740506246686,-0.004766514059156179,-0.004431598354130983
-0.004088390618562698,-0.0038321535103023052,-0.0037511922419071198,-0.0038904459215700626
-0.004240826237946749,-0.004748601466417313,-0.005343984812498093,-0.005970639176666737,-0.00658167852088809,-0.007113156374543905,-0.007479708641767502,-0.007601154036819935
-0.007430722005665302,-0.006962115876376629,-0.006220867391675711,-0.005257738288491964,-0.0041437046602368355,-0.0029594148509204388,-0.0017879779916256666
-0.0007113097235560417,0.0002043473068624735,0.000927951536141336,0.0014658377040177584
0.00184284255374223,0.0020775143057107925,0.0021713771857321262,0.0021273507736623287
0.00197707861661911,0.0017774672014638782,0.0015812732744961977,0.0014184770407155156,0.0013032022397965193,0.001253959839232266,0.0012993643758818507,0.0014583503361791372
0.0017209628131240606,0.0020512917544692755,0.0024087305646389723,0.002772876527160406,0.0031503350473940372,0.00355317210778594,0.003972887061536312
0.004383019171655178,0.00476668169721961,0.00513612013310194,0.005525589920580387,0.005965836346149445,0.006462667603045702,0.006996096111834049,0.007534005679190159,0.008042903617024422,0.008486475795507431,0.0088200056925416,0.008996212854981422,0.008978595025837421,0.008750595152378082,0.008321009576320648,0.0077211870811879635
0.006996814161539078,0.0062102326191961765,0.005449257325381041,0.004819971509277821
0.004411974921822548,0.0042600855231285095,0.004340998828411102
0.0046034618280828,0.004998601507395506,0.0054867262952029705,0.006025273818522692
0.006563900969922543,0.00705588748678565,0.007466693874448538,0.007761312182992697
0.007879171520471573,0.007733341306447983,0.007253584451973438,0.006442108657211065,0.005393845960497856,0.004265223629772663,0.003221026621758938,0.0023946783039718866
0.0018713963218033314,0.0016935772728174925,0.001874056993983686,0.002398606389760971,0.003222773550078273,0.004270695615559816,0.005434850696474314
0.006585889961570501,0.0075964778661727905,0.00836453028023243
0.008825750090181828,0.008956870064139366,0.008771151304244995,0.008306900039315224
0.007613524328917265,0.006745247635990381,0.00576407928019762,0.004740268923342228
0.003745368216186762,0.0028434889391064644,0.0020840151701122522,0.001498076831921935,0.0011017576325684786,0.000896636163815856,0.0008593805832788348,0.0009377063252031803
0.0010638044914230704,0.001170371426269412,0.0012034560786560178,0.001133534125983715
0.0009560995385982096,0.0006786896847188473,0.0003035912523046136,-0.000175647932337597
-0.0007542995153926313,-0.0013952148146927357,-0.002036599675193429,-0.002626389730721712
-0.0031543290242552757,-0.003651511389762163,-0.004152847453951836,-0.004661207087337971
-0.005147717893123627,-0.005577550269663334,-0.0059313103556632996,-0.006208421196788549
-0.0064199985936284065,-0.006580900866538286,-0.006712479051202536,-0.006853215862065554,-0.007051205728203058,-0.007338072173297405,-0.007714251056313515
-0.00815719086676836,-0.008638251572847366,-0.009137428365647793,-0.00964716449379921
-0.010154991410672665,-0.010620811954140663,-0.010977644473314285,-0.0111610172316432
-0.011144955642521381,-0.010949539951980114,-0.010611506178975105,-0.01015374157577753
-0.009584808722138405,-0.008922997862100601,-0.008218381553888321,-0.007544621359556913
-0.006965427193790674,-0.006516126915812492,-0.006211720407009125,-0.006053196266293526
-0.00602309312671423,-0.006076897494494915,-0.00613068463280797
-0.006070062052458525,-0.0058026546612381935,-0.005316463764756918,-0.0046880836598575115
-0.00404022540897131,-0.0034872249234467745,-0.003100021043792367,-0.0029098251834511757
-0.0029304109048098326,-0.0031614352483302355,-0.0035804035142064095,-0.004141621291637421,-0.0047804126515984535,-0.005424744915217161,-0.006008310243487358,-0.006475662812590599
-0.006787620019167662,-0.006923833396285772,-0.006876552943140268,-0.006651286035776138
-0.006269101984798908,-0.005751052871346474,-0.005102462600916624
-0.004320766776800156,-0.003419185057282448,-0.0024449056945741177,-0.0014670242089778185
-0.0005416120402514935,0.0002979133278131485,0.001021228963509202,0.0015909775393083692
0.0019663586281239986,0.0021164463832974434,0.00204427819699049,0.001798650249838829
0.0014642475871369243,0.0011423078831285238,0.0009300900856032968,0.0009084788616746664
0.0011346089886501431,0.0016319169662892818,0.002382952021434903,0.0033263624645769596
0.0043641868978738785,0.005388443823903799,0.006312355864793062
0.007084271404892206,0.007682420779019594,0.008103827945888042,0.008360229432582855
0.00848129577934742,0.008510496467351913,0.00848681665956974,0.008426737040281296
0.008318815380334854,0.008129818364977837,0.007820887491106987,0.007368694059550762
0.006779124028980732,0.006089275702834129,0.0053583295084536076,0.00465237395837903
0.004038557875901461,0.0035875949542969465,0.00336898653768003,0.0034313418436795473
0.003775111399590969,0.00434374064207077,0.005045028403401375
0.005783476866781712,0.006482666824012995,0.007083996664732695,0.007533864118158817
0.007790788076817989,0.007842954248189926,0.007712554652243853,0.007449815049767494
0.007109442725777626,0.00671987934038043,0.006286481395363808,0.0058269016444683075,0.005396123975515366,0.005073421634733677,0.004916166886687279,0.0049242801032960415
0.005057164467871189,0.005277604795992374,0.0055688428692519665,0.00592308072373271,0.006324182730168104,0.006733542773872614
0.007092851679772139,0.007344805635511875,0.007448595482856035,0.007377889938652515
0.007112160325050354,0.0066404095850884914,0.005981916561722755,0.005200548563152552
0.0043912664987146854,0.0036512352526187897,0.0030575168784707785,0.002655899617820978,0.0024612636771053076,0.002463146112859249,0.0026233308017253876,0.002873031422495842
0.0031252263579517603,0.0032969177700579166,0.003321887692436576,0.003151163225993514,0.0027610682882368565,0.002168271690607071,0.0014304639771580696
0.0006292801117524505,-0.00015492888633161783,-0.0008635314297862351,-0.0014632961247116327,-0.0019411216489970684,-0.002305487170815468,-0.0025904388166964054,-0.00285131111741066,-0.003153489902615547,-0.0035557530354708433,-0.0040917349979281425,-0.004760372452437878
-0.0055262125097215176,-0.006326443515717983,-0.00708676315844059,-0.0077393739484250546
-0.008236821740865707,-0.008565887808799744,-0.008755569346249104,-0.00886334665119648
-0.008945243433117867,-0.009035644121468067,-0.00914958119392395
-0.009292185306549072,-0.00945395976305008,-0.009599743410944939,-0.009673944674432278
-0.009621361270546913,-0.0094107985496521,-0.009051082655787468,-0.00859055295586586
-0.008098967373371124,-0.007641221862286329,-0.007259968668222427,-0.0069784438237547874
-0.006815333850681782,-0.006787351798266172,-0.006891920231282711,-0.007094858679920435
-0.007340614218264818,-0.007575310301035643,-0.00776338204741478,-0.007882591336965561,-0.007912354543805122,-0.007837869226932526,-0.007650333922356367
-0.007341464515775442,-0.006920697167515755,-0.006426406092941761,-0.005903064738959074
-0.00538795767351985,-0.00492552574723959,-0.004568420350551605,-0.004354116506874561
-0.004280193708837032,-0.004300545435398817,-0.004358948208391666,-0.0044254884123802185,-0.004491166211664677,-0.004545771516859531,-0.004565723240375519,-0.0045106541365385056,-0.004337910562753677,-0.004022304899990559,-0.003564641112461686,-0.0029889054130762815,-0.0023176083341240883,-0.0015514867845922709,-0.0007005596999078989
0.00017153634689748287,0.0009621272911317647,0.001584228128194809,0.0019942251965403557,0.0021788959857076406,0.002139045624062419,0.0018953353865072131
0.0014960472472012043,0.001002796459943056,0.00047303270548582077,-4.016695311293006e-05
-0.0004892060533165932,-0.000848558614961803,-0.0011248327791690826,-0.0013413301203399897
-0.0015075397677719593,-0.0015963866608217359,-0.0015491126105189323,-0.0013044930528849363
-0.0008274415740743279,-0.00011731695849448442,0.0008065298898145556,0.0019227209268137813
0.0032037338241934776,0.004599947482347488,0.006044523324817419,0.007476566359400749
0.008853968232870102,0.01014183834195137,0.011287768371403217,0.012213962152600288
0.012845046818256378,0.013145891018211842,0.013128688558936119,0.012835212051868439
0.012319916859269142,0.011634588241577148,0.010818318463861942,0.00990316178649664
0.008924550376832485,0.007920337840914726,0.00692537147551775,0.005975496489554644
0.00511199701577425,0.004370524547994137,0.0037651322782039642
0.0032878664787858725,0.002925221109762788,0.002673240378499031,0.0025298038963228464
0.002472983207553625,0.0024564629420638084,0.0024302522651851177,0.0023627826012670994
0.002238910412415862,0.002047508955001831,0.0017926295986399055,0.0015218330081552267,0.0013363469624891877,0.0013695152010768652,0.0017391802975907922,0.0024951775558292866
0.0036055264063179493,0.004992648959159851,0.00657389871776104,0.008270413614809513,0.009989216923713684,0.011602748185396194,0.01295851357281208
0.013926230370998383,0.014440637081861496,0.014503364451229572,0.01415394339710474
0.013441097922623158,0.012421476654708385,0.011173680424690247,0.009781190194189548
0.008292526006698608,0.006716687232255936,0.0050621735863387585,0.0033732731826603413,0.0017260550521314144,0.0001919406931847334,-0.0011892940383404493,-0.0024050655774772167
-0.0034550069831311703,-0.004347071051597595,-0.005097885616123676,-0.005725142080336809,-0.006232737563550472,-0.006602074485272169,-0.006804356351494789
-0.006822405382990837,-0.006659668870270252,-0.006335524842143059,-0.005871218629181385
-0.005274134688079357,-0.004538652952760458,-0.0036676772870123386,-0.0026977371890097857
-0.0017012637108564377,-0.0007557563949376345,8.666340727359056e-05,0.0007955375476740301
0.0013402935583144426,0.0016821504104882479,0.0017859642393887043,0.001630800892598927
0.0012016684049740434,0.00047700165305286646,-0.0005685063078999519,-0.001944690360687673
-0.003623473923653364,-0.005530601367354393,-0.007558008190244436
-0.009591711685061455,-0.01153526920825243,-0.013314606621861458,-0.014880330301821232
-0.01621066778898239,-0.017297249287366867,-0.018120482563972473,-0.018637165427207947
-0.018799277022480965,-0.018587931990623474,-0.018015120178461075,-0.01710311509668827,-0.015878982841968536,-0.014381161890923977,-0.012673108838498592,-0.010845364071428776
-0.00899302214384079,-0.007197096012532711,-0.005511649418622255,-0.0039538247510790825,-0.002516969572752714,-0.0011834804899990559,6.911531090736389e-05
0.0012370939366519451,0.0022631275933235884,0.00304750120267272,0.0034760748967528343
0.0034523457288742065,0.0029332300182431936,0.0019390771631151438,0.0005286908708512783
-0.0012186234816908836,-0.0031948096584528685,-0.005254631862044334,-0.007232196629047394
-0.00898381881415844,-0.010419778525829315,-0.011495282873511314,-0.012188374064862728
-0.012488930486142635,-0.012395677156746387,-0.011923480778932571,-0.01110495999455452,-0.00997734721750021,-0.008575612679123878,-0.006935551762580872
-0.005104199517518282,-0.003154188394546509,-0.0011790795251727104,0.0007304083555936813
0.0025040924083441496,0.004095359239727259,0.005474577192217112,0.006621512584388256,0.007520448416471481,0.008158737793564796,0.008538867346942425,0.00869327038526535
0.00867251493036747,0.008516822010278702,0.008250478655099869,0.007899434305727482
0.007494089659303427,0.007048592437058687,0.006549324374645948,0.005974868778139353,0.005328404251486063,0.004647285211831331,0.003983928356319666
0.0033812837209552526,0.002861532848328352,0.00243348884396255,0.0021093657705932856
0.0019121996592730284,0.0018761754035949707,0.0020449862349778414,0.0024545530322939157
0.003107018768787384,0.003960731904953718,0.004942527040839195,0.0059694889932870865,0.006963456515222788,0.007858196273446083,0.008615966886281967,0.009246742352843285
0.009799351915717125,0.010329028591513634,0.010868534445762634,0.011410083621740341,0.011905062943696976,0.012284763157367706,0.01248751487582922
0.012480420060455799,0.012267837300896645,0.011878455989062786,0.011342191137373447
0.010681184940040112,0.009918843396008015,0.009082851000130177,0.008184324949979782
0.007199321407824755,0.006091051734983921,0.004856209736317396,0.003541293554008007
0.0022210360039025545,0.0009738975204527378,-0.00013507832773029804,-0.0010637795785441995
-0.001789555768482387,-0.0023104308638721704,-0.002651048358529806,-0.0028443392366170883,-0.0028995939064770937,-0.002789819613099098,-0.0024637836031615734
-0.0018782655242830515,-0.0010292631341144443,4.504446405917406e-05,0.0012822498101741076
0.0026169647462666035,0.003992567770183086,0.005357419140636921,0.006665095686912537
0.007880828343331814,0.008972246199846268,0.009897024370729923,0.010607196018099785
0.011058943346142769,0.011217442341148853,0.011059362441301346,0.010575161315500736
0.009766739793121815,0.008646220900118351,0.007248758804053068,0.00564482482150197,0.00392909673973918,0.002188483253121376,0.0004747426137328148
-0.001188634312711656,-0.0027744006365537643,-0.004242029972374439,-0.005569565109908581
-0.006785150617361069,-0.007951440289616585,-0.009115764871239662,-0.010276012122631073,-0.01138998381793499,-0.012410152703523636
0.0010959793580695987,0.0006291696918196976,0.00028865181957371533
6.768925959477201e-05,2.18614331970457e-06,0.00013816375576425344,0.0004692894872277975
0.0009126254008151591,0.0013562595704570413,0.001713661476969719,0.001931914477609098
0.001987283118069172,0.001887879683636129,0.0016643909038975835,0.0013545784167945385
0.001000354764983058,0.0006544825155287981,0.00037246342981234193,0.00018525445193517953
8.375356264878064e-05,3.429647767916322e-05,7.706746146141086e-06,1.9789670204772847e-06,5.5202523071784526e-05,0.00022042386990506202,0.0005002202233299613
0.0008356683538295329,0.0011789067648351192,0.0015311622992157936,0.0018945698393508792
0.0022086510434746742,0.002342736581340432,0.00217241607606411,0.0016975060570985079
0.0010790758533403277,0.0005301684141159058,0.00017631503578741103,2.215384301962331e-05
4.2999713514291216e-06,4.545202318695374e-05,8.589098433731124e-05,9.910506923915818e-05
8.506385347573087e-05,5.486216468852945e-05,2.34254384849919e-05,3.7141617212910205e-06
8.452278734694119e-07,1.1024525520042516e-05,2.4154203856596723e-05
2.8955975722055882e-05,2.107819454977289e-05,7.70510632719379e-06,1.6516310097358655e-07
4.6793270485068206e-06,2.4591212422819808e-05,7.053150329738855e-05,0.0001706912589725107,0.00037189171416684985,0.0007114206091500819,0.0011562507133930922,0.001567923347465694,0.0017647137865424156,0.00164980033878237,0.0012785085709765553,0.0008034571656025946,0.000374872877728194,8.940052794059739e-05,1.2379509826132562e-06,0.00014726344670634717,0.000527629570569843,0.001051459927111864,0.0015367785235866904
0.00180342688690871,0.0017786327516660094,0.0015225361566990614,0.0011626544874161482
0.0008041926193982363,0.0004941730294376612,0.0002474352659191936,7.934280438348651e-05
4.405683284858242e-06,1.7861460946733132e-05,9.486668568570167e-05,0.00020664122712332755
0.0003356638189870864,0.00047944317338988185,0.0006392821669578552,0.0008051712648011744
0.0009524163324385881,0.0010476155439391732,0.001058425521478057,0.0009694735053926706,0.0007958530331961811,0.0005823364481329918,0.0003848167834803462
0.0002436990907881409,0.00017055807984434068,0.00015923446335364133,0.0002083393483189866,0.0003275891358498484,0.000515974941663444,0.0007316494593396783,0.0008927547605708241,0.000919569400139153,0.0007799383602105081,0.000511489633936435,0.0002180065930588171,2.7680867788149044e-05,2.0860679796896875e-05,0.00017370829300489277,0.00036940182326361537,0.000484807591419667,0.00047896651085466146,0.00039456645026803017,0.0002927362802438438,0.00020946240692865103,0.00015664982493035495,0.00013428133388515562
0.0001357181608909741,0.0001456926838727668,0.00013770208170171827,9.055583359440789e-05
2.3932620024424978e-05,2.6331949811719824e-06,7.408238889183849e-05,0.00021092311362735927
0.00034696474904194474,0.00044909538701176643,0.0005185031332075596,0.0005445393035188317
0.0005004705162718892,0.0003869984648190439,0.0002492884232196957,0.00013837276492267847
7.278937846422195e-05,4.1625873564044014e-05,2.6970747057930566e-05,1.7378102711518295e-05
1.0788337931444403e-05,9.438530469196849e-06,1.4587850273528602e-05
2.250267607450951e-05,1.8041815565084107e-05,1.0823018783412408e-06,2.386259802733548e-05
0.00014800598728470504,0.0003559953474905342,0.0005586394690908492,0.0006951122777536511,0.0007723869639448822,-0.02844487503170967,-0.028023285791277885,-0.025729557499289513
-0.021224195137619972,-0.015243474394083023,-0.009274853393435478,-0.004720515571534634
-0.0022808522917330265,-0.0019336123950779438,-0.0033690258860588074,-0.0063071525655686855,-0.010320053435862064,-0.014431357383728027,-0.01720009371638298
-0.01751619391143322,-0.015383104793727398,-0.011936260387301445,-0.008665095083415508
-0.0064473384991288185,-0.005200396757572889,-0.00431837560608983,-0.003338127862662077
-0.0022796562407165766,-0.001425635302439332,-0.0007423233473673463,0.0004930314025841653
0.0034890128299593925,0.009239998646080494,0.01769506186246872,0.02729882299900055
0.03527773916721344,0.03865215927362442,0.035493046045303345,0.02570427395403385
0.010929526761174202,-0.0062266141176223755,-0.02317974716424942
-0.038081519305706024,-0.04998095706105232,-0.05855466052889824,-0.06389330327510834
-0.0664331242442131,-0.0665941834449768,-0.06427804380655289,-0.058907561004161835
-0.05005113407969475,-0.03810974210500717,-0.024536509066820145,-0.01118144765496254
0.000978795811533928,0.01253892108798027,0.024921398609876633,0.03884157910943031
0.05333903804421425,0.0660485252737999,0.07444684207439423,0.07718771696090698
0.07457674294710159,0.06794416904449463,0.05858423188328743
0.047203585505485535,0.03412719815969467,0.019675366580486298,0.004305534064769745
-0.011294840835034847,-0.026052061468362808,-0.038453131914138794,-0.04680665582418442
-0.04992416873574257,-0.04790326580405235,-0.04235202446579933,-0.0356970839202404
-0.02988342195749283,-0.025329435244202614,-0.020929569378495216,-0.015041155740618706
-0.006655016914010048,0.004028662107884884,0.01584014669060707,0.027311839163303375
0.03727870061993599,0.04513734206557274,0.050675638020038605
0.053623266518116,0.053393587470054626,0.0493643544614315,0.04136640951037407
0.029931239783763885,0.016431406140327454,0.0031354445964097977,-0.007298313546925783
-0.012900639325380325,-0.01325543038547039,-0.009542218409478664,-0.003919609822332859
0.001347188837826252,0.004728382453322411,0.005856427829712629,0.005244771018624306
0.003572434186935425,0.0011901641264557838,-0.001856607268564403,-0.005539713893085718
-0.009545089676976204,-0.013066820800304413,-0.014929398894309998
-0.014120817184448242,-0.010440477170050144,-0.004867923445999622,0.0006725438870489597
0.004184737801551819,0.0046271150931715965,0.0024735096376389265,-0.0005373472813516855,-0.0023628785274922848,-0.0017357184551656246,0.0012925994815304875,0.005620043259114027,0.009908380918204784,0.013278491795063019,0.015460720285773277,0.01652120240032673
0.016533393412828445,0.015449014492332935,0.01313107181340456,0.00946031417697668,0.0045400215312838554,-0.0010619773529469967,-0.006192393600940704
-0.009306332096457481,-0.009072905406355858,-0.005103298928588629,0.0016973074525594711
0.00943689327687025,0.01608908548951149,0.020365340635180473,0.022015796974301338
0.021405450999736786,0.01882079243659973,0.014181654900312424,0.007346305996179581
-0.0013761147856712341,-0.01095355674624443,-0.01978413388133049,-0.02617606148123741
-0.028926003724336624,-0.027763793244957924,-0.023550551384687424,-0.018177878111600876
-0.01396811380982399,-0.012648394331336021,-0.014535265974700451
-0.01847703382372856,-0.022568557411432266,-0.025194726884365082,-0.025710346177220345
-0.024307984858751297,-0.02126186713576317,-0.01633511856198311,-0.00903533585369587
0.000768544152379036,0.013005607761442661,0.028247926384210587,0.047803714871406555
0.07235649973154068,0.1005583256483078,0.12895959615707397,0.1528559774160385
0.1677665114402771,0.17098619043827057,0.16177810728549957,0.14062698185443878
0.10883559286594391,0.06874164193868637,0.02451404184103012
-0.01750200241804123,-0.050237223505973816,-0.06886175274848938,-0.07303060591220856
-0.0661851316690445,-0.052803099155426025,-0.03631291538476944,-0.018869731575250626
-0.002686578780412674,0.00852060504257679,0.009766174480319023,-0.0029492755420506,-0.030061563476920128,-0.06788737326860428,-0.11008989810943604,-0.14955802261829376
-0.1803123950958252,-0.19888553023338318,-0.20445075631141663,-0.19823308289051056,-0.18227477371692657,-0.15773214399814606,-0.12438908219337463
-0.08226101100444794,-0.03349035978317261,0.01776392012834549,0.06699872761964798
0.11085516959428787,0.14789484441280365,0.17814378440380096,0.2014491707086563
0.2165091186761856,0.22119174897670746,0.21273963153362274,0.18777519464492798
0.14313894510269165,0.07756628096103668,-0.006662294268608093,-0.10322132706642151
-0.20306937396526337,-0.29694440960884094,-0.3771170377731323,-0.4373297691345215
-0.47227251529693604,-0.47814661264419556,-0.45390617847442627
-0.40179571509361267,-0.32684919238090515,-0.2360461950302124,-0.13732442259788513
-0.03881140053272247,0.05163513123989105,0.12779217958450317,0.18693086504936218
0.22982943058013916,0.2586249113082886,0.27497968077659607,0.28003203868865967
0.27491942048072815,0.2612518072128296,0.24168618023395538,0.2195257991552353
0.19754764437675476,0.17738091945648193,0.1591227501630783,0.1411510705947876
0.12069328129291534,0.09475865960121155,0.06147152930498123
0.021621040999889374,-0.021050794050097466,-0.06162385269999504,-0.09676427394151688
-0.12639525532722473,-0.15329870581626892,-0.18153902888298035,-0.2146531343460083
-0.2536541223526001,-0.2955930233001709,-0.33433765172958374,-0.3631143569946289,-0.37662553787231445,-0.3719232678413391,-0.34794384241104126,-0.30414947867393494
-0.2400815486907959,-0.15686391294002533,-0.05906732380390167,0.045500993728637695,0.1478538066148758,0.23985788226127625,0.3157966732978821
0.3729936480522156,0.4110230505466461,0.4307505190372467,0.4338080883026123
0.4219551980495453,0.39659592509269714,0.3585396111011505,0.3077612519264221
0.24375393986701965,0.16684071719646454,0.07950827479362488,-0.013457156717777252
-0.10560626536607742,-0.18906313180923462,-0.25488635897636414,-0.294660747051239
-0.3027987480163574,-0.277901828289032,-0.22272197902202606,-0.1436016857624054
-0.04944212734699249,0.04956148564815521,0.14264808595180511
0.21978017687797546,0.2741326689720154,0.30343085527420044,0.30851539969444275
0.2910209894180298,0.25255244970321655,0.19546549022197723,0.12437999248504639
0.04718926548957825,-0.02594732493162155,-0.08507907390594482,-0.1227782815694809
-0.13589322566986084,-0.12612445652484894,-0.09894756227731705,-0.06158167123794556
-0.02102523297071457,0.016959868371486664,0.04822754114866257,0.0703635886311531
0.08226507902145386,0.08418108522891998,0.07852309942245483
0.06978313624858856,0.06285479664802551,0.06111560016870499,0.06578601896762848,0.07611837238073349,0.08965210616588593,0.1029352992773056,0.11232510209083557,0.11471382528543472,0.1089625284075737,0.09705129265785217,0.08310683071613312,0.07093663513660431,0.06243758648633957,0.057459112256765366,0.054353017359972
0.05129731819033623,0.04749133065342903,0.04288791865110397,0.037443697452545166,0.030655860900878906,0.020771339535713196,0.004478909075260162
-0.021562952548265457,-0.05823531746864319,-0.10287350416183472,-0.15030521154403687
-0.19473505020141602,-0.23145005106925964,-0.2573554515838623,-0.26992514729499817
-0.2662947475910187,-0.24417227506637573,-0.20385071635246277,-0.14911270141601562,-0.08630375564098358,-0.02284274250268936,0.03428560867905617,0.07973960787057877
0.11014184355735779,0.12444950640201569,0.12479794025421143,0.11617822200059891,0.10410390794277191,0.09202307462692261,0.08058580011129379
0.0684681162238121,0.05376530438661575,0.03561273589730263
0.014820482581853867,-0.006705231964588165,-0.026633791625499725,-0.04331665113568306
-0.05708637833595276,-0.06982920318841934,-0.0833778977394104,-0.09913772344589233,-0.1185297966003418,-0.1424793004989624,-0.17085811495780945,-0.20321202278137207
-0.2396310269832611,-0.28030622005462646,-0.3239986300468445,-0.36709004640579224
-0.4041242003440857,-0.4288817048072815,-0.43572017550468445,-0.4211282730102539
-0.3844236731529236,-0.3276401460170746,-0.2547740042209625,-0.1700909435749054
-0.07688277959823608,0.021860651671886444,0.12170486152172089,0.21598562598228455
0.2967750132083893,0.356841504573822,0.39192354679107666,0.4022703468799591
0.3921579122543335,0.3679712414741516,0.3360574543476105,0.3007887005805969
0.26394587755203247,0.22565680742263794,0.18513478338718414,0.140623539686203,0.08962912857532501,0.02979668229818344,-0.039878182113170624
-0.11746955662965775,-0.19679884612560272,-0.26806139945983887,-0.3209751546382904
-0.3484269976615906,-0.3478007912635803,-0.32000866532325745,-0.26861223578453064
-0.19941523671150208,-0.11976557970046997,-0.037939250469207764,0.03804671764373779
0.10277654230594635,0.1548750102519989,0.19558891654014587,0.22600913047790527
0.2459559440612793,0.254824161529541,0.2529104948043823,0.24242809414863586
0.22723856568336487,0.21136462688446045,0.1976553052663803
0.1867585927248001,0.17637944221496582,0.16197435557842255,0.13931496441364288,0.1070963442325592,0.06729137897491455,0.023745179176330566,-0.019231844693422318
-0.05788818374276161,-0.08907487243413925,-0.10920697450637817,-0.1140265241265297
-0.10033494234085083,-0.06821741163730621,-0.021457016468048096,0.03374229371547699
0.09009001404047012,0.14045001566410065,0.17875175178050995,0.20022934675216675
0.20241230726242065,0.18686431646347046,0.15907922387123108
0.12574993073940277,0.09195801615715027,0.060425207018852234,0.03221795707941055
0.00788310170173645,-0.011674473062157631,-0.02548747882246971,-0.03326896205544472
-0.0357145294547081,-0.03506964445114136,-0.03549131378531456,-0.04168589413166046
-0.05630401894450188,-0.07855095714330673,-0.10517455637454987,-0.13223378360271454
-0.1563328504562378,-0.1751141995191574,-0.18663360178470612,-0.18850186467170715
-0.17831970751285553,-0.15525731444358826,-0.12105581164360046
-0.07935044914484024,-0.0345287024974823,0.008928325027227402,0.047106534242630005
0.07711784541606903,0.09755939245223999,0.10942933708429337,0.11618074029684067
0.12177159637212753,0.12812985479831696,0.13440746068954468,0.13792094588279724
0.13531941175460815,0.12410084903240204,0.1040458232164383,0.07730770111083984
0.047523558139801025,0.01831190660595894,-0.008752457797527313,-0.035034552216529846
-0.0632581040263176,-0.09476753324270248,-0.1283654272556305
-0.16140404343605042,-0.19142934679985046,-0.2171185165643692,-0.23792098462581635,-0.2524525821208954,-0.2574095129966736,-0.24870885908603668,-0.22407589852809906,-0.18453346192836761,-0.1338675320148468,-0.07738079130649567,-0.02061452716588974
0.03169766440987587,0.07576118409633636,0.10835868120193481,0.12724502384662628
0.13226094841957092,0.12535476684570312,0.10910136252641678,0.08562541753053665,0.056579120457172394,0.023743264377117157,-0.009880349040031433
-0.03963998705148697,-0.06014693155884743,-0.0667935386300087,-0.05769826099276543
-0.03551033139228821,-0.007373664528131485,0.017232786864042282,0.02929418906569481
0.022672303020954132,-0.004315048456192017,-0.049077220261096954,-0.10671067237854004
-0.1719169169664383,-0.2393430769443512,-0.3027534484863281,-0.354911744594574
-0.3888438940048218,-0.3990839719772339,-0.38254135847091675,-0.3393084406852722
-0.2727135121822357,-0.18861818313598633,-0.09426842629909515
0.003227055072784424,0.09818167984485626,0.18674995005130768,0.2660871744155884
0.3332822322845459,0.38558894395828247,0.4212949275970459,0.4403451383113861
0.4445660710334778,0.43683773279190063,0.41988956928253174,0.395718514919281,0.3649385869503021,0.3262041211128235,0.2770644724369049,0.21629145741462708
0.1457281857728958,0.07008461654186249,-0.0044265612959861755,-0.07162237167358398,-0.12673993408679962,-0.1665760725736618,-0.18855756521224976
-0.19056358933448792,-0.17215853929519653,-0.13580434024333954,-0.08658842742443085
-0.031068533658981323,0.023947983980178833,0.07254519313573837,0.10991843044757843
0.13196566700935364,0.13604389131069183,0.12276513129472733,0.09632109105587006
0.06252928078174591,0.0269768089056015,-0.00548790767788887,-0.03089062124490738
-0.04614873230457306,-0.049167633056640625,-0.03931067883968353,-0.01763971894979477
0.012821981683373451,0.04648096114397049,0.07569067180156708
0.09342071413993835,0.09626314043998718,0.0849715918302536,0.06267479062080383
0.032939329743385315,-0.001377258449792862,-0.03813762217760086,-0.07496017217636108
-0.1084338054060936,-0.13449978828430176,-0.14997351169586182,-0.1536060869693756
-0.14577937126159668,-0.12792731821537018,-0.10209785401821136,-0.07071571052074432
-0.03677576780319214,-0.003308244049549103,0.02819105237722397,0.05839710310101509
0.08864223957061768,0.11872299760580063,0.1461597979068756
0.16697880625724792,0.17725130915641785,0.17509885132312775,0.16196206212043762,0.1420566737651825,0.12034302949905396
0.09990818053483963,0.0803251564502716,0.05852093547582626,0.031704679131507874
-0.0003385990858078003,-0.03566090390086174,-0.07201404869556427,-0.10812142491340637
-0.14391037821769714,-0.17932572960853577,-0.21227899193763733,-0.23806121945381165
-0.2513763904571533,-0.24914798140525818,-0.2314508557319641,-0.20067305862903595
-0.1604815125465393,-0.11477623879909515,-0.06722745299339294,-0.022036679089069366
0.01588454097509384,0.04279732331633568,0.058111898601055145,0.06391271948814392
0.06290261447429657,0.056952543556690216,0.046650759875774384,0.03209999203681946
0.014617670327425003,-0.0027259476482868195,-0.016166916117072105,-0.022696388885378838
-0.021669194102287292,-0.01594317890703678,-0.011019451543688774,-0.012093259952962399
-0.02142263576388359,-0.038402531296014786,-0.06141015142202377,-0.08917973935604095
-0.12101864814758301,-0.1556156873703003,-0.18915516138076782,-0.2151014506816864
-0.22667783498764038,-0.21987926959991455,-0.19453918933868408,-0.15371626615524292
-0.10241155326366425,-0.04586442559957504,0.011314943432807922,0.06448686122894287
0.1086675375699997,0.1401422619819641,0.15833735466003418,0.1654687225818634
0.16471382975578308,0.15878793597221375,0.14921535551548004,0.13684296607971191
0.12329951673746109,0.11131130903959274,0.10360077768564224
0.10153589397668839,0.1038186177611351,0.10618583112955093,0.10342823714017868,0.09242680668830872,0.07317113131284714,0.0471605509519577,0.015429075807332993,-0.022123154252767563,-0.06579720973968506,-0.11399465799331665,-0.16164815425872803
-0.2011781632900238,-0.22565481066703796,-0.23137037456035614,-0.21818961203098297
-0.18866293132305145,-0.1467030793428421,-0.09629355370998383,-0.041442595422267914,0.013015203177928925,0.06194619834423065,0.10196679830551147
0.13253338634967804,0.15491235256195068,0.17058244347572327,0.1801760494709015
0.18320490419864655,0.17917059361934662,0.16911083459854126,0.15568728744983673,0.14182230830192566,0.1289185881614685,0.11575102806091309,0.0994185134768486
0.07813107222318649,0.053138457238674164,0.027594324201345444,0.003561977297067642
-0.019787607714533806,-0.045474421232938766,-0.07618533819913864,-0.11145291477441788,-0.14666593074798584,-0.17511802911758423,-0.19144442677497864
-0.19334225356578827,-0.18105320632457733,-0.15635870397090912,-0.12169808149337769
-0.07978178560733795,-0.03433568775653839,0.00948663055896759,0.04681164771318436
0.07540643960237503,0.09583249688148499,0.10941004753112793,0.11623825132846832
0.11480581015348434,0.10365510731935501,0.08394871652126312,0.06047286093235016
0.03998337686061859,0.02787262573838234,0.02533571794629097,0.029349880293011665
0.03560043126344681,0.04162665829062462
0.04733388498425484,0.052873194217681885,0.05641370639204979,0.053870804607868195
0.04073518142104149,0.015003159642219543,-0.02057649940252304,-0.05886656045913696
-0.0915386751294136,-0.1126599907875061,-0.11985345929861069,-0.11333218961954117
-0.09463809430599213,-0.06569249927997589,-0.028935715556144714,0.01151573657989502
0.05006112903356552,0.08201417326927185,0.10566239058971405,0.1217503547668457
0.1313118189573288,0.13399678468704224,0.12802119553089142
0.11201044172048569,0.08727435022592545,0.0580931231379509,0.029918953776359558
0.0069203488528728485,-0.00993067491799593,-0.022601108998060226,-0.03335561230778694
-0.042330414056777954,-0.047773778438568115,-0.04852323234081268,-0.046210628002882004
-0.04524044319987297,-0.050459470599889755,-0.06398472189903259,-0.08339342474937439
-0.10275255143642426,-0.11591574549674988,-0.11938638985157013,-0.11252529919147491
-0.09615492820739746,-0.07142029702663422,-0.0392819344997406
-0.001215178519487381,0.03944472596049309,0.0780264362692833,0.11097511649131775
0.13712380826473236,0.15655303001403809,0.1691156029701233,0.17387768626213074
0.16910040378570557,0.1534067839384079,0.12767955660820007,0.0952405035495758
0.06011485308408737,0.02510785311460495,-0.009281828999519348,-0.044112153351306915
-0.0795203149318695,-0.1130027174949646,-0.14052949845790863,-0.15951025485992432
-0.17085593938827515,-0.17856353521347046,-0.18715809285640717
-0.19853614270687103,-0.21044105291366577,-0.21793410181999207,-0.216671884059906
-0.20494164526462555,-0.18288171291351318,-0.15060068666934967,-0.10743826627731323
-0.052685223519802094,0.01281169056892395,0.08523263037204742,0.15831860899925232
0.22587472200393677,0.2837027907371521,0.3293077349662781,0.3604230284690857
0.37399137020111084,0.3664706349372864,0.33583441376686096,0.2839042842388153
0.21650880575180054,0.14124035835266113,0.06461824476718903
-0.009579837322235107,-0.07951944321393967,-0.14288677275180817,-0.19588245451450348
-0.2350432574748993,-0.25990021228790283,-0.2738652229309082,-0.28278881311416626
-0.29205062985420227,-0.3035520911216736,-0.31460314989089966,-0.3198954463005066,-0.3150029480457306,-0.29814276099205017,-0.26911404728889465,-0.22760868072509766
-0.17283895611763,-0.10449367761611938,-0.02457280457019806,0.061164550483226776,0.1442800760269165,0.2170155942440033,0.2748796343803406
0.3164742887020111,0.3412858247756958,0.3477500379085541,0.33368200063705444
0.2987840175628662,0.24673250317573547,0.18490326404571533,0.12179143726825714,0.06363758444786072,0.012660332024097443
0.05980721861124039,0.056387074291706085,0.05386694148182869
0.05283885821700096,0.052628207951784134,0.05169536545872688,0.04798552393913269,0.03979693725705147,0.02733655460178852,0.0135952178388834,0.003227407345548272
7.066995021887124e-05,0.00544101744890213,0.01845221407711506,0.036990921944379807,0.05789225548505783,0.0771525576710701,0.09087793529033661,0.09627276659011841,0.09212704747915268,0.07876566797494888,0.058271437883377075,0.035059478133916855,0.014972535893321037,0.0027556894347071648,0.00028794832178391516
0.006715764757245779,0.019418736919760704,0.03477907553315163,0.048884421586990356
0.05845915153622627,0.061971571296453476,0.060161247849464417,0.05526129901409149,0.04949415475130081,0.043990135192871094,0.03878224268555641,0.03335510566830635,0.026949429884552956,0.018974488601088524,0.009997790679335594,0.002490942133590579,9.910729568218812e-05,0.005508044734597206,0.018737370148301125,0.037488944828510284,0.05852402746677399,0.07822197675704956,0.0928696021437645
0.09966450929641724,0.09759101271629333,0.08738341182470322,0.07081529498100281
0.05026501044631004,0.029166053980588913,0.01187011320143938,0.0018965530907735229
0.0004275762476027012,0.006426130887120962,0.017503168433904648,0.030568135902285576
0.04232364147901535,0.04997403919696808,0.052155837416648865,0.04945041239261627
0.04377475753426552,0.03711815923452377,0.030643155798316002,0.024633582681417465
0.018953097984194756,0.013360121287405491,0.007738589309155941
0.0026735637802630663,2.7336947823641822e-05,0.0024798656813800335,0.01177952904254198
0.027217386290431023,0.04602694511413574,0.06498955935239792,0.0811566412448883
0.09181458503007889,0.09503203630447388,0.09037458151578903,0.07893185317516327
0.0626768246293068,0.04381037503480911,0.025027813389897346,0.009823933243751526
0.001311641652137041,0.0006627112743444741,0.006874192971736193,0.01762394793331623
0.030139459297060966,0.04167703166604042,0.049912478774785995
0.053538158535957336,0.052799973636865616,0.049169931560754776,0.044317666441202164
0.03929520770907402,0.034334272146224976,0.02920229360461235,0.023569360375404358
0.017121287062764168,0.009975314140319824,0.0034429426304996014,6.752103945473209e-05
0.0022299967240542173,0.010312633588910103,0.022372936829924583,0.035627447068691254
0.047676198184490204,0.056519631296396255,0.06059999018907547,0.05921400710940361
0.05267876386642456,0.04215266928076744,0.02925637923181057
0.016084298491477966,0.005466606933623552,0.00024871533969417214,0.0018582670018076897
0.009714679792523384,0.021801140159368515,0.03544760122895241,0.04786362498998642
0.056671056896448135,0.06049678102135658,0.05945418402552605,0.054902225732803345
0.04851708933711052,0.0415213368833065,0.03440434858202934,0.027223940938711166
0.020042462274432182,0.01297929510474205,0.006380518898367882,0.0013970390427857637
0.00018514606927055866,0.004875165410339832,0.015711860731244087
0.030341139063239098,0.04526916518807411,0.0575600229203701,0.06510192900896072
0.06654352694749832,0.061769887804985046,0.05206308141350746,0.039525676518678665
0.02624870277941227,-0.11840678751468658,-0.06873546540737152,-0.015404880046844482
0.03778407722711563,0.08727933466434479,0.1308339536190033,0.1671954095363617
0.19531795382499695,0.21416430175304413,0.22315514087677002,0.22285805642604828
0.2151263952255249,0.20238645374774933,0.1866965889930725
0.16895249485969543,0.14885786175727844,0.1256340891122818,0.0981271043419838
0.06439876556396484,0.022330671548843384,-0.02839612029492855,-0.08447190374135971
-0.13935324549674988,-0.18614238500595093,-0.22067710757255554,-0.24217334389686584
-0.25141674280166626,-0.2492901086807251,-0.23706524074077606,-0.21690434217453003
-0.19146911799907684,-0.1628197580575943,-0.13133302330970764,-0.09635210037231445
-0.058243975043296814,-0.018982112407684326,0.019151024520397186
0.054644323885440826,0.086713045835495,0.11468411982059479,0.13763585686683655
0.15457454323768616,0.16504007577896118,0.169631689786911,0.1697773039340973
0.16695664823055267,0.16183778643608093,0.1539258360862732,0.14216959476470947
0.12538336217403412,0.10178390890359879,0.06910090893507004,0.026363849639892578
-0.023815492168068886,-0.07487911731004715,-0.11898607760667801,-0.15087085962295532
-0.1695968508720398,-0.17699047923088074,-0.17523649334907532
-0.16626885533332825,-0.15218155086040497,-0.13516438007354736,-0.11687574535608292
-0.09753149002790451,-0.07602674514055252,-0.05163855850696564,-0.025211550295352936
0.0013923868536949158,0.026510220021009445,0.04932238534092903,0.06952929496765137
0.08679395914077759,0.10057637095451355,0.11042319238185883,0.11659306287765503
0.1201624944806099,0.12241627275943756,0.12398949265480042,0.12416687607765198
0.12130140513181686,0.11368267238140106,0.09929511696100235
0.07550756633281708,0.04033782333135605,-0.005234971642494202,-0.056034769862890244
-0.10433574765920639,-0.14354801177978516,-0.1707814335823059,-0.18621765077114105
-0.19079390168190002,-0.18530048429965973,-0.17116329073905945,-0.1509629487991333
-0.12794381380081177,-0.10466700047254562,-0.08187614381313324,-0.05919507145881653,-0.03670557588338852,-0.015167094767093658,0.005012558773159981,0.024408765137195587,0.04397004470229149,0.06402500718832016,0.08397301286458969
0.10267379879951477,0.11921271681785583,0.13324257731437683,0.14466355741024017
0.15319055318832397,0.1578456461429596,0.15702639520168304,0.14925701916217804
0.1332140862941742,0.10715897381305695,0.06937722861766815,0.020121954381465912
-0.03641411289572716,-0.09253743290901184,-0.1403180956840515,-0.17495010793209076
-0.19529633224010468,-0.2019471377134323,-0.19587036967277527,-0.17892132699489594
-0.15436573326587677,-0.12629012763500214,-0.09823697805404663
-0.07179535180330276,-0.046853795647621155,-0.023409761488437653,-0.0021955855190753937,0.016428958624601364,0.033290423452854156,0.04990828037261963,0.06740329414606094
0.08584856986999512,0.10435667634010315,0.12176840752363205,0.1373746544122696
0.15102854371070862,0.16271445155143738,0.1717773675918579,0.17661510407924652
0.17541441321372986,0.16660301387310028,0.14832466840744019,0.1183667778968811
0.07556424289941788,0.021972715854644775,-0.036239318549633026
-0.09089678525924683,-0.13559214770793915,-0.16758987307548523,-0.1865689754486084
-0.19276687502861023,-0.18690495193004608,-0.1708618551492691,-0.14766208827495575
-0.12082260847091675,-0.09311724454164505,-0.06592589616775513,-0.040130361914634705
-0.01683121919631958,0.0032351799309253693,0.020479585975408554,0.03640661761164665,0.05264037847518921,0.06992712616920471,0.08783731609582901,0.10522772371768951
0.12115218490362167,0.13530194759368896,0.14768031239509583
0.15781420469284058,0.16416974365711212,0.1648353785276413,0.1584516018629074
0.1437438577413559,0.1187911182641983,0.0817209929227829,0.03280298411846161
-0.023711688816547394,-0.08036407083272934,-0.1298707127571106,-0.16796660423278809
-0.19319817423820496,-0.2049945443868637,-0.20312361419200897,-0.18866202235221863
-0.1644672006368637,-0.13461144268512726,-0.10300888121128082,-0.07213843613862991
-0.043333545327186584,-0.01777123659849167,0.0036509037017822266
0.021217091009020805,0.036623429507017136,0.051923707127571106,0.06828268617391586
0.08563157171010971,0.10307873785495758,0.1196860522031784,0.13484668731689453
0.1480388641357422,0.15836602449417114,0.16405487060546875,0.1628943234682083
0.1534225046634674,0.13496194779872894,0.10674931108951569,0.06797640770673752
0.019262239336967468,-0.03553154692053795,-0.08926130086183548,-0.13424700498580933
-0.16565081477165222,-0.18225745856761932,-0.1846594214439392
-0.17400646209716797,-0.15250977873802185,-0.1237533688545227,-0.0919765904545784
-0.06093914806842804,-0.032866984605789185,-0.008642692118883133,0.010964727029204369
0.025142334401607513,0.0341620147228241,0.03997929394245148,0.04532906413078308,0.05221923068165779,0.061192236840724945,0.07158163189888,0.08234803378582001
0.09274345636367798,0.10230159014463425,0.11045228689908981,0.11598006635904312
0.11706770956516266,0.11228667944669724,0.10098370164632797
0.08249632269144058,0.055717065930366516,0.020004309713840485,-0.022961627691984177
-0.06810340285301208,-0.10849912464618683,-0.13872776925563812,-0.15679772198200226
-0.16311874985694885,-0.15874221920967102,-0.1451757699251175,-0.12475614249706268
-0.10037236660718918,-0.07490073144435883,-0.05040775239467621,-0.027969185262918472
-0.0086447112262249,0.006246708333492279,0.016177155077457428,0.022146575152873993
0.026213601231575012,0.03029358945786953,0.03529765456914902
0.04106907546520233,0.046958401799201965,0.05260699614882469,0.058116454631090164
0.06358297169208527,0.06844273209571838,0.07126368582248688,0.07064707577228546,0.06590282917022705,0.056270815432071686,0.040193360298871994,0.01605023443698883,-0.016035335138440132,-0.052751634269952774,-0.08816540241241455,-0.11642735451459885,-0.13442182540893555,-0.14180341362953186,-0.13910110294818878,-0.12700273096561432,-0.10713066905736923,-0.08237506449222565,-0.05636385828256607
-0.032321326434612274,-0.012104924768209457,0.0033895839005708694,0.013381448574364185,0.01736897975206375,0.01601330004632473,0.011533515527844429,0.006789708510041237,0.004047059454023838,0.004569108132272959,0.008813303895294666,0.016852926462888718
0.028499890118837357,0.04310237243771553,0.05924176052212715,0.07439658045768738
0.08562910556793213,0.09085255861282349,0.08875647932291031,0.07800710201263428,0.05743078142404556,0.027336139231920242,-0.00904746726155281
-0.045749880373477936,-0.07649058848619461,-0.0974547490477562,-0.10783679783344269
-0.10817044973373413,-0.09922666102647781,-0.08259740471839905,-0.06112617999315262
-0.038313306868076324,-0.01721673086285591,0.000539710745215416,0.014512351714074612
0.024169251322746277,0.028425905853509903,0.026684263721108437,0.020166976377367973
0.011736573651432991,0.004419675096869469,0.0003790855407714844,0.0008275306317955256
0.006421803031116724,0.01739523559808731,0.03324606642127037
0.05246710032224655,0.0723913311958313,0.08978205174207687,0.10210569947957993
0.10776601731777191,0.10529951751232147,0.09316395968198776,0.07073371857404709
0.039821185171604156,0.005048457533121109,-0.027814796194434166,-0.05428793281316757
-0.07236392796039581,-0.0816090852022171,-0.08192180842161179,-0.07376858592033386
-0.058755889534950256,-0.03940930590033531,-0.018526297062635422,0.0017849057912826538
0.02031414955854416,0.0354568287730217,0.044342923909425735
0.04406324028968811,0.033894434571266174,0.016102943569421768
-0.005268372595310211,-0.025982866063714027,-0.04251784831285477,-0.05228123813867569
-0.05350305140018463,-0.045386992394924164,-0.02844325453042984,-0.004779960960149765
0.02217940427362919,0.04894944280385971,0.07272969186306,0.09083431214094162
0.10030585527420044,0.09870269149541855,0.08557013422250748,0.06334318965673447
0.03668198734521866,0.010434146970510483,-0.012360349297523499,-0.030419640243053436
-0.042626433074474335,-0.047742053866386414,-0.04552764073014259,-0.037291206419467926
-0.025425106287002563,-0.012256244197487831,0.0007638689130544662,0.01229836791753769
0.01989697478711605,0.02038627862930298,0.011965656653046608,-0.004180818796157837
-0.024464670568704605,-0.044509366154670715,-0.0603288859128952,-0.06893473863601685
-0.06843593716621399,-0.058059919625520706,-0.038227200508117676,-0.01071508601307869
0.02116357907652855,0.05336925759911537,0.08225492388010025
0.10442990064620972,0.1163955107331276,0.1152813509106636,0.10028261691331863,0.07375610619783401,0.04086759686470032,0.00758950412273407,-0.02160663716495037
-0.04433012753725052,-0.05902044475078583,-0.0643979012966156,-0.06048240885138512
-0.04923631250858307,-0.033954277634620667,-0.017892219126224518,-0.003027772530913353
0.009593723341822624,0.018288137391209602,0.020312462002038956,0.013658294454216957
-0.0008046915754675865,-0.019414789974689484,-0.03761395812034607
-0.051524076610803604,-0.05850762128829956,-0.05699487030506134,-0.04638025909662247
-0.027225036174058914,-0.001349855214357376,0.02807493507862091,0.057073719799518585
0.08205023407936096,0.10008594393730164,0.10856939107179642,0.1054004430770874
0.08987480401992798,0.06374308466911316,0.03133030980825424,-0.0019056238234043121
-0.031430430710315704,-0.0546727254986763,-0.07029417157173157,-0.0773322582244873
-0.075748972594738,-0.06702971458435059,-0.05374199151992798
-0.03853612765669823,-0.02302524819970131,-0.007817406207323074,0.005887407809495926
0.015377704985439777,0.017814934253692627,0.012545577250421047,0.0017407545819878578
-0.011004684492945671,-0.022308284416794777,-0.029813328757882118,-0.03209855034947395
-0.028249038383364677,-0.017806926742196083,-0.0010391082614660263,0.02059056982398033
0.04437398165464401,0.06725029647350311,0.08638772368431091,0.09889727830886841
0.10175561904907227,0.09258481860160828,0.07104822993278503
0.039675772190093994,0.003241945058107376,-0.032973259687423706,-0.06500383466482162
-0.0904044583439827,-0.1072147786617279,-0.11405681073665619,-0.111104317009449
-0.10023420304059982,-0.08425233513116837,-0.06561802327632904,-0.045801661908626556
-0.026243072003126144,-0.009499363601207733,0.0013413671404123306,0.004692502319812775,0.0016839271411299706,-0.004751480184495449,-0.01155847404152155,-0.016527650877833366,-0.01830405369400978,-0.01582745462656021,-0.008102314546704292
0.005495341960340738,0.024555135518312454,0.0470951683819294,0.07022559642791748
0.0911291241645813,0.10685111582279205,0.11391055583953857,0.10902172327041626
0.09067126363515854,0.060410358011722565,0.022746190428733826,-0.016483765095472336
-0.052248015999794006,-0.08112182468175888,-0.10049081593751907,-0.10848671942949295
-0.10516534000635147,-0.09291549772024155,-0.07553926855325699,-0.0566592738032341
-0.038446493446826935,-0.02198084443807602,-0.008544821292161942
0.00013041682541370392,0.003152913646772504,0.0017863421235233545,-0.0010451199486851692
-0.0024253209121525288,-0.0005572958034463227,0.005091165192425251,0.014391710050404072
0.027021514251828194,0.04240073263645172,0.059462517499923706,0.07626189291477203
0.09030941128730774,0.09961118549108505,0.1026429608464241,0.09751078486442566
0.08204509317874908,0.0551566556096077,0.01838802546262741,-0.02374996989965439
-0.06509456038475037,-0.09998704493045807,-0.12468809634447098
-0.13709720969200134,-0.13632401823997498,-0.12336879223585129,-0.10134690999984741
-0.0744750052690506,-0.04668894410133362,-0.020465519279241562,0.0031980276107788086
0.02361568994820118,0.03964671865105629,0.05028911307454109,0.0559321828186512
0.05846201628446579,0.0599210299551487,0.06132286414504051,0.06252928078174591
0.06309840828180313,0.06314679235219955,0.06336644291877747,0.06448708474636078
0.06652168929576874,0.06857751309871674,0.06961828470230103
0.0686812549829483,0.06409357488155365,0.05321569740772247,0.03356879949569702
0.004683390259742737,-0.03089788556098938,-0.06826543807983398,-0.1019696518778801
-0.1279333233833313,-0.1438399851322174,-0.1484193503856659,-0.14164407551288605
-0.12533536553382874,-0.10283706337213516,-0.07793879508972168,-0.05346307158470154
-0.03052585944533348,-0.009247414767742157,0.010070938616991043,0.02668679505586624
0.0402999073266983,0.051634881645441055,0.061666905879974365
0.07054628431797028,0.07735630869865417,0.08093562722206116,0.08106642961502075
0.07877550274133682,0.07572944462299347,0.07324589788913727,0.07157716155052185
0.07036405801773071,0.06912555545568466,0.06644044816493988,0.05921896547079086
0.04365191608667374,0.017430037260055542,-0.018473457545042038,-0.05973939970135689
-0.10027897357940674,-0.13450902700424194,-0.15855060517787933,-0.16987785696983337
-0.16739687323570251,-0.1523519605398178,-0.1283838301897049
-0.10036993771791458,-0.07260627299547195,-0.04733645170927048,-0.024959076195955276,-0.005408074706792831,0.011049892753362656
0.024358445778489113,0.03548348695039749,0.04592663049697876,0.056532248854637146
0.06701670587062836,0.07646331936120987,0.08430662006139755,0.09070317447185516
0.09613628685474396,0.10087288171052933,0.1043780967593193,0.10555824637413025
0.10362470895051956,0.09781243652105331,0.08642812818288803,0.06706929951906204
0.038263946771621704,0.0012663565576076508,-0.03950205072760582,-0.07778958976268768
-0.10784497112035751,-0.12605659663677216,-0.13081996142864227,-0.12217786908149719
-0.10237418115139008,-0.07577139139175415,-0.047546930611133575,-0.02205895632505417
-0.0015215426683425903,0.013975787907838821,0.025182804092764854,0.032696980983018875
0.03715309500694275,0.04004094377160072,0.04356633871793747,0.04939938709139824
0.057720210403203964,0.0672653391957283,0.07639418542385101,0.08414579927921295
0.09031599760055542,0.09498390555381775,0.09787091612815857,0.09820263087749481
0.09533841907978058,0.08874116092920303,0.07705327868461609,0.05791710317134857
0.029339827597141266,-0.00827084481716156,-0.051148705184459686,-0.09310294687747955
-0.12774644792079926,-0.15068469941616058,-0.16001483798027039,-0.15558378398418427
-0.13874104619026184,-0.1122703030705452,-0.07998305559158325,-0.04611220955848694,-0.014138743281364441,0.014109546318650246,0.03807440400123596
0.05750511959195137,0.0720599889755249,0.08184397220611572,0.08783488720655441
0.0913238376379013,0.09295707941055298,0.09219200909137726,0.08797725290060043
0.08015424758195877,0.0698736384510994,0.05895564705133438,0.04890436679124832
0.04019669443368912,0.03261468932032585,0.02561281993985176,0.017641615122556686
0.005673956125974655,-0.013799689710140228,-0.042635947465896606,-0.07929817587137222
-0.1188739538192749,-0.1548577845096588,-0.18165051937103271
-0.195882186293602,-0.19604869186878204,-0.1822020262479782,-0.15618155896663666
-0.12160201370716095,-0.08336851000785828,-0.046289511024951935,-0.013412244617938995
0.01422872208058834,0.036531712859869,0.05340634286403656,0.06496205925941467
0.07221600413322449,0.07694350183010101,0.08060649037361145,0.08340074121952057
0.08452112972736359,0.08347637951374054,0.0806887224316597,0.07704935222864151
0.07329905778169632,0.06941540539264679,0.06474576145410538
0.05867315083742142,0.050320010632276535,0.03776051104068756,0.01828663796186447
-0.009993478655815125,-0.046279069036245346,-0.08643078058958054,-0.12416419386863708
-0.15345165133476257,-0.17035505175590515,-0.1730578988790512,-0.16148096323013306
-0.13756269216537476,-0.1051759123802185,-0.06933729350566864,-0.034869104623794556
-0.004844639450311661,0.019747039303183556,0.03899581357836723,0.0531536340713501
0.06260696053504944,0.06850378960371017,0.07280361652374268
0.07726667821407318,0.08234608173370361,0.08702149987220764,0.0899510607123375
0.09069100767374039,0.08978189527988434,0.08814021199941635,0.08622913807630539
0.08369617909193039,0.0799015536904335,0.07433277368545532,0.06634270399808884
0.05468884855508804,0.03767675906419754,0.014406267553567886,-0.013918960466980934
-0.04394422471523285,-0.07151316106319427,-0.09341418743133545,-0.10788053274154663
-0.11403373628854752,-0.11167491972446442,-0.10137801617383957
-0.08472387492656708,-0.06431126594543457,-0.04273701459169388,-0.021593566983938217
-0.0016655400395393372,0.016321659088134766,0.03144014626741409,0.04316176474094391
0.05192232131958008,0.05880679190158844,0.06456674635410309,0.06867216527462006
0.06979630887508392,0.06745806336402893,0.0627053827047348,0.05751363933086395
0.05361752212047577,0.05146804824471474,0.05035789683461189,0.049282196909189224
0.04731849953532219,0.04325753077864647,0.034999243915081024
0.019838158041238785,-0.004052810370922089,-0.036037374287843704,-0.07279248535633087
-0.10984295606613159,-0.14306960999965668,-0.1690153032541275,-0.184947669506073
-0.1890256255865097,-0.18068696558475494,-0.16135145723819733,-0.13399635255336761
-0.10159525275230408,-0.06645378470420837,-0.030770689249038696,0.002903122454881668
0.032218556851148605,0.05606286600232124,0.07476268708705902,0.08912236243486404
0.09916142374277115,0.104125015437603,0.10389243811368942
0.09965115040540695,0.09325941652059555,0.0863686129450798,0.07963542640209198
0.07271014153957367,0.06508368253707886,0.05662661790847778,0.04729374498128891
0.03618165850639343,0.020992595702409744,-0.0008979551494121552,-0.030302241444587708
-0.06497693061828613,-0.100603848695755,-0.1326937973499298,-0.15743936598300934
-0.17192748188972473,-0.1743718981742859,-0.16424912214279175,-0.1427205353975296
-0.11252102255821228,-0.07669134438037872,-0.037802696228027344
0.0016908422112464905,0.039089180529117584,0.07180558890104294,0.09829019755125046
0.11845065653324127,0.13296186923980713,0.1420997679233551,0.14533540606498718
0.1423417627811432,0.13405367732048035,0.12251612544059753,0.11003057658672333
0.09813766181468964,0.08712475001811981,0.07658667862415314,0.06620164215564728
0.05579301714897156,0.04456845670938492,0.030310865491628647,0.009727511554956436
-0.01969786360859871,-0.05756019800901413,-0.10029162466526031
-0.14298613369464874,-0.18081894516944885,-0.20935635268688202,-0.22487345337867737
-0.22482231259346008,-0.20857413113117218,-0.17789126932621002,-0.13603313267230988
-0.0865706205368042
1.1960397387156263e-05,0.0008047994342632592,0.002357532735913992
0.004143941681832075,0.00569545105099678,0.006475376896560192,0.006228657905012369
0.005316403228789568,0.004425095394253731,0.004039022605866194,0.004264658782631159
0.004939520265907049,0.005773948971182108,0.006439980585128069,0.006585972383618355
0.005934896878898144,0.004434326663613319,0.0023669523652642965,0.0005235845455899835
8.114788215607405e-05,0.0018656012834981084,0.005664502270519733,0.010491613298654556
0.015466724522411823,0.020047098398208618,0.023465488106012344
0.024532269686460495,0.022454096004366875,0.01765631139278412,0.011533821001648903
0.00574587844312191,0.0016859554452821612,4.1808303649304435e-05,0.000626739754807204
0.0026687034405767918,0.0053209881298244,0.007838062942028046,0.009440048597753048
0.009556717239320278,0.008362158201634884,0.006720641627907753,0.005506749730557203,0.005109754391014576,0.005472702439874411,0.006314243655651808,0.0072450716979801655,0.00778823671862483,0.007484755478799343,0.006108708679676056
0.0038133645430207253,0.0013294952223077416,1.1345165148668457e-05,0.0011516172671690583
0.00497655663639307,0.010521408170461655,0.016594382002949715,0.022488541901111603
0.02755800075829029,0.03058730810880661,0.030237626284360886,0.02621992863714695
0.019615165889263153,0.012183476239442825,0.005687064956873655,0.0014425837434828281
1.09163534034451e-06,0.0010825000936165452,0.003921910189092159,0.007673192303627729
0.011305291205644608,0.013579517602920532,0.013801593333482742
0.01245579682290554,0.010752798058092594,0.009649350307881832,0.009370516985654831
0.00960799865424633,0.00990873109549284,0.009857499040663242,0.009106097742915154
0.007482757326215506,0.00508833909407258,0.0023995686788111925,0.0003920908784493804,0.0001848864194471389,0.0021934856195002794,0.005748843774199486,0.009795263409614563,0.01380239799618721,0.017707940191030502,0.021165229380130768,0.023269906640052795,0.02321166917681694,0.020894179120659828,0.016796493902802467
0.011715561151504517,0.006678979378193617,0.002704169135540724,0.0004515784094110131
8.027554576983675e-05,0.0014243536861613393,0.004044085741043091,0.007038018200546503
0.009326230734586716,0.01043708249926567,0.010810840874910355,0.011271198280155659
0.012329674325883389,0.013917405158281326,0.015561409294605255,0.016642451286315918
0.016524817794561386,0.014797775074839592,0.01150132529437542,0.007139188703149557
0.002823165850713849,0.00022056604211684316,0.0006935685523785651
0.004289634991437197,0.009838753379881382,0.01610654965043068,0.022451283410191536,0.028256753459572792,0.032272253185510635,0.03309712931513786,0.030259987339377403,0.02445843629539013,0.017077326774597168,0.009755588136613369,0.003987228497862816
0.0007065802928991616,7.397506124107167e-05,0.0016974419122561812,0.004937722347676754
0.00878525897860527,0.01189705915749073,0.01339610107243061,0.013539590872824192
0.013357563875615597,0.013746311888098717,0.014917074702680111
0.016458747908473015,0.01767534762620926,0.017809797078371048,0.01627051644027233
0.012954605743288994,0.008360945619642735,0.0036306155379861593,0.00047338323201984167
0.00041068109567277133,0.060670990496873856,0.0951932743191719,0.1223922073841095
0.14337706565856934,0.15935580432415009,0.16958710551261902,0.17198877036571503
0.16538020968437195,0.150299534201622,0.12799544632434845,0.09974008798599243,0.06707179546356201,0.03216914087533951,-0.0024892427027225494
-0.035206280648708344,-0.06505949795246124,-0.09041474759578705,-0.10866336524486542
-0.11820260435342789,-0.12031268328428268,-0.11889354139566422,-0.11810782551765442
-0.1197085827589035,-0.12259895354509354,-0.12462957203388214,-0.12385635077953339
-0.11861719936132431,-0.10776028782129288,-0.09060411155223846,-0.06659065186977386
-0.03598245978355408,-0.0009962432086467743,0.03434351086616516,0.06593551486730576
0.09187279641628265,0.11321775615215302,0.1320902407169342
0.14881986379623413,0.16124817728996277,0.16670790314674377,0.16382341086864471
0.15232974290847778,0.13250863552093506,0.10535523295402527,0.0727870762348175
0.03738684207201004,0.0014941245317459106,-0.033360742032527924,-0.06546923518180847
-0.09192950278520584,-0.10981046408414841,-0.11850574612617493,-0.12059187889099121
-0.12025103718042374,-0.12047164142131805,-0.12146559357643127,-0.1216171458363533
-0.11908568441867828,-0.11233270168304443,-0.10040955245494843
-0.0829981118440628,-0.05969797819852829,-0.030110016465187073,0.004863940179347992
0.042304329574108124,0.07815457135438919,0.10931043326854706,0.13523311913013458
0.1572152078151703,0.17583560943603516,0.18937118351459503,0.19496753811836243
0.19089876115322113,0.17713740468025208,0.15454505383968353,0.12443351745605469,0.088677778840065,0.049839429557323456,0.010569669306278229,-0.027444060891866684
-0.06308181583881378,-0.09416522085666656,-0.1175570860505104
-0.13148370385169983,-0.13731564581394196,-0.13894963264465332,-0.14014145731925964
-0.1419081687927246,-0.14260682463645935,-0.14000844955444336,-0.13244445621967316
-0.11894442141056061,-0.09937624633312225,-0.07399390637874603,-0.04302044212818146
-0.0074241869151592255,0.03014446422457695,0.06569495052099228,0.0956963300704956
0.11915522813796997,0.13786236941814423,0.15409743785858154,0.16798165440559387
0.17737863957881927,0.1800982505083084,0.17521880567073822
0.16245867311954498,0.14159061014652252,0.11284664273262024,0.07761047035455704
0.03837287425994873,-0.002426799386739731,-0.04298029839992523,-0.08100856840610504,-0.1130964457988739,-0.13623708486557007,-0.15002664923667908,-0.1570606678724289
-0.16097351908683777,-0.16372206807136536,-0.16474120318889618,-0.16245371103286743
-0.1556270569562912,-0.14357057213783264,-0.126287579536438,-0.10417181253433228
-0.07719755917787552,-0.04534080624580383,-0.009962104260921478
0.02582159824669361,0.05843435600399971,0.08599506318569183,0.10939739644527435,0.13085192441940308,0.15110448002815247,0.16826236248016357,0.179380863904953,0.18247224390506744,0.1766873598098755,0.16173483431339264,0.13790565729141235,0.1064184159040451,0.06951922178268433,0.029692761600017548,-0.011327050626277924,-0.05187123641371727,-0.08880890160799026,-0.11813667416572571,-0.13760057091712952,-0.1482957899570465,-0.15361717343330383,-0.15648941695690155
-0.15734294056892395,-0.15472212433815002,-0.14711031317710876,-0.13375386595726013
-0.11482293158769608,-0.09116708487272263,-0.06335337460041046,-0.03141854703426361,0.004030656069517136,0.04083471745252609,0.07559481263160706,0.10543094575405121
0.1298229694366455,0.15041010081768036,0.16861838102340698,0.18358168005943298
0.19274309277534485,0.19410233199596405,0.18705028295516968,0.17155389487743378,0.14763399958610535,0.11576853692531586,0.07758843153715134
0.035655006766319275,-0.007789868861436844,-0.05101556330919266,-0.09144850820302963
-0.12539885938167572,-0.15001855790615082,-0.16531740128993988,-0.17405778169631958
-0.1794053167104721,-0.18230612576007843,-0.18130281567573547,-0.17449350655078888
-0.16076655685901642,-0.1399180293083191,-0.11272351443767548,-0.08038730174303055
-0.043767184019088745,-0.0038381367921829224,0.037158407270908356,0.07549908012151718
0.10746645927429199,0.1316651552915573,0.14979873597621918
0.16467130184173584,0.1772935390472412,0.1862121969461441,0.18939346075057983
0.18566715717315674,0.1742052137851715,0.15383876860141754,0.12360484898090363
0.08398234099149704,0.0373988151550293,-0.012888357043266296,-0.0639881044626236
-0.11278658360242844,-0.1550164520740509,-0.18641936779022217,-0.2051970511674881
-0.2129589170217514,-0.21308502554893494,-0.2079535275697708,-0.1977006494998932
-0.18144755065441132,-0.15880747139453888,-0.13025625050067902
-0.09719674289226532,-0.06141802668571472,-0.023865647614002228,0.015303626656532288
0.0552510991692543,0.09360235184431076,0.1271894872188568,0.15398138761520386
0.1745128035545349,0.1910209059715271,0.20486174523830414,0.21491596102714539
0.21870999038219452,0.21447236835956573,0.20147337019443512,0.17917880415916443,0.14709031581878662,0.10558310151100159,0.0567391961812973,0.0038217827677726746,-0.05013081431388855,-0.10232353955507278,-0.1489422470331192
-0.18542258441448212,-0.20881599187850952,-0.21959353983402252,-0.2209618240594864
-0.21616101264953613,-0.20609158277511597,-0.1896708756685257,-0.16591084003448486
-0.13496826589107513,-0.09814609587192535,-0.057534247636795044,-0.014989234507083893
0.02846532128751278,0.07189740240573883,0.1133398786187172,0.14956852793693542
0.17756763100624084,0.19671300053596497,0.2091919183731079,0.21778099238872528
0.22318874299526215,0.22394277155399323,0.21846157312393188
0.2060575634241104,0.18605154752731323,0.15718823671340942,0.11855117976665497
0.07107213139533997,0.01773078739643097,-0.038027822971343994,-0.09332620352506638
-0.1449703872203827,-0.18879243731498718,-0.2211175560951233,-0.2409234344959259
-0.2502109110355377,-0.25197410583496094,-0.24755996465682983,-0.23617327213287354
-0.2166605442762375,-0.1888405680656433,-0.1535608172416687,-0.11257727444171906
-0.06791368126869202,-0.020871169865131378,0.02774382382631302
0.07625670731067657,0.12132950872182846,0.1590116024017334,0.18710726499557495
0.20648759603500366,0.21973957121372223,0.22842688858509064,0.2318708300590515
0.22848686575889587,0.21730245649814606,0.19766780734062195,0.16846512258052826
0.12854741513729095,0.0782238245010376,0.020176902413368225,-0.04156076908111572,-0.10327264666557312,-0.16142338514328003,-0.21147321164608002,-0.24856775999069214
-0.27008360624313354,-0.27704674005508423,-0.27283477783203125
-0.2603664994239807,-0.2404269576072693,-0.21258734166622162,-0.1769402176141739,-0.1347097009420395,-0.08820928633213043,-0.04018467664718628,0.007565271109342575,0.054519325494766235,0.10016876459121704,0.14275303483009338,0.17930158972740173
0.20730376243591309,0.22662405669689178,0.23942847549915314,0.2478565275669098
0.25183960795402527,0.24951957166194916,0.2392401546239853,0.2201574742794037
0.19139133393764496,0.1518004983663559,0.10115376114845276
0.0415140837430954,-0.02304648607969284,-0.08822278678417206,-0.1502126306295395
-0.204780712723732,-0.24714073538780212,-0.2738872170448303,-0.2849578261375427
-0.2834128439426422,-0.2729238271713257,-0.25513720512390137,-0.22962746024131775
-0.19588275253772736,-0.15446113049983978,-0.10700617730617523,-0.055994436144828796
-0.0038023367524147034,0.048256807029247284,0.0996444895863533,0.14921027421951294
0.19405964016914368,0.23044338822364807,0.2563019394874573
0.27254724502563477,0.2814942002296448,0.2842118740081787
0.2798304557800293,0.2671595811843872,0.2457391917705536,0.21500928699970245
0.1735982894897461,0.12031175196170807,0.056048378348350525,-0.015524998307228088
-0.08953431248664856,-0.1615845263004303,-0.227427676320076,-0.2820526361465454
-0.3207554221153259,-0.34153199195861816,-0.34597110748291016,-0.33749791979789734
-0.3185862898826599,-0.2897561490535736,-0.2510220408439636,-0.20336677134037018
-0.14891114830970764,-0.09065774083137512,-0.03166660666465759,0.026354562491178513
0.08333092927932739,0.13927830755710602,0.19247214496135712,0.23940587043762207
0.2768665552139282,0.30392491817474365,0.32165780663490295,0.33096468448638916
0.3310222923755646,0.32015326619148254,0.2974381744861603,0.2626488208770752
0.2152487337589264,0.15454837679862976,0.08133119344711304,-0.0008134245872497559
-0.08630996942520142,-0.16960914433002472,-0.24572178721427917
-0.30930888652801514,-0.3550565242767334,-0.3799598813056946,-0.3849269449710846,-0.3737957179546356,-0.3504897952079773,-0.316836416721344,-0.2731022238731384
-0.21996912360191345,-0.15946146845817566,-0.09485413134098053,-0.029966965317726135
0.032382506877183914,0.09144184738397598,0.14777156710624695,0.20120546221733093
0.24944615364074707,0.2890912890434265,0.31815946102142334,0.33717480301856995
0.34754911065101624,0.3492429852485657,0.34067314863204956
0.32051920890808105,0.288394033908844,0.24386945366859436,0.18607176840305328
0.11499974131584167,0.033339276909828186,-0.053552042692899704,-0.13975375890731812
-0.22027933597564697,-0.29047590494155884,-0.345400869846344,-0.38117116689682007
-0.39703473448753357,-0.395670622587204,-0.3810088634490967,-0.35545578598976135
-0.3193810284137726,-0.2728756070137024,-0.2170785367488861,-0.15432211756706238
-0.08791103959083557,-0.0211058109998703,0.04435282573103905
0.1084204614162445,0.17101475596427917,0.22997134923934937,0.2812047004699707
0.32119494676589966,0.34893858432769775,0.3652947247028351,0.3707907199859619,0.36468982696533203,0.3462059199810028,0.31545963883399963,0.27265194058418274
0.21715787053108215,0.14826293289661407,0.06714744865894318,-0.021987922489643097
-0.11321723461151123,-0.20096291601657867,-0.2802070379257202,-0.34548836946487427,-0.3914642333984375,-0.41522878408432007,-0.41772162914276123
-0.4025496244430542,-0.37324485182762146,-0.3316212594509125,-0.2786532938480377
-0.21607813239097595,-0.14690718054771423,-0.07525865733623505,-0.00543086975812912
0.05989120528101921,0.12051498889923096,0.1774463802576065,0.230497345328331
0.27720850706100464,0.3143659830093384,0.3404127359390259,0.3560602068901062
0.3625032305717468,0.35945379734039307,0.3454689085483551,0.31953853368759155
0.28126785159111023,0.22999218106269836,0.16489124298095703
0.08658546209335327,-0.00136643648147583,-0.09306541830301285,-0.18244799971580505,-0.26433616876602173,-0.33366659283638,-0.3851920962333679,-0.41502174735069275,-0.4224993586540222,-0.41035646200180054,-0.3826141953468323,-0.3420875072479248
-0.2901281714439392,-0.22817671298980713,-0.158742293715477,-0.08550149202346802
-0.012812599539756775,0.055782802402973175,0.11901213228702545,0.17756518721580505,0.2319001704454422,0.2801339030265808,0.31860190629959106
0.34465473890304565,0.3583924472332001,0.36155009269714355,0.3551703095436096
0.3389599025249481,0.3125145733356476,0.2758466601371765,0.22854016721248627
0.16943952441215515,0.09797543287277222,0.016135945916175842,-0.07116574048995972
-0.15807609260082245,-0.23971021175384521,-0.31180739402770996,-0.36950671672821045
-0.40785229206085205,-0.42401090264320374,-0.41878220438957214,-0.39557480812072754
-0.35779139399528503,-0.307542622089386,-0.24663904309272766
-0.1777258813381195,-0.10442459583282471,-0.031071573495864868,0.03831708803772926
0.10167515277862549,0.15928374230861664,0.21207548677921295,0.25930699706077576
0.29813578724861145,0.3257073163986206,0.34137988090515137,0.3467177450656891
0.34347525238990784,0.3320690393447876,0.3121287524700165,0.28336960077285767
0.24507631361484528,0.19550780951976776,0.13279682397842407,0.05704766511917114
-0.028280109167099,-0.11742550879716873,-0.20456136763095856
-0.2844463884830475,-0.35148724913597107,-0.3997620940208435,-0.42496150732040405
-0.426357626914978,-0.4067385494709015,-0.3701592981815338,-0.3197094798088074
-0.25758782029151917,-0.1865120828151703,-0.11037442088127136,-0.03412061929702759
0.03721772879362106,0.1004609540104866,0.15539933741092682,0.20366165041923523
0.24614134430885315,0.2813153862953186,0.30635297298431396,0.319867879152298
0.3231821358203888,0.31877297163009644,0.30788537859916687
0.2901652753353119,0.2648819088935852,0.23120218515396118,0.18756772577762604
0.13201487064361572,0.06393077969551086,-0.014154806733131409,-0.09687983989715576
-0.17838265001773834,-0.25384920835494995,-0.3188600540161133,-0.36842864751815796
-0.3977693021297455,-0.40442246198654175,-0.3896521031856537,-0.3573017120361328
-0.31113138794898987,-0.25376734137535095,-0.18771259486675262,-0.11619022488594055
-0.04322481155395508,0.026729941368103027,0.09013140201568604
0.1458577662706375,0.1950691044330597,0.2390369176864624,0.27678802609443665,0.30524247884750366,0.321847140789032
0.32668864727020264,0.32194846868515015,0.30967339873313904,0.2905738651752472
0.2646598219871521,0.23169390857219696,0.19059140980243683,0.13929326832294464
0.0761222094297409,0.001888863742351532,-0.07929976284503937,-0.16170480847358704
-0.24012130498886108,-0.31001004576683044,-0.3662518858909607,-0.4031360149383545
-0.416414737701416,-0.4055194854736328,-0.373529851436615,-0.3248392641544342
-0.2632221579551697,-0.1921134889125824,-0.11554573476314545,-0.038238704204559326
0.03476811945438385,0.09917879104614258,0.15312528610229492,0.19764816761016846
0.2349582016468048,0.2657955288887024,0.28840065002441406,0.3002641797065735
0.30080676078796387,0.29213881492614746,0.27721551060676575,0.2576856017112732
0.233790323138237,0.20519176125526428,0.17074352502822876,0.12809324264526367
0.07462991774082184,0.009594224393367767,-0.06433988362550735,-0.1418599784374237
-0.21738624572753906,-0.2861765921115875,-0.3434757590293884,-0.3839145004749298
-0.40275415778160095,-0.3980797827243805,-0.3718084990978241,-0.32817262411117554
-0.2711998522281647,-0.20407414436340332,-0.13016392290592194,-0.05362717807292938
0.020666323602199554,0.08792336285114288,0.14517496526241302,0.19247175753116608
0.23198798298835754,0.2654321789741516,0.2919139862060547
0.3085671663284302,0.31332823634147644,0.306781142950058,0.291306734085083
0.2689116299152374,0.24042822420597076,0.2062106877565384,0.16622832417488098,0.11946411430835724,0.06419187784194946,-0.0003738030791282654,-0.07216675579547882
-0.1462300419807434,-0.21700923144817352,-0.2803245484828949,-0.3328964114189148
-0.37075960636138916,-0.3891778588294983,-0.38473260402679443,-0.3576403558254242
-0.3116263747215271,-0.25149163603782654,-0.18145744502544403
-0.1054944396018982,-0.027841717004776,0.04701172560453415,0.11456624418497086
0.17142531275749207,0.21681401133537292,0.25260472297668457,0.2812362313270569
0.30314451456069946,0.3162299394607544,0.31792503595352173,0.3076375722885132
0.2871926724910736,0.25919413566589355,0.2255224883556366,0.1873786300420761
0.14548756182193756,0.0994805097579956,0.04767666757106781,-0.011756181716918945
-0.07870277762413025,-0.14986127614974976,-0.21998266875743866
-0.2842038571834564,-0.33866262435913086,-0.3792630136013031,-0.4009993374347687
-0.39941781759262085,-0.37316399812698364,-0.3250344693660736,-0.260273814201355,-0.18415001034736633,-0.10143741965293884,-0.01709367334842682,0.06359521299600601
0.1353044956922531,0.1936555802822113,0.23697468638420105,0.2669859528541565
0.2872227430343628,0.3001748323440552,0.3054748773574829,0.30081140995025635,0.28458744287490845,0.2576562464237213,0.2226400077342987
0.18210439383983612,0.1379901021718979,0.09194345772266388,0.04474819451570511
-0.004408411681652069,-0.057295940816402435,-0.114661805331707,-0.17439822852611542
-0.23196205496788025,-0.2828618884086609,-0.32423195242881775,-0.353889524936676
-0.36864402890205383,-0.364390105009079,-0.3384782075881958,-0.292147696018219
-0.23015350103378296,-0.15809650719165802,-0.0808185338973999,-0.0026676133275032043
0.07210589945316315,0.1392630934715271,0.1949513703584671
0.2370901256799698,0.26661282777786255,0.2868821620941162,0.30119454860687256
0.3101569414138794,0.3112906515598297,0.30111178755760193,0.27774661779403687
0.2419784516096115,0.19625012576580048,0.14347560703754425,0.0867241621017456
0.02859615534543991,-0.0297757126390934,-0.08876129984855652,-0.14885714650154114
-0.2087385356426239,-0.2646787762641907,-0.31233686208724976,-0.34884384274482727
-0.37264978885650635,-0.3816792964935303,-0.3725247085094452
-0.34218713641166687,-0.2908620238304138,-0.22274303436279297,-0.1439879685640335
-0.060409605503082275,0.02301972359418869,0.1018407791852951,0.1719684898853302
0.22968339920043945,0.27247536182403564,0.3005155324935913,0.3168472647666931,0.32545655965805054,0.3284873068332672,0.32480165362358093,0.31110963225364685
0.28478020429611206,0.24598222970962524,0.19736835360527039,0.1423783004283905,0.08435648679733276,0.026157759130001068,-0.03073296695947647
-0.08664976060390472,-0.14282310009002686,-0.19937178492546082,-0.2538032531738281
-0.30188578367233276,-0.34004074335098267,-0.36632806062698364,-0.3791350722312927
-0.37565937638282776,-0.35250231623649597,-0.30830395221710205,-0.2457742691040039
-0.170671284198761,-0.08899685740470886,-0.005715996026992798,0.0748286247253418
0.14852546155452728,0.21133124828338623,0.2598435878753662,0.292971134185791
0.31289780139923096,0.32385939359664917,0.329334557056427
0.32963597774505615,0.3219020962715149,0.3025073707103729,0.2698565125465393
0.2252228558063507,0.17147257924079895,0.11195544898509979,0.050154298543930054
-0.011245302855968475,-0.07132121175527573,-0.13056041300296783,-0.18917210400104523
-0.24523791670799255,-0.29473644495010376,-0.33381426334381104,-0.36063259840011597
-0.37461215257644653,-0.3742651045322418,-0.3565366566181183,-0.3189394176006317
-0.2624332308769226,-0.19175443053245544,-0.11300617456436157
-0.031584858894348145,0.04811500757932663,0.12240521609783173,0.18793894350528717
0.24160133302211761,0.2815590500831604,0.30861896276474,0.32600313425064087,0.33714693784713745
0.07198413461446762,0.058939725160598755,0.04290343448519707
0.026760786771774292,0.012761536054313183,0.0031550992280244827,1.3266499991004821e-05
0.0037363760638982058,0.012406558729708195,0.02323637530207634,0.03434321656823158
0.04502234607934952,0.0549994558095932,0.06398018449544907,0.07143645733594894
0.07616647332906723,0.076217882335186,0.06989425420761108,0.05737144127488136
0.041098758578300476,0.024428751319646835,0.010404449887573719,0.0017022176180034876
0.0005450301105156541,0.007575597148388624,0.02075900323688984
0.03630634769797325,0.05105767399072647,0.0637069121003151,0.07391706854104996,0.0807584673166275,0.08228564262390137,0.07685273885726929,0.06492496281862259,0.049132537096738815,0.03252958133816719,0.01748048886656761,0.006063074804842472,0.00037843704922124743,0.0014750153059139848,0.008169143460690975,0.017770305275917053,0.02798614464700222,0.03779097646474838,0.04688765108585358,0.05505504831671715,0.06197847053408623,0.06705114990472794,0.06902705132961273
0.06623202562332153,0.05781232938170433,0.044901713728904724,0.030083809047937393
0.016029758378863335,0.005191482603549957,0.00012029832578264177,0.002840642351657152,0.013323033228516579,0.029021047055721283,0.04647281765937805,0.06320902705192566
0.07792139798402786,0.08912798017263412,0.09430096298456192,0.0908549353480339
0.07836567610502243,0.05959485098719597,0.03893778845667839,0.020295018330216408,0.006603889167308807,0.00025435074348933995,0.002399449935182929
0.011553652584552765,0.02401076629757881,0.03622005134820938,0.04641982913017273
0.05422867834568024,0.05962565913796425,0.06271617859601974,0.0637124627828598
0.062466349452733994,0.058209728449583054,0.05025644972920418,0.03915030136704445,0.02670321986079216,0.014925792813301086,0.005545527674257755,0.0004118734796065837
0.0015085559571161866,0.009778328239917755,0.023893367499113083,0.040822096168994904,0.05767274647951126,0.07262418419122696,0.08422701805830002
0.0904054045677185,0.08873604238033295,0.07825111597776413,0.061037298291921616,0.04135105013847351,0.023171916604042053,0.00915898010134697,0.0012371382908895612,0.0006996190641075373,0.007093444000929594,0.0177657138556242,0.02939242124557495
0.039849504828453064,0.04844479262828827,0.05498936399817467,0.059321075677871704
0.06140962988138199,0.06120536848902702,0.05824379250407219,0.05178847536444664
0.041819531470537186,0.02970939315855503,0.017567653208971024
0.0073677231557667255,0.0010369408410042524,0.0007642739801667631,0.008198132738471031
0.022862033918499947,0.041812457144260406,0.06124620512127876,0.07830575108528137
0.09128108620643616,0.09854338318109512,0.09807650744915009,0.0886288657784462
0.07148192822933197,0.05052052065730095,0.030159274116158485,0.013628318905830383
0.0030753000173717737,6.519706221297383e-05,0.004827528726309538,0.015191243961453438
0.027458185330033302,0.03865359351038933,0.04754691570997238
0.053909849375486374,0.05771094560623169,0.059145841747522354,0.05862855166196823
0.05620230361819267,0.051193635910749435,0.042992495000362396,0.03224965184926987
0.020773870870471,-0.10213907063007355,-0.05343613028526306,0.00250929594039917
0.06445648521184921,0.12829191982746124,0.18831589818000793,0.2397080957889557
0.2799472212791443,0.308246910572052,0.32381606101989746,0.32474446296691895
0.3086356222629547,0.27470627427101135,0.22551964223384857
0.1661338210105896,0.1013365089893341,0.034075140953063965,-0.033416345715522766
-0.0975208729505539,-0.1531468629837036,-0.19612282514572144,-0.2254430651664734
-0.24310585856437683,-0.25194239616394043,-0.2539427578449249,-0.2505553960800171
-0.24330845475196838,-0.23313532769680023,-0.2193315476179123,-0.19989600777626038
-0.17338325083255768,-0.1400434523820877,-0.10075128078460693,-0.0553596168756485
-0.00269915908575058,0.05745472013950348,0.12229069322347641
0.18619130551815033,0.24310152232646942,0.28871673345565796,0.32103514671325684,0.3391968309879303,0.3419264853000641,0.32732921838760376,0.2944447696208954,0.245223730802536,0.1845773309469223,0.11800238490104675,0.049291983246803284,-0.019434615969657898,-0.08578430116176605,-0.1457151621580124,-0.19474002718925476
-0.23050454258918762,-0.25381672382354736,-0.2671809196472168,-0.2727462649345398
-0.27187615633010864,-0.26586443185806274,-0.2558455169200897
-0.24168767035007477,-0.22155456244945526,-0.19341862201690674,-0.15708063542842865
-0.11399468779563904,-0.06525351107120514,-0.010585464537143707,0.05036184936761856,0.11581365764141083,0.18110185861587524,0.2401851862668991,0.2880839705467224
0.3223752975463867,0.34263014793395996,0.348522424697876,0.33873552083969116
0.3117694854736328,0.2680269181728363,0.21109944581985474,0.14644280076026917
0.0786551684141159,0.010259531438350677,-0.05692722648382187
-0.11967945098876953,-0.17342713475227356,-0.21470052003860474,-0.24306976795196533
-0.2605937123298645,-0.269722580909729,-0.2721174955368042,-0.2691764235496521
-0.2623651921749115,-0.2521916627883911,-0.23723730444908142,-0.2150488644838333
-0.18433904647827148,-0.14574135839939117,-0.10025814175605774,-0.047752268612384796
0.012580491602420807,0.08005985617637634,0.15075112879276276,0.21817557513713837
0.2759375274181366,0.31988248229026794,0.3483276963233948
0.3606155514717102,0.3556278347969055,0.3318437933921814,0.2891770005226135
0.23094934225082397,0.16340839862823486,0.09280529618263245,0.023098528385162354
-0.043668318539857864,-0.10526664555072784,-0.15816645324230194,-0.19893565773963928
-0.22652289271354675,-0.24276259541511536,-0.2506332993507385,-0.2524304687976837
-0.24972398579120636,-0.2440587431192398,-0.23659829795360565,-0.22694334387779236
-0.21286480128765106,-0.19190064072608948,-0.16304628551006317
-0.12635552883148193,-0.08139531314373016,-0.02697707712650299,0.03711927309632301
0.10805822908878326,0.17987826466560364,0.24560695886611938,0.29969286918640137
0.3391905426979065,0.3629850745201111,0.3700260519981384,0.3586646318435669
0.32789090275764465,0.2793711721897125,0.2180091142654419,0.14993371069431305
0.07981118559837341,0.010074414312839508,-0.05738915130496025,-0.11917559802532196
-0.17076906561851501,-0.20915977656841278,-0.2344968616962433
-0.24906976521015167,-0.2551491856575012,-0.25422564148902893,-0.24786685407161713
-0.23805908858776093,-0.22597020864486694,-0.21067331731319427,-0.18996214866638184
-0.16259029507637024,-0.12882041931152344,-0.08876973390579224,-0.04132344573736191
0.014750499278306961,0.07852522283792496,0.14574070274829865,0.2099871188402176
0.26522037386894226,0.3076504170894623,0.3357009291648865,0.3484662175178528
0.344506174325943,0.3222373425960541,0.28183630108833313
0.22688069939613342,0.16336950659751892,0.09673841297626495,0.030046537518501282
-0.03508104756474495,-0.0962444394826889,-0.14963938295841217,-0.19190621376037598
-0.22222557663917542,-0.24227742850780487,-0.25425323843955994,-0.25939133763313293
-0.2585671544075012,-0.25329485535621643,-0.24515002965927124,-0.2342224419116974
-0.21880555152893066,-0.19703175127506256,-0.16821101307868958,-0.13211849331855774
-0.08771403133869171,-0.03339403122663498,0.030978180468082428
0.1020570620894432,0.17326778173446655,0.23715409636497498,0.2878359854221344
0.32210588455200195,0.33869224786758423,0.33680862188339233,0.31574898958206177
0.2760884761810303,0.22133101522922516,0.1577071249485016,0.09160371124744415
0.027087107300758362,-0.03420524671673775,-0.09100398421287537,-0.140610933303833,-0.17968691885471344,-0.20669764280319214,-0.22296367585659027,-0.23115986585617065,-0.23325622081756592,-0.23033443093299866,-0.2238529622554779
-0.21596580743789673,-0.20797820389270782,-0.19878023862838745,-0.18563984334468842,-0.1664208173751831,-0.14008522033691406,-0.10537239909172058,-0.06027866154909134
-0.0035257339477539062,0.06327371299266815,0.13491153717041016,0.20400486886501312
0.26349198818206787,0.3087141513824463,0.3375970721244812,0.34921836853027344
0.3427380621433258,0.3177672326564789,0.2758895456790924,0.22161036729812622
0.1609002947807312,0.0984339714050293,0.03639386594295502
-0.024080626666545868,-0.08061948418617249,-0.1294560730457306,-0.16767831146717072
-0.19504889845848083,-0.21332207322120667,-0.22413943707942963,-0.2281968891620636
-0.22641995549201965,-0.22092752158641815,-0.21393895149230957,-0.20575211942195892
-0.19451740384101868,-0.17816828191280365,-0.15563826262950897,-0.12597116827964783
-0.08729874342679977,-0.03751050680875778,0.023598477244377136,0.09251625090837479,0.16238707304000854,0.2253871113061905,0.2753780484199524
0.30912530422210693,0.3255886137485504,0.32448840141296387,0.30568400025367737
0.2701626420021057,0.2216118425130844,0.1659819334745407,0.10876202583312988
0.05283348262310028,-0.0010521262884140015,-0.05200350284576416,-0.09761674702167511
-0.1351519674062729,-0.16369205713272095,-0.1845760941505432,-0.19967377185821533
-0.20981036126613617,-0.2152698040008545,-0.2171284556388855,-0.21707744896411896
-0.21562990546226501,-0.21098776161670685,-0.20031200349330902
-0.1817181557416916,-0.15434309840202332,-0.1170908510684967,-0.06842926889657974
-0.007986538112163544,0.06142979860305786,0.13344024121761322,0.19981732964515686
0.253248929977417,0.28953853249549866,0.30766838788986206,0.30818313360214233
0.2919345498085022,0.26027584075927734,0.2163260579109192,0.16542880237102509
0.113335981965065,0.06359665095806122,0.016842618584632874,-0.027278635650873184
-0.06765737384557724,-0.10174529254436493,-0.12789741158485413
-0.1468614637851715,-0.16071054339408875,-0.17090296745300293,-0.17796450853347778
-0.1827128678560257,-0.18674825131893158,-0.19100478291511536,-0.19396637380123138
-0.19221605360507965,-0.18290294706821442,-0.16475379467010498,-0.1368122100830078
-0.0974537581205368,-0.045302614569664,0.01865556463599205,0.08966099470853806
0.1598791927099228,0.2209790050983429,0.2669840455055237,0.2953515648841858
0.3059363067150116,0.29940569400787354,0.27652719616889954
0.23909404873847961,0.1913662999868393,0.13935056328773499,0.08797654509544373
0.039253465831279755,-0.006776474416255951,-0.049583591520786285,-0.08708031475543976
-0.11711736768484116,-0.1394745111465454,-0.15586629509925842,-0.16819611191749573
-0.17744939029216766,-0.18439646065235138,-0.19044621288776398,-0.19680961966514587
-0.20267713069915771,-0.20490920543670654,-0.2000129073858261,-0.18590036034584045
-0.16146738827228546,-0.12535561621189117,-0.07602648437023163
-0.013564974069595337,0.05828719586133957,0.13199348747730255
0.19845566153526306,0.25021421909332275,0.28353703022003174,0.2980860471725464
0.29503828287124634,0.2756776213645935,0.24172009527683258,0.19676148891448975
0.14645624160766602,0.09635372459888458,0.04943893849849701,0.005862772464752197
-0.03487791493535042,-0.07166113704442978,-0.10208012163639069,-0.12484107911586761
-0.14104178547859192,-0.15293267369270325,-0.16207991540431976,-0.16921475529670715
-0.17529059946537018,-0.18159426748752594,-0.18819841742515564,-0.19262780249118805
-0.1910131424665451,-0.18058636784553528,-0.1602610945701599,-0.1292252391576767
-0.08623084425926208,-0.030819937586784363,0.03463111072778702,0.10402797162532806
0.1688419133424759,0.22105622291564941,0.25600185990333557,0.27285581827163696
0.2728920876979828,0.25769656896591187,0.22878700494766235,0.1887778639793396
0.14248114824295044,0.0956956297159195,0.05239025503396988
0.013342462480068207,-0.022340111434459686,-0.05455384775996208,-0.08144273608922958
-0.10127942264080048,-0.11443348973989487,-0.12309063971042633,-0.1294032335281372
-0.13446849584579468,-0.13900992274284363,-0.14417153596878052,-0.1507110297679901
-0.15734033286571503,-0.1607952117919922,-0.15796196460723877,-0.14717358350753784
-0.12735390663146973,-0.09693074971437454,-0.0542825385928154,0.0003193989396095276
0.06286824494600296,0.12581859529018402,0.180609330534935
0.22086836397647858,0.24398361146450043,0.2502497136592865,0.24098490178585052
0.21738949418067932,0.18122230470180511,0.13638649880886078,0.08869870007038116
0.04331140220165253,0.002506747841835022,-0.033918704837560654,-0.06624733656644821
-0.09307822585105896,-0.11224161088466644,-0.1231708824634552,-0.1277562975883484
-0.12877479195594788,-0.12800395488739014,-0.1261603832244873,-0.12406843900680542
-0.12292131781578064,-0.12293356657028198,-0.12227471172809601
-0.11817555129528046,-0.10874619334936142,-0.09301315248012543,-0.0697302594780922
-0.03712931275367737,0.005595535039901733,0.05623471736907959,0.108967125415802
0.15602973103523254,0.19076210260391235,0.21004219353199005,0.21425214409828186
0.20532330870628357,0.1850535124540329,0.15503548085689545,0.11795967817306519
0.07829214632511139,0.040674954652786255,0.007438190281391144,-0.022037314251065254
-0.04927154257893562,-0.0740097239613533,-0.09395449608564377
-0.10713602602481842,-0.11389926075935364,-0.1162596046924591,-0.11581239104270935
-0.1128806322813034,-0.10760729759931564,-0.10112789273262024,-0.09483953565359116
-0.08858682215213776,-0.0806642547249794,-0.06971977651119232,-0.05549022555351257
-0.03764847293496132,-0.014948591589927673,0.014048736542463303,0.04913554713129997
0.0870492234826088,0.12194640934467316,0.1477944254875183,0.16112861037254333
0.16194677352905273,0.15237832069396973,0.1347537487745285
0.11054534465074539,0.08113519102334976,0.04939878731966019,0.019322365522384644,-0.006452601402997971,-0.028166979551315308,-0.04774018004536629,-0.06608608365058899
-0.0818248987197876,-0.09277257323265076,-0.09832873195409775,-0.0999382957816124
-0.09935813397169113,-0.09712374210357666,-0.09300906211137772,-0.08744996786117554
-0.08166766911745071,-0.07615305483341217,-0.06980125606060028,-0.061095986515283585,-0.04944203421473503,-0.03484572097659111,-0.016783684492111206
0.006134234368801117,0.034868404269218445,0.06791612505912781,0.10067713260650635
0.12707778811454773,0.14241641759872437,0.1453588455915451,0.13762804865837097
0.12206593155860901,0.10085280239582062,0.07537585496902466,0.0476204976439476
0.020748309791088104,-0.0025165826082229614,-0.021858159452676773,-0.03927132487297058
-0.056692905724048615,-0.07366324961185455,-0.08765320479869843,-0.09666859358549118
-0.10099609941244125,-0.10227193683385849,-0.10151997208595276
-0.09871659427881241,-0.09400840103626251,-0.08854998648166656,-0.08341299742460251
-0.07788412272930145,-0.06991315633058548,-0.058211591094732285,-0.0429389551281929
-0.024475812911987305,-0.00233541801571846,0.024333911016583443,0.05496465787291527
0.08624938130378723,0.11276481300592422,0.12948766350746155,0.13449911773204803
0.1295820027589798,0.11845001578330994,0.10433746874332428,0.08870743960142136
0.07211587578058243,0.05588168650865555,0.041820358484983444
0.030247610062360764,0.019108012318611145,0.005672013387084007,-0.010752890259027481
-0.02800404466688633,-0.0430808961391449,-0.054640159010887146,-0.06327027082443237
-0.06983491033315659,-0.07431589066982269,-0.076411172747612,-0.07666824758052826
-0.07613527774810791,-0.07471492886543274,-0.07082168012857437,-0.06307783722877502
-0.05155060067772865,-0.037116773426532745,-0.02009986713528633,0.0002629123628139496
0.02460632473230362,0.05142960697412491,0.0765606239438057
0.09493698179721832,0.10343366861343384,0.10249949991703033,0.09541907161474228
0.08595186471939087,0.0761498436331749,0.06629950553178787,0.056751761585474014
0.04873728007078171,0.042893216013908386,0.03769012913107872,0.030051667243242264
0.017906568944454193,0.002178916707634926,-0.014003895223140717,-0.028045106679201126
-0.03951235115528107,-0.049270402640104294,-0.05780370905995369,-0.06486066430807114
-0.0703834742307663,-0.07495835423469543,-0.07871538400650024
-0.08023963868618011,-0.07752180099487305,-0.06980344653129578,-0.057868339121341705,-0.04267174378037453,-0.024089720100164413
-0.0014245323836803436,0.02463056892156601,0.05069153010845184,0.07154539972543716
0.08286315947771072,0.08381040394306183,0.07729705423116684,0.06774619966745377
0.05834389850497246,0.04995878413319588,0.04246477782726288,0.03646034002304077
0.03287240490317345,0.031069844961166382,0.028237124904990196,0.021287191659212112
0.009633462876081467,-0.00417516753077507,-0.01675517112016678,-0.02655426599085331
-0.034161802381277084,-0.04068288579583168,-0.046517182141542435,-0.051687486469745636
-0.056707754731178284,-0.06209312379360199,-0.06684766709804535,-0.06864845752716064,-0.06593450903892517,-0.058967411518096924,-0.04876085743308067,-0.03555648773908615
-0.018603872507810593,0.0023237746208906174,0.02512066438794136,0.04529954865574837
0.05819569528102875,0.06183774769306183,0.05806972458958626,0.051085349172353745
0.044623881578445435,0.039938487112522125,0.03636681288480759,0.033613402396440506
0.032491013407707214,0.033228982239961624,0.03392651677131653,0.03139994293451309
0.02384030818939209,0.01259448379278183,0.001051381230354309,-0.008222995325922966
-0.015033348463475704,-0.02063223347067833,-0.026009462773799896,-0.03133724629878998
-0.0366915799677372,-0.04239955544471741,-0.0480651892721653,-0.052006565034389496
-0.05255063250660896,-0.0495394691824913,-0.04417532682418823
-0.03748844936490059,-0.02905137836933136,-0.017665240913629532,-0.003550378605723381
0.01050603948533535,0.020392825827002525,0.023389331996440887,0.020151125267148018
0.01423916220664978,0.00958869606256485,0.008012392558157444,0.00889686681330204
0.011162650771439075,0.014864644967019558,0.0203896164894104,0.026522181928157806
0.030095161870121956,0.028135448694229126,0.02053116448223591,0.010292790830135345
0.0009797587990760803,-0.005964873358607292,-0.011404292657971382
-0.016722172498703003,-0.022377654910087585,-0.028140848502516747,-0.03408331051468849
-0.04023853316903114,-0.04532520845532417,-0.047212567180395126,-0.04497852176427841
-0.03971019387245178,-0.03315868601202965,-0.025946546345949173,-0.017347145825624466
-0.006929304450750351,0.0037699900567531586,0.011385723948478699,0.012901196256279945
0.008189011365175247,0.0004865434020757675,-0.005670044105499983,-0.007288697641342878
-0.004330155439674854,0.001539961900562048,0.009298255667090416
0.018973857164382935,0.02987191453576088,0.03932109847664833,0.0439009964466095
0.04217632859945297,0.03607393428683281,0.02923562005162239,0.02400176227092743
0.020120203495025635,0.015963880345225334,0.010419275611639023,0.003472725860774517
-0.004629377741366625,-0.013726482167840004,-0.022777097299695015,-0.029689695686101913
-0.0329706147313118,-0.033061835914850235,-0.03178589046001434,-0.03054860420525074
-0.029042167589068413,-0.02602350525557995,-0.021386517211794853
-0.01706424169242382,-0.015716983005404472,-0.01831068843603134,-0.022763781249523163
-0.02495652809739113,-0.02138105407357216,-0.011374382302165031,0.0031233802437782288
0.01992330327630043,0.0380546934902668,0.0567135289311409,0.07352471351623535
0.08472465723752975,0.08756405115127563,0.08258264511823654,0.07320716977119446
0.06294341385364532,0.0530487485229969,0.04273916780948639,0.03107871115207672
0.01828176900744438,0.005240149796009064,-0.007513228803873062
-0.019440555945038795,-0.02905459888279438,-0.034670185297727585,-0.036214426159858704
-0.03568773716688156,-0.03557973355054855,-0.03676906228065491,-0.038239434361457825
-0.03887346014380455,-0.03913712501525879,-0.040955305099487305,-0.045771822333335876
-0.05243978649377823,-0.057136084884405136,-0.0555841326713562,-0.045778367668390274
-0.028943102806806564,-0.007876310497522354,0.015306511893868446,0.039349522441625595
0.062211111187934875,0.0802171602845192,0.08966992795467377
0.08960927277803421,0.08271250128746033,0.07310716062784195,0.0633034035563469
0.0532902292907238,0.04208612069487572,0.029565580189228058,0.01661725342273712
0.003927484154701233,-0.008251948282122612,-0.01888691447675228,-0.02614189311861992
-0.029273441061377525,-0.02988607995212078,-0.030935294926166534,-0.03442956134676933
-0.04006034880876541,-0.046144869178533554,-0.051728907972574234,-0.057581305503845215
-0.06504006683826447,-0.0737469345331192,-0.08060027658939362
-0.08109857141971588,-0.07212372869253159,-0.05398630350828171,-0.029736485332250595
-0.0025164522230625153,0.02585139498114586,0.053736381232738495,0.07810693234205246
0.09499163925647736,0.10196568071842194,0.10005049407482147,0.09275517612695694
0.08315719664096832,0.07206782698631287,0.05873794108629227,0.042758602648973465
0.024990282952785492,0.0067931003868579865,-0.010822733864188194,-0.026627805083990097
-0.03864012286067009,-0.045363739132881165,-0.04751426726579666
-0.048032719641923904,-0.04999979957938194,-0.05425657704472542,-0.059278540313243866
-0.06329715251922607,-0.0661415383219719,-0.06909029185771942,-0.07296872138977051
-0.07628960907459259,-0.07540154457092285,-0.06675723195075989,-0.049454640597105026
-0.025708656758069992,0.0012014992535114288,0.029060767963528633,0.0565602071583271
0.08156689256429672,0.10044167190790176,0.10980185866355896,0.10915037989616394
0.10137674957513809,0.09035751968622208,0.07815544307231903
0.06452278792858124,0.048599276691675186,0.030628353357315063,0.011916454881429672
-0.006414161995053291,-0.023485630750656128,-0.03753412514925003,-0.046352632343769073
-0.04947415366768837
0.026750294491648674,0.006362615618854761,5.224810593063012e-05
0.00911357719451189,0.033539362251758575,0.07168380171060562,0.11906497925519943
0.16782723367214203,0.20871976017951965,0.23454922437667847,0.24233980476856232,0.23261427879333496,0.2071303129196167,0.16827481985092163,0.12065982818603516,0.0720270499587059,0.03145882114768028,0.0062883151695132256,0.00046653911704197526,0.014880962669849396,0.04755321890115738,0.09299270063638687,0.1429125815629959,0.18906256556510925,0.22549542784690857,0.2481958419084549
0.2536082863807678,0.2394125759601593,0.20738407969474792,0.16398561000823975,0.11720048636198044,0.073401540517807,0.03705621510744095,0.011753655970096588
0.00041562647675164044,0.004850820638239384,0.025547092780470848,0.06150028854608536
0.1092924177646637,0.16200897097587585,0.2101324051618576,0.24475650489330292,0.2607116103172302,0.25718769431114197,0.23578619956970215,0.1988467127084732
0.1502852588891983,0.09718551486730576,0.04908726364374161
0.01491596084088087,0.00033654551953077316,0.007396494969725609,0.03507029265165329
0.0787934735417366,0.1303572654724121,0.18031123280525208,0.2212199568748474
0.24851790070533752,0.2589452862739563,0.24994155764579773,0.22185564041137695
0.17986974120140076,0.13212719559669495,0.08599729090929031,0.046568091958761215
0.01753825880587101,0.0019884684588760138,0.002099571982398629,0.018712729215621948
0.051199253648519516,0.09696035832166672,0.15029485523700714
0.20234696567058563,0.2435329556465149,0.26698243618011475,0.2703716456890106
0.2548207640647888,0.22260257601737976,0.17689275741577148,0.12344858795404434,0.07103516161441803,0.02911577932536602,0.0047312406823039055,0.001209813985042274,0.018622711300849915,0.05380216985940933,0.09990698099136353,0.14791403710842133,0.18985453248023987,0.220624178647995,0.23697683215141296,0.2360643893480301,0.2166149765253067,0.1816348284482956,0.13825875520706177
0.0942336916923523,0.055178359150886536,0.024734897539019585,0.0056724208407104015
8.844481635605916e-05,0.00904197245836258,0.03238815814256668,0.06858499348163605
0.11384818702936172,0.16142010688781738,0.2027147263288498,0.23025023937225342
0.24022871255874634,0.23269236087799072,0.20949764549732208,0.17302793264389038
0.12724018096923828,0.07897940278053284,0.03701953962445259,0.009161458350718021
1.9715669623110443e-05,0.010905659757554531,0.040206290781497955
0.08287324756383896,0.1307641565799713,0.17525607347488403,0.2099616676568985,0.23095355927944183,0.23525495827198029,0.2208893746137619,0.1893664449453354
0.14692792296409607,0.1019195094704628,0.06114281713962555,0.028848351910710335
0.007798403967171907,1.5866709873080254e-05,0.006630518939346075,0.027588792145252228
0.061550866812467575,0.1053934171795845,0.15329015254974365,0.19698476791381836
0.22818882763385773,0.2416456937789917,0.23649713397026062
0.21487028896808624,0.1797364205121994,0.13491025567054749,0.08651403337717056,0.042943075299263,0.012401148676872253,0.00013583595864474773,0.007707210723310709
0.03366483747959137,0.27120155096054077,0.3461701273918152,0.40478068590164185
0.4458077549934387,0.46967899799346924,0.4765445590019226,0.46529093384742737
0.4349960684776306,0.38729390501976013,0.32658541202545166,0.25772130489349365
0.18386492133140564,0.10647986829280853,0.026575103402137756
-0.05449521914124489,-0.1350959688425064,-0.21355241537094116,-0.28774896264076233
-0.35432717204093933,-0.4088142514228821,-0.447001576423645,-0.4665001630783081
-0.46741729974746704,-0.45142075419425964,-0.41976112127304077,-0.3723936378955841
-0.30914071202278137,-0.2314755916595459,-0.143137127161026,-0.049007102847099304
0.0466303676366806,0.1405125856399536,0.22918830811977386,0.3082558214664459
0.3734825849533081,0.42246532440185547,0.4548927843570709
0.47105640172958374,0.47015878558158875,0.4506797194480896,0.4127230942249298
0.3594492971897125,0.29570385813713074,0.22547170519828796,0.15088239312171936
0.07307194173336029,-0.006742633879184723,-0.08698372542858124,-0.16597406566143036
-0.2418995499610901,-0.3120609521865845,-0.3723989725112915,-0.41834694147109985
-0.4464687407016754,-0.4556816518306732,-0.4470924139022827,-0.42227602005004883
-0.3816450536251068,-0.32476767897605896,-0.2521977126598358
-0.1668446660041809,-0.07356344163417816,0.022637173533439636,0.117863729596138
0.20869331061840057,0.2908671498298645,0.3596092462539673,0.4114108085632324
0.44515863060951233,0.4613473117351532,0.4601571559906006,0.44069427251815796
0.4026336073875427,0.3483511507511139,0.2827005684375763,0.21057507395744324
0.135036900639534,0.057538390159606934,-0.020860746502876282,-0.09878683090209961
-0.17466674745082855,-0.24697689712047577,-0.31376081705093384
-0.3718206584453583,-0.41696783900260925,-0.4454408586025238,-0.4554104506969452
-0.4475131928920746,-0.42366769909858704,-0.38507145643234253,-0.33162015676498413
-0.26331865787506104,-0.1820480227470398,-0.09195749461650848,0.0018958449363708496
0.09525046497583389,0.18477825820446014,0.26682108640670776,0.3369458317756653
0.3912612795829773,0.42794299125671387,0.44726037979125977,0.4499586820602417
0.4356916844844818,0.40361320972442627,0.35465770959854126
0.29258522391319275,0.2223549783229828,0.14777173101902008,0.07082557678222656
-0.007373020052909851,-0.08560740947723389,-0.16231149435043335,-0.23581096529960632
-0.30421310663223267,-0.36469900608062744,-0.41330286860466003,-0.44591718912124634
-0.4598712623119354,-0.45499172806739807,-0.43311190605163574,-0.39613187313079834
-0.34462010860443115,-0.2784888744354248,-0.19888150691986084,-0.10930025577545166
-0.014852657914161682,0.07966021448373795,0.17075090110301971
0.25531527400016785,0.3293949365615845,0.3886905908584595,0.430348664522171
0.4539462625980377,0.4604838788509369,0.45036453008651733,0.42283791303634644
0.37782686948776245,0.3179197907447815,0.24792763590812683,0.17250820994377136
0.0945616364479065,0.015526071190834045,-0.06353900581598282,-0.1412764936685562
-0.2160550206899643,-0.28613781929016113,-0.34921878576278687,-0.40182235836982727
-0.4397600293159485,-0.45953842997550964,-0.4597436487674713
-0.4413713216781616,-0.4064508378505707,-0.35617607831954956,-0.29069578647613525,-0.2107067108154297,-0.1190498024225235,-0.020726278424263,0.07873174548149109
0.17485865950584412,0.2640659511089325,0.34232068061828613,0.4049849808216095
0.4483487606048584,0.4711340367794037,0.47433778643608093,0.4594523310661316
0.42699724435806274,0.37727034091949463,0.3124866485595703,0.2374584674835205
0.15774904191493988,0.0773957222700119,-0.0016217082738876343
-0.0784217044711113,-0.15216569602489471,-0.22170940041542053,-0.28581371903419495
-0.3430117964744568,-0.3909492492675781,-0.42628344893455505,-0.44563406705856323
-0.4469890296459198,-0.43062862753868103,-0.39847999811172485,-0.35221970081329346
-0.2922601103782654,-0.21872451901435852,-0.13322661817073822,-0.03965955972671509
0.05680404230952263,0.15151143074035645,0.24093493819236755,0.3215920329093933,0.3891759514808655,0.4394545257091522,0.4700510799884796
0.481178879737854,0.47438764572143555,0.4505351483821869,0.4094507396221161
0.3518514037132263,0.2811204791069031,0.20257499814033508,0.1210300624370575
0.039341896772384644,-0.04119579493999481,-0.11970706284046173,-0.19496625661849976
-0.2654232382774353,-0.3294160068035126,-0.38476109504699707,-0.4282895624637604
-0.456328809261322,-0.465986430644989,-0.45643675327301025,-0.4290957748889923
-0.38612091541290283,-0.32873785495758057,-0.25734955072402954
-0.17316922545433044,-0.07954031229019165,0.018392175436019897,0.11540435254573822
0.20751629769802094,0.2914547622203827,0.36333006620407104,0.41876205801963806
0.4545840919017792,0.4702221155166626,0.4671624004840851,0.44691064953804016
0.409751296043396,0.3559333086013794,0.28792428970336914,0.21080419421195984
0.13013586401939392,0.049727663397789,-0.02872364968061447,-0.10453586280345917
-0.1768571436405182,-0.2443610429763794,-0.30566781759262085
-0.3593171238899231,-0.4031088650226593,-0.4339502453804016,-0.44867733120918274
-0.4454166889190674,-0.42451947927474976,-0.38784971833229065,-0.33695387840270996,-0.2723020315170288,-0.19438642263412476,-0.10536004602909088,-0.009582728147506714
0.0875331237912178,0.18122978508472443,0.26773589849472046,0.3431531488895416
0.40293222665786743,0.4430602490901947,0.4617950916290283,0.46010878682136536,0.44017475843429565,0.4034290313720703,0.3505367636680603
0.2833667993545532,0.20641320943832397,0.12559880316257477,0.04570412635803223
-0.030885182321071625,-0.10351239889860153,-0.17189590632915497,-0.2353285849094391
-0.29284584522247314,-0.34348440170288086,-0.38580673933029175,-0.4173751473426819
-0.43508660793304443,-0.4363735318183899,-0.420570969581604,-0.38906362652778625
-0.3437119126319885,-0.2853335440158844,-0.21401578187942505,-0.13077989220619202
-0.03883521258831024,0.056822746992111206,0.15111307799816132
0.24001434445381165,0.3199526071548462,0.3867337703704834,0.43595626950263977
0.46474704146385193,0.47299274802207947,0.46254226565361023,0.43501612544059753
0.39076733589172363,0.33032485842704773,0.25657424330711365,0.1748368740081787
0.09061050415039062,0.007534801959991455,-0.07274803519248962,-0.14943240582942963
-0.22141209244728088,-0.2871324419975281,-0.34510958194732666,-0.3938654661178589
-0.4312620759010315,-0.4543709456920624,-0.46032091975212097
-0.4477340579032898,-0.4175921678543091,-0.3722797930240631,-0.31364643573760986
-0.24237293004989624,-0.15921851992607117,-0.06667090952396393,0.030653946101665497
0.12734055519104004,0.21886631846427917,0.3017429709434509,0.3723685145378113
0.4266783893108368,0.46138811111450195,0.4755132794380188,0.4704264998435974
0.44812801480293274,0.4095671772956848,0.3550659716129303,0.2864340841770172
0.20812490582466125,0.12580348551273346,0.04391211271286011
-0.03532999008893967,-0.11116578429937363,-0.18295767903327942,-0.24951405823230743,-0.3094165325164795,-0.36127495765686035,-0.4032297134399414,-0.4325268268585205,-0.4459598958492279,-0.44118136167526245,-0.4180503785610199,-0.37847012281417847,-0.32458433508872986,-0.25741881132125854,-0.1774507462978363,-0.08634157478809357,0.011931464076042175,0.11172475665807724,0.20757964253425598,0.2952539622783661,0.3710293173789978,0.4308226406574249,0.47073811292648315
0.4887112081050873,0.4855070412158966,0.463668555021286
0.42529964447021484,0.3712763488292694,0.30286332964897156,0.22371265292167664
0.1395563781261444,0.05577346682548523,-0.02447453886270523,-0.10013273358345032
-0.17093992233276367,-0.23628759384155273,-0.295146107673645,-0.34649553894996643
-0.3890954852104187,-0.42083463072776794,-0.4387161135673523,-0.43984949588775635
-0.42299479246139526,-0.38925957679748535,-0.34087467193603516,-0.2793348431587219,-0.20508500933647156,-0.11896495521068573,-0.023824721574783325,0.07529717683792114,0.1727088838815689,0.26371631026268005,0.3445984721183777,0.41147005558013916,0.46008768677711487,0.4872201979160309,0.492196261882782,0.47676974534988403
0.44318583607673645,0.39264148473739624,0.32599592208862305,0.2458985149860382
0.15762180089950562,0.06732814013957977,-0.020337164402008057,-0.10305550694465637
-0.17993173003196716,-0.25011956691741943,-0.31231755018234253
-0.36528128385543823,-0.4079991579055786,-0.4390307664871216,-0.45606914162635803
-0.4564622938632965,-0.43861573934555054,-0.4032754898071289,-0.3530752658843994
-0.2905753254890442,-0.21708187460899353,-0.13344228267669678,-0.04177182912826538
0.0536617636680603,0.14738184213638306,0.23457393050193787,0.3118061125278473
0.3761061429977417,0.4241222143173218,0.45274150371551514,0.4606519043445587
0.44910088181495667,0.4206531345844269,0.3771420121192932
0.3192581534385681,0.24834904074668884,0.16825595498085022,0.08470289409160614
0.0027796030044555664,-0.07474856823682785,-0.14712488651275635,-0.21415549516677856
-0.2751155495643616,-0.32885634899139404,-0.3742484450340271,-0.4098595678806305
-0.43335723876953125,-0.44161805510520935,-0.43188220262527466,-0.4034053683280945
-0.35794270038604736,-0.29823368787765503,-0.22622334957122803,-0.1430327445268631
-0.05048733949661255,0.04750289022922516,0.14518800377845764
0.23677809536457062,0.3179420530796051,0.38547611236572266,0.43610212206840515
0.46639078855514526,0.4742358922958374,0.46036049723625183,0.427859902381897
0.37994301319122314,0.3184412121772766,0.24476304650306702,0.16205379366874695
0.075752392411232,-0.008376553654670715,-0.08654677122831345,-0.15748752653598785
-0.22129863500595093,-0.27796173095703125,-0.3268927335739136,-0.3674602210521698
-0.3990456759929657,-0.4203564524650574,-0.42905935645103455
-0.42241376638412476,-0.39880111813545227,-0.35891515016555786,-0.30506449937820435
-0.23927703499794006,-0.16249287128448486,-0.07560871541500092,0.018847927451133728
0.11608852446079254,0.21026936173439026,0.29638445377349854,0.37075477838516235
0.4299983084201813,0.4704046845436096,0.48887208104133606,0.4845922291278839
0.45954546332359314,0.4169226288795471,0.359142541885376,0.2877112925052643
0.2050374448299408,0.11593489348888397,0.026643812656402588
-0.057732243090867996,-0.13471399247646332,-0.2038794606924057,-0.26522019505500793
-0.3181188106536865,-0.3617105484008789,-0.3953809440135956,-0.4183531701564789
-0.4290746748447418,-0.42531877756118774,-0.40529751777648926,-0.3691406846046448
-0.3190271258354187,-0.2575034201145172,-0.18596893548965454,-0.10503992438316345
-0.016248732805252075,0.07669732719659805,0.1684194654226303,0.2537306547164917
0.3288673162460327,0.3909592032432556,0.43695372343063354
0.4637167453765869,0.469519704580307,0.4553340673446655,0.4240623414516449
0.3782653212547302,0.31905075907707214,0.24745050072669983,0.16663914918899536,0.08210960030555725,-0.0006282180547714233,-0.07824604213237762,-0.14979155361652374
-0.21525824069976807,-0.27411437034606934,-0.3251694440841675,-0.36727747321128845,-0.3993818461894989,-0.41986730694770813,-0.42623743414878845,-0.4157901406288147,-0.3872116506099701,-0.3416252136230469,-0.2816561460494995
-0.20960435271263123,-0.12691490352153778,-0.03532494604587555,0.061648495495319366,0.1584399789571762,0.24893847107887268,0.3283661901950836,0.3935314416885376
0.4416522681713104,0.4697469174861908,0.47564536333084106,0.4596177339553833
0.4245050847530365,0.37381792068481445,0.30992361903190613,0.23435530066490173
0.1497989445924759,0.061263903975486755,-0.02528761327266693,-0.10543476045131683
-0.17741557955741882,-0.24125075340270996,-0.29704153537750244
-0.3441922664642334,-0.38199740648269653,-0.4100683927536011,-0.4277580976486206,-0.43346577882766724,-0.4247429370880127,-0.3995497226715088,-0.3578284978866577
-0.3015387952327728,-0.23302051424980164,-0.15376663208007812,-0.06494167447090149
0.031062982976436615,0.12965604662895203,0.224816232919693,0.31101250648498535
0.3842375874519348,0.44135722517967224,0.47917529940605164,0.49473270773887634
0.4868597686290741,0.4572809338569641,0.40957754850387573
0.34695199131965637,0.27138155698776245,0.18509545922279358,0.09250345826148987
-0.00013118982315063477,-0.08719689399003983,-0.1656874567270279,-0.23502758145332336
-0.29542672634124756,-0.3465161919593811,-0.38749516010284424,-0.4178653359413147
-0.4373128116130829,-0.4449681341648102,-0.43902015686035156,-0.4173782467842102
-0.37927478551864624,-0.3261561393737793,-0.2606024444103241,-0.18464288115501404
-0.09948152303695679,-0.006739407777786255,0.09015104919672012
0.18585869669914246,0.2747003436088562,0.35228797793388367,0.4155769944190979,0.4617615342140198,0.4878186881542206
0.49163490533828735,0.47363439202308655,0.4366627633571625,0.3839060068130493
0.3173166811466217,0.23832103610038757,0.1498735547065735,0.05725090205669403
-0.033632971346378326,-0.11853152513504028,-0.19557437300682068,-0.26419514417648315
-0.32361823320388794,-0.37252146005630493,-0.4098556339740753,-0.43517446517944336
-0.44792333245277405,-0.44667142629623413,-0.42924609780311584,-0.3941216766834259
-0.3419504463672638,-0.27534857392311096,-0.19718027114868164,-0.10948449373245239
-0.014095902442932129,0.08587038516998291,0.18524691462516785,0.27784210443496704
0.35846084356307983,0.4237380623817444,0.4712176024913788,0.498327374458313
0.5027780532836914,0.4841850996017456,0.4449274241924286,0.3888233006000519
0.3190484344959259,0.23768189549446106,0.14731630682945251,0.052696749567985535
-0.03997548669576645,-0.1255175769329071,-0.2013665735721588,-0.26711395382881165
-0.3228384852409363,-0.3680378794670105,-0.40207037329673767,-0.42482951283454895
-0.4363929331302643,-0.43613550066947937,-0.4223196506500244,-0.3929283320903778
-0.3474084138870239,-0.2873840928077698,-0.21540841460227966,-0.13345368206501007
-0.042898014187812805,0.05416875332593918,0.15368422865867615,0.24981217086315155
0.33669885993003845,0.409991979598999,0.46666616201400757
0.5039079189300537,0.5188016891479492,0.5096442699432373,0.4775829017162323
0.42623838782310486,0.3594645857810974,0.2799263596534729,0.1900244951248169
0.09385602176189423,-0.0025017857551574707,-0.09309588372707367,-0.17428408563137054
-0.245009183883667,-0.3053673505783081,-0.3550804853439331,-0.3934021592140198
-0.41997721791267395,-0.43498918414115906,-0.4383569359779358,-0.4289773106575012
-0.40496864914894104,-0.36518919467926025,-0.31061193346977234
-0.24379783868789673,-0.16717788577079773,-0.08226804435253143,0.009480312466621399
0.10516577214002609,0.19982309639453888,0.2876397967338562,0.36392223834991455
0.4256865382194519,0.47058334946632385,0.4958956837654114,0.49914711713790894
0.4798987805843353,0.4404256045818329,0.38415732979774475,0.31377074122428894
0.23112952709197998,0.1390243023633957,0.04248489439487457,-0.05228874087333679
-0.14031805098056793,-0.21907222270965576,-0.28772789239883423
-0.3455488085746765,-0.39123547077178955,-0.42374512553215027,-0.4429178535938263
-0.44888877868652344,-0.4411157965660095,-0.41809311509132385,-0.37840962409973145
-0.3224848806858063,-0.25294533371925354,-0.17313256859779358,-0.08565311133861542
0.007482126355171204,0.10350523889064789,0.1978185772895813,0.28458458185195923
0.3586938977241516,0.41702550649642944,0.45784029364585876,0.47944799065589905
0.4799385368824005,0.45860975980758667,0.41745325922966003
0.3604525029659271,0.2913053631782532,0.21229389309883118,0.1255037933588028
0.03477118909358978,-0.05433671921491623,-0.13674229383468628,-0.20975302159786224
-0.2729499340057373,-0.32659220695495605,-0.3702961206436157,-0.4032723307609558
-0.42518743872642517,-0.43610936403274536,-0.4356459081172943,-0.42227694392204285
-0.3938128650188446,-0.3490825295448303,-0.2891596853733063,-0.2166307270526886
-0.13399748504161835,-0.04316352307796478,0.05363493412733078
0.1525103747844696,0.24772220849990845,0.33322227001190186,0.40451955795288086
0.45893222093582153,0.4943338930606842,0.5082384347915649,0.49871325492858887
0.46633315086364746,0.4145188331604004,0.3475434184074402,0.2686195373535156
0.1801246702671051,0.08542068302631378,-0.010182991623878479,-0.1008460596203804,-0.18245401978492737,-0.25341150164604187,-0.3135875463485718,-0.3627273440361023
-0.4000532627105713,-0.4251317083835602,-0.4383251965045929
-0.4401057958602905,-0.43005135655403137,-0.40658366680145264,-0.36814650893211365
-0.3149254322052002,-0.24905070662498474,-0.17311623692512512,-0.08897003531455994
0.0019226670265197754,0.09703679382801056,0.19179265201091766,0.28035950660705566
0.35770854353904724,0.42066842317581177,0.46708908677101135,0.4945563077926636
0.5004569292068481,0.48369279503822327,0.4460431635379791,0.391190767288208
0.32250213623046875,0.242193341255188,0.15271613001823425
0.058508530259132385,-0.03441943973302841,-0.12082488089799881,-0.19790124893188477
-0.2649124264717102,-0.3215618431568146,-0.3669520318508148,-0.40012288093566895
-0.42085695266723633,-0.42939624190330505,-0.4254802465438843,-0.40771931409835815
-0.3742366433143616,-0.32446977496147156,-0.2602000832557678,-0.18456017971038818
-0.10039706528186798,-0.00986325740814209,0.08456578105688095,0.17883668839931488,0.26738402247428894,0.34483903646469116,0.40761154890060425
0.45372074842453003,0.4814305901527405,0.4885340631008148,0.4735496938228607
0.437650203704834,0.3845880329608917,0.31844204664230347,0.24192753434181213
0.15704938769340515,0.0670623630285263,-0.022900618612766266,-0.10757231712341309
-0.18365630507469177,-0.2501944601535797,-0.30720314383506775,-0.35416191816329956
-0.38997960090637207,-0.4140056371688843,-0.4263467788696289,-0.4271036386489868
-0.41540980339050293,-0.38934144377708435,-0.3473024070262909
-0.2896764278411865,-0.21879762411117554,-0.13748781383037567,-0.0480598509311676
0.04725095257163048,0.14500534534454346,0.23989368975162506,0.32583141326904297,0.3979402780532837
0.004423402715474367,0.002437053481116891,0.000726887199562043,2.617285304040706e-07
0.0007336477865464985,0.002817257307469845,0.0058352029882371426,0.009447302669286728
0.013216243125498295,0.01622598245739937,0.017397236078977585,0.01641242951154709,0.01397943776100874,0.011029563844203949,0.00799898523837328,0.005007895641028881,0.002392760245129466,0.0006750242318958044,2.6554449505056255e-05,0.0001400266046402976
0.0006717068608850241,0.001552131026983261,0.0028656881768256426,0.004547463729977608
0.006273326929658651,0.00771959638223052
0.008810603059828281,0.009571288712322712,0.009857958182692528,0.00943937711417675,0.008328073658049107,0.006799531169235706,0.005078332498669624,0.00323675898835063
0.001457646256312728,0.00023427898122463375,9.106688958127052e-05,0.0011198617285117507
0.0029990177135914564,0.0054037789814174175,0.00810125283896923,0.010593287646770477
0.012031476944684982,0.011862115934491158,0.010391626507043839,0.008397441357374191
0.00636849831789732,0.004365498665720224,0.0024538584984838963
0.0009609616245143116,0.00017243128968402743,2.8693120839307085e-06,0.0001818185846786946
0.0005954532534815371,0.0013335335534065962,0.0024812379851937294,0.003886093385517597
0.005209873430430889,0.006231025326997042,0.006924782879650593,0.007234333083033562
0.006976281758397818,0.006083602551370859,0.004775973502546549,0.0033518881537020206,0.0019730718340724707,0.0007729664212092757,6.0138754633953795e-05,0.00020009311265312135,0.0012223137309774756,0.002735853660851717,0.004319619853049517
0.005773879587650299,0.006888881791383028,0.007232255768030882,0.006480471696704626
0.0049042534083127975,0.003193662269040942,0.001824510283768177,0.0008521546260453761
0.00022006385552231222,4.7074053100004676e-07,0.00024248530098702759,0.0007422813214361668
0.001215266645886004,0.0016169729642570019,0.0021228278055787086,0.0028853302355855703
0.0038424981757998466,0.004729202948510647,0.005331654567271471,0.005651812069118023
0.005739763844758272,0.0054978905245661736,0.004796609282493591
0.0037215440534055233,0.0025293612852692604,0.00141436536796391,0.0004964349209330976
1.2156559932918753e-05,0.0003283339901827276,0.0016022218624129891,0.003516443772241473
0.0055398098193109035,0.007342695724219084,0.00873772893100977,0.009343931451439857
0.008703176863491535,0.006876109633594751,0.004595297388732433,0.0026213922537863255
0.0012204766971990466,0.00034506418160162866,2.0566772036545444e-06,0.00023591940407641232
0.0008490925538353622,0.0014492006739601493,0.0018469643546268344
0.002179595874622464,0.0026561152189970016,0.003312564454972744,0.003966259304434061
0.004406214691698551,0.004612679127603769,0.004686535336077213,0.00461440347135067
0.004246918018907309,0.0035322564654052258,0.0026285790372639894,0.001722857472486794
0.0008943205466493964,0.00023517059162259102,6.897519597259816e-06,0.0005065679433755577
0.0017273046541959047,0.003325898200273514,0.0049823615700006485,0.0065641822293400764
0.00784804206341505,0.008347861468791962,0.007715375628322363
0.006221523974090815,0.004532458260655403,0.0030828772578388453,0.0019002285553142428
0.0009224906098097563,0.0002513044746592641,4.292346147849457e-06,7.331014785449952e-05
0.0002455213980283588,0.02135077863931656,0.02821812592446804,0.03701115399599075
0.04613763839006424,0.053439438343048096,0.058127135038375854,0.06078845262527466
0.06177598237991333,0.06024697422981262,0.05517468601465225,0.04678769409656525
0.0362900011241436,0.024305593222379684,0.010191965848207474
-0.00684610940515995,-0.026092927902936935,-0.04504897817969322,-0.060985662043094635
-0.07278324663639069,-0.08105118572711945,-0.08630605041980743,-0.08748231083154678,-0.08284790068864822,-0.07229387015104294,-0.0581618994474411,-0.043461184948682785
-0.029410533607006073,-0.015180207788944244,-6.601773202419281e-05,0.014629801735281944
0.026272615417838097,0.03336797654628754,0.03708423674106598,0.04021497815847397,0.044686850160360336,0.05007413774728775,0.05448147654533386
0.05665246397256851,0.05689001455903053,0.05591582879424095,0.05336955562233925
0.048081547021865845,0.039695896208286285,0.02919831871986389,0.017591238021850586
0.004588112235069275,-0.010937398299574852,-0.029192566871643066,-0.04837696626782417
-0.06552944332361221,-0.07854455709457397,-0.08731555193662643,-0.09264373779296875
-0.09417969733476639,-0.09019072353839874,-0.07962676882743835,-0.06391038000583649
-0.04620666801929474,-0.028896797448396683,-0.012126293033361435
0.004951443523168564,0.021879104897379875,0.03636275976896286,0.046154484152793884
0.05124147981405258,0.05395025387406349,0.05686712637543678,0.06067687273025513
0.06400418281555176,0.06521989405155182,0.06408235430717468,0.06143507361412048
0.05761858448386192,0.05186785012483597,0.043544624000787735,0.03330054134130478
0.022375106811523438,0.011010076850652695,-0.0018699746578931808,-0.017194632440805435
-0.034090038388967514,-0.04989788681268692,-0.061993274837732315
-0.06960637867450714,-0.07364697009325027,-0.0746876448392868,-0.07166090607643127
-0.06302078068256378,-0.04897073283791542,-0.03203437849879265,-0.015137549489736557
0.0006858743727207184,0.016254784539341927,0.032001297920942307,0.0463380292057991
0.05659772455692291,0.06149430200457573,0.062385205179452896,0.06202314421534538
0.06213074177503586,0.06218169629573822,0.06045767664909363,0.05605841055512428
0.04958886280655861,0.04194546118378639,0.0330197736620903
0.022165168076753616,0.009634947404265404,-0.003270910121500492,-0.015622115693986416
-0.027876878157258034,-0.041088592261075974,-0.05510781705379486,-0.06780899316072464
-0.07630676031112671,-0.07907228916883469,-0.07680197060108185,-0.07096550613641739
-0.06171132251620293,-0.04784031957387924,-0.028937913477420807,-0.006988998502492905
0.014601551927626133,0.03357606753706932,0.05000045895576477,0.06476211547851562
0.07734514772891998,0.08557285368442535,0.08763167262077332
0.08410383760929108,0.07778754830360413,0.07146979123353958,0.06585061550140381
0.05960141494870186,0.05128742754459381,0.040912240743637085,0.029458817094564438
0.01733464002609253,0.003987260162830353,-0.01082676276564598,-0.02615399844944477
-0.04073023051023483,-0.05438757315278053,-0.06804437935352325,-0.08214311301708221
-0.09527941048145294,-0.10463586449623108,-0.10798301547765732,-0.1053079292178154
-0.09821291267871857,-0.08768780529499054,-0.073029525578022
-0.05326478183269501,-0.029296468943357468,-0.004148907959461212,0.019137131050229073
0.039601512253284454,0.05800043046474457,0.07452762126922607,0.08743992447853088,0.09423977136611938,0.09410961717367172,0.08892626315355301,0.0817817822098732
0.07452521473169327,0.06672661006450653,0.056934721767902374,0.044683121144771576
0.030993297696113586,0.017023522406816483,0.002853650599718094,-0.011912103742361069,-0.02680918388068676,-0.040579795837402344,-0.05256856232881546
-0.06348276883363724,-0.07440455257892609,-0.0851001888513565,-0.0935504138469696
-0.09734991937875748,-0.09567086398601532,-0.08968785405158997,-0.08083591610193253
-0.06895532459020615,-0.05271244794130325,-0.031857915222644806,-0.008590608835220337
0.013732749037444592,0.033165380358695984,0.04999244958162308,0.06494513154029846
0.07711340487003326,0.08406182378530502,0.08403827995061874,0.07785607129335403
0.06844992190599442,0.058562085032463074,0.048839814960956573
0.03813483566045761,0.02547234296798706,0.011403396725654602,-0.0026964079588651657
-0.016224026679992676,-0.029570389539003372,-0.04280498996376991,-0.05493904650211334
-0.06486579775810242,-0.07262532413005829,-0.07924333959817886,-0.08520816266536713
-0.08932231366634369,-0.08929845690727234,-0.08368059992790222,-0.07316485792398453
-0.05966956168413162,-0.04411010816693306,-0.025689609348773956,-0.0036204084753990173
0.020853327587246895,0.044609542936086655,0.06494017690420151
0.08135755360126495,0.09482575953006744,0.10546831786632538,0.11154168099164963
0.11088515818119049,0.10325170308351517,0.09097922593355179,0.07726483047008514
0.06378211081027985,0.049967918545007706,0.03451273962855339,0.017284341156482697
-0.0004384629428386688,-0.017439672723412514,-0.03361715003848076,-0.049227215349674225
-0.063648521900177,-0.07558679580688477,-0.08443205058574677,-0.09089247137308121
-0.0959862768650055,-0.09949690103530884,-0.09965933114290237
-0.09458617120981216,-0.08409065753221512,-0.06982428580522537,-0.05338447540998459
-0.03468184918165207,-0.012641079723834991,0.012593893334269524,0.03860417753458023
0.06220652908086777,0.08188743889331818,0.0982380136847496,0.11194847524166107
0.12189790606498718,0.12562084197998047,0.12164915353059769,0.11117561161518097
0.09728474915027618,0.08255442976951599,0.0674031600356102,0.05071023106575012
0.031854551285505295,0.011848367750644684,-0.007621873170137405
-0.0257997065782547,-0.04288627579808235,-0.05868016555905342,-0.07201577723026276
-0.08183471858501434,-0.08839888870716095,-0.09299398213624954,-0.09634599834680557
-0.09750770777463913,-0.09449607878923416,-0.08619190007448196,-0.07351034879684448
-0.05830243229866028,-0.041199956089258194,-0.021182838827371597,0.0025124158710241318
0.028454944491386414,0.053445007652044296,0.07492099702358246,0.09252358973026276
0.10704749077558517,0.11821363121271133,0.12397739291191101
0.12221519649028778,0.11294775456190109,0.0986889898777008,0.08252925425767899
0.06588844209909439,0.04813847690820694,0.028294585645198822,0.006775222718715668
-0.014750118367373943,-0.03500152751803398,-0.053897809237241745,-0.07154548168182373
-0.08708833158016205,-0.099154993891716,-0.10729844868183136,-0.11247800290584564
-0.11584892123937607,-0.11718267947435379,-0.11468485742807388,-0.1065843403339386
-0.09295855462551117,-0.07563226670026779,-0.05612459033727646
-0.03419644385576248,-0.008810378611087799,0.019648373126983643,0.04853082820773125
0.074612095952034,0.09642557799816132,0.11445319652557373,0.12905964255332947
0.13879409432411194,0.14112138748168945,0.13479596376419067,0.1212843731045723
0.10373466461896896,0.08457522839307785,0.06413589417934418,0.04152475297451019
0.016606997698545456,-0.009196966886520386,-0.03409568592905998,-0.057363033294677734
-0.07906550168991089,-0.09868483245372772,-0.11478397250175476
-0.12623730301856995,-0.13336989283561707,-0.13746574521064758,-0.13910511136054993
-0.13717113435268402,-0.12970691919326782,-0.11590952426195145,-0.09709037840366364
-0.07530105859041214,-0.051213301718235016,-0.02394002676010132,0.006921246647834778
0.039475299417972565,0.070226289331913,0.09658734500408173,0.11823368817567825
0.13581380248069763,0.14875143766403198,0.1547984629869461,0.1518813669681549
0.1402173936367035,0.12243533134460449,0.10157956928014755
0.07902706414461136,0.05434509366750717,0.02702910453081131
-0.001950632780790329,-0.030567234382033348,-0.05737315118312836,-0.08202443271875381
-0.10412684082984924,-0.12230344116687775,-0.13493557274341583,-0.14165031909942627
-0.1436087042093277,-0.1421286165714264,-0.13714271783828735,-0.12717220187187195
-0.11101369559764862,-0.08943066000938416,-0.06472712755203247,-0.03854992240667343
-0.010658927261829376,0.01981511153280735,0.05213138461112976,0.08337881416082382
0.11039358377456665,0.13197016716003418,0.14875391125679016,0.16107887029647827
0.16743366420269012,0.16536757349967957,0.1538570523262024,0.13458755612373352
0.11082060635089874,0.08504902571439743,0.05777519941329956,0.028461039066314697
-0.002600189298391342,-0.03368717432022095,-0.06288796663284302,-0.08932165056467056
-0.11268948018550873,-0.13205638527870178,-0.14581716060638428,-0.153021901845932
-0.15432769060134888,-0.15126203000545502,-0.1445222944021225
-0.13315317034721375,-0.11560020595788956,-0.09169840067625046,-0.06333239376544952
-0.032809190452098846,-0.0008848495781421661,0.03309422731399536,0.06906107068061829
0.10464899986982346,0.13620856404304504,0.1613568365573883,0.1800285279750824
0.19291652739048004,0.19933994114398956,0.1970769464969635,0.18438421189785004
0.16203510761260986,0.13321828842163086,0.10139316320419312,0.0682549849152565
0.033728599548339844,-0.0022683441638946533,-0.038414306938648224
-0.0725388377904892,-0.10318917781114578,-0.1299494504928589,-0.1522529125213623
-0.1686505526304245,-0.17771756649017334,-0.17945611476898193,-0.17534610629081726
-0.16684767603874207,-0.15396066009998322,-0.1354115605354309,-0.11045659333467484
-0.08039310574531555,-0.04781065881252289,-0.014357402920722961,0.020187731832265854
0.05638847127556801,0.09298805892467499,0.12674440443515778,0.15460848808288574
0.17570188641548157,0.1907934844493866,0.2000509798526764
0.20179781317710876,0.19373995065689087,0.175365149974823,0.14895252883434296
0.11811549961566925,0.08538896590471268,0.05124210566282272,0.015293724834918976
-0.02179602161049843,-0.057969700545072556,-0.0911947637796402,-0.12054677307605743
-0.1455460488796234,-0.16499735414981842,-0.17720085382461548,-0.1814061999320984
-0.1786380112171173,-0.1707501858472824,-0.15867987275123596,-0.14176268875598907
-0.11895562708377838,-0.09077280759811401,-0.05957740545272827
-0.027677491307258606,0.004459552466869354,0.03766188398003578,0.07178282737731934
0.10438088327646255,0.1320592164993286,0.1529785841703415,0.16754090785980225
0.17655742168426514,0.17923416197299957,0.1733611524105072,0.15752507746219635
0.13296101987361908,0.1030823141336441,0.07117635011672974,0.03856486827135086
0.004932168871164322,-0.029751796275377274,-0.06398412585258484,-0.09556286782026291
-0.12317239493131638,-0.14649930596351624,-0.16498398780822754
-0.17724484205245972,-0.182107612490654,-0.17990481853485107,-0.17229919135570526
-0.160696342587471,-0.1449306756258011,-0.12367358803749084,-0.09634101390838623
-0.06442482024431229,-0.030484721064567566,0.004037279635667801,0.03941646218299866
0.07589561492204666,0.11168716847896576,0.14324714243412018,0.16767767071723938
0.1844388246536255,0.1944362223148346,0.1977601796388626,0.19278781116008759
0.17766942083835602,0.15259264409542084,0.12038964033126831
0.08480636030435562,0.04820745438337326,0.01095542311668396,-0.027141038328409195
-0.06506668776273727,-0.10058905184268951,-0.13181182742118835,-0.1580199897289276
-0.17879490554332733,-0.1929623782634735,-0.199042409658432,-0.19672182202339172
-0.18744315207004547,-0.17325198650360107,-0.1550697386264801,-0.13219600915908813
-0.10372118651866913,-0.0704244077205658,-0.03478555381298065,0.0010516121983528137
0.03682313114404678,0.0732845738530159,0.10994642972946167
0.1441037356853485,0.17246484756469727,0.1935235559940338,0.20784343779087067
0.21604497730731964,0.21701031923294067,0.20841626822948456,0.18903684616088867
0.1603567898273468,0.12581808865070343,0.0885196179151535,0.04967392235994339
0.009203150868415833,-0.03238125890493393,-0.07304781675338745,-0.11029691249132156
-0.1425999402999878,-0.16928201913833618,-0.18932637572288513,-0.20107334852218628
-0.20344367623329163,-0.19715632498264313,-0.18430118262767792
-0.16659781336784363,-0.14413544535636902,-0.11597564816474915,-0.0821390450000763
-0.044681616127491,-0.0063766613602638245,0.031436048448085785,0.06916771084070206
0.10704705864191055,0.14321690797805786,0.17425307631492615,0.1976114809513092
0.2130724936723709,0.2215709537267685,0.22298897802829742,0.21554020047187805
0.19745008647441864,0.1691385954618454,0.13358791172504425,0.0944862961769104
0.0540461540222168,0.012595213949680328,-0.029887210577726364
-0.07214294373989105,-0.11182259023189545,-0.14701080322265625,-0.17684555053710938
-0.20055925846099854,-0.21662278473377228,-0.22342036664485931,-0.2207099199295044
-0.20997416973114014,-0.19308918714523315,-0.17066740989685059,-0.14182177186012268
-0.10582411289215088,-0.06395898014307022,-0.019237712025642395,0.025784876197576523
0.07040879130363464,0.11476343870162964,0.15761148929595947,0.1956881284713745
0.2255588173866272,0.2458437979221344,0.25718504190444946
0.2601504325866699,0.2536556124687195,0.23574025928974152,0.2058781385421753,0.16634748876094818,0.12119162082672119
0.07384189963340759,0.02573082596063614,-0.022946953773498535,-0.07138174772262573
-0.11741473525762558,-0.158667653799057,-0.19375744462013245,-0.22195085883140564
-0.2420678287744522,-0.2524700164794922,-0.25237780809402466,-0.24284705519676208
-0.22605687379837036,-0.2035461664199829,-0.17518886923789978,-0.14010559022426605
-0.09872704744338989,-0.05356749892234802,-0.007613934576511383,0.03772328421473503
0.08264371752738953,0.12693417072296143,0.16827066242694855,0.20302805304527283
0.2287430465221405,0.24525898694992065,0.25332018733024597,0.2524750232696533
0.24078567326068878,0.21671201288700104,0.18117915093898773,0.13763922452926636
0.09004643559455872,0.04079756885766983,-0.009429212659597397,-0.060030337423086166
-0.10902409255504608,-0.15353822708129883,-0.1914164423942566,-0.22168287634849548
-0.24350759387016296,-0.25548169016838074,-0.2564205229282379,-0.24670888483524323
-0.22837817668914795,-0.20364046096801758,-0.17334678769111633,-0.13699841499328613
-0.09451556205749512,-0.047846317291259766,-0.00031103193759918213,0.04564566910266876
0.08959051221609116,0.1317872405052185,0.17097795009613037,0.2040030062198639
0.22786881029605865,0.24179533123970032,0.2468414455652237,0.2437220960855484
0.23145070672035217,0.20832864940166473,0.17420902848243713
0.13161279261112213,0.08448924124240875,0.035928621888160706,-0.012905184179544449
-0.061763592064380646,-0.109512560069561,-0.153707817196846,-0.1919381022453308,-0.222939133644104,-0.24607473611831665,-0.2602429986000061,-0.2639578580856323,-0.2566431164741516,-0.2394448071718216,-0.2144298106431961,-0.18295545876026154
-0.14491194486618042,-0.09984835982322693,-0.048958152532577515,0.00452626496553421,0.057201940566301346,0.10741162300109863,0.15500083565711975
0.1992519497871399,0.23747430741786957,0.2661314606666565,0.2832837700843811
0.2894028425216675,0.2857072949409485,0.27214497327804565,0.24735026061534882
0.21059846878051758,0.16364771127700806,0.110475555062294,0.0551609992980957
4.787743091583252e-05,-0.05413578450679779,-0.1065729483962059,-0.15512682497501373
-0.19706997275352478,-0.23063790798187256,-0.2552746534347534,-0.27052003145217896
-0.2753574848175049,-0.26905468106269836,-0.2523918151855469
-0.22758029401302338,-0.19678962230682373,-0.1607574224472046,-0.1190081536769867
-0.07169468700885773,-0.020978853106498718,0.02989143133163452,0.0787498727440834
0.12532617151737213,0.16973164677619934,0.2103632390499115,0.24386748671531677
0.2673752009868622,0.2803269028663635,0.28378909826278687,0.27825453877449036,0.2625526189804077,0.2350826859474182,0.19604584574699402,0.14829012751579285
0.09585283696651459,0.04174726456403732,-0.012815356254577637
-0.06719061732292175,-0.11959581822156906,-0.16706283390522003,-0.207022562623024
-0.2382841855287552,-0.2602806091308594,-0.271950900554657,-0.27198299765586853
-0.2601960301399231,-0.23824463784694672,-0.20866277813911438,-0.17316372692584991
-0.1319354772567749,-0.08489152789115906,-0.033612996339797974,0.01850876957178116
0.06827273964881897,0.11442942172288895,0.15716731548309326,0.1959528625011444
0.2283484786748886,0.25138694047927856,0.2638867497444153
0.26687896251678467,0.2617090344429016,0.24812379479408264,0.224508598446846
0.19000652432441711,0.1462552547454834,0.09689357876777649,0.0454004630446434
-0.006497956812381744,-0.05838221311569214,-0.10933008044958115,-0.15695035457611084
-0.19843223690986633,-0.232060045003891,-0.2571927309036255,-0.2730512022972107
-0.278230220079422,-0.2717432677745819,-0.25425803661346436,-0.22788509726524353
-0.19462816417217255,-0.1550750881433487,-0.1088607907295227
-0.05665105581283569,-0.0013065114617347717,0.05335512012243271,0.10476860404014587
0.15227223932743073,0.19552257657051086,0.23258748650550842,0.260206013917923
0.27606701850891113,0.28032979369163513,0.27461445331573486,0.25977998971939087
0.2350578010082245,0.19944466650485992,0.15382333099842072,0.10151940584182739
0.04666714370250702,-0.007917426526546478,-0.061272554099559784,-0.11289014667272568
-0.1611195057630539,-0.20336836576461792,-0.2376861870288849
-0.2634619474411011,-0.2804637551307678,-0.28779375553131104,-0.2843168377876282
-0.2700435519218445,-0.24663347005844116,-0.21629367768764496,-0.18015916645526886
-0.13787586987018585,-0.08911867439746857,-0.035479649901390076,0.019657619297504425
0.07318790256977081,0.1238325834274292,0.17139370739459991,0.2146209329366684
0.2503715753555298,0.27530723810195923,0.2881821393966675,0.2900252342224121,0.2821304500102997,0.2642701268196106,0.2351018637418747
0.19427716732025146,0.14396288990974426,0.0881308764219284,0.030410028994083405
-0.027282722294330597,-0.08410534262657166,-0.13856151700019836,-0.1878705769777298
-0.2292265146970749,-0.2611362338066101,-0.28311601281166077,-0.29445284605026245,-0.2939203679561615,-0.28095030784606934,-0.2567377984523773,-0.22380222380161285
-0.18433253467082977,-0.13898730278015137,-0.08761604130268097,-0.03131670504808426,0.026696279644966125,0.08262535184621811,0.13422220945358276
0.18110385537147522,0.22295747697353363,0.25778061151504517,0.2824462950229645
0.2950591742992401,0.29625213146209717,0.28791552782058716,0.27092045545578003,0.24437952041625977
0.05572199821472168,0.018733208999037743,0.0012480865698307753,0.004366354085505009
0.027072634547948837,0.06593602895736694,0.11528029292821884,0.16806437075138092
0.21691949665546417,0.2549062967300415,0.2760666310787201,0.27613309025764465
0.25369375944137573,0.21132944524288177,0.1557343602180481,0.09664387255907059
0.044981807470321655,0.010603208094835281,0.00012104114284738898,0.015381863340735435
0.05310400575399399,0.10562252998352051,0.16229622066020966,0.21152746677398682
0.24338601529598236,0.25210824608802795,0.2373376339673996
0.20360377430915833,0.15843932330608368,0.11010003089904785,0.06587430089712143
0.031181152909994125,0.009081747382879257,0.0002484341093804687,0.003621070645749569,0.017255980521440506,0.038606319576501846,0.06432191282510757,0.09037031978368759,0.11278320848941803,0.12838926911354065,0.13502445816993713,0.1315530240535736,0.11813011765480042,0.09658447653055191,0.07041361927986145,0.0440160296857357,0.021550484001636505,0.00621171947568655,6.492350803455338e-05
0.003983744885772467,0.017418760806322098,0.03831028565764427,0.06349353492259979
0.08924257755279541,0.11147385090589523,0.12590032815933228,0.1288922280073166
0.11904171854257584,0.09819772094488144,0.07092919200658798,0.042903054505586624
0.019398123025894165,0.004413574934005737,5.585941835306585e-05,0.006174425128847361
0.02064584195613861,0.04026065394282341,0.061550989747047424,0.08117233216762543
0.09615018963813782,0.10432388633489609,0.10476796329021454
0.09780481457710266,0.08464778959751129,0.0670563355088234,0.04726601392030716
0.028009312227368355,0.01222186628729105,0.002431884640827775,0.0001871408603619784
0.00570474611595273,0.017739467322826385,0.033752597868442535,0.050502896308898926
0.06487622112035751,0.0744832381606102,0.07784301787614822,0.07444608211517334
0.06490897387266159,0.05102948844432831,0.03543072193861008,0.02082427404820919
0.009341957978904247,0.0022577238269150257,1.3232988749223296e-06
0.0022718936670571566,0.008256367407739162,0.016991276293992996,0.02762570232152939
0.039310723543167114,0.05087972432374954,0.06076464429497719,0.06734523177146912
0.06944772601127625,0.06657665222883224,0.058890450745821,0.047231774777173996
0.03323536738753319,0.01922963745892048,0.007775061763823032,0.0010814913548529148
0.0006256624474190176,0.006894511636346579,0.019117115065455437,0.03523131459951401
0.05237976089119911,0.06772998720407486,0.07901006191968918
0.08452218025922775,0.08313636481761932,0.0747242271900177,0.06064336374402046
0.04356959089636803,0.0266463290899992,0.012605642899870872,0.0033818273805081844,1.1038986485800706e-05,0.0024432020727545023,0.009509692899882793,0.019438842311501503,0.0305719543248415,0.04158907011151314,0.051260896027088165,0.05833932012319565,0.06186917796730995,0.0615716427564621,0.05782322958111763,0.0512494258582592,0.042433224618434906,0.03204968199133873,0.02115514688193798
0.011202467605471611,0.003753948723897338,0.00016958698688540608,0.0013998631620779634,0.00778130954131484,0.018826579675078392,0.03324413672089577,0.04930272698402405,0.2553362250328064,0.28121113777160645,0.29831749200820923,0.30510205030441284,0.3002795875072479,0.28323811292648315,0.2541070580482483,0.21357248723506927,0.1628274917602539,0.10385002195835114,0.0395691841840744,-0.026506565511226654
-0.09093183279037476,-0.15071706473827362,-0.20326171815395355
-0.24613946676254272,-0.2772418260574341,-0.2952917218208313,-0.30027616024017334
-0.29336392879486084,-0.2762998342514038,-0.25076454877853394,-0.21807533502578735
-0.17920982837677002,-0.13498333096504211,-0.08616939187049866,-0.033575162291526794
0.021698374301195145,0.07786183059215546,0.132343128323555,0.18221081793308258
0.22473140060901642,0.257642924785614,0.27918824553489685,0.28814926743507385
0.28405314683914185,0.2674802541732788,0.24017001688480377
0.20471958816051483,0.1639755219221115,0.12048308551311493,0.07628040015697479
0.0329006165266037,-0.008712314069271088,-0.04835040867328644,-0.08643218129873276
-0.12346021831035614,-0.15933182835578918,-0.19301985204219818,-0.2227928787469864
-0.24665074050426483,-0.26261675357818604,-0.2688385844230652,-0.2636631727218628
-0.24587059020996094,-0.21507321298122406,-0.17200742661952972,-0.11850744485855103
-0.05729690194129944,0.008217662572860718,0.07415685057640076
0.13650713860988617,0.191669762134552,0.23699374496936798,0.27091872692108154
0.2926938235759735,0.3019936680793762,0.298730731010437,0.28307902812957764,0.25555428862571716,0.21705390512943268,0.1688455194234848,0.11259926855564117
0.050538673996925354,-0.014460146427154541,-0.07906904816627502,-0.13999198377132416
-0.1944073736667633,-0.24009215831756592,-0.2753215432167053,-0.2988477349281311,-0.3101184368133545,-0.3095264434814453,-0.29832810163497925
-0.27820998430252075,-0.2507721185684204,-0.21717244386672974,-0.17808102071285248
-0.1338716298341751,-0.08481171727180481,-0.031187042593955994,0.026452869176864624
0.08686458319425583,0.14781442284584045,0.20625187456607819,0.2588437497615814
0.3024660348892212,0.3344290256500244,0.35256004333496094,0.3553565442562103
0.34224164485931396,0.31376251578330994,0.2715478837490082,0.21802860498428345
0.15608568489551544,0.08876539766788483
0.019109249114990234,-0.050013694912195206,-0.11618585884571075,-0.1776450127363205
-0.23313140869140625,-0.28145134449005127,-0.3211507201194763,-0.35056960582733154,-0.368160218000412,-0.3727637827396393,-0.36369889974594116,-0.3407513201236725,-0.3042324185371399,-0.25513800978660583,-0.19526097178459167,-0.12712271511554718,-0.05375659465789795,0.021501734852790833,0.09513654559850693,0.1636001616716385,0.22365425527095795,0.272860586643219,0.30989179015159607
0.334399938583374,0.3466302752494812,0.3471331000328064,0.3366408944129944
0.31598877906799316,0.2860174775123596,0.24750815331935883,0.2012571096420288
0.14831532537937164,0.09022998809814453,0.02905505895614624,-0.03291960805654526
-0.09349757432937622,-0.15068194270133972,-0.20252051949501038,-0.24697177112102509
-0.28209003806114197,-0.30644306540489197,-0.3193679451942444,-0.3208571672439575
-0.3112469017505646,-0.2909773588180542,-0.2605304718017578
-0.22050341963768005,-0.17170287668704987,-0.11517758667469025,-0.0522800087928772
0.01511230319738388,0.0843479111790657,0.15205270051956177,0.2145712971687317
0.26849713921546936,0.3109668493270874,0.3397281765937805,0.35323068499565125
0.35083892941474915,0.3329770267009735,0.30104735493659973,0.2572104036808014
0.20417214930057526,0.1450003832578659,0.08289739489555359,0.0208849236369133
-0.038559455424547195,-0.09376008063554764,-0.1437569260597229
-0.18787384033203125,-0.22530913352966309,-0.25505825877189636,-0.27611589431762695,-0.28768110275268555,-0.2891658544540405,-0.28011688590049744,-0.2602834105491638
-0.22982831299304962,-0.1894981861114502,-0.14063607156276703,-0.08507385849952698
-0.025028400123119354,0.036915309727191925,0.09781274199485779,0.15456317365169525
0.2043636441230774,0.24515539407730103,0.2757367491722107,0.2955338954925537
0.30433496832847595,0.3021894693374634,0.28937605023384094
0.2663450837135315,0.23371490836143494,0.19236870110034943,0.14358900487422943
0.08911548554897308,0.03103603422641754,-0.028426215052604675,-0.08708392828702927
-0.1428326666355133,-0.19358262419700623,-0.2372257113456726,-0.2718166708946228
-0.295905202627182,-0.30875274538993835,-0.31027498841285706,-0.3008253276348114
-0.28103119134902954,-0.25173407793045044,-0.21394892036914825,-0.16879208385944366
-0.1174270510673523,-0.061119019985198975,-0.0014214739203453064
0.059616029262542725,0.11942088603973389,0.17515234649181366,0.22409504652023315
0.26392802596092224,0.29276686906814575,0.3091515898704529,0.31217706203460693
0.30169081687927246,0.2783493995666504,0.24350839853286743,0.1990671157836914
0.14731816947460175,0.09077273309230804,0.03194379806518555,-0.026894785463809967
-0.08389459550380707,-0.1376384049654007,-0.1869346797466278,-0.23055529594421387
-0.2671390473842621,-0.29532021284103394,-0.3139118552207947
-0.32197290658950806,-0.31878289580345154,-0.30387622117996216,-0.2772082984447479,-0.2393272966146469,-0.19140583276748657,-0.13516080379486084,-0.07276536524295807,-0.006801128387451172,0.05977913737297058,0.12378980219364166,0.1821390986442566,0.23223696649074554,0.27223408222198486,0.30097144842147827,0.3177907168865204,0.32243818044662476,0.31509217619895935,0.2963520288467407,0.2671145796775818,0.22845908999443054,0.18165148794651031,0.12821581959724426
0.06994941830635071,0.008837737143039703,-0.05305766686797142,-0.11364979296922684
-0.17081859707832336,-0.22241131961345673,-0.2663283944129944,-0.300725519657135
-0.3242281675338745,-0.336001992225647,-0.335672527551651,-0.3232348561286926,-0.29904288053512573,-0.2638300657272339,-0.21866807341575623,-0.16486990451812744
-0.10395486652851105,-0.037747353315353394,0.031470414251089096,0.1009078323841095,0.16742876172065735,0.22789624333381653,0.2795129418373108
0.31999021768569946,0.3475741744041443,0.3611019253730774,0.36016175150871277,0.3451933264732361,0.3173747956752777,0.27839571237564087,0.23028326034545898,0.17529073357582092,0.11576932668685913,0.05399391055107117,-0.008000150322914124
-0.0684768408536911,-0.1259261965751648,-0.17892491817474365,-0.22603492438793182
-0.2658034563064575,-0.29684871435165405,-0.3179360032081604,-0.3279867172241211,-0.3261173665523529,-0.31180956959724426,-0.28512251377105713
-0.24677713215351105,-0.19806750118732452,-0.14073620736598969,-0.07694940268993378
-0.00933179259300232,0.059073179960250854,0.12501160800457,0.18538498878479004
0.23760457336902618,0.27973470091819763,0.3104241192340851,0.3288024067878723
0.33448469638824463,0.32762372493743896,0.3088374733924866,0.27903488278388977
0.23933157324790955,0.19111186265945435,0.1361098736524582,0.07638202607631683
0.014171451330184937,-0.048230841755867004,-0.10855098068714142
-0.16453686356544495,-0.21397745609283447,-0.2548089623451233,-0.2853015065193176
-0.30421945452690125,-0.3108535408973694,-0.30497732758522034,-0.28685808181762695,-0.2572973370552063,-0.21756894886493683,-0.16924752295017242,-0.11406849324703217
-0.053944915533065796,0.008912436664104462,0.07195281982421875,0.1324102282524109
0.18755364418029785,0.23496252298355103,0.2726888060569763,0.29925477504730225
0.3136141896247864,0.3152296841144562,0.30421900749206543
0.2813607454299927,0.24790790677070618,0.20540279150009155
0.15563318133354187,0.10063695907592773,0.04259737581014633,-0.016366176307201385
-0.07436064630746841,-0.12973220646381378,-0.18096426129341125,-0.22656576335430145,-0.2650391757488251,-0.294950008392334,-0.3150331974029541,-0.3242526948451996,-0.3218238055706024,-0.3072948455810547,-0.2806982100009918,-0.2426358312368393,-0.19423061609268188,-0.13705848157405853,-0.07317958772182465,-0.005207635462284088,0.06375119835138321,0.130355104804039,0.191388338804245,0.24408775568008423,0.2863142490386963,0.31654825806617737,0.3338320553302765,0.33777815103530884
0.32861146330833435,0.30711624026298523,0.27444058656692505,0.23190993070602417
0.18103130161762238,0.12361276149749756,0.061759546399116516,-0.002298690378665924,-0.06637298315763474,-0.12835410237312317,-0.1861732006072998,-0.23778492212295532,-0.28123366832733154,-0.31479161977767944,-0.33710119128227234
-0.3472566604614258,-0.3448239266872406,-0.32985928654670715,-0.30294615030288696
-0.26517048478126526,-0.2179907262325287,-0.16310356557369232,-0.10242946445941925,-0.038186341524124146,0.0271005779504776,0.090743787586689,0.1501268595457077,0.20290446281433105,0.24712251126766205,0.28125953674316406,0.30421823263168335
0.315347284078598,0.3145105242729187,0.30210044980049133,0.27892518043518066
0.24605026841163635,0.2047383338212967,0.1564907282590866
0.10304677486419678,0.04626940190792084,-0.011979885399341583,-0.06986232101917267
-0.12551239132881165,-0.17702512443065643,-0.2225184142589569,-0.2602285146713257
-0.2885984778404236,-0.3063560128211975,-0.31257307529449463,-0.3067196309566498
-0.28874826431274414,-0.2591591477394104,-0.21896706521511078,-0.16962946951389313
-0.11304140090942383,-0.051565200090408325,0.012033268809318542,0.07479695975780487
0.13385984301567078,0.18667177855968475,0.23112046718597412
0.26559680700302124,0.28903234004974365,0.3009079694747925,0.30124950408935547
0.2905852794647217,0.2698063552379608,0.2399740368127823,0.20222008228302002
0.15780021250247955,0.10817930102348328,0.05500791221857071,2.8274953365325928e-05
-0.054966654628515244,-0.10811618715524673,-0.15750159323215485,-0.2012300193309784
-0.23756147921085358,-0.2650102376937866,-0.28239986300468445,-0.28889480233192444
-0.28402918577194214,-0.26776552200317383,-0.24056364595890045
-0.2033691704273224,-0.15751737356185913,-0.10466621816158295,-0.04681268334388733,0.013703800737857819,0.07432753592729568,0.13250604271888733,0.18585942685604095,0.23224717378616333,0.26980578899383545,0.2970210313796997,0.31282204389572144
0.3166590929031372,0.3085319399833679,0.2889404296875,0.2587808668613434
0.21926449239253998,0.17190605401992798,0.1185394674539566,0.06125211715698242,0.0022193044424057007,-0.056434035301208496,-0.11267487704753876
-0.16456985473632812,-0.21031509339809418,-0.24828992784023285,-0.27710989117622375
-0.2956615090370178,-0.30314141511917114,-0.29911303520202637,-0.28356027603149414
-0.25692373514175415,-0.22010447084903717,-0.17443254590034485,-0.12162931263446808,-0.06378597021102905,-0.003319256007671356,0.05716254189610481,0.11506367474794388
0.16798226535320282,0.21382568776607513,0.25089097023010254,0.2779473066329956,0.29428863525390625,0.29970407485961914,0.29439204931259155
0.2788613438606262,0.25381654500961304,0.22006858885288239,0.17855751514434814,0.13046294450759888,0.07726362347602844,0.020680151879787445,-0.03741724044084549,-0.09503799676895142,-0.15007513761520386,-0.20037978887557983,-0.24389520287513733,-0.2787749171257019,-0.30345988273620605,-0.3167409896850586,-0.3178336024284363
-0.3064534664154053,-0.2828703820705414,-0.2479238659143448,-0.202981099486351
-0.14984680712223053,-0.09068050980567932,-0.0279395654797554
0.03571251779794693,0.09756819158792496,0.15504485368728638,0.20579290390014648
0.24777770042419434,0.2793957591056824,0.29958513379096985,0.3078458905220032
0.30417102575302124,0.2889487147331238,0.26286816596984863,0.22686779499053955
0.18217216432094574,0.13036587834358215,0.07337841391563416,0.01333850622177124
-0.04760104790329933,-0.1073361486196518,-0.16378988325595856,-0.21492066979408264
-0.2588125169277191,-0.2937889099121094,-0.3184823989868164
-0.33185169100761414,-0.333192378282547,-0.322178453207016,-0.2989334762096405
-0.2641005516052246,-0.21885381639003754,-0.1648252159357071,-0.10401368141174316
-0.038749754428863525,0.028335507959127426,0.09443677961826324,0.1567724645137787
0.2127496898174286,0.26007765531539917,0.2968868315219879,0.32185953855514526
0.33429649472236633,0.33407121896743774,0.32152053713798523,0.2973358929157257
0.2624848186969757,0.21819433569908142,0.1659926176071167
0.10773299634456635,0.04552486538887024,-0.018406234681606293,-0.08182172477245331
-0.14248625934123993,-0.19817987084388733,-0.24679160118103027,-0.2864493131637573
-0.3155931234359741,-0.3330042362213135,-0.337854266166687,-0.3297838866710663
-0.3089785873889923,-0.27619993686676025,-0.23273970186710358,-0.18031829595565796
-0.12098926305770874,-0.05708692967891693,0.008822426199913025,0.07406310737133026
0.13603636622428894,0.1923690289258957,0.24097782373428345
0.28011804819107056,0.30847448110580444,0.3252294063568115,0.33003154397010803,0.3229080140590668,0.30419713258743286
0.2745293378829956,0.2348514050245285,0.18646806478500366,0.13106520473957062
0.07067219913005829,0.00754508376121521,-0.055960290133953094,-0.1174452006816864
-0.17449966073036194,-0.22480857372283936,-0.26631855964660645,-0.2973536550998688
-0.3166404962539673,-0.3233186602592468,-0.3169991970062256,-0.29784008860588074
-0.2665688097476959,-0.22443649172782898,-0.1731385588645935,-0.11472685635089874
-0.05153587460517883,0.013871237635612488,0.07879164814949036,0.14054392278194427
0.19664327800273895,0.244917631149292,0.28357163071632385,0.31125736236572266
0.3271520733833313,0.33096104860305786,0.3228123188018799,0.30313733220100403
0.2726331651210785,0.2322869449853897,0.1834050565958023,0.12762466073036194
0.06688684225082397,0.0033653676509857178,-0.06061730906367302,-0.12265913933515549
-0.1803479939699173,-0.23137253522872925,-0.2736741304397583,-0.3055630326271057
-0.32574281096458435,-0.33330634236335754,-0.3277873694896698,-0.30924177169799805
-0.2782926857471466,-0.23611991107463837,-0.18439482152462006,-0.12517960369586945
-0.06083060801029205,0.006075367331504822,0.07282647490501404,0.13671785593032837
0.1952209770679474,0.2461029440164566,0.2874937057495117,0.3179625868797302
0.336603581905365,0.3430471420288086,0.3373599350452423
0.319922536611557,0.2913903594017029,0.2527165412902832,0.2051602303981781
0.15027134120464325,0.08987317979335785,0.026025205850601196,-0.03905076906085014
-0.10304953902959824,-0.16364580392837524,-0.2185859978199005,-0.2658250629901886
-0.3036324977874756,-0.33061179518699646,-0.3456904888153076,-0.34816545248031616
-0.337795227766037,-0.3148703873157501,-0.28022363781929016,-0.2351946085691452
-0.18156756460666656,-0.1214771568775177,-0.057308733463287354
0.00838017463684082,0.07296047359704971,0.13387779891490936,0.1887904703617096
0.23567283153533936,0.272906631231308,0.2993568778038025,0.31438419222831726
0.3177632689476013,0.30956822633743286,0.2901369035243988,0.2601209580898285
0.22051234543323517,0.17260819673538208,0.11799107491970062,0.05853791534900665
-0.0036140605807304382,-0.06616073846817017,-0.12673130631446838,-0.182976633310318
-0.23268097639083862,-0.2738863229751587,-0.3049570322036743
-0.3245895802974701,-0.3318706154823303,-0.32640281319618225,-0.30839604139328003
-0.2786601483821869,-0.2385261207818985,-0.18973572552204132,-0.1343197524547577
-0.07449273765087128,-0.012590393424034119,0.0489802360534668,0.10783758014440536
0.16176368296146393,0.20881503820419312,0.24738599359989166,0.2762643098831177
0.29466331005096436,0.3021726906299591,0.2986602783203125,0.2842305302619934
0.25927498936653137,0.22453798353672028,0.18112675845623016
0.13049624860286713,0.0744420737028122,0.015058666467666626,-0.045364003628492355
-0.10446757823228836,-0.15994156897068024,-0.20962369441986084,-0.25157874822616577
-0.28414201736450195,-0.3059439957141876,-0.31596753001213074,-0.3136552572250366
-0.2990058660507202,-0.272580087184906,-0.23542623221874237,-0.18899501860141754
-0.13506576418876648,-0.0756826251745224,-0.01310768723487854,0.05023268610239029
0.111849345266819,0.16933752596378326,0.22051233053207397
0.26349931955337524,0.29680776596069336,0.3193874955177307,0.3306139409542084,0.33019691705703735,0.31811192631721497,0.2946392893791199,0.2604587972164154
0.21668654680252075,0.16483597457408905,0.10676604509353638,0.044635429978370667,-0.019177667796611786,-0.08220139145851135,-0.1420011967420578,-0.19628848135471344
-0.24300910532474518,-0.2803996205329895,-0.3070101737976074,-0.32174938917160034,-0.32398781180381775,-0.3136524558067322,-0.2912256419658661
-0.25766342878341675,-0.2143038809299469,-0.1627994030714035,-0.10507556796073914
-0.04330199956893921,0.020153164863586426,0.08281470835208893,0.1422509104013443
0.1962343007326126,0.24283713102340698,0.28046923875808716,0.30791082978248596
0.3243181109428406,0.3291662931442261,0.32219475507736206,0.30344337224960327
0.2733561098575592,0.2328481823205948,0.18329614400863647,0.12650302052497864
0.06466881930828094,0.0003123059868812561,-0.06388019770383835
-0.12522554397583008,-0.18119747936725616,-0.22955548763275146,-0.2684286832809448
-0.29635554552078247,-0.3123153746128082,-0.3157873749732971,-0.30682140588760376
-0.28603628277778625,-0.254497230052948,-0.21355678141117096,-0.16477560997009277
-0.10992874205112457,-0.051027193665504456,0.009703680872917175,0.06991803646087646
0.12729591131210327,0.17967677116394043,0.2251332402229309,0.2620120942592621
0.289002001285553,0.30520930886268616,0.3101561665534973
0.3036954998970032,0.28595560789108276,0.2573869228363037,0.21883809566497803
0.17156864702701569,0.11721062660217285,0.05772477388381958,-0.004658497869968414
-0.06753776967525482,-0.1284552812576294,-0.18499360978603363,-0.23486614227294922
-0.2760154604911804,-0.30669480562210083,-0.3255232870578766,-0.3315607011318207
-0.32442742586135864,-0.30439597368240356,-0.27236947417259216,-0.22976729273796082
-0.17841219902038574,-0.12046223878860474,-0.0583452433347702
0.005346067249774933,0.06799587607383728,0.1271301507949829,0.18056952953338623
0.22650671005249023,0.26349955797195435,0.2904512286186218,0.3066193461418152,0.3116076588630676
0.008362438529729843,0.021437376737594604,0.03850381448864937,0.057059165090322495
0.07431776076555252,0.08765231817960739,0.09502314031124115,0.09530913829803467,0.08847431093454361,0.07555773109197617,0.05850876867771149,0.03989477828145027,0.022516343742609024,0.008976805955171585,0.0012879961868748069,0.0005935610388405621,0.007025466300547123,0.01967453397810459,0.03668269142508507,0.05548979714512825,0.07323604822158813,0.08725110441446304,0.09550274163484573,0.09688329696655273,0.09130655229091644,0.07966678589582443,0.06368976086378098
0.04567286744713783,0.028142796829342842,0.013497035019099712,0.003692245576530695
1.1551779607543722e-05,0.0029132734052836895,0.011961075477302074,0.02584894187748432
0.042540617287158966,0.0595296174287796,0.07419651001691818,0.08421022444963455
0.08790791779756546,0.08460400998592377,0.07476668059825897,0.05997903272509575
0.04266322776675224,0.02563290111720562,0.011583819054067135,0.0026412406004965305
3.89375418308191e-05,0.0039573293179273605,0.013539599254727364
0.027090638875961304,0.04241817444562912,0.057222142815589905,0.06943120062351227,0.07744511216878891,0.08028660714626312,0.07767026126384735,0.0700020119547844
0.05831662565469742,0.04415186867117882,0.02937275916337967,0.015970224514603615
0.005840899422764778,0.0005359289352782071,0.0009981575421988964,0.00735611654818058
0.018835637718439102,0.03381384536623955,0.05002599209547043,0.06491393595933914,0.0760607048869133,0.08161990344524384,0.08064363151788712
0.0732484683394432,0.060607798397541046,0.044772904366254807,0.028332917019724846
0.013968285173177719,0.004000221844762564,3.2355594157706946e-05,0.002730505308136344
0.011735577136278152,0.025708302855491638,0.0425274632871151,0.05963035300374031
0.07443419843912125,0.08474692702293396,0.0890805795788765,0.0868334248661995
0.07835254073143005,0.06488791108131409,0.04842762649059296,0.03140639513731003
0.016331655904650688,0.005415855906903744,0.00027414734358899295
0.0017015808261930943,0.009547268971800804,0.02271612361073494,0.03931679204106331
0.05694502964615822,0.07305480539798737,0.08533602952957153,0.09202679246664047
0.09214604645967484,0.08565361052751541,0.07349129021167755,0.05744430422782898
0.039845120161771774,0.02321423403918743,0.009916896000504494,0.0018591689877212048
0.0002256354782730341,0.005284059792757034,0.016311340034008026,0.03168834000825882
0.0491555854678154,0.06616171449422836,0.0802311897277832
0.08931834250688553,0.09211590141057968,0.08824670314788818,0.07829146087169647
0.06367497146129608,0.04646161198616028,0.029099788516759872,0.01412968523800373,0.0038558279629796743,5.041905296820914e-06,0.003418117528781295,0.013847692869603634
0.0299359317868948,0.049384281039237976,0.06928593665361404,0.08658471703529358
0.09857860207557678,0.10337227582931519,0.10020583868026733,0.08959659188985825,0.07325177639722824,0.05375562980771065,0.03410553187131882
0.017208466306328773,0.00542199844494462,0.000207390621653758,0.0019504616502672434
0.009960988536477089,0.022638795897364616,0.037782490253448486,0.052970632910728455
0.256767213344574,0.2735566198825836,0.28019726276397705,0.2766709625720978
0.26323312520980835,0.24038447439670563,0.2088594287633896,0.16962368786334991
0.12386882305145264,0.07301431894302368,0.018725737929344177,-0.03708183020353317,-0.09230166673660278,-0.14474882185459137,-0.19227662682533264
-0.23287710547447205,-0.2647758722305298,-0.2865139842033386,-0.29701828956604004
-0.29568707942962646,-0.2824912369251251,-0.2580186128616333,-0.22338581085205078
-0.18006236851215363,-0.12974876165390015,-0.07436086237430573,-0.01603373885154724
0.04294343292713165,0.10026437789201736,0.15374699234962463,0.20141136646270752
0.2415001094341278,0.2724906802177429,0.2931436598300934,0.3026026487350464
0.30048638582229614,0.2868935465812683,0.26233673095703125
0.22769153118133545,0.18419453501701355,0.13345614075660706,0.07744146883487701
0.018383361399173737,-0.041359253227710724,-0.09943557530641556,-0.15359653532505035
-0.20175614953041077,-0.24204567074775696,-0.27288180589675903,-0.29304400086402893
-0.3017456531524658,-0.2986763119697571,-0.28400200605392456,-0.2583380341529846
-0.2227052003145218,-0.178472638130188,-0.12731043994426727,-0.07115566730499268
-0.012151502072811127,0.047452397644519806,0.1053992435336113
0.15950578451156616,0.20774933695793152,0.24837663769721985,0.27999311685562134,0.30158841609954834,0.3125231862068176,0.3125200867652893,0.30165451765060425,0.2803267240524292,0.2492290586233139,0.20933711528778076,0.1619139462709427
0.10849753022193909,0.050874605774879456,-0.008948154747486115,-0.06879059970378876,-0.1263744980096817,-0.17941519618034363,-0.2257138043642044,-0.2632540464401245
-0.29031902551651,-0.3056173324584961,-0.3083916902542114
-0.2984955906867981,-0.2764173150062561,-0.24322614073753357,-0.20045797526836395
-0.14999224245548248,-0.09396722912788391,-0.034733034670352936,0.02522338554263115
0.08343475311994553,0.13764283061027527,0.1859230101108551,0.22671258449554443
0.2587808668613434,0.2811952829360962,0.29332831501960754,0.29489436745643616
0.2859525978565216,0.2668522894382477,0.23816852271556854,0.20070117712020874
0.1555558443069458,0.10422109067440033
0.04855095595121384,-0.009339816868305206,-0.0672016590833664,-0.12274501472711563
-0.17370039224624634,-0.21788746118545532,-0.2533440589904785,-0.278506875038147
-0.2923673391342163,-0.29453182220458984,-0.28517574071884155,-0.26494160294532776
-0.23485007882118225,-0.1962384283542633,-0.15070103108882904,-0.10003216564655304
-0.046174995601177216,0.008844524621963501,0.0630006343126297,0.1143316701054573
0.16097943484783173,0.20124109089374542,0.23363995552062988,0.25699204206466675
0.2704567313194275,0.27356478571891785,0.26622888445854187,0.2487432062625885
0.22176389396190643,0.18627384305000305,0.14355136454105377,0.09513038396835327
0.04273771494626999,-0.011762388050556183,-0.06641016900539398,-0.11920634657144547
-0.16817563772201538,-0.21143317222595215,-0.24726030230522156,-0.27417585253715515
-0.29100504517555237,-0.2969543933868408,-0.29167211055755615,-0.2752721905708313
-0.24832002818584442,-0.21179825067520142,-0.1670779585838318
-0.11589956283569336,-0.06034088134765625,-0.0027397051453590393,0.05445268005132675
0.1088612899184227,0.15833868086338043,0.20103520154953003,0.23543280363082886
0.2603859305381775,0.2751656472682953,0.2794846296310425,0.2734728753566742
0.25759148597717285,0.2325334995985031,0.19918978214263916,0.158685103058815
0.11240921914577484,0.06198549270629883,0.009182840585708618,-0.044170036911964417
-0.09620636701583862,-0.1450013816356659,-0.18860110640525818
-0.22514277696609497,-0.2530233860015869,-0.27105045318603516,-0.2785239815711975,-0.2752339243888855,-0.26141247153282166,-0.2376905232667923,-0.20508073270320892
-0.16496723890304565,-0.11904413998126984,-0.06919266283512115,-0.01735541969537735
0.03455772623419762,0.08473103493452072,0.1314699649810791,0.1732202023267746
0.20860621333122253,0.23647791147232056,0.2559393644332886,0.2663438320159912
0.2672637701034546,0.2584860324859619,0.2400664985179901
0.2124091535806656,0.17631733417510986,0.13298925757408142,0.08396360278129578
0.031060919165611267,-0.02365204691886902,-0.07790862023830414,-0.12934081256389618
-0.17562851309776306,-0.21466365456581116,-0.24469690024852753,-0.26444166898727417
-0.27312183380126953,-0.2704823613166809,-0.2567799687385559,-0.23273883759975433
-0.19947484135627747,-0.15842100977897644,-0.11126844584941864,-0.059911660850048065
-0.006382636725902557,0.04724013805389404,0.09893639385700226
0.14683130383491516,0.1892472356557846,0.2247280776500702,0.2520686388015747
0.27036553621292114,0.27905547618865967,0.27790868282318115,0.26698920130729675
0.24661986529827118,0.2173929363489151,0.1802167445421219,0.13633103668689728
0.08725562691688538,0.034698061645030975,-0.019533690065145493,-0.07356533408164978
-0.1254432052373886,-0.17315930128097534,-0.2147628664970398,-0.2485082745552063
-0.2729760706424713,-0.2871379256248474,-0.29036450386047363
-0.2824115753173828,-0.26342248916625977,-0.23395679891109467,-0.1950216144323349
-0.1480625718832016,-0.09489911794662476,-0.037627361714839935,0.02147960662841797
0.08005785197019577,0.13574813306331635,0.18632912635803223,0.22986018657684326
0.264784038066864,0.2899671792984009,0.3046739101409912,0.3085028827190399,0.3013450503349304,0.2833990454673767,0.2552269995212555,0.2177867740392685,0.17238691449165344,0.12058956921100616,0.06414087116718292
0.0049678608775138855,-0.05480097979307175,-0.11286568641662598,-0.1668635904788971,-0.21452203392982483,-0.2538049817085266,-0.28303173184394836,-0.30096888542175293
-0.3069024085998535,-0.30069494247436523,-0.2828056812286377,-0.25423771142959595
-0.21642442047595978,-0.1711023449897766,-0.120206817984581,-0.0657958835363388
-0.009980306029319763,0.04515926539897919,0.09766501188278198,0.14577709138393402
0.18796733021736145,0.22294551134109497,0.24965567886829376
0.2672650218009949,0.27516040205955505,0.2729632258415222,0.2605552077293396
0.23812100291252136,0.20620962977409363,0.16577525436878204,0.11817212402820587,0.06512078642845154,0.00864497572183609,-0.04902099072933197,-0.10552474856376648
-0.1584942638874054,-0.20566394925117493,-0.24501287937164307,-0.27488741278648376
-0.29408037662506104,-0.30184996128082275,-0.29790592193603516,-0.282404363155365,-0.2559525966644287,-0.21959583461284637,-0.17477282881736755
-0.12324896454811096,-0.067043736577034,-0.008361764252185822,0.05047459900379181
0.10710467398166656,0.15924155712127686,0.2048090100288391,0.24205514788627625
0.2696065604686737,0.2864740490913391,0.2920524477958679,0.28614190220832825
0.26898616552352905,0.24129989743232727,0.2042347639799118,0.15927542746067047
0.10812300443649292,0.052618250250816345,-0.005281537771224976,-0.06349539011716843
-0.11984239518642426,-0.17213402688503265,-0.21830663084983826
-0.25653815269470215,-0.2853143811225891,-0.3034560978412628,-0.31015530228614807
-0.30504071712493896,-0.28823864459991455,-0.2603883147239685,-0.2225901484489441
-0.1763070672750473,-0.12329216301441193,-0.06557169556617737,-0.005411013960838318
0.0548001267015934,0.11271767318248749,0.16620056331157684,0.21340084075927734
0.2527860701084137,0.283139169216156,0.3035588264465332,0.3134523630142212
0.31252890825271606,0.300800085067749,0.278570294380188
0.24642620980739594,0.20525267720222473
0.15626183152198792,0.1010056585073471,0.04136867821216583,-0.02045433223247528
-0.08200918138027191,-0.14068317413330078,-0.19386813044548035,-0.23916606605052948
-0.2745700776576996,-0.29857707023620605,-0.31025707721710205,-0.3092809319496155
-0.29589009284973145,-0.2708495259284973,-0.23540331423282623,-0.19120429456233978
-0.14020782709121704,-0.08454668521881104,-0.026418060064315796,0.03199325501918793
0.08857408165931702,0.141348734498024,0.18854853510856628,0.22867333889007568
0.26052072644233704,0.28316283226013184,0.2959052622318268,0.29828935861587524
0.29015251994132996,0.27170127630233765,0.24353228509426117,0.20658108592033386
0.16205982863903046,0.1114484965801239,0.05651120841503143,-0.0007192939519882202
-0.05800879746675491,-0.11304949969053268,-0.16362249851226807,-0.20773258805274963
-0.2436792105436325,-0.27007830142974854,-0.2858876585960388
-0.2904698848724365,-0.28366249799728394,-0.26579082012176514,-0.23760229349136353
-0.2001855969429016,-0.1549385040998459,-0.10356543958187103,-0.0480596199631691
0.00936424732208252,0.06640514731407166,0.12083180248737335,0.17058640718460083
0.21382898092269897,0.24896907806396484,0.27472174167633057,0.2901766300201416
0.29484009742736816,0.2886342406272888,0.2718667685985565,0.2451827973127365
0.2095165103673935,0.16606992483139038,0.11631076037883759
0.061951979994773865,0.004906997084617615,-0.05276618152856827,-0.10892771184444427
-0.16142335534095764,-0.208173006772995,-0.24728398025035858,-0.27714794874191284,-0.296514093875885,-0.30456626415252686,-0.3009781539440155,-0.28591376543045044
-0.26000016927719116,-0.22430098056793213,-0.18028229475021362,-0.12975278496742249
-0.07477608323097229,-0.017568737268447876,0.039614249020814896,0.0946025475859642
0.1454191654920578,0.1903456449508667,0.22793778777122498
0.25702333450317383,0.2767086625099182,0.2863869369029999,0.285736620426178
0.2747253179550171,0.2536308765411377,0.22305473685264587,0.18392311036586761
0.13750781118869781,0.0854448527097702,0.029699087142944336,-0.02753089740872383
-0.08394068479537964,-0.13725635409355164,-0.18536469340324402,-0.22640985250473022
-0.2588402330875397,-0.2814454734325409,-0.29342639446258545,-0.2944719195365906
-0.284767746925354,-0.26490235328674316,-0.23574626445770264
-0.1984092742204666,-0.15427006781101227,-0.10498046875,-0.05239191651344299
0.0015635564923286438,0.05498141795396805,0.1060456782579422,0.15303738415241241
0.19432438910007477,0.22839245200157166,0.2539331912994385,0.26993027329444885
0.27569836378097534,0.2708905339241028,0.2555018663406372,0.22988609969615936
0.19479478895664215,0.15141554176807404,0.1013679951429367,0.046647220849990845,-0.01047825813293457,-0.06759612262248993,-0.12227148562669754
-0.1721542477607727,-0.21509839594364166,-0.24928511679172516,-0.2733234763145447
-0.28631892800331116,-0.2878926992416382,-0.27814099192619324,-0.257566899061203
-0.2270427644252777,-0.1878163367509842,-0.14150400459766388,-0.09001563489437103
-0.03542398661375046,0.02016029879450798,0.07466545701026917,0.12610839307308197
0.17265808582305908,0.21270832419395447,0.24493727087974548,0.26834583282470703
0.28226110339164734,0.2863048315048218,0.28036898374557495
0.26462221145629883,0.23952043056488037,0.2057940512895584,0.16441839933395386
0.1166042685508728,0.0638272613286972,0.007853597402572632,-0.049286942929029465
-0.10539092868566513,-0.15820643305778503,-0.20554602146148682,-0.2453743815422058
-0.275892972946167,-0.2956389784812927,-0.30359983444213867,-0.2993112802505493
-0.2828862965106964,-0.2549740970134735,-0.21671165525913239,-0.1696966588497162
-0.11593322455883026,-0.057710349559783936,0.0025686249136924744
0.06254434585571289,0.11999135464429855,0.1728571355342865,0.21929873526096344
0.2577241063117981,0.2868415117263794,0.30570903420448303,0.31374648213386536
0.3107030987739563,0.296622097492218,0.2718519866466522,0.2371119111776352
0.1935492902994156,0.1427350491285324,0.08660374581813812,0.027366146445274353
-0.032592326402664185,-0.09082046896219254,-0.14491485059261322,-0.1926438808441162
-0.2320936918258667,-0.26180416345596313,-0.2808314561843872
-0.2887348532676697,-0.2855238616466522,-0.2715931534767151,-0.24768121540546417
-0.2148502618074417,-0.1744508594274521,-0.12805640697479248,-0.07737278938293457
-0.02415555715560913,0.02982061170041561,0.08274897187948227,0.13280101120471954
0.17818862199783325,0.2172413170337677,0.2484719455242157,0.2706238627433777
0.28270697593688965,0.28405123949050903,0.2743750810623169,0.2538410723209381
0.22308240830898285,0.1831817924976349,0.13562025129795074
0.08223770558834076,0.025192707777023315,-0.033124104142189026,-0.09023310244083405
-0.14372900128364563,-0.1914140284061432,-0.23137620091438293,-0.2620312571525574
-0.28216686844825745,-0.2909981608390808,-0.2882143557071686,-0.2739931344985962
-0.2489689737558365,-0.21418583393096924,-0.17108343541622162,-0.12149053812026978
-0.0675492137670517,-0.011562339961528778,0.04416574537754059,0.09743652492761612
0.14621323347091675,0.18866948783397675,0.2232688069343567
0.24885430932044983,0.26469549536705017,0.2704712748527527,0.26619917154312134,0.2521457076072693,0.22877949476242065
0.19679637253284454,0.15717259049415588,0.11118431389331818,0.06037576496601105
0.006503984332084656,-0.04850669577717781,-0.10260417312383652,-0.15367017686367035
-0.19961729645729065,-0.23851510882377625,-0.26871806383132935,-0.2889512777328491
-0.29834040999412537,-0.29642248153686523,-0.2831723988056183,-0.25904491543769836
-0.2250039279460907,-0.1824941486120224,-0.13333891332149506,-0.07959602773189545
-0.02341204136610031,0.033084437251091,0.08782842010259628,0.13885027170181274
0.1843518167734146,0.2228032350540161,0.2529941201210022,0.2740139961242676
0.28520065546035767,0.28611478209495544,0.27656811475753784,0.2566905617713928
0.2269880175590515,0.18835388123989105,0.1420537531375885,0.08971774578094482
0.03333479166030884,-0.024791497737169266,-0.08216432482004166,-0.13628371059894562
-0.18484055995941162,-0.22585615515708923,-0.2577570676803589,-0.27940213680267334
-0.29009103775024414,-0.289575457572937,-0.2780643105506897,-0.25620555877685547
-0.2250291109085083,-0.1858566254377365,-0.14022119343280792,-0.08982056379318237
-0.036480240523815155,0.01790330931544304,0.07143034040927887,0.12224342674016953
0.16855548322200775,0.20869994163513184,0.24121354520320892,0.2649111747741699
0.27892401814460754,0.28271836042404175,0.27610480785369873
0.25924015045166016,0.232643723487854,0.19722458720207214,0.15428753197193146
0.10548809170722961,0.05273821949958801,-0.0018980130553245544,-0.05629200488328934
-0.10833214968442917,-0.15600904822349548,-0.19750112295150757,-0.23124942183494568
-0.25600665807724,-0.2708568572998047,-0.27522364258766174,-0.26889657974243164
-0.25208407640457153,-0.22545067965984344,-0.19008544087409973,-0.1474052518606186
-0.09904979169368744,-0.04681229591369629,0.007398538291454315
0.06159479543566704,0.1137646958231926,0.16196022927761078,0.20441120862960815
0.23962141573429108,0.26639777421951294,0.28382083773612976,0.291220486164093
0.28820541501045227,0.2747230529785156,0.2510927617549896,0.21799230575561523
0.17643111944198608,0.12775276601314545,0.07365892827510834,0.01619929075241089
-0.04231047257781029,-0.09943005442619324,-0.1527559757232666,-0.2000584453344345
-0.23936325311660767,-0.26900196075439453,-0.2876902222633362
-0.2946391701698303,-0.28964221477508545,-0.27309295535087585,-0.24591857194900513
-0.2094583362340927,-0.16535675525665283,-0.11548937857151031,-0.06187756359577179
-0.006575852632522583,0.04843553900718689,0.10132070630788803,0.15041236579418182
0.19421318173408508,0.23140114545822144,0.26083457469940186,0.2815505266189575
0.29277461767196655,0.2939537763595581,0.2848013639450073,0.2653430700302124
0.2359597235918045,0.19742803275585175,0.1509546935558319
0.09818395972251892,0.04114384949207306,-0.017874956130981445,-0.07646693289279938
-0.13225243985652924,-0.18300138413906097,-0.2267361879348755,-0.2618100047111511
-0.28695201873779297,-0.3012826442718506,-0.30431804060935974,-0.2959817051887512
-0.2766210436820984,-0.24700815975666046,-0.20830006897449493,-0.16196176409721375
-0.10970346629619598,-0.05345991253852844,0.0046334415674209595,0.06230263039469719
0.11723964661359787,0.16724994778633118,0.2103898823261261
0.24502430856227875,0.26983094215393066,0.28383055329322815,0.2864598035812378
0.27763527631759644,0.2577612102031708,0.2276817113161087,0.1886080652475357
0.14205299317836761,0.08978809416294098,0.03381624072790146,-0.023680731654167175
-0.08045140653848648,-0.13430997729301453,-0.18323948979377747,-0.2254381775856018
-0.2593262791633606,-0.283571720123291,-0.29717451333999634,-0.2995681166648865
-0.2906668782234192,-0.2708413004875183,-0.2408534735441208
-0.20181259512901306,-0.15517763793468475,-0.10275423526763916,-0.04662349075078964
0.010988622903823853,0.06785017251968384,0.12183190137147903,0.17097222805023193
0.21351638436317444,0.24797093868255615,0.2731689214706421,0.2882954478263855
0.2928681969642639,0.2867017686367035,0.26988211274147034,0.24278146028518677
0.20611095428466797,0.1609657257795334,0.10883302986621857,0.051568567752838135
-0.00865752249956131,-0.069454126060009,-0.12832699716091156
-0.18280312418937683,-0.23055624961853027,-0.2695242464542389,-0.2980189919471741
-0.3148183524608612,-0.3192192614078522,-0.3110646903514862,-0.29075536131858826
-0.2592281103134155,-0.2178954929113388,-0.1685444712638855,-0.11320152878761292
-0.05401180684566498,0.0068372562527656555,0.06716453284025192,0.12484549731016159
0.1778852343559265,0.22450000047683716,0.26315614581108093,0.29256176948547363
0.31167072057724,0.3197295665740967,0.3163391947746277
0.3014985918998718,0.2756214439868927,0.23953580856323242,0.19448710978031158
0.14214786887168884,0.08459223806858063,0.024200141429901123,-0.0364990308880806,-0.09501317143440247,-0.1490505039691925,-0.19660690426826477,-0.23599080741405487
-0.26584815979003906,-0.28522390127182007,-0.2936215400695801,-0.2910023033618927
-0.2777176797389984,-0.2544163465499878,-0.2219887673854828,-0.18156716227531433,-0.13453342020511627,-0.08250567317008972,-0.027298420667648315
0.02913776785135269,0.084773488342762,0.13755565881729126,0.18547391891479492
0.22664010524749756,0.2593880295753479,0.28238192200660706,0.29469674825668335,0.29583749175071716
0.0013566045090556145,0.009817480109632015,0.02453950047492981,0.044254716485738754
0.06773433089256287,0.0921817272901535,0.11277558654546738,0.1249183937907219
0.12697844207286835,0.1203588917851448,0.10722781717777252,0.08878608047962189
0.06576520949602127,0.040376823395490646,0.017373712733387947,0.002701748860999942,0.0011982741998508573,0.015453980304300785,0.04562148079276085,0.08881567418575287
0.1383027732372284,0.18403874337673187,0.21492142975330353,0.2222941368818283,0.20343703031539917,0.1631011962890625,0.1121998056769371
0.06336621940135956,0.025967327877879143,0.004628334194421768,0.0005741370259784162
0.012171153910458088,0.03453270345926285,0.06098100543022156,0.0861525759100914
0.10767004638910294,0.12497662752866745,0.13691724836826324,0.14105772972106934,0.1356860250234604,0.12186385691165924,0.10281641036272049,0.08155571669340134,0.0595816969871521,0.03771338239312172,0.017906667664647102,0.004012418910861015,0.0001886098034447059,0.008609749376773834,0.02896006405353546
0.059329554438591,0.09665890783071518,0.1364431232213974,0.1726597547531128
0.1982191950082779,0.20636700093746185,0.19326046109199524,0.16043774783611298
0.11546646803617477,0.06919757276773453,0.0311531201004982,0.00720968609675765
6.205522367963567e-05,0.009445215575397015,0.031518250703811646,0.059926312416791916
0.08878155797719955,0.11471482366323471,0.13624337315559387,0.1514466255903244
0.1567510962486267,0.14887920022010803,0.12820784747600555
0.09930922091007233,0.06809233874082565,0.03926652669906616,0.01627763733267784
0.002459821989759803,0.0011343795340508223,0.013843858614563942,0.038794487714767456
0.07155723124742508,0.10697462409734726,0.14041085541248322,0.16808481514453888
0.1868761032819748,0.19382143020629883,0.18636751174926758,0.16384947299957275
0.12900246679782867,0.08834472298622131,0.050230760127305984,0.021253615617752075
0.004418704193085432,0.00013088027480989695,0.007334635592997074
0.023410070687532425,0.04449741914868355,0.06714604049921036,0.0896836444735527
0.11182967573404312,0.13280896842479706,0.1498093158006668,0.1588773876428604,0.15771184861660004,0.14702481031417847,0.12902770936489105,0.10544499009847641
0.07744942605495453,0.04732969403266907,0.02007579803466797,0.0028024318162351847,0.00194052595179528,0.02074282243847847,0.05865084379911423,0.11154472827911377,0.17196430265903473,0.22964321076869965,0.27265286445617676
0.2897336781024933,0.2741716802120209,0.22762005031108856,0.1614319235086441
0.09312678128480911,0.03877204284071922,0.0073172058910131454,0.000519313442055136
0.015099001117050648,0.04356275126338005,0.07501009106636047,0.09867987036705017
0.10885082185268402,0.10636892169713974,0.09551626443862915,0.08025616407394409
0.06333229690790176,0.04719199612736702,0.03406034782528877,0.02495468035340309
0.019300805404782295,0.01556620467454195,0.01212517824023962
0.008099081926047802,0.0038837091997265816,0.0007685184245929122,0.00015429846826009452,0.0032680570147931576,0.011129453778266907,0.02414856106042862,0.04145753011107445,-0.24564313888549805,-0.27598661184310913,-0.2891797423362732,-0.2814091444015503,-0.25211024284362793,-0.20474304258823395,-0.1452845335006714,-0.0791776031255722,-0.009856648743152618,0.059881292283535004,0.1260160356760025,0.18381167948246002,0.23026855289936066,0.2656686007976532,0.2926141321659088
0.31329214572906494,0.32726535201072693,0.3320305645465851,0.32583603262901306
0.30959486961364746,0.28579142689704895,0.25581544637680054,0.2186099737882614
0.17165565490722656,0.11339865624904633,0.04520542919635773,-0.028902463614940643
-0.10407234728336334,-0.17595937848091125,-0.2408026158809662,-0.2950288653373718
-0.33534955978393555,-0.35882407426834106,-0.36234650015830994,-0.34270766377449036
-0.298043817281723,-0.23004594445228577,-0.14540353417396545
-0.05470931529998779,0.031187966465950012,0.1045985147356987,0.16131439805030823,0.19868525862693787,0.21483324468135834,0.21016016602516174,0.18900930881500244
0.15904545783996582,0.12809762358665466,0.10072506964206696,0.07737638801336288
0.05664924532175064,0.03798336908221245,0.021814264357089996,0.007599739357829094
-0.007402864284813404,-0.027312958613038063,-0.055573925375938416,-0.09314558655023575
-0.13826635479927063,-0.18757915496826172,-0.2372310757637024
-0.28317350149154663,-0.3211490213871002,-0.3471919298171997,-0.3579954504966736
-0.350313663482666,-0.3205620050430298,-0.2659253478050232,-0.18677464127540588
-0.08877359330654144,0.01764664053916931,0.12087863683700562,0.21196222305297852
0.2853967249393463,0.33729803562164307,0.36424070596694946,0.3646371066570282
0.3410601317882538,0.3005830943584442,0.2520280182361603,0.20209334790706635
0.1535658985376358,0.10689577460289001,0.06300560384988785
0.023935437202453613,-0.00905676931142807,-0.03715983033180237,-0.06369852274656296
-0.09232479333877563,-0.124991774559021,-0.16129636764526367,-0.1995566189289093
-0.23805402219295502,-0.27517277002334595,-0.3088495135307312,-0.3363688588142395
-0.3544260859489441,-0.3587464392185211,-0.34392306208610535,-0.3047129213809967
-0.2387690246105194,-0.1492137908935547,-0.04468688368797302,0.06385678052902222,0.16705475747585297,0.2583921551704407
0.332695871591568,0.38491153717041016,0.41133570671081543,0.4121507704257965
0.3923185467720032,0.3594180643558502,0.31997498869895935,0.27730628848075867
0.23257455229759216,0.18741632997989655,0.14477144181728363,0.10705871880054474
0.07411865890026093,0.04297427088022232,0.009152688086032867,-0.03161630406975746
-0.08210445195436478,-0.14285564422607422,-0.21191176772117615,-0.2849571406841278
-0.35583633184432983,-0.4174846112728119,-0.4629093110561371,-0.48543834686279297
-0.47869572043418884,-0.43765321373939514,-0.36100295186042786,-0.2534930109977722,-0.12607702612876892,0.007121026515960693,0.13322097063064575,0.2430257648229599,0.33031177520751953,0.390326589345932,0.42014190554618835,0.4206240177154541,0.397540807723999,0.3599771559238434,0.31670188903808594,0.27310261130332947
0.23103895783424377,0.1912023425102234,0.1549561321735382,0.12361504137516022,0.09657127410173416,0.07071050256490707,0.04162047058343887
0.005647297948598862,-0.03855820372700691,-0.0899563729763031,-0.145966574549675
-0.2031312882900238,-0.2573341429233551,-0.30413395166397095,-0.339280366897583,-0.3585301637649536,-0.35704395174980164,-0.3299766480922699,-0.2747597396373749
-0.19374987483024597,-0.0950603187084198,0.009716615080833435,0.10957742482423782
0.19675010442733765,0.26622679829597473,0.31399208307266235,0.3367927074432373,0.33401983976364136,0.3095833957195282,0.27126285433769226
0.22740456461906433,0.1835411936044693,0.14167766273021698,0.10240118205547333,0.06703756749629974,0.037265799939632416,0.013096887618303299,-0.008074341341853142,-0.030419569462537766,-0.05748457834124565,-0.09045305848121643,-0.1281975954771042,-0.16853675246238708,-0.2090558558702469,-0.24695217609405518,-0.27888837456703186,-0.3015165328979492,-0.3115672469139099,-0.3051356077194214,-0.2778412103652954,-0.22679170966148376,-0.15326325595378876,-0.06400750577449799
0.03038106858730316,0.11932817101478577,0.19536709785461426,0.25412052869796753
0.292361855506897,0.3072625994682312,0.2980571389198303,0.2683003544807434
0.2258615642786026,0.17983968555927277,0.13667218387126923,0.09859292209148407
0.06533878296613693,0.0366649329662323,0.012667983770370483,-0.007719779387116432
-0.027492418885231018,-0.05074084550142288,-0.08112692832946777,-0.1205822229385376
-0.16872847080230713,-0.22294698655605316,-0.278780996799469
-0.3303936719894409,-0.3712937533855438,-0.39567556977272034,-0.3992193341255188,-0.378528892993927,-0.3307875692844391,-0.2549794018268585,-0.15410339832305908,-0.03663468360900879,0.08465396612882614,0.19663938879966736,0.28982430696487427
0.3590906858444214,0.4016072452068329,0.41540154814720154,0.4005131125450134
0.3611566722393036,0.30600011348724365,0.245400071144104,0.18741223216056824
0.13568823039531708,0.09066635370254517,0.052127331495285034
0.019980818033218384,-0.006922677159309387,-0.031555917114019394,-0.05801058188080788
-0.09012769907712936,-0.13024476170539856,-0.1784556657075882,-0.2325112372636795
-0.288265585899353,-0.3403462767601013,-0.3828899562358856,-0.4105549454689026
-0.419123113155365,-0.4049794375896454,-0.36464253067970276,-0.29573482275009155
-0.19930076599121094,-0.0819096714258194,0.04477297514677048,0.16760674118995667
0.2761739492416382,0.3640742003917694,0.42721712589263916
0.4622749388217926,0.4674855172634125,0.44485870003700256,0.401094526052475
0.3455730080604553,0.28660818934440613,0.22891387343406677,0.17414620518684387
0.12326864898204803,0.07755579054355621,0.037356600165367126,0.00094585120677948
-0.03503289818763733,-0.07425519078969955,-0.1194782704114914,-0.17162136733531952
-0.2291119247674942,-0.2878738045692444,-0.34216493368148804,-0.3857317864894867
-0.41302689909935,-0.41997694969177246,-0.4035664498806
-0.36115553975105286,-0.2910826802253723,-0.19472002983093262,-0.07855616509914398
0.045914262533187866,0.1654040515422821,0.26908862590789795,0.3504957854747772
0.4062047600746155,0.43402010202407837,0.4332074820995331,0.40638500452041626
0.36053961515426636,0.30539822578430176,0.2499481737613678,0.1997048407793045
0.15662798285484314,0.12092655897140503,0.09214621782302856,0.06851015239953995
0.04626583307981491,0.020408164709806442,-0.013852402567863464
-0.05981963127851486,-0.11840445548295975,-0.18735931813716888,-0.26107051968574524
-0.3315139710903168,-0.3899916708469391,-0.42906367778778076,-0.44388464093208313
-0.4319055378437042,-0.39170172810554504,-0.3228670358657837,-0.22753438353538513
-0.11230015754699707,0.011522173881530762,0.13050545752048492,0.23320522904396057
0.3126034438610077,0.3653501868247986,0.3897172808647156,0.3851045072078705
0.35362640023231506,0.3017141819000244,0.23930343985557556
0.17657005786895752,0.1207672655582428,0.07536517083644867,0.041251324117183685
0.017955582588911057,0.0034585297107696533,-0.006417903117835522,-0.017475562170147896
-0.03565752133727074,-0.06559132039546967,-0.10950259864330292,-0.1662985235452652
-0.23115722835063934,-0.29633620381355286,-0.3528488874435425,-0.3924625515937805
-0.4095191955566406,-0.4011508524417877,-0.3659772276878357,-0.30349668860435486
-0.21524718403816223,-0.10673952102661133,0.01182439923286438
0.12756043672561646,0.22887933254241943
0.3084419071674347,0.36286669969558716,0.3904564678668976,0.3900822401046753
0.36255037784576416,0.31278368830680847,0.24995478987693787,0.18463198840618134
0.1251046061515808,0.07562506198883057,0.03714572638273239,0.008823495358228683
-0.011567667126655579,-0.027919016778469086,-0.04532475024461746,-0.06883774697780609
-0.10224457085132599,-0.14717212319374084,-0.20226320624351501,-0.26267245411872864
-0.32082298398017883,-0.3681826591491699,-0.39721956849098206,-0.40317827463150024
-0.38436728715896606,-0.3406205177307129,-0.2721700966358185,-0.18043383955955505
-0.07000863552093506,0.05001702904701233,0.1673436313867569,0.2702638506889343
0.351186603307724,0.4069571793079376,0.4364972710609436,0.43908020853996277
0.4151908755302429,0.368706077337265,0.3075874149799347,0.24172580242156982
0.17949214577674866,0.12555289268493652,0.08100487291812897,0.044802747666835785
0.014660827815532684,-0.012868523597717285,-0.042021431028842926,-0.07683166116476059
-0.12012185901403427,-0.17283718287944794,-0.23344528675079346,-0.2973173260688782,-0.35709148645401,-0.40435951948165894,-0.4316934049129486,-0.4343683421611786
-0.41082343459129333,-0.3613678216934204,-0.2868526875972748,-0.1889709234237671
-0.07207304239273071,0.055095478892326355,0.18003776669502258,0.2901380658149719,0.3766847848892212,0.43588322401046753,0.4667631983757019
0.469136118888855,0.44391965866088867,0.39507442712783813,0.33052703738212585
0.2605145275592804,0.1945476531982422,0.13909167051315308,0.0968707948923111
0.0674973800778389,0.048236049711704254,0.03427652269601822,0.019351836293935776
-0.002870822325348854,-0.03731756657361984,-0.08654090017080307,-0.1501038670539856
-0.22398889064788818,-0.3007570207118988,-0.37111330032348633,-0.42604437470436096
-0.45867979526519775,-0.46514007449150085,-0.44373971223831177
-0.3937219977378845,-0.3153092861175537,-0.21134212613105774,-0.08917677402496338
0.03934161365032196,0.16091185808181763,0.26493099331855774,0.3453667163848877
0.3993983268737793,0.42534181475639343,0.4225302040576935,0.39313551783561707
0.34361082315444946,0.2838025689125061,0.22419381141662598,0.17304262518882751
0.13471676409244537,0.10970945656299591,0.09545452147722244,0.08682215213775635
0.07683355361223221,0.05821588635444641,0.025126442313194275
-0.025670019909739494,-0.09408871829509735,-0.17609579861164093,-0.2637503445148468
-0.3467118442058563,-0.41454896330833435,-0.45898324251174927,-0.47532355785369873
-0.4620010554790497,-0.41892895102500916,-0.34689226746559143,-0.24875611066818237
-0.1313343048095703,-0.005805015563964844,0.11471263319253922,0.2191888689994812
0.30113059282302856,0.35773807764053345,0.3875162899494171,0.389354407787323
0.364096999168396,0.3167371451854706,0.25654175877571106
0.1946372538805008,0.14074577391147614,0.10079191625118256,0.07633549720048904
0.06526591628789902,0.06241954490542412,0.06035126373171806,0.05096284672617912
0.027397751808166504,-0.014588281512260437,-0.07577452063560486,-0.1527315080165863
-0.23773370683193207,-0.3202604651451111,-0.3893665671348572,-0.43598824739456177
-0.4547373652458191,-0.44385382533073425,-0.4034791886806488,-0.33462339639663696,-0.24001535773277283,-0.12591004371643066,-0.0028831511735916138
0.11603491753339767,0.21931615471839905,0.3000331521034241,0.3555946350097656
0.3851352632045746,0.3879483938217163,0.3646361827850342,0.31938502192497253
0.26058435440063477,0.19888585805892944,0.1441332846879959,0.10281170904636383
0.0769573301076889,0.0644753947854042,0.05995162948966026,0.055785197764635086
0.04393560811877251,0.017768409103155136,-0.0266573429107666,-0.08986595273017883
-0.16836687922477722,-0.2545446753501892,-0.33805274963378906
-0.40812480449676514,-0.455698698759079,-0.47518786787986755,-0.46476510167121887
-0.42472168803215027,-0.35603228211402893,-0.260715126991272,-0.14364364743232727
-0.014166489243507385,0.11473485827445984,0.23017160594463348,0.3232848346233368
0.39044255018234253,0.43172329664230347,0.4487839937210083,0.44385355710983276
0.4203560948371887,0.38385507464408875,0.34165850281715393,0.3010828197002411
0.2672206461429596,0.24128633737564087,0.22045710682868958
0.1989298164844513,0.1695558726787567,0.12573830783367157,0.06306898593902588
-0.0197378471493721,-0.12058011442422867,-0.23385384678840637,-0.3504071831703186
-0.4585734009742737,-0.5463914275169373,-0.6039301156997681,-0.6252613067626953
-0.6091414093971252,-0.5575814247131348,-0.4739037752151489,-0.36228346824645996
-0.228988915681839,-0.08396896719932556,0.05940307676792145,0.1874653398990631
0.2904742956161499,0.364885151386261,0.4125356674194336
0.43773356080055237,0.44447600841522217,0.43594056367874146,0.4158315360546112
0.389233261346817,0.3618250787258148,0.3378411829471588,0.31795981526374817
0.29867759346961975,0.2735402286052704,0.23524948954582214,0.17772223055362701
0.09761843085289001,-0.004916295409202576,-0.12627235054969788,-0.25964733958244324
-0.39512744545936584,-0.5203844308853149,-0.6226696968078613,-0.6912937760353088
-0.719788670539856,-0.706816554069519,-0.6548868417739868
-0.5681406259536743,-0.4514315128326416,-0.3112792372703552,-0.15747925639152527,-0.003247201442718506
0.13738319277763367,0.25362980365753174,0.34060585498809814,0.39889082312583923
0.4317936897277832,0.442610502243042,0.4341236650943756,0.4101444482803345
0.3766056299209595,0.34075838327407837,0.30890440940856934,0.2838321626186371
0.2635837197303772,0.242355614900589,0.21268115937709808,0.1677076369524002
0.10293903946876526,0.01717756688594818,-0.08734673261642456,-0.2051898092031479
-0.32767704129219055,-0.4433515667915344,-0.5398533940315247,-0.6064392328262329
-0.6361756920814514,-0.6271774768829346,-0.5816975831985474,-0.5037029981613159
-0.3975001275539398,-0.26852986216545105,-0.1251559853553772,0.020734727382659912
0.1558024287223816,0.26914510130882263,0.35520312190055847,0.4136204719543457,0.446764200925827,0.4572896361351013,0.44765082001686096,0.4214615225791931
0.38468000292778015,0.34504979848861694,0.30993255972862244,0.2835003137588501
0.26486456394195557,0.24846288561820984,0.22629667818546295,0.19057254493236542,0.13574717938899994,0.05964650213718414,-0.03630543500185013,-0.14729072153568268
-0.2651289403438568,-0.3786814212799072,-0.4755987524986267,-0.5446807742118835
-0.5780179500579834,-0.5726643800735474,-0.5303630828857422,-0.45519474148750305
-0.3517541289329529,-0.22545796632766724,-0.084196537733078
0.060616329312324524,0.1954309642314911,0.30829381942749023,0.3923911452293396,0.446842223405838,0.4747059941291809,0.4800645709037781,0.4663122296333313
0.43678268790245056,0.3963901400566101,0.35199785232543945,0.31086331605911255
0.27787885069847107,0.253212034702301,0.23212575912475586,0.20697885751724243
0.16990099847316742,0.11497119069099426,0.03949102759361267,-0.05565306171774864,-0.16618287563323975,-0.28454163670539856,-0.4001467823982239
-0.5008608102798462,-0.5752988457679749,-0.6148914098739624,-0.6155855655670166
-0.5781407356262207,-0.5062971711158752,-0.40472468733787537,-0.278653085231781
-0.1351935863494873,0.015091180801391602,0.15861304104328156,0.2820841372013092
0.3767051696777344,0.44022220373153687,0.47588494420051575,0.4892728626728058
0.48511195182800293,0.46659502387046814,0.4370705783367157,0.40135657787323
0.3650747239589691,0.332344651222229,0.3033823072910309
0.27399253845214844,0.23728793859481812,0.1862288862466812,0.11575128138065338
0.024011746048927307,-0.08728042244911194,-0.21316254138946533,-0.3457181453704834
-0.47427451610565186,-0.5865256786346436,-0.6706706881523132,-0.7174961566925049
-0.7222283482551575,-0.6854175925254822,-0.6115512847900391,-0.506565511226654
-0.3766505718231201,-0.22903066873550415,-0.07354232668876648,0.07712196558713913
0.2098742127418518,0.31514042615890503,0.3893880844116211
0.43479734659194946,0.45658671855926514,0.4597809910774231,0.4479063153266907
0.4242037236690521,0.3931070864200592,0.3600384593009949,0.32949668169021606
0.30268123745918274,0.2764774262905121,0.24459050595760345,0.19989605247974396
0.13670741021633148,0.05227191746234894,-0.05265219882130623,-0.17399783432483673
-0.3048136234283447,-0.4353902339935303,-0.5538288354873657,-0.6477723121643066
-0.7066000699996948,-0.723743200302124,-0.6984519958496094
-0.6350263357162476,-0.5398370623588562,-0.4191616177558899,-0.27942708134651184
-0.12892848253250122,0.021146297454833984,0.15826119482517242,0.2721504867076874
0.3578319549560547,0.4160233438014984,0.45102524757385254,0.46753233671188354
0.46874240040779114,0.45707231760025024,0.4358716905117035,0.40984588861465454
0.38364967703819275,0.3595220744609833,0.3356594741344452,0.30665865540504456
0.2656155228614807,0.2064991146326065,0.1258816123008728
0.02375684678554535,-0.09647735953330994,-0.2283787876367569,-0.3625686764717102
-0.4871823787689209,-0.5895425081253052,-0.6584106087684631,-0.6862958669662476
-0.6714223623275757,-0.6174622178077698,-0.5307567119598389,-0.4177239239215851
-0.2844555079936981,-0.13827869296073914,0.010584145784378052,0.14969782531261444
0.2677997350692749,0.3583648204803467,0.42083054780960083,0.4591096341609955
0.4784201979637146,0.48256823420524597,0.4738701283931732
0.45497918128967285,0.42992135882377625,0.4031500220298767,0.3772675693035126
0.35111069679260254,0.319828599691391,0.2768867313861847,0.21663594245910645
0.13614985346794128,0.03578387200832367,-0.08116064220666885,-0.20887519419193268
-0.3389929533004761,-0.46056118607521057,-0.5612790584564209,-0.6298397779464722
-0.6584582924842834,-0.644970178604126,-0.5929524302482605,-0.5092183947563171
-0.4008822441101074,-0.2743528187274933,-0.13656148314476013
0.0031837671995162964,0.13321956992149353,0.2424544245004654,0.32417625188827515
0.3777732849121094,0.40749624371528625,0.41925498843193054,0.41752365231513977
0.4048269987106323,0.3836255371570587,0.35779663920402527,0.3320816159248352
0.30984747409820557,0.2907187342643738,0.27007541060447693,0.24081604182720184
0.19605381786823273,0.1313171088695526,0.045511722564697266,-0.05920137092471123
-0.17787714302539825,-0.30287471413612366,-0.4238291084766388
-0.5288009643554688,-0.6065286993980408,-0.6485953330993652,-0.6512559056282043,-0.61601322889328,-0.5478183031082153,-0.45238789916038513,-0.3350667953491211,-0.20181497931480408
0.020456094294786453,0.04561946913599968,0.07918587327003479,0.11564193665981293
0.14588217437267303,0.1595567762851715,0.1502963751554489,0.12042079120874405
0.08032333105802536,0.04244692996144295,0.015259664505720139,0.0017400551587343216
0.0013107815757393837,0.011560037732124329,0.028378283604979515,0.04613057151436806
0.05954505503177643,0.0660712718963623,0.0660974457859993,0.06124202907085419
0.05310681834816933,0.043188124895095825,0.03304760158061981,0.02414223924279213
0.017254570499062538,0.012204095721244812,0.008330472745001316
0.0051015568897128105,0.0023460115771740675,0.00039623011252842844,0.0002539095585234463
0.0035765781067311764,0.012277593836188316,0.02759859524667263,0.04914745315909386,0.07421547919511795,0.09725630283355713,0.11068152636289597,0.10822495818138123
0.08927269279956818,0.0602465458214283,0.031120531260967255,0.010017655789852142
0.0005272584385238588,0.002623594831675291,0.014399360865354538,0.03247891366481781
0.05179518461227417,0.06676040589809418,0.07384877651929855
0.07285898923873901,0.06561511754989624,0.054278261959552765,0.04090721160173416,0.027603307738900185,0.01633545011281967,0.008283428847789764,0.003410062752664089
0.000927624583709985,3.8198566471692175e-05,0.00026335034635849297,0.0015317938523367047
0.004230940248817205,0.00919419527053833,0.01749536767601967,0.02994278073310852
0.046533431857824326,0.06592262536287308,0.08464191108942032,0.09696672856807709
0.0969674363732338,0.08239630609750748,0.05733686313033104
0.03049815073609352,0.010191664099693298,0.0006548688397742808,0.0022287974134087563
0.013299260288476944,0.031194563955068588,0.051844123750925064,0.07010534405708313
0.08183054625988007,0.08573257923126221,0.08285317569971085,0.07480790466070175
0.06304153054952621,0.04910597205162048,0.034945737570524216,0.02255893684923649
0.013107547536492348,0.006602164823561907,0.002526620402932167,0.0004194230423308909
9.720405796542764e-05,0.0018436294049024582,0.006474268157035112
0.015116516500711441,0.028685903176665306,0.047243110835552216,0.06949207186698914
0.0922272652387619,0.10998212546110153,0.11618668586015701,0.10650099813938141
0.08241871744394302,0.05158073827624321,0.02370305359363556,0.005685729905962944
9.17933266464388e-06,0.006117602810263634,0.021818246692419052,0.04327322542667389
0.06485486030578613,0.08080671727657318,0.0879191905260086,0.0862702876329422
0.07767940312623978,0.06432351469993591,0.048506733030080795
0.032745398581027985,0.019420186057686806,0.009886599145829678,0.00405274098739028,0.0010492471046745777,2.2158630599733442e-05,0.00044452844304032624,0.0022267631720751524
0.005735005252063274,0.011722743511199951,0.021079417318105698,0.03430882468819618
0.0510566346347332,0.06967038661241531,0.08659103512763977,0.09650382399559021
0.09442063421010971,0.07905752956867218,0.054736461490392685,0.029412254691123962
0.010245837271213531,0.0008466730359941721,0.0017183583695441484
0.011746196076273918,0.02853178046643734,0.04782513529062271,0.06417103856801987
0.07343035191297531,0.07458052784204483,0.06891889870166779,0.05841706320643425
-0.2123691886663437,-0.17644678056240082,-0.1368871033191681,-0.09765106439590454
-0.06214463710784912,-0.031887397170066833,-0.006768170744180679,0.014429466798901558
0.033909931778907776,0.05438569188117981,0.07832453399896622,0.10713070631027222
0.14060044288635254,0.1772317886352539,0.2144126296043396
0.24782605469226837,0.2713724374771118,0.27847951650619507,0.26441073417663574
0.22857053577899933,0.17521683871746063,0.11151586472988129,0.04416368901729584
-0.022693373262882233,-0.0869726836681366,-0.1465822160243988,-0.19780704379081726
-0.2360169142484665,-0.25827735662460327,-0.2649734616279602,-0.2586490511894226
-0.24174317717552185,-0.215664342045784,-0.18138042092323303,-0.1406852900981903
-0.09708160161972046,-0.054833605885505676,-0.01703096181154251
0.014949869364500046,0.041069988161325455,0.06272171437740326,0.082386814057827
0.10261271148920059,0.1252143383026123,0.15078794956207275,0.1786995679140091
0.20730900764465332,0.23367427289485931,0.25317656993865967,0.2600356936454773
0.24899102747440338,0.21758562326431274,0.16772118210792542,0.10503645241260529
0.036186739802360535,-0.03375659137964249,-0.10186702758073807,-0.16599269211292267
-0.22288501262664795,-0.2678447961807251,-0.29671210050582886
-0.3081533908843994,-0.3035985231399536,-0.2852429151535034,-0.25465887784957886,-0.2129662036895752,-0.16191905736923218,-0.10504673421382904,-0.04732319712638855
0.006769977509975433,0.054417144507169724,0.09424213320016861,0.12624546885490417
0.15175393223762512,0.1728459596633911,0.19176942110061646,0.2101466804742813
0.22835245728492737,0.2457820326089859,0.26097047328948975,0.2710004448890686
0.2713337242603302,0.25683510303497314,0.2237521857023239
0.1718582808971405,0.10522232949733734,0.030444428324699402,-0.0463222935795784
-0.12104149907827377,-0.19127073884010315,-0.2542719542980194,-0.30568692088127136
-0.3406539857387543,-0.35650140047073364,-0.3538955748081207,-0.3353551924228668
-0.3033376634120941,-0.2597309350967407,-0.20646458864212036,-0.14660003781318665
-0.08476890623569489,-0.02585349977016449,0.026640266180038452,0.07082515954971313
0.1063077300786972,0.1343698799610138
0.15761825442314148,0.17907516658306122,0.20104950666427612,0.22436261177062988
0.2486327439546585,0.27265697717666626,0.2939133048057556,0.3080396056175232,0.30926698446273804,0.29204460978507996,0.2535609006881714,0.1956472098827362
0.12403479218482971,0.045330196619033813,-0.03548275679349899,-0.11530917882919312
-0.1913561075925827,-0.2592957615852356,-0.3134380280971527,-0.3492487967014313
-0.36546745896339417,-0.3635419011116028,-0.3456038236618042,-0.3133596181869507
-0.2682929039001465,-0.21271806955337524,-0.1508357971906662,-0.08807353675365448
-0.029174141585826874,0.022611625492572784,0.06553205102682114,0.09979231655597687,0.1274414360523224,0.1513049304485321,0.17391115427017212,0.19671981036663055
0.21999061107635498,0.24314159154891968,0.26467084884643555,0.28157663345336914
0.2890951633453369,0.2816067039966583,0.25488442182540894,0.20852069556713104
0.14642079174518585,0.07462288439273834,-0.0015055984258651733
-0.07838396728038788,-0.15326912701129913,-0.22234855592250824,-0.28000855445861816
-0.32068049907684326,-0.3415538966655731,-0.3431401252746582,-0.32755276560783386
-0.2969002425670624,-0.25299012660980225,-0.198067769408226,-0.1359630823135376
-0.07203610241413116,-0.011427827179431915,0.042214252054691315,0.08674240857362747
0.12165127694606781,0.14818018674850464,0.16875433921813965,0.18623250722885132
0.20287814736366272,0.21957792341709137,0.23615232110023499
0.2517547905445099,0.2643851041793823,0.27023404836654663,0.2639642655849457
0.2403923124074936,0.1971428394317627,0.1364230513572693,0.06393757462501526
-0.014114633202552795,-0.09310507774353027,-0.16983602941036224,-0.24079610407352448
-0.30067259073257446,-0.3433041572570801,-0.3646300733089447,-0.36444100737571716
-0.34525492787361145,-0.31017208099365234,-0.26183977723121643,-0.20271454751491547
-0.13620898127555847,-0.0674736350774765,-0.0022811442613601685
0.0547657236456871,0.10078021883964539,0.13472169637680054,0.15777233242988586
0.17301994562149048,0.18439701199531555,0.19535139203071594,0.207865908741951
0.22258774936199188,0.2392854541540146,0.2564873695373535,0.2707323729991913
0.2764688730239868,0.26731041073799133,0.23871366679668427,0.19054770469665527
0.1270419955253601,0.054029107093811035,-0.023684434592723846,-0.10284744948148727
-0.18036936223506927,-0.25146549940109253,-0.30961668491363525
-0.34906941652297974,-0.3674222528934479,-0.3656312823295593,-0.3461044728755951
-0.3111974596977234,-0.2628859281539917,-0.20360200107097626,-0.13751299679279327
-0.07022367417812347,-0.006988264620304108,0.04825200140476227,0.09309837222099304
0.12735433876514435,0.1530751734972,0.1734902262687683,0.1917254626750946
0.20979924499988556,0.22838953137397766,0.24735727906227112,0.2659604549407959
0.28218284249305725,0.2918670177459717,0.28904759883880615
0.268149733543396,0.22692739963531494,0.16770844161510468,0.09569790959358215,0.016167595982551575,-0.06693355739116669,-0.15031081438064575,-0.2295134961605072
-0.2980051040649414,-0.34884101152420044,-0.3777322769165039,-0.3843556344509125,-0.37109678983688354,-0.3412030041217804,-0.29777291417121887,-0.2438414990901947
-0.18334315717220306,-0.12134392559528351,-0.06263786554336548,-0.010588482022285461,0.0328749418258667,0.06744205951690674,0.09467844665050507
0.11754794418811798,0.13948461413383484,0.16309578716754913,0.1892353743314743
0.2174345850944519,0.24667999148368835,0.2751079797744751,0.29894524812698364
0.3121945858001709,0.308144748210907,0.282401442527771,0.2353259027004242
0.17143018543720245,0.09638474881649017,0.014722809195518494,-0.07019989937543869
-0.15449965000152588,-0.2320975959300995,-0.2953941822052002,-0.33830875158309937
-0.35871776938438416,-0.358116090297699,-0.3396930992603302
-0.30682188272476196,-0.262555330991745,-0.21030229330062866,-0.15468914806842804
-0.10078935325145721,-0.05258859694004059,-0.012567982077598572,0.018426325172185898
0.04172901809215546,0.060686059296131134,0.0795179009437561,0.10177528858184814
0.12918780744075775,0.16182266175746918,0.19888219237327576,0.23867455124855042
0.27764642238616943,0.30968406796455383,0.32706451416015625,0.32333219051361084
0.2963530421257019,0.24881044030189514,0.18575334548950195
0.11185610294342041,0.030618205666542053,-0.05439375340938568,-0.13763830065727234
-0.21130414307117462,-0.2677491307258606,-0.3026525378227234,-0.3159024715423584,-0.3101215958595276,-0.2887834906578064,-0.255060076713562,-0.21198298037052155
-0.16350871324539185,-0.11448727548122406,-0.0692765861749649,-0.030926965177059174
-0.0009539946913719177,0.02126203291118145,0.03849763050675392,0.05462193861603737
0.07327041029930115,0.09672009944915771,0.12557025253772736
0.15935473144054413,0.1969374120235443,0.2358243614435196,0.27104905247688293
0.29531770944595337,0.30126696825027466,0.2847287058830261,0.24648910760879517
0.19091977179050446,0.12302935123443604,0.04674483835697174,-0.03460415452718735
-0.11642438173294067,-0.19162598252296448,-0.25202110409736633,-0.29163649678230286
-0.3087851405143738,-0.30536752939224243,-0.2848706841468811,-0.2507980465888977
-0.20633120834827423,-0.15526212751865387,-0.10255435109138489
-0.05320936441421509,-0.010986670851707458
0.021851249039173126,0.04487650468945503,0.05987534672021866,0.07041076570749283
0.08079348504543304,0.09460245072841644,0.11356601119041443,0.137876495718956
0.16696125268936157,0.1991996318101883,0.2308087944984436,0.25540366768836975
0.26542121171951294,0.2552453875541687,0.2240016758441925,0.17532838881015778
0.11440131068229675,0.04536466300487518,-0.028927937150001526,-0.10521523654460907
-0.17789731919765472,-0.23925194144248962,-0.28233572840690613,-0.30398499965667725
-0.30521678924560547,-0.28945988416671753,-0.26060009002685547,-0.22193452715873718
-0.1766272336244583,-0.12878476083278656,-0.0830496996641159,-0.04322473704814911
-0.01180177927017212,0.01032068021595478,0.02460065484046936,0.034827716648578644
0.04589952528476715,0.06203186884522438,0.08540042489767075,0.11624662578105927
0.15378838777542114,0.1963423192501068,0.24034038186073303,0.27946072816848755
0.3054350018501282,0.31087687611579895,0.292508065700531,0.25211721658706665
0.19445127248764038,0.12433697283267975,0.04551665484905243,-0.038356319069862366
-0.12178149819374084,-0.19676795601844788,-0.25499027967453003,-0.2912147045135498
-0.3048253059387207,-0.2987075448036194,-0.2771722674369812,-0.24429862201213837
-0.20363716781139374,-0.1591484546661377,-0.11540582776069641,-0.07648111879825592
-0.045177437365055084,-0.0227336585521698,-0.008152507245540619
0.0019183922559022903,0.012106023728847504,0.026749225333333015,0.04853164404630661
0.07814477384090424,0.11507569998502731,0.15814538300037384,0.20477348566055298
0.24970796704292297,0.28502774238586426,0.3023197650909424,0.296127587556839
0.2662586569786072,0.21681803464889526,0.15306535363197327,0.07924127578735352
-0.0012141242623329163,-0.083808034658432,-0.161528080701828,-0.22588278353214264
-0.2701454162597656,-0.2918906807899475,-0.2928217649459839
-0.27681559324264526,-0.24800263345241547,-0.20997947454452515,-0.16646547615528107
-0.12197647988796234,-0.08098627626895905,-0.046791113913059235,-0.021286040544509888
-0.004620622843503952,0.005278418771922588,0.012329114601016045,0.02115878090262413
0.03549168258905411,0.05700846016407013,0.08571594953536987,0.12082195281982422
0.1605624258518219,0.20107242465019226,0.23579519987106323,0.25675660371780396
0.25764086842536926,0.23674753308296204,0.19712580740451813
0.14380748569965363,0.0810612291097641,0.011836126446723938,-0.060665979981422424
-0.13094358146190643,-0.1911180168390274,-0.23370328545570374,-0.2549489736557007
-0.25574782490730286,-0.23996798694133759,-0.21215495467185974,-0.17606304585933685
-0.1348787099123001,-0.09238241612911224,-0.05284036695957184,-0.019833192229270935
0.004215102642774582,0.018401917070150375,0.024183880537748337,0.025434419512748718
0.02730463445186615,0.03442807123064995,0.04942607879638672
0.07285595685243607,0.1041269302368164,0.14180441200733185,0.18273353576660156
0.22106146812438965,0.24882635474205017,0.2585671842098236,0.24654144048690796
0.21402724087238312,0.16552172601222992,0.10575607419013977,0.03824681043624878
-0.03384345769882202,-0.10571356117725372,-0.17006580531597137,-0.2189904898405075
-0.24735714495182037,-0.25463008880615234,-0.24390965700149536,-0.21966804563999176
-0.1859002709388733,-0.14577637612819672,-0.10268309712409973
-0.06071839481592178,-0.0237879678606987,0.00519774854183197,0.024706924334168434
0.03532971441745758,0.04005349799990654,0.043352849781513214,0.0496639721095562
0.061924852430820465,0.08109749108552933,0.10688183456659317,0.13836410641670227
0.17347010970115662,0.20772577822208405,0.23406711220741272,0.24469918012619019
0.23437553644180298,0.2029159516096115,0.15453685820102692,0.09467653930187225
0.02756669372320175,-0.04373001307249069,-0.11546308547258377
-0.18151573836803436,-0.23411941528320312,-0.2669718861579895,-0.2780172526836395
-0.2695156931877136,-0.24598824977874756,-0.21203221380710602,-0.1713094264268875
-0.1271384358406067,-0.08339089155197144,-0.04394252598285675,-0.011643514037132263
0.01187378540635109,0.02653098851442337,0.03439062833786011,0.039408791810274124
0.04631112515926361,0.05893929302692413,0.07903550565242767,0.10644204169511795
0.13993848860263824,0.17734792828559875,0.21468183398246765
0.24553406238555908,0.26215484738349915,0.2582969069480896,0.23212960362434387
0.18665318191051483,0.12719988822937012,0.05861575901508331,-0.015566542744636536
-0.09177636355161667,-0.16439305245876312,-0.22548890113830566,-0.2674242854118347
-0.2862914800643921,-0.2831055521965027,-0.2622559666633606,-0.2290678769350052
-0.18805721402168274,-0.14287060499191284,-0.0973767340183258,-0.05572442710399628
-0.02130918949842453,0.003648284822702408,0.018382124602794647
0.02437364123761654,0.02550448477268219,0.027020994573831558,0.03373111039400101
0.04840889573097229,0.07156834751367569,0.10235592722892761,0.13916261494159698
0.17899835109710693,0.2163810431957245,0.24361522495746613,0.2531450092792511
0.2407872974872589,0.20744185149669647,0.15765587985515594,0.09655219316482544
0.02805214375257492,-0.04451584815979004,-0.11647959053516388,-0.1807762086391449
-0.22953970730304718,-0.25742900371551514,-0.2637593150138855
-0.25188320875167847,-0.2269248217344284,-0.1936173290014267,-0.15552717447280884,-0.11585791409015656
-0.07809074223041534,-0.04536955803632736,-0.019876621663570404,-0.0025862157344818115
0.007372431457042694,0.013036997057497501,0.018825750797986984,0.029060790315270424
0.04645383358001709,0.07147299498319626,0.10301019996404648,0.1393357813358307
0.17795330286026,0.21446460485458374,0.24218276143074036,0.25368380546569824
0.2438894808292389,0.2126830518245697,0.1644880771636963,0.10513302683830261
0.03921632468700409,-0.030067183077335358,-0.09914450347423553,-0.16226071119308472
-0.21189849078655243,-0.24174033105373383,-0.24967080354690552,-0.23819001019001007
-0.2124406397342682,-0.17777509987354279,-0.13833805918693542,-0.09741084277629852
-0.058431290090084076,-0.024721719324588776,0.001392953097820282,0.018703602254390717
0.0273849219083786,0.029592638835310936,0.029325710609555244,0.03147643432021141
0.040262363851070404
0.05778785049915314,0.08388777077198029,0.11697947233915329,0.1545618176460266,0.19262704253196716,0.22498545050621033,0.24410194158554077,0.24369488656520844
0.2216065526008606,0.18050269782543182,0.125645250082016,0.06200002133846283
-0.006867147982120514,-0.07768716663122177,-0.14548948407173157,-0.2030005007982254
-0.2428348958492279,-0.26090216636657715,-0.2579326331615448,-0.2382657825946808,-0.20741552114486694,-0.16998952627182007,-0.12928761541843414
-0.08841590583324432,-0.05068368464708328,-0.018861956894397736,0.005127020180225372
0.02042897418141365,0.028045156970620155,0.03118615597486496,0.03458022326231003
0.04290807992219925,0.05911492556333542,0.08377300202846527,0.11573830246925354
0.15305715799331665,0.1927242875099182,0.22957122325897217,0.2562596797943115
0.2653219699859619,0.2523467540740967,0.2180519551038742,0.16718368232250214
0.1053244024515152,0.03673747181892395,-0.03536921739578247
-0.10702331364154816,-0.1720995008945465,-0.2232889086008072,-0.2551291286945343
-0.26642173528671265,-0.2601315975189209,-0.24137909710407257,-0.21507655084133148
-0.18467843532562256,-0.1527176946401596,-0.12165625393390656,-0.09365112334489822
-0.07016589492559433,-0.05189831554889679,-0.03821822628378868,-0.02661874145269394
-0.013147057965397835,0.006323084235191345,0.03455124795436859,0.07195354253053665
0.11687598377466202,0.16662877798080444,0.21779829263687134
0.2653954029083252,0.3023786246776581,0.32097262144088745,0.31561920046806335
0.2857229709625244,0.23560799658298492,0.1715942621231079,0.09910134971141815
0.021974489092826843,-0.05608586594462395,-0.12961073219776154,-0.19122818112373352
-0.2341890037059784,-0.2555137276649475,-0.2569772005081177,-0.24358896911144257
-0.22102569043636322,-0.19358918070793152,-0.16408537328243256,-0.13498862087726593
-0.10866320133209229,-0.08682172000408173,-0.07049380242824554
-0.059724628925323486,-0.05284271389245987,-0.046379271894693375,-0.03580472618341446
-0.017000414431095123,0.01213814690709114,0.051228612661361694,0.09820930659770966
0.15015265345573425,0.20287363231182098,0.2500458359718323,0.28371942043304443
0.2968095541000366,0.2861902117729187,0.25393468141555786,0.20542548596858978
0.14614237844944,0.07996971905231476,0.00995761901140213,-0.05963372439146042
-0.12229639291763306,-0.17091700434684753,-0.20100612938404083
-0.21258530020713806,-0.20946592092514038,-0.1969020515680313,-0.17914897203445435
-0.15865252912044525,-0.1371322125196457,-0.11640627682209015,-0.09814654290676117
-0.0837298110127449,-0.07397911697626114,-0.06838852912187576,-0.06461596488952637
-0.05869794636964798,-0.04619690030813217,-0.02394276112318039,0.008878584951162338
0.05104643106460571,0.1003326028585434,0.15354590117931366,0.2054329514503479
0.248407244682312,0.2743409276008606,0.27781301736831665
0.2586694061756134,0.22143734991550446,0.172066330909729,0.1151750385761261
0.05381101369857788,-0.008790910243988037,-0.06750451773405075,-0.1158037781715393
-0.14850828051567078,-0.1643432378768921,-0.16616792976856232,-0.1590781956911087
-0.14781554043293,-0.13517719507217407,-0.12249628454446793,-0.11087290197610855
-0.1014014184474945,-0.09491801261901855,-0.09188415855169296,-0.09191262722015381
-0.09317835420370102,-0.0923306941986084,-0.08514859527349472
-0.06799344718456268,-0.03926965594291687,0.00031794607639312744,0.04868745803833008
0.1029137521982193,0.15846377611160278,0.20847216248512268,0.2447502315044403
0.2606350779533386,0.2539815902709961,0.22775383293628693,0.18760104477405548
0.13870905339717865,0.08443886041641235,0.02737833559513092,-0.028551608324050903
-0.07740063965320587,-0.11323393136262894,-0.13321733474731445,-0.13884347677230835
-0.13461516797542572,-0.12545692920684814,-0.11453508585691452
-0.10317473858594894,-0.092353455722332,-0.08328568190336227,-0.07700113207101822
-0.07429919391870499,-0.0755525454878807,-0.07999799400568008,-0.08519893884658813
-0.08705274015665054,-0.08089044690132141,-0.06337744742631912,-0.033655062317848206
0.0070765018463134766,0.056522272527217865,0.11115487664937973,0.16520707309246063
0.21075904369354248,0.2398928850889206,0.2479206621646881,0.23533995449543
0.20670659840106964,0.16741202771663666,0.1212317943572998
0.0704268366098404,0.01776765286922455,-0.031925003975629807,-0.07279213517904282
-0.10083232820034027,-0.11590498685836792,-0.12128862738609314,-0.12147650867700577
0.05766827613115311,0.00279079913161695,0.01844725012779236,0.10152255743741989
0.23852257430553436,0.4072677195072174,0.5801560878753662,0.7292116284370422,0.8321007490158081,0.8759998083114624,0.8574775457382202,0.7813677191734314,0.6605801582336426,0.513629674911499,0.35972049832344055,0.2160765528678894
0.09853126108646393,0.02227635495364666,0.0006504293414764106,0.04206527769565582
0.14649498462677002,0.30334606766700745,0.4920111894607544,0.6848598122596741
0.850703239440918,0.9589319825172424,0.9872496128082275
0.9300225377082825,0.7997806668281555,0.6215814352035522,0.4257930815219879
0.2427431046962738,0.09927280992269516,0.015955433249473572,0.004410073161125183,0.06529262661933899,0.18786291778087616,0.3514179289340973,0.5283449292182922,0.688900887966156,0.8075085878372192,0.868097722530365,0.8652656674385071
0.8025060892105103,0.6912258267402649,0.5491971373558044,0.3961610496044159
0.24992239475250244,0.12594930827617645,0.03854667767882347
0.0007332407985813916,0.022063778713345528,0.10537151247262955,0.24408718943595886
0.42164093255996704,0.6133785843849182,0.7895805835723877,0.9189208745956421
0.9751575589179993,0.9465265870094299,0.8401657938957214,0.677993655204773
0.48898038268089294,0.3028196096420288,0.14620818197727203,0.04061284288764
0.0002011274773394689,0.029846973717212677,0.12400923669338226,0.26714494824409485
0.4357033371925354,0.6016523838043213,0.7377870678901672
0.8236973881721497,0.8489971160888672,0.8127166032791138,0.7223353981971741
0.593230664730072,0.44520264863967896,0.2973446249961853,0.165914848446846
0.06524251401424408,0.008458266966044903,0.006316964980214834,0.0644025057554245
0.18009962141513824,0.3410229980945587,0.5259220600128174,0.7074073553085327
0.8550916314125061,0.9405481219291687,0.9457959532737732,0.8701892495155334,0.7296687364578247,0.550407886505127,0.3620922565460205
0.19327519834041595,0.0684470608830452,0.005513206124305725,0.013318001292645931
0.08994612097740173,0.22264757752418518,0.389536052942276,0.5627446174621582,0.7132528424263,0.8171759843826294,0.8606625199317932,0.8404466509819031
0.7621921896934509,0.6396627426147461,0.4923267960548401,0.3403261601924896
0.20110315084457397,0.08956137299537659,0.019083654507994652,0.0010061960201710463
0.04229918122291565,0.1425842046737671,0.2921121418476105
0.4720166325569153,0.6568318605422974,0.8174853920936584,0.9246495962142944
0.955602765083313,0.902889609336853,0.7772495150566101,0.6030028462409973
0.410790354013443,0.23153150081634521,0.09232272207736969,0.01342037320137024
0.005700593814253807,0.06897560507059097,0.19189885258674622,0.3536475896835327
0.5269310474395752,0.6822368502616882,0.7937344908714294,0.8452079892158508
0.8320527076721191,0.7593047022819519,0.6400035619735718
0.4936293363571167,0.3416544795036316,0.20285049080848694,0.09209281951189041
0.021403329446911812,0.0003334576031193137,0.03471669927239418,0.12440758943557739
0.5111966133117676,0.6551016569137573,0.777982771396637,0.8737016916275024
0.9361201524734497,0.9597987532615662,0.9419103860855103,0.883358895778656
0.7880918979644775,0.661695659160614,0.5103188753128052,0.3402417302131653
0.15796241164207458,-0.029636695981025696,-0.21534639596939087
-0.3919150233268738,-0.5523895621299744,-0.6903108954429626,-0.7998577356338501
-0.8764305710792542,-0.9176249504089355,-0.9234451651573181,-0.8953596353530884
-0.8357582688331604,-0.7485009431838989,-0.638789176940918,-0.511644721031189
-0.37073296308517456,-0.2186087965965271,-0.057714253664016724,0.10872046649456024
0.2761947810649872,0.4389452040195465,0.590412974357605,0.7239853143692017
0.8334764838218689,0.9128544926643372,0.9561497569084167
0.958888828754425,0.9198880791664124,0.8414352536201477,0.7281622290611267,0.585863471031189,0.42083853483200073,0.23978641629219055,0.04990801215171814
-0.14113494753837585,-0.3255058526992798,-0.4956267476081848,-0.6445250511169434
-0.7660012245178223,-0.8549748659133911,-0.9083256721496582,-0.9255004525184631,-0.9078609943389893,-0.8576542139053345,-0.7781993746757507,-0.6743305921554565,-0.5513976216316223,-0.4137464761734009,-0.2643846571445465
-0.10577449202537537,0.059182941913604736,0.2264925092458725,0.39087796211242676
0.546083390712738,0.6855420470237732,0.8029681444168091,0.8922470211982727
0.9471065402030945,0.9621105194091797,0.9346694350242615,0.8659421801567078
0.7600917220115662,0.6230278015136719,0.4614598751068115,0.2824856638908386
0.0935470461845398,-0.0976065844297409,-0.28314000368118286,-0.4555073380470276
-0.6078091263771057,-0.7339484095573425,-0.8287508487701416
-0.8885812163352966,-0.912232518196106,-0.9008092880249023,-0.8565821051597595
-0.7826052308082581,-0.6833036541938782,-0.5641152858734131,-0.42996692657470703
-0.28438472747802734,-0.12993374466896057,0.030804365873336792,0.19443142414093018
0.35635656118392944,0.5109041333198547,0.6518410444259644,0.7730288505554199
0.868632435798645,0.9327725768089294,0.9597745537757874,0.9457317590713501
0.8899780511856079,0.7951458096504211
0.6662682294845581,0.5097811818122864,0.3328756093978882,0.14326390624046326
-0.05093856155872345,-0.24147024750709534,-0.4203401505947113,-0.5802738666534424,-0.7149467468261719,-0.8189901113510132,-0.8883063197135925,-0.9209310412406921,-0.9174180626869202,-0.879930853843689,-0.8113545179367065,-0.7156859636306763
-0.598292887210846,-0.4647247791290283,-0.3193666934967041,-0.16533732414245605
-0.005300343036651611,0.15765848755836487,0.31948500871658325,0.475053995847702
0.6185191869735718,0.7439731359481812,0.8459288477897644,0.9190276861190796
0.9576720595359802,0.9570887684822083,0.9152052998542786,0.8333870768547058
0.7158055901527405,0.5683903694152832,0.3980158567428589,0.2121330201625824
0.018642157316207886,-0.17429429292678833,-0.3586040735244751,-0.5267598628997803
-0.6721410751342773,-0.7891074419021606,-0.8730472326278687,-0.9210083484649658
-0.9324890971183777,-0.9090234637260437,-0.8529571294784546
-0.7673349976539612,-0.6565923094749451,-0.5261112451553345,-0.38085973262786865
-0.22478097677230835,-0.0612541139125824,0.10613961517810822,0.2730611562728882
0.43423593044281006,0.5837123394012451,0.7154594659805298,0.8239196538925171
0.9039343595504761,0.9502653479576111,0.9580583572387695,0.9244799017906189
0.8499312996864319,0.7379524111747742,0.594349205493927,0.426222026348114
0.2413175404071808,0.0477449893951416,-0.14622579514980316
-0.33247801661491394,-0.5034690499305725,-0.6526294946670532,-0.7744878530502319
-0.8645393252372742,-0.9195244312286377,-0.9382812976837158,-0.9219270944595337
-0.8728328943252563,-0.7939651608467102,-0.6893798112869263,-0.5642687082290649
-0.4237755537033081,-0.27200448513031006,-0.11217844486236572,0.05258391797542572
0.2185629904270172,0.38108202815055847,0.5345854759216309,0.6731120347976685
0.7909460067749023,0.8829267621040344,0.9440180063247681
0.9690510034561157,0.9538767337799072,0.8970757126808167,0.8006008267402649
0.6692401170730591,0.5096147060394287,0.32933109998703003,0.1365472972393036
-0.060267478227615356,-0.2526390552520752,-0.43251097202301025,-0.5926981568336487
-0.7271420955657959,-0.830829918384552,-0.89985591173172,-0.9321707487106323
-0.9282347559928894,-0.8903495073318481,-0.8215188980102539,-0.7255324125289917
-0.6074745655059814,-0.4729616045951843,-0.32675671577453613
-0.1723390519618988,-0.012510150671005249,0.149756520986557,0.3107028901576996,0.46556970477104187,0.6088348627090454,0.7348041534423828,0.8381068110466003
0.9134854674339294,0.9553402066230774,0.9584825038909912,0.9199714064598083
0.8403099775314331,0.7232999205589294,0.5750901699066162,0.4031330943107605
0.21552371978759766,0.020687609910964966,-0.17288027703762054,-0.3569747507572174,-0.5241237878799438,-0.6679681539535522,-0.7833065986633301
-0.8659268021583557,-0.9129856824874878,-0.9238747358322144,-0.9001414775848389,-0.8443222045898438,-0.759494960308075,-0.6498690247535706,-0.520673394203186,-0.37697523832321167,-0.22287487983703613,-0.061749547719955444,0.10302484035491943,0.26746219396591187,0.4266979694366455,0.5751418471336365,0.7069900631904602,0.8167880773544312,0.8994867205619812,0.9499456286430359,0.9630172848701477,0.9349340796470642,0.8648931980133057,0.7555691003799438
0.6125240921974182,0.44314152002334595,0.2557355761528015,0.0590609610080719
-0.13801982998847961,-0.326923131942749,-0.4998002052307129,-0.6499541997909546
-0.7719587087631226,-0.8614292144775391,-0.9151296019554138,-0.9318247437477112
-0.912729024887085,-0.8605806231498718,-0.7786394953727722,-0.6709539294242859
-0.542729377746582,-0.39950037002563477,-0.24602368474006653,-0.08609253168106079
0.07689772546291351,0.2392892986536026,0.3967544734477997
0.5442671775817871,0.6764575242996216,0.7882035970687866,0.8749847412109375,0.9324128031730652,0.9556219577789307,0.9400452375411987,0.8832688331604004,0.7862659096717834,0.6533488631248474,0.4912588596343994,0.3081126809120178,0.11269569396972656,-0.08597300946712494,-0.2790451645851135,-0.4582972228527069,-0.6165857315063477,-0.7481080293655396,-0.848257303237915,-0.9134539365768433,-0.9417283535003662,-0.9335573315620422,-0.8914391994476318
-0.8185871243476868,-0.7186828851699829,-0.5965322256088257,-0.45779597759246826
-0.3077625334262848,-0.1506219506263733,0.010262593626976013,0.17166297137737274,0.3298935294151306,0.4805365204811096,0.6185786724090576,0.7388932704925537
0.8366912603378296,0.9073576331138611,0.9458848237991333,0.9472033977508545
0.907785177230835,0.8272168040275574,0.7086437940597534,0.5580991506576538
0.3833691477775574,0.19308847188949585,-0.003779202699661255
-0.1983243227005005,-0.3821069896221161,-0.5476104617118835,-0.6886029243469238,-0.8001208305358887,-0.8781495690345764,-0.9198616743087769,-0.9245862364768982,-0.8940346240997314,-0.8311792612075806,-0.7394756078720093,-0.6233436465263367,-0.4884163737297058,-0.34056252241134644,-0.18477356433868408,-0.02498367428779602,0.13539817929267883,0.2928532660007477,0.4433460533618927,0.5822828412055969,0.7048370838165283,0.806429386138916,0.882844090461731
0.9296711087226868,0.9419823884963989
0.915403425693512,0.8479792475700378,0.7413188219070435,0.6004149317741394
0.432563841342926,0.2462482452392578,0.050451427698135376,-0.14577403664588928
-0.33372586965560913,-0.5055065751075745,-0.6544449925422668,-0.7752405405044556
-0.8636670112609863,-0.9164555668830872,-0.9320776462554932,-0.9115150570869446
-0.8575974106788635,-0.773743748664856,-0.6638920307159424,-0.5330870747566223
-0.3871183395385742,-0.2314358651638031,-0.07057765126228333,0.0916072279214859
0.25141918659210205,0.40485695004463196,0.547451913356781,0.6744661331176758
0.7813630104064941,0.8641171455383301,0.9187633991241455,0.9406562447547913
0.9249239563941956,0.8682775497436523,0.7707180976867676,0.6360311508178711
0.47106367349624634,0.28452008962631226,0.08597761392593384,-0.11478760838508606
-0.30835676193237305,-0.48619502782821655,-0.641130268573761,-0.7676198482513428
-0.8615216612815857,-0.919661283493042,-0.9402147531509399,-0.9237446188926697
-0.8731178641319275,-0.7921120524406433,-0.6847280263900757,-0.5557677745819092
-0.41102129220962524,-0.25635096430778503,-0.09674492478370667,0.06381505727767944
0.22189000248908997,0.3740260601043701,0.5164018869400024,0.6448236703872681,0.7550514340400696,0.8431597352027893,0.9053826928138733,0.9374389052391052
0.9344379901885986,0.892166018486023,0.808955729007721
0.6868132948875427,0.5312697887420654,0.3503645062446594,0.15354230999946594
-0.049172013998031616,-0.2478371560573578,-0.43321818113327026,-0.5973565578460693
-0.7339715957641602,-0.838404655456543,-0.9071044325828552,-0.9375892281532288
-0.9294238090515137,-0.884787380695343,-0.8074514865875244,-0.701565146446228
-0.5718076229095459,-0.4239855408668518,-0.26461732387542725,-0.09986817836761475
0.06506742537021637,0.22588330507278442,0.37874865531921387
0.5199239253997803,0.645620584487915,0.7521647810935974,0.836345374584198
0.8954881429672241,0.9267292618751526,0.9261757135391235,0.8894858360290527
0.813824474811554,0.6996250748634338,0.5510624647140503,0.3752991557121277
0.1813177764415741,-0.021031737327575684,-0.22176292538642883,-0.41140756011009216
-0.581617534160614,-0.7256615161895752,-0.8385955095291138,-0.9168408513069153
-0.9577153325080872,-0.9600120782852173,-0.9250484108924866
-0.8562933802604675,-0.7578364610671997,-0.6338393688201904,-0.48921334743499756
-0.3298812210559845,-0.16207855939865112,0.008426696062088013,0.17656195163726807,0.33774957060813904,0.4876214265823364,0.6218944787979126,0.7365146279335022,0.8280020952224731,0.8936373591423035,0.930949866771698,0.936794102191925
0.9073227643966675,0.8393996953964233,0.732461154460907,0.5895581245422363
0.4171109199523926,0.22386181354522705,0.019778162240982056
-0.18482698500156403,-0.380038321018219,-0.5570000410079956,-0.7084686756134033
-0.8291140198707581,-0.9152548313140869,-0.96421217918396,-0.9744297862052917
-0.9465811848640442,-0.8838449716567993,-0.7905685901641846,-0.6711573004722595
-0.5304201245307922,-0.37418311834335327,-0.20889130234718323,-0.04061460494995117
0.12553732097148895,0.28534743189811707,0.4351092576980591,0.5712757110595703
0.6903485059738159,0.7890517711639404,0.8645868897438049
0.9144749641418457,0.9357550740242004,0.9244235754013062,0.8762702345848083
0.7888360023498535,0.6631083488464355,0.5039263367652893,0.31915897130966187
0.11849886178970337,-0.08755572140216827,-0.28854113817214966,-0.4747854471206665
-0.6380628943443298,-0.7720632553100586,-0.8724062442779541,-0.9360452890396118
-0.9608997106552124,-0.94664466381073,-0.8955658078193665,-0.81181401014328
-0.6999143362045288,-0.56450355052948,-0.4110848307609558
-0.24617281556129456,-0.0764487087726593,0.09215699881315231,0.25477492809295654
0.4073801040649414,0.5464166402816772,0.668550431728363,0.770687997341156
0.8502180576324463,0.9050710201263428,0.9330182075500488,0.9306848645210266
0.8937398791313171,0.8186125755310059,0.704548180103302,0.5546894669532776
0.3757650852203369,0.17699524760246277,-0.031043171882629395,-0.2374032735824585
-0.4316561222076416,-0.6046696901321411,-0.749225378036499
-0.8602759838104248,-0.9345167279243469,-0.9696968197822571,-0.9649547934532166
-0.9219650030136108,-0.8448243737220764,-0.738387942314148,-0.6072478294372559
-0.4562970995903015,-0.29145994782447815,-0.11940118670463562,0.053395047783851624
0.22127665579319,0.379509299993515,0.5240359306335449,0.6512283682823181
0.7578467130661011,0.8412254452705383,0.8993952870368958,0.9306303262710571
0.9324837327003479,0.9014025926589966,0.8337854743003845
0.7279835939407349,0.5859073400497437,0.41326475143432617,0.2186312973499298
0.012225955724716187,-0.19514045119285583,-0.3929649889469147,-0.5718434453010559
-0.724115788936615,-0.8442542552947998,-0.9286893010139465,-0.9750891923904419
-0.9821752905845642,-0.9506861567497253,-0.883913516998291,-0.786531925201416
-0.6631702184677124,-0.5184490084648132,-0.357857346534729,-0.18789702653884888
-0.01525503396987915,0.15408942103385925,0.3151891231536865
0.4639601707458496,0.5968697667121887,0.7107576131820679,0.8028955459594727,0.8711928129196167
0.9141173958778381,0.9298396110534668,0.9152367115020752,0.8662228584289551
0.779620349407196,0.6552699208259583,0.49698954820632935,0.3120533227920532
0.109993577003479,-0.09852930903434753,-0.3026941120624542,-0.4923873245716095
-0.6589465737342834,-0.795712947845459,-0.8981502056121826,-0.9632557034492493
-0.988945722579956,-0.9746429920196533,-0.9223876595497131,-0.8364523649215698
-0.721704363822937,-0.5828860998153687,-0.4253219962120056,-0.25553518533706665
-0.08072617650032043,0.09235823154449463,0.2581435441970825,0.41224661469459534
0.5511321425437927,0.6717705726623535,0.7715209722518921,0.8482587933540344
0.9004069566726685,0.9263244271278381,0.9233078360557556,0.8874677419662476
0.8151311874389648,0.7049674987792969,0.5594087839126587,0.3845849633216858
0.18926891684532166
-0.016297101974487305,-0.2214016616344452,-0.41574376821517944,-0.5902020931243896
-0.7374496459960938,-0.8522557616233826,-0.9311360120773315,-0.9715897440910339
-0.9722175598144531,-0.9339382648468018,-0.8603116869926453,-0.7560973763465881
-0.6259635090827942,-0.4747875928878784,-0.3085733652114868,-0.13445374369621277
0.04032900929450989,0.20944902300834656,0.36785271763801575,0.5115742683410645
0.6373938322067261,0.742622435092926,0.8251144289970398
0.8833339214324951,0.9160035252571106,0.9211632013320923,0.8955267071723938
0.835246741771698,0.7379283308982849,0.6045423150062561,0.4399681091308594
0.25214502215385437,0.050808608531951904,-0.15356214344501495,-0.35061392188072205
-0.5308958292007446,-0.6865198016166687,-0.8116146326065063,-0.902280330657959
-0.9558970928192139,-0.9707289338111877,-0.9467912912368774,-0.8867642879486084
-0.7952180504798889,-0.6770057678222656,-0.5368310213088989
-0.3800572156906128,-0.21322080492973328,-0.04337531328201294,0.12309366464614868
0.28113746643066406,0.42696791887283325,0.5576305985450745,0.6706067323684692
0.763660192489624,0.834945559501648,0.8829817175865173,0.9059030413627625
0.900447428226471,0.8621242642402649,0.7869671583175659,0.6737480759620667
0.5252278447151184,0.3478933572769165,0.1508476734161377,-0.05534237623214722
-0.25966745615005493,-0.45161208510398865,-0.6219761967658997
-0.7635188102722168,-0.8711920976638794,-0.9415988326072693,-0.9722141027450562
-0.9618385434150696,-0.9119912981987,-0.8269708752632141,-0.7122244834899902
-0.5731787085533142,-0.41562414169311523,-0.24649211764335632,-0.07356256246566772
0.09584811329841614,0.25597652792930603,0.402788370847702,0.5335534811019897
0.6463003158569336,0.7394422292709351,0.8116851449012756,0.86197829246521
0.8889821171760559,0.8901280164718628,0.8613596558570862
0.7983514070510864,0.6986669301986694,0.5634862780570984,0.39789342880249023
0.2099766731262207,0.009643226861953735,-0.19243186712265015,-0.3857497274875641
-0.5608441829681396,-0.7099944353103638,-0.8276299238204956,-0.9100425243377686
-0.9544923305511475,-0.9590575695037842,-0.9239036440849304,-0.8521016836166382
-0.748528003692627,-0.6183083057403564,-0.4666459560394287,-0.29971835017204285
-0.12503552436828613,0.04949083924293518,0.21690252423286438
0.3718739449977875,0.5106099843978882,0.6304156184196472,0.7293107509613037
0.805866539478302,0.8592003583908081,0.8886998295783997,0.8930777907371521
0.8694660067558289,0.813889741897583,0.7232189178466797,0.5972869992256165
0.4398043155670166,0.25780248641967773,0.06046822667121887,-0.1419232189655304
-0.3389347493648529,-0.5208298563957214,-0.6793308258056641,-0.808175802230835
-0.9031597375869751,-0.9613585472106934,-0.9804330468177795
-0.9594315886497498,-0.9002014398574829,-0.8071512579917908,-0.6855994462966919
-0.5408787131309509,-0.37890732288360596,-0.20691701769828796,-0.03294879198074341
0.13562239706516266,0.2931542694568634,0.43581143021583557,0.5610799789428711
0.6672148704528809,0.7528940439224243,0.8171504735946655,0.8592618107795715
0.8780396580696106,0.8708196878433228,0.8334423899650574,0.7617882490158081
0.6540075540542603,0.5120185017585754,0.3414897322654724
0.15082886815071106,-0.04995177686214447,-0.2502361834049225,-0.43972331285476685
-0.6092503070831299,-0.7514594197273254,-0.8610901832580566,-0.9344881176948547
-0.9687259197235107,-0.9618967771530151,-0.9146741032600403,-0.8308324217796326
-0.7158175706863403,-0.5752890706062317,-0.4151928424835205,-0.24266186356544495
-0.06603926420211792,0.10646525025367737,0.268233984708786,0.4147312641143799
0.5431700944900513,0.651904821395874,0.7399203181266785
0.8065876960754395,0.851537823677063,0.8741673231124878,0.8726724982261658
0.8435521721839905,0.7825593948364258,0.686789870262146,0.5565806031227112
0.39610612392425537,0.21270859241485596,0.01578661799430847,-0.18425925076007843
-0.37700656056404114,-0.5529206395149231,-0.7041112184524536,-0.82478266954422
-0.9110126495361328,-0.959794282913208,-0.9686177372932434,-0.936703622341156
-0.8663280606269836,-0.7622007727622986,-0.6297683119773865
-0.47458386421203613,-0.3030955195426941,-0.12331339716911316,0.055981844663619995
0.22690556943416595,0.38352975249290466,0.5219176411628723,0.6396371722221375
0.06536845117807388,0.05300162732601166,0.038937363773584366,0.026319220662117004
0.01689675636589527,0.01059180498123169,0.006344660185277462,0.0032279305160045624
0.000999538111500442,8.803288437775336e-06,0.0008639211300760508,0.004369855392724276
0.01165972650051117,0.023813802748918533,0.04058616980910301,0.05923617258667946
0.07528364658355713,0.08505125343799591,0.08719968050718307,0.08195161819458008
0.07005731761455536,0.0531071275472641,0.03408941626548767,0.0167812779545784
0.004577569663524628,1.1682168405968696e-06,0.004558352753520012
0.017852235585451126,0.03654388710856438,0.0550491064786911,0.06810779869556427
0.07300721108913422,0.06974095106124878,0.060036905109882355,0.04678284376859665
0.0334005244076252,0.02250729873776436,0.014881246723234653,0.009775087237358093
0.006054974161088467,0.0030847126618027687,0.000919176556635648,3.1513798148807837e-06
0.0009292045724578202,0.004548835568130016,0.011990567669272423,0.02388841100037098
0.03903654217720032,0.05407007411122322,0.06521134823560715
0.07033724337816238,0.06910249590873718,0.061853718012571335,0.04943283647298813
0.03386899083852768,0.018364042043685913,0.006268830969929695,0.0002931052295025438
0.00235264771617949,0.01301544439047575,0.030296672135591507,0.049450747668743134
0.06490322947502136,0.0728929415345192,0.07247976213693619,0.06476347148418427
0.05213042348623276,0.037913814187049866,0.025339458137750626,0.01607748493552208
0.009925412014126778,0.005793908145278692,0.00281287613324821
0.0007818144513294101,5.222505983226711e-09,0.0009532295516692102,0.004309935495257378
0.011044662445783615,0.021998761221766472,0.03665690869092941,0.05224640294909477
0.06474780291318893,0.07124805450439453,0.07098317891359329,0.06441404670476913
0.052446916699409485,0.03687131777405739,0.02073896862566471,0.007627397775650024
0.0005970920901745558,0.0018039541319012642,0.012172812595963478,0.030343053862452507
0.051948923617601395,0.0709357038140297,0.08240175992250443
0.08447027206420898,0.07790772616863251,0.06501360237598419,0.049140799790620804
0.03396409749984741,0.022004229947924614,0.013735990971326828,0.008187822066247463,0.00422731414437294,0.0014093435602262616,4.2571766243781894e-05,0.0007950772996991873,0.004458200186491013,0.012036780826747417,0.02454528398811817,0.04191765561699867,0.06166969612240791,0.07918158173561096,0.09015947580337524,0.09273933619260788,0.08712665736675262,0.07430961728096008,0.0560150109231472
0.035384662449359894,0.01665678434073925,0.003888548817485571,8.766177779762074e-05
0.0069159348495304585,0.023884136229753494,0.047246601432561874,0.07050292938947678
0.08714231103658676,0.09351423382759094,0.0894196555018425,0.07691912353038788
0.05946412682533264,0.04131391644477844,0.026096463203430176,0.01531135942786932
0.008371230214834213,0.003953867591917515,0.0011986043537035584,2.0432042219908908e-05
0.0007830339600332081,0.003965346142649651,0.0102192722260952
0.020427273586392403,0.03502365201711655,0.05265747383236885,0.06965937465429306
0.0816761776804924,0.0861475020647049,0.08287719637155533,0.07278484106063843
0.23923084139823914,0.19639472663402557,0.14276035130023956,0.08085714280605316
0.01325894147157669,-0.057508230209350586,-0.1278413087129593,-0.1923101544380188
-0.2446669042110443,-0.2800309658050537,-0.29654449224472046,-0.2951886057853699
-0.2781984210014343,-0.24825453758239746,-0.20926490426063538
-0.1668165922164917,-0.12662877142429352,-0.09187908470630646,-0.0618564635515213
-0.03330576419830322,-0.0031311586499214172,0.03003510646522045,0.0663340836763382
0.10594911873340607,0.14927375316619873,0.19556283950805664,0.24143609404563904
0.28107282519340515,0.3086310625076294,0.32099518179893494,0.31815630197525024
0.3011886179447174,0.27050527930259705,0.22617557644844055,0.16927768290042877
0.1023075133562088,0.02832747995853424,-0.04969329386949539
-0.12823711335659027,-0.20215922594070435,-0.2649680972099304,-0.3107318580150604
-0.3361671566963196,-0.341281533241272,-0.3281283378601074,-0.2993858754634857
-0.25858449935913086,-0.2110040932893753,-0.1630202829837799,-0.11961843073368073
-0.08212053775787354,-0.048332832753658295,-0.014932207763195038,0.020246459171175957
0.057812124490737915,0.09791974723339081,0.14106741547584534,0.18734921514987946
0.23476195335388184,0.27845120429992676,0.3122546076774597
0.33163076639175415,0.33523261547088623,0.3237370252609253,0.2977239787578583
0.2571367621421814,0.20246100425720215,0.13570797443389893,0.05998872220516205
-0.021449685096740723,-0.10518353432416916,-0.18656857311725616,-0.259350448846817
-0.316965252161026,-0.3547021746635437,-0.37107762694358826,-0.3672935962677002
-0.34560829401016235,-0.3088744580745697,-0.26153215765953064,-0.20984195172786713
-0.15997883677482605,-0.11528280377388,-0.07519744336605072
-0.036863796412944794,0.0022629909217357635,0.043093062937259674,0.0855385959148407
0.12971638143062592,0.17594672739505768,0.22333019971847534,0.26837748289108276
0.30545419454574585,0.32929980754852295,0.337480753660202,0.3303280472755432
0.3088339865207672,0.2732287347316742,0.22357670962810516,0.16108813881874084
0.0883537083864212,0.008503824472427368,-0.07524695992469788,-0.15887902677059174
-0.2367381900548935,-0.3021361231803894
-0.3493190407752991,-0.37535592913627625,-0.38045167922973633,-0.36654090881347656
-0.3361148536205292,-0.2927463948726654,-0.24188867211341858,-0.18987740576267242
-0.14131677150726318,-0.09708604216575623,-0.05487462878227234,-0.011673636734485626
0.034126993268728256,0.08257004618644714,0.1332807093858719,0.18614178895950317
0.24049001932144165,0.29356563091278076,0.340028315782547,0.37374526262283325
0.3906645178794861,0.389946311712265,0.3724364936351776,0.338680237531662
0.2887152433395386,0.22332370281219482,0.14486487209796906,0.05681532621383667
-0.03702486306428909,-0.1323796808719635,-0.2236635386943817,-0.3040046691894531,-0.36675506830215454,-0.40752196311950684,-0.4252113401889801,-0.42118412256240845,-0.3976798951625824,-0.3576616048812866,-0.30584844946861267,-0.24864640831947327
-0.19200895726680756,-0.13883629441261292,-0.08832402527332306,-0.03779873251914978,0.014783300459384918,0.06977131962776184,0.12655757367610931
0.18467053771018982,0.24367544054985046,0.3018311858177185,0.3549346327781677
0.39701780676841736,0.42292678356170654,0.4304580092430115,0.4199272096157074
0.3921045660972595,0.3471371829509735,0.28535571694374084,0.20850235223770142
0.11980946362018585,0.02315978705883026,-0.07726499438285828,-0.17634624242782593
-0.26755520701408386,-0.3438413441181183,-0.39956676959991455,-0.43210163712501526
-0.44175946712493896,-0.4303024411201477,-0.4000999331474304
-0.35490405559539795,-0.30046921968460083,-0.24321278929710388,-0.18752603232860565
-0.13409267365932465,-0.08078734576702118,-0.025230221450328827,0.03333793580532074
0.09416544437408447,0.15624994039535522,0.218938946723938,0.28106385469436646
0.33946335315704346,0.38868194818496704,0.42290198802948,0.4386661946773529
0.43559393286705017,0.4146232306957245,0.37621551752090454,0.32047635316848755
0.2485000491142273,0.1630346179008484,0.06786718964576721
-0.032921090722084045,-0.13468769192695618,-0.23147618770599365,-0.31626757979393005
-0.38257861137390137,-0.4263486862182617,-0.44669249653816223,-0.4448606073856354
-0.42284518480300903,-0.38355693221092224,-0.3318650722503662,-0.274230033159256
-0.21635964512825012,-0.16074886918067932,-0.10636216402053833,-0.0506393164396286
0.008112192153930664,0.06986197084188461,0.13368016481399536,0.19872871041297913
0.26404115557670593,0.32718855142593384,0.3833062946796417
0.42611512541770935,0.45064109563827515,0.45504769682884216,0.43983301520347595
0.4058012068271637,0.3532944321632385,0.28314435482025146,0.19773918390274048
0.10087701678276062,-0.0031102001667022705,-0.1095905527472496,-0.21299496293067932
-0.3065616488456726,-0.38338154554367065,-0.4382596015930176,-0.4690801203250885
-0.4764576554298401,-0.46220481395721436,-0.42878517508506775,-0.3802536725997925
-0.322662353515625,-0.26240187883377075,-0.20347458124160767
-0.14613457024097443,-0.08809618651866913,-0.027092553675174713,0.0374300591647625
0.10454246401786804,0.1730380654335022,0.24190804362297058,0.3094465136528015,0.37188753485679626,0.42334967851638794,0.4579666256904602,0.4724695682525635
0.4665515720844269,0.4410127103328705,0.39622339606285095,0.33249443769454956
0.2513936161994934,0.15622371435165405,0.05132065713405609,-0.05861151963472366
-0.1681942194700241,-0.27081114053726196,-0.35911524295806885
-0.42670562863349915,-0.46988317370414734,-0.48811811208724976,-0.482853502035141
-0.45632317662239075,-0.41195034980773926,-0.3552197515964508,-0.29294317960739136
-0.23075458407402039,-0.17085233330726624,-0.11205820739269257,-0.05203421413898468
0.010447435081005096,0.07497423887252808,0.14053936302661896,0.20648571848869324
0.27208101749420166,0.3350161015987396,0.3904774487018585,0.4324108362197876
0.4563007950782776,0.4606765806674957,0.4459882080554962
0.4126599431037903,0.3606675863265991,0.2907014489173889,0.20516881346702576
0.10790356993675232,0.0032872557640075684,-0.10388368368148804,-0.20778779685497284,-0.3015104830265045,-0.37820830941200256,-0.432927668094635,-0.46378347277641296
-0.47138455510139465,-0.4573381245136261,-0.4239767789840698,-0.37539616227149963,-0.31767186522483826,-0.2569982409477234,-0.1970076560974121,-0.1377004086971283
-0.07690919935703278,-0.012855932116508484,0.054399989545345306
0.12348602712154388,0.19302408397197723,0.2619744539260864,0.32854145765304565
0.3887809216976166,0.43679744005203247,0.46710214018821716,0.4770110845565796
0.46661949157714844,0.4368518888950348,0.3881617784500122,0.32110604643821716
0.23761379718780518,0.1412678062915802,0.0364995002746582,-0.07199065387248993
-0.17885613441467285,-0.27764222025871277,-0.3613944947719574,-0.42430734634399414
-0.46331730484962463,-0.47826993465423584,-0.47058039903640747
-0.4422971308231354,-0.39677077531814575,-0.33946576714515686,-0.2769653797149658
-0.2143729031085968,-0.1533048152923584,-0.09229426085948944,-0.02912168949842453
0.03706366568803787,0.1054532527923584,0.1747341752052307,0.24394983053207397
0.3119490146636963,0.3758775591850281,0.430454283952713,0.4695359170436859
0.48892608284950256,0.4875234365463257,0.4659016728401184,0.42449167370796204
0.36347389221191406,0.28403419256210327,0.18918734788894653
0.08330139517784119,-0.02877127379179001
-0.1417187601327896,-0.24919061362743378,-0.34390830993652344,-0.4189770817756653
-0.46972569823265076,-0.4947139322757721,-0.49492284655570984,-0.47229620814323425
-0.42970120906829834,-0.37199294567108154,-0.3059714436531067,-0.23825034499168396
-0.17258279025554657,-0.10905502736568451,-0.0457545667886734,0.01875688135623932
0.08428627997636795,0.1497211456298828,0.21421420574188232,0.2772376537322998
0.3372761607170105,0.39047133922576904,0.43112510442733765,0.4542551040649414
0.4577390253543854,0.4419000446796417,0.40754127502441406,0.3549634516239166
0.28477269411087036,0.19908028841018677,0.10157802700996399,-0.003323659300804138
-0.11092942208051682,-0.21578887104988098,-0.31135720014572144,-0.3907732367515564
-0.4485783278942108,-0.4822087585926056,-0.4918533265590668,-0.478933185338974
-0.44537192583084106,-0.3945440351963043,-0.3320898115634918,-0.26468539237976074
-0.1973121166229248,-0.13145872950553894,-0.06581832468509674,0.0013379603624343872
0.07026489824056625,0.13974495232105255,0.20834624767303467,0.27513396739959717
0.33888596296310425,0.39651617407798767,0.44260460138320923,0.4712860584259033
0.47899580001831055,0.46524709463119507,0.431054949760437,0.3773168623447418
0.3049059212207794,0.21585163474082947,0.11389616131782532,0.003850311040878296
-0.10920464247465134,-0.2198348343372345,-0.3217463493347168
-0.4080510139465332,-0.47263288497924805,-0.5118330717086792,-0.5250697135925293
-0.5137467384338379,-0.47996383905410767,-0.42680981755256653,-0.3594634532928467
-0.2848871648311615,-0.20950141549110413,-0.13666968047618866,-0.06622892618179321
0.0036811232566833496,0.07424915581941605,0.14506110548973083,0.21490991115570068
0.28283554315567017,0.3479726314544678,0.408186674118042,0.45892465114593506
0.4941170811653137,0.5089178085327148,0.501570463180542
0.47267431020736694,0.4233211576938629,0.3544224500656128,0.2675601541996002
0.16593027114868164,0.054184868931770325,-0.062440790235996246,-0.17848537862300873
-0.28787878155708313,-0.38381052017211914,-0.4595971405506134,-0.5103346705436707
-0.5341842174530029,-0.5319551229476929,-0.5055676698684692,-0.45759421586990356
-0.3923267722129822,-0.3163502812385559,-0.23696327209472656,-0.15934842824935913
-0.0849982351064682,-0.01268838346004486,0.05908024311065674
0.1303713172674179,0.20004487037658691,0.2670041620731354,0.3306664228439331
0.389939546585083,0.44164180755615234,0.48034459352493286,0.5005537271499634
0.49931371212005615,0.4765954613685608,0.433607816696167,0.3714068830013275
0.2911801338195801,0.19537070393562317,0.08805471658706665,-0.0257759690284729
-0.1409219652414322,-0.25183534622192383,-0.3521943688392639,-0.43525516986846924
-0.49525097012519836,-0.5290162563323975,-0.5363407731056213
-0.5186792016029358,-0.47805148363113403,-0.41765666007995605,-0.34301501512527466
-0.2614020109176636,-0.17931339144706726,-0.10008130967617035,-0.023685693740844727
0.05132202431559563,0.1256048083305359,0.19837132096290588,0.2683161199092865
0.33454009890556335,0.39616328477859497,0.45084595680236816,0.4938308298587799
0.5192047357559204,0.5227016806602478,0.5032312273979187,0.46187064051628113
0.40008875727653503,0.3192826509475708,0.22164791822433472
0.11095008254051208,-0.00776846706867218,-0.1290123015642166,-0.24708087742328644
-0.35572290420532227,-0.4481632709503174,-0.518076479434967,-0.5611922740936279
-0.5763263702392578,-0.5646795630455017,-0.5283350944519043,-0.47008806467056274
-0.3946438431739807,-0.3089895248413086,-0.22053751349449158,-0.13432776927947998
-0.051764994859695435,0.028213143348693848,0.10679507255554199,0.18382415175437927
0.2581213414669037,0.32855314016342163,0.39427417516708374
0.45364388823509216,0.5028259754180908,0.536022424697876,0.5479015111923218,0.5359903573989868,0.5006930232048035,0.4435511529445648,0.3660821318626404,0.27018308639526367,0.15911632776260376,0.03769296407699585,-0.0884692519903183
-0.21354688704013824,-0.3313744068145752,-0.4352039396762848,-0.5182313919067383
-0.5750495791435242,-0.6031392216682434,-0.6028912663459778,-0.5761364698410034,-0.5252469778060913,-0.4539906084537506,-0.36858928203582764
-0.27681466937065125,-0.185262531042099,-0.09716002643108368,-0.01248738169670105
0.06998738646507263,0.1506337821483612,0.2285109907388687,0.3023456931114197
0.3712742328643799,0.43426448106765747,0.4886308014392853,0.5293473601341248
0.550635576248169,0.5487371683120728,0.5230716466903687,0.4749824106693268
0.40606236457824707,0.3178935945034027,0.21295440196990967,0.09527495503425598
-0.029918834567070007,-0.15694430470466614,-0.2798420488834381
-0.3921121656894684,-0.4868616461753845,-0.5578362941741943,-0.6009706854820251
-0.6151771545410156,-0.6014625430107117,-0.5616153478622437,-0.498383492231369
-0.41674894094467163,-0.32403382658958435,-0.2277788519859314,-0.13301068544387817
-0.04125857353210449,0.048112839460372925,0.13565170764923096,0.22060859203338623
0.3014400899410248,0.3768062889575958,0.4456104040145874,0.5057979822158813
0.5530992746353149,0.5816314220428467,0.5865168571472168
0.5660232901573181,0.5212123990058899,0.45412677526474,0.36677998304367065,0.261630654335022
0.14246124029159546,0.014438554644584656,-0.11661714315414429,-0.24476514756679535
-0.36385199427604675,-0.46736791729927063,-0.5489645004272461,-0.6038014888763428
-0.6298303604125977,-0.627581000328064,-0.5987117886543274,-0.5454018115997314
-0.47139403223991394,-0.3829192519187927,-0.2875186502933502,-0.1912921965122223
-0.09701593220233917,-0.0045647770166397095,0.08702881634235382,0.17769840359687805
0.2660727798938751,0.3504121005535126,0.42918965220451355,0.5004345178604126
0.5603718757629395,0.6031164526939392,0.6226181983947754,0.6153823733329773
0.5812820196151733,0.5221330523490906,0.4401419162750244,0.33777591586112976
0.21859809756278992,0.08768820762634277,-0.04890686273574829,-0.18493615090847015
-0.31409263610839844,-0.4297621250152588,-0.5251865386962891,-0.594528079032898
-0.6343783140182495
-0.6442845463752747,-0.6256431937217712,-0.5805200934410095,-0.5120859146118164
-0.4258609116077423,-0.3294917047023773,-0.23039647936820984,-0.13317009806632996
-0.0389266312122345,0.05315585434436798,0.1436057984828949,0.23162399232387543
0.31567442417144775,0.3943673074245453,0.4663327932357788,0.5289877653121948
0.5774984359741211,0.6057549118995667,0.6091158390045166,0.5862492918968201
0.5384353399276733,0.46773165464401245,0.37617388367652893
0.26638540625572205,0.14239254593849182,0.009566739201545715,-0.1260959953069687
-0.2584153115749359,-0.38092824816703796,-0.4868308901786804,-0.5695982575416565
-0.6243994832038879,-0.6492811441421509,-0.6447502374649048,-0.6123429536819458
-0.5542899966239929,-0.47472691535949707,-0.38043212890625,-0.27931419014930725
-0.17758631706237793,-0.07812497019767761,0.018870018422603607,0.11382368206977844
0.206161767244339,0.29429754614830017,0.37657880783081055
0.45167964696884155,0.5177292823791504,0.570918083190918,0.6054600477218628
0.6158055067062378,0.599229097366333,0.5562640428543091,0.48910409212112427
0.4001750648021698,0.2921707034111023,0.16891419887542725,0.0356830358505249
-0.10142060369253159,-0.23619915544986725,-0.36245837807655334,-0.4737683832645416
-0.5636588335037231,-0.6267416477203369,-0.6601951718330383,-0.6640498638153076
-0.6398873329162598,-0.5897871851921082,-0.5170016884803772
-0.42719635367393494,-0.3279530704021454,-0.22625732421875,-0.12614470720291138,-0.02842758595943451,0.06760438531637192,0.16211043298244476,0.25394612550735474
0.341363787651062,0.42276591062545776,0.496391624212265,0.5590523481369019
0.6053575277328491,0.6290597915649414,0.6258589029312134,0.5949457287788391
0.538058340549469,0.4576951861381531,0.3564700186252594,0.2377307415008545,0.10620701313018799,-0.03221696615219116,-0.17123878002166748
-0.3045029044151306,-0.4254607558250427,-0.527333676815033,-0.6038385629653931
-0.6506867408752441,-0.6666196584701538,-0.6527525186538696,-0.6111507415771484
-0.544682502746582,-0.4582282602787018,-0.3591071367263794,-0.2552604079246521
-0.15246421098709106,-0.05300790071487427,0.0433163121342659,0.13705021142959595
0.2276240885257721,0.31357577443122864,0.3935040235519409,0.46626541018486023
0.529901921749115,0.5802916884422302,0.6114819049835205
0.6181886196136475,0.5982017517089844,0.5524147748947144,0.4830819070339203
0.39256221055984497,0.2835483253002167,0.15992838144302368,0.026991605758666992
-0.10923147946596146,-0.24260875582695007,-0.36694252490997314,-0.4757307171821594
-0.5624128580093384,-0.6216229796409607,-0.650708794593811,-0.6498252153396606
-0.6205062866210938,-0.5647987723350525,-0.48619991540908813,-0.39087575674057007
-0.28686147928237915,-0.18133920431137085,-0.07839272916316986
0.02102203667163849,0.11724479496479034,0.20995506644248962,0.2977260649204254
0.3789213299751282,0.45235052704811096,0.516662061214447,0.5688959360122681
0.6038901805877686,0.6159300804138184,0.6015210151672363,0.5605814456939697
0.49526968598365784,0.4083016812801361,0.3025253713130951,0.18159940838813782
0.0504886656999588,-0.08494244515895844,-0.21868062019348145,-0.34482231736183167
-0.4573138952255249,-0.5498446822166443,-0.616644561290741
-0.6540476083755493,-0.6613130569458008,-0.6396929621696472,-0.5910830497741699
-0.5182121396064758,-0.4260300397872925,-0.32195034623146057,-0.2137879729270935
-0.10706174373626709,-0.0039971619844436646,0.0953003391623497,0.19081315398216248
0.28149518370628357,0.36570411920547485,0.4420800805091858,0.5095064640045166
0.5658776760101318,0.6068799495697021,0.626678466796875,0.6205761432647705
0.5871683955192566,0.5280481576919556,0.4460282325744629
0.3440606892108917,0.2255634367465973,0.09516212344169617,-0.041336506605148315
-0.1777254343032837,-0.30798330903053284,-0.42619356513023376,-0.526223361492157
-0.6020140051841736,-0.6489485502243042,-0.6652742028236389,-0.6518940925598145
-0.6108248829841614,-0.5445234775543213,-0.45699992775917053,-0.354893296957016
-0.24635323882102966,-0.1382560133934021,-0.03425808250904083,0.06490818411111832
0.15953974425792694,0.24922101199626923,0.3326227068901062
0.4084130823612213,0.4757189154624939,0.5332855582237244,0.5779902935028076
0.6045495271682739,0.6074990034103394,0.5838937163352966,0.5341388583183289
0.055339083075523376,0.00853847898542881,0.0029818972107023,0.039378345012664795
0.11042973399162292,0.20321440696716309,0.3020559847354889,0.39035311341285706,0.45250964164733887,0.47748130559921265,0.46231529116630554,0.41240474581718445,0.3382631540298462,0.2520999014377594,0.16624711453914642,0.09199746698141098,0.03759569302201271,0.006975475233048201,0.0006567722884938121,0.017605841159820557,0.05606967955827713,0.11292846500873566,0.1829441785812378,0.2591097056865692,0.3333491384983063,0.39626234769821167,0.4366403818130493
0.44336310029029846,0.4104668200016022,0.34172192215919495,0.2503378987312317
0.15432803332805634,0.07161267846822739,0.017004961147904396,0.00015188587713055313
0.023552823811769485,0.08187062293291092,0.16373614966869354,0.25476300716400146
0.3396739363670349,0.40368854999542236,0.4350779950618744,0.42878326773643494
0.38803553581237793,0.3221812844276428,0.24295362830162048,0.16222620010375977
0.09102067351341248,0.03792648762464523,0.007483078166842461
0.00040597529732622206,0.01540092658251524,0.0505729541182518,0.10326772183179855
0.16917301714420319,0.24220585823059082,0.31517845392227173,0.3798779249191284
0.42633724212646484,0.4434278905391693,0.4227886497974396,0.3642367124557495
0.2778405249118805,0.18074409663677216,0.09185255318880081,0.02780791185796261
0.0005091903149150312,0.014971715398132801,0.06793050467967987,0.14884203672409058
0.24302038550376892,0.3345556855201721,0.4079199731349945
0.4498750567436218,0.45288902521133423,0.417891263961792,0.3534296154975891
0.2718955874443054,0.18621714413166046,0.1084018424153328,0.04826248809695244
0.011660166084766388,4.10452139476547e-06,0.011747962795197964,0.04426869750022888
0.09442327171564102,0.1578710675239563,0.2286657989025116,0.29986611008644104
0.3640942871570587,0.4130086898803711,0.4368973672389984,0.4269286096096039
0.380095511674881,0.30284425616264343,0.209764763712883
0.11873231083154678,0.04644697904586792,0.005863531492650509,0.004333654418587685
0.04191115126013756,0.11124859005212784,0.19987867772579193,0.29318130016326904
0.37614497542381287,0.43460625410079956,0.45793336629867554,0.44255661964416504
0.3931428790092468,0.32006901502609253,0.2357349693775177,0.15245899558067322
0.08136780560016632,0.030665552243590355,0.004179645329713821,0.0018723243847489357
0.021739060059189796,0.06109790876507759,0.11634049564599991
0.18219493329524994,0.2519286274909973,0.3181877136230469,0.3730725944042206
0.40749818086624146,0.41207242012023926,0.3810368776321411,0.31689319014549255
0.23128288984298706,0.14120295643806458,0.0639914870262146,0.013976490125060081
0.0004957017954438925,0.026114000007510185,0.08576051890850067,0.16825567185878754
0.2594364583492279,0.34454530477523804,0.4093996584415436,0.4422782361507416
0.43731746077537537,0.39685019850730896,0.33006054162979126
0.24918289482593536,0.16659434139728546,0.09358898550271988,0.039049215614795685
0.007785660680383444,0.00034555885940790176,0.01468164287507534,0.047926053404808044
0.3110481798648834,0.39583301544189453,0.4710262715816498,0.534527063369751
0.5842722654342651,0.617301344871521,0.6292119026184082,0.6152051687240601
0.5723066329956055,0.5009377002716064,0.4046361446380615,0.28858885169029236
0.15847349166870117,0.02032633125782013,-0.11913076788187027
-0.2527883052825928,-0.37424173951148987,-0.4786668121814728,-0.5626065731048584
-0.6230300664901733,-0.656963586807251,-0.6624067425727844,-0.6396366357803345
-0.5914332866668701,-0.5219477415084839,-0.4354648292064667,-0.33628714084625244
-0.22927266359329224,-0.11960193514823914,-0.011566326022148132,0.09240806847810745
0.19152654707431793,0.2853712737560272,0.3727295398712158,0.4515027403831482
0.5194400548934937,0.5745086073875427,0.6142638921737671
0.634962797164917,0.6318361759185791,0.6009352803230286,0.5412026643753052
0.4550316035747528,0.34712982177734375,0.2230505645275116,0.08861461281776428
-0.04982610046863556,-0.18532101809978485,-0.3111422657966614,-0.42188501358032227,-0.5137322545051575,-0.5836869478225708,-0.6288022994995117,-0.646552562713623,-0.636143684387207,-0.5993524789810181,-0.5399324297904968,-0.46222788095474243,-0.3704911768436432,-0.269273579120636,-0.16364800930023193
-0.05834007263183594,0.04352415353059769,0.14076672494411469,0.23320376873016357,0.3202257454395294,0.4001832604408264,0.4708983302116394,0.5303471088409424
0.5764676332473755,0.6062026023864746,0.6150912046432495,0.598482072353363
0.5537381768226624,0.48160645365715027,0.3857625126838684,0.27134203910827637
0.14391472935676575,0.009474873542785645,-0.12526488304138184,-0.2533321678638458,-0.36865437030792236,-0.4667949080467224,-0.5445294380187988
-0.5988515615463257,-0.6267713308334351,-0.6264063119888306,-0.5982762575149536,-0.5453907251358032,-0.4720395803451538,-0.38265490531921387,-0.28182360529899597
-0.1747584342956543,-0.06687846779823303,0.03748775273561478,0.1360175460577011
0.2280285656452179,0.313163697719574,0.39033013582229614,0.4577473998069763
0.5136618614196777,0.556557297706604,0.584385871887207,0.5937148332595825,0.5801709890365601,0.5403664112091064
0.47383442521095276,0.3833877742290497,0.2739063501358032,0.15094122290611267
0.020265847444534302,-0.111813485622406,-0.23850147426128387,-0.3534790277481079
-0.4519869387149811,-0.5308849215507507,-0.5876799821853638,-0.6197725534439087
-0.6249938011169434,-0.6029833555221558,-0.555925726890564,-0.48782339692115784
-0.40313154458999634,-0.30623918771743774,-0.20192500948905945,-0.09545864164829254
0.008386150002479553,0.10656530410051346,0.1980152279138565,0.28263527154922485
0.359913170337677,0.4284132719039917,0.4863179922103882,0.5320347547531128
0.5639014840126038,0.5792206525802612,0.5739889740943909,0.5442509651184082,0.48825177550315857,0.407583087682724,0.3065120279788971,0.1904243528842926
0.0648590624332428,-0.06438811868429184,-0.19096297025680542,-0.30849453806877136
-0.4117470979690552,-0.49717241525650024,-0.5622572898864746,-0.604472279548645
-0.6212108135223389,-0.6110113263130188,-0.5748183727264404
-0.5159265398979187,-0.4387120306491852,-0.34761765599250793,-0.24728924036026,-0.14297866821289062,-0.03997191786766052,0.05776340886950493,0.1484159529209137
0.23180268704891205,0.30794215202331543,0.37602871656417847,0.43456128239631653
0.4820658564567566,0.5172439813613892,0.5381547212600708,0.5414403676986694
0.5229510068893433,0.4797431528568268,0.4118618965148926,0.32246068120002747,0.21647238731384277,0.09927314519882202,-0.023611366748809814
-0.14611786603927612,-0.2617855668067932,-0.3648292124271393,-0.4511479139328003
-0.518163800239563,-0.5637055039405823,-0.5853399634361267,-0.5811052322387695
-0.5509610772132874,-0.49740979075431824,-0.42462626099586487,-0.3371363580226898
-0.239464670419693,-0.13660669326782227,-0.033965736627578735,0.06377653777599335
0.15389415621757507,0.2357260286808014,0.309496134519577,0.3749293386936188
0.43085724115371704,0.47582295536994934,0.5086206793785095
0.5279005169868469,0.5312350988388062,0.5150160193443298,0.4759049415588379,0.4128698408603668,0.3280869424343109,0.22612011432647705,0.11242616176605225
-0.007446348667144775,-0.1276915818452835,-0.24207286536693573,-0.34464097023010254
-0.4309048056602478,-0.4982036352157593,-0.5448373556137085,-0.5689721703529358
-0.5686962008476257,-0.5433015823364258,-0.4944319427013397,-0.42584124207496643,-0.34207427501678467,-0.2475862205028534,-0.1469881534576416
-0.045400917530059814,0.05220332741737366,0.1423473209142685,0.22377121448516846
0.29674214124679565,0.36155956983566284,0.41762489080429077,0.4636886715888977
0.4985649287700653,0.5211812257766724,0.529735803604126,0.5210599899291992
0.4914076328277588,0.4384416341781616,0.3628165125846863,0.26810115575790405,0.15940910577774048,0.04216209053993225,-0.0780954360961914,-0.19533410668373108
-0.3033183813095093,-0.3967425227165222,-0.4721202254295349
-0.5274229049682617,-0.5608910918235779,-0.5704985857009888,-0.5548360347747803,-0.5145213007926941,-0.45262017846107483,-0.37363308668136597,-0.2822376787662506,-0.18307799100875854,-0.08123959600925446,0.017933055758476257,0.11004524677991867,0.19283358752727509,0.2661272883415222,0.33057093620300293,0.3862745761871338
0.4324754774570465,0.4681163728237152,0.492294579744339,0.5037842988967896
0.5001410245895386,0.4777749180793762,0.4335361421108246
0.3666995167732239,0.27971476316452026,0.17727407813072205,0.0648147463798523
-0.05217675864696503,-0.16792301833629608,-0.27625858783721924,-0.3714723587036133
-0.44947129487991333,-0.5079861879348755,-0.5455449819564819,-0.5604287981987
-0.5509124398231506,-0.5166317224502563,-0.4596455693244934,-0.38405442237854004
-0.29465848207473755,-0.19619077444076538,-0.09361392259597778,0.007638260722160339
0.10246749967336655,0.18750004470348358,0.2617311477661133
0.3257225751876831,0.3800714612007141,0.42452272772789,0.4582444131374359
0.48049330711364746,0.4905667006969452,0.48692867159843445,0.4666964113712311
0.4265989363193512,0.3649630844593048,0.283086895942688,0.18493103981018066
0.07569101452827454,-0.03931519389152527,-0.15470193326473236,-0.2646671533584595
-0.3633647561073303,-0.44604599475860596,-0.5098087787628174,-0.5530604124069214
-0.5742934942245483,-0.571679949760437,-0.544089674949646
-0.4925118088722229,-0.420368492603302,-0.3324279189109802,-0.233624666929245
-0.12894433736801147,-0.023836717009544373,0.07612524926662445,0.1665547788143158
0.2453882098197937,0.3126882314682007,0.36927682161331177,0.4154672920703888
0.450846403837204,0.47485440969467163,0.48710277676582336,0.48676833510398865
0.4717385768890381,0.43885132670402527,0.38555362820625305,0.3117607533931732
0.2203780710697174,0.11622372269630432,0.004585683345794678
-0.10929068177938461,-0.2198682576417923,-0.3213123679161072,-0.40842509269714355
-0.47771450877189636,-0.5273881554603577,-0.556220293045044,-0.5626147985458374
-0.5450347661972046,-0.5034379959106445,-0.44022229313850403,-0.3596806228160858
-0.2666633129119873,-0.16595348715782166,-0.06260623037815094,0.037921056151390076
0.13069233298301697,0.21267427504062653,0.2832230031490326,0.3431205749511719
0.3930450677871704,0.43279582262039185,0.4616396725177765
0.47893837094306946,0.484012633562088
0.47528156638145447,0.4499133229255676,0.40492987632751465,0.3391609787940979
0.2544367015361786,0.15509378910064697,0.046497225761413574,-0.06597045063972473
-0.17686858773231506,-0.2804166078567505,-0.37101736664772034,-0.44441550970077515
-0.4982666075229645,-0.5314081311225891,-0.5426467657089233,-0.5305212140083313
-0.49441397190093994,-0.4358699917793274,-0.35870566964149475,-0.2678372859954834
-0.16822293400764465,-0.06487196683883667,0.036785006523132324,0.13135915994644165
0.2148648351430893,0.2857767641544342,0.3446527421474457,0.3926287889480591
0.4301721751689911,0.4569747745990753,0.4725899398326874,0.47669854760169983
0.4684552550315857,0.44574642181396484,0.4056398272514343,0.3461032211780548
0.2676713764667511,0.17370662093162537,0.06921698153018951,-0.04050314426422119
-0.15026000142097473,-0.25462210178375244,-0.3480220139026642,-0.42572781443595886
-0.4847879409790039,-0.523841142654419,-0.5419162511825562,-0.5376155376434326
-0.5097202658653259,-0.45866551995277405,-0.38733384013175964,-0.3003304600715637
-0.20266351103782654,-0.09928107261657715,0.0045407116413116455,0.10320451110601425
0.19187745451927185,0.26786893606185913,0.33093583583831787,0.3821684420108795
0.42249059677124023,0.4519992768764496,0.4703477919101715,0.47728756070137024
0.4724094271659851,0.4542834162712097,0.42026692628860474
0.3677560091018677,0.29610583186149597,0.20762428641319275,0.10686664283275604
-0.0008892863988876343,-0.11049652844667435,-0.21674902737140656,-0.31415337324142456
-0.3975827097892761,-0.46340706944465637,-0.5098555088043213,-0.5361027717590332
-0.5410839319229126,-0.5234522819519043,-0.4828502833843231,-0.4211895167827606
-0.34255316853523254,-0.25190237164497375,-0.1541113257408142,-0.05410026013851166
0.042816393077373505,0.13151763379573822,0.20850442349910736
0.2728484869003296,0.325612872838974,0.3682491183280945,0.40139999985694885
0.42486393451690674,0.438223272562027,0.44104665517807007,0.4322353005409241,0.40941572189331055,0.3695686161518097,0.31082361936569214,0.23402830958366394,0.1427907794713974,0.04214014112949371,-0.06278298050165176,-0.16694560647010803,-0.26502570509910583,-0.3516164720058441,-0.422285258769989,-0.4744410812854767,-0.5069782137870789,-0.519036054611206,-0.5093337297439575
-0.47694459557533264,-0.4227663576602936,-0.3501206040382385,-0.26384714245796204
-0.16900774836540222,-0.0705513060092926,0.026281073689460754,0.11608639359474182
0.19451437890529633,0.2596149742603302,0.3119161128997803,0.353082537651062
0.38438886404037476,0.40617287158966064,0.4182981252670288,0.4206467270851135
0.4127616882324219,0.39302724599838257,0.3586793541908264,0.3072052299976349
0.2381981611251831,0.1541397124528885,0.059531643986701965
-0.04060707241296768,-0.1414281576871872,-0.23795786499977112,-0.32493558526039124
-0.39757299423217773,-0.4526578485965729,-0.4887671172618866,-0.5052487850189209,-0.5011158585548401,-0.47519466280937195,-0.42749109864234924,-0.3603581488132477
-0.2781985402107239,-0.18612712621688843,-0.08913598954677582,0.007706090807914734
0.09902089834213257,0.17989581823349,0.2473733127117157,0.3012283444404602
0.34314456582069397,0.37502458691596985,0.397868812084198
0.4118401110172272,0.41689199209213257,0.4128507971763611,0.3986802399158478
0.3719749450683594,0.32977789640426636,0.2704416811466217,0.19506579637527466
0.1073281466960907,0.012059018015861511,-0.08594939112663269,-0.18200744688510895
-0.2711377739906311,-0.34838542342185974,-0.409882515668869,-0.4535587728023529
-0.47860974073410034,-0.48425817489624023,-0.46926969289779663,-0.4328959584236145
-0.37632590532302856,-0.30309849977493286,-0.21808233857154846
-0.1262764036655426,-0.032593876123428345,0.05778069794178009,0.1396816223859787
0.20928475260734558,0.2653729319572449,0.3091626763343811,0.3427598178386688
0.36762985587120056,0.3841712176799774,0.3922659754753113,0.3917604982852936
0.3820682168006897,0.3614156246185303,0.32701507210731506,0.276567280292511
0.21004119515419006,0.13023263216018677,0.04168713092803955,-0.05082634091377258
-0.14285589754581451,-0.22984781861305237,-0.30699533224105835
-0.3700237274169922,-0.41619712114334106,-0.4443671703338623,-0.45392388105392456
-0.4438598155975342,-0.4131172299385071,-0.3619958758354187,-0.2931869328022003
-0.21132537722587585,-0.12165209650993347,-0.029258057475090027,0.06072767823934555
0.14302653074264526,0.21311426162719727,0.2686848044395447,0.3101852536201477
0.339756578207016,0.3595472574234009,0.37074315547943115,0.3737320005893707
0.3687152862548828,0.3557145595550537,0.33382904529571533
0.3008476197719574,0.25419196486473083,0.19275560975074768,0.11814416944980621
0.0342569500207901,-0.05423677712678909,-0.14295414090156555,-0.2276802361011505
-0.3039401173591614,-0.36735230684280396,-0.41465604305267334,-0.4442853331565857
-0.4557441771030426,-0.44845372438430786,-0.4214599132537842,-0.3744773268699646,-0.30926182866096497,-0.22985368967056274,-0.14147637784481049,-0.049386560916900635
0.041317373514175415,0.12542660534381866,0.19804099202156067
0.2559182643890381,0.2985635995864868,0.3278160095214844,0.3462444543838501,0.3557436764240265
0.3572402596473694,0.3512512147426605,0.3382222354412079,0.3179686963558197
0.28892841935157776,0.24849867820739746,0.19465762376785278,0.12767548859119415
0.050470516085624695,-0.032606400549411774,-0.11721976846456528,-0.19939574599266052
-0.27502983808517456,-0.3398202657699585,-0.3901160955429077,-0.4238373935222626
-0.44036272168159485,-0.4394279718399048,-0.4203002154827118,-0.3822616934776306
-0.32602864503860474,-0.2546272873878479,-0.17277976870536804,-0.08558860421180725
0.0020815879106521606,0.0853600949048996,0.1593250185251236,0.2199937403202057
0.2657358944416046,0.29759418964385986,0.3180578351020813,0.3294055461883545
0.3328784108161926,0.3289594054222107,0.3179783821105957,0.30002087354660034
0.27418434619903564,0.23835541307926178,0.19030362367630005,0.1294780820608139
0.05801111459732056
-0.019968658685684204,-0.09993602335453033,-0.17785178124904633,-0.2498576045036316,-0.3118676245212555,-0.36005163192749023,-0.391879677772522,-0.4065399765968323
-0.40413764119148254,-0.38452833890914917,-0.3471682071685791,-0.29229170083999634,-0.2222423255443573,-0.14150910079479218,-0.05547595024108887,0.030708469450473785
0.11224524676799774,0.18439415097236633,0.24293892085552216,0.2855376601219177,0.3126429319381714,0.32686394453048706,0.33128613233566284
0.3281298577785492,0.318539559841156,0.30316704511642456,0.28247418999671936
0.25619232654571533,0.22272461652755737,0.17964015901088715,0.12528815865516663
0.06031852960586548,-0.012202613055706024,-0.0880938172340393,-0.16335418820381165
-0.23431241512298584,-0.29712003469467163,-0.34781956672668457,-0.38326939940452576
-0.40195900201797485,-0.4037107527256012,-0.3885287344455719,-0.3559197783470154
-0.3055749237537384,-0.23883557319641113,-0.15940354764461517
-0.07252942025661469,0.016351215541362762,0.10219423472881317,0.18010737001895905
0.24539458751678467,0.2946292757987976,0.32697594165802,0.3442806303501129
0.3497043251991272,0.34608328342437744,0.33517664670944214,0.317985475063324
0.2953035831451416,0.267528235912323,0.23391318321228027,0.19245851039886475
0.14109794795513153,0.07945331931114197,0.009676255285739899,-0.06436765193939209
-0.1386309564113617,-0.209565207362175,-0.2737146317958832
-0.3273787200450897,-0.36718475818634033,-0.3910848796367645,-0.39860740303993225
-0.38995519280433655,-0.3649360239505768,-0.32301896810531616,-0.26463326811790466
-0.1924017071723938,-0.11096397042274475,-0.025654613971710205,0.05851104110479355
0.13684149086475372,0.20471155643463135,0.2581563889980316,0.2952476143836975
0.31684255599975586,0.3257676661014557,0.3251311182975769,0.3171033263206482
0.3028355538845062,0.28307515382766724,0.258389949798584
0.22856813669204712,0.19208072125911713,0.1467008888721466,0.09117655456066132
0.026630572974681854,-0.04358113929629326,-0.11532346904277802,-0.18487505614757538
-0.24889475107192993,-0.3038784861564636,-0.3462965488433838,-0.37352293729782104
-0.3845289349555969,-0.37944290041923523,-0.3583984971046448,-0.32101622223854065
-0.2672520875930786,-0.1988527476787567,-0.1198607087135315,-0.03562125563621521
0.04856625199317932,0.12789428234100342,0.1977359801530838
0.2537541389465332,0.29306328296661377,0.3154740333557129,0.3233709931373596
0.32021647691726685,0.30896294116973877,0.29143932461738586,0.26874488592147827
0.2417428344488144,0.21077904105186462,0.17497007548809052,0.13225647807121277
0.08071266114711761,0.020245075225830078,-0.046775102615356445,-0.11649537831544876
-0.18506425619125366,-0.2491399645805359,-0.3054220974445343,-0.3503953218460083
-0.38098055124282837,-0.395488440990448,-0.39372718334198
-0.37603357434272766,-0.342323899269104,-0.2923465967178345,-0.2270394265651703
-0.14958086609840393,-0.06496398150920868,0.021378137171268463,0.10445666313171387
0.1796232908964157,0.24235644936561584,0.28899866342544556,0.3181503415107727
0.3312298059463501,0.33146870136260986,0.32220399379730225,0.3057721257209778
0.2835530638694763,0.2565944790840149,0.22572137415409088,0.19085736572742462
0.15055568516254425,0.10274453461170197,0.046425722539424896
-0.01706962287425995,-0.0844261422753334,-0.15182235836982727,-0.21593299508094788
-0.27373552322387695,-0.3219955563545227,-0.357512891292572,-0.3780575096607208
-0.3829270303249359,-0.37238720059394836,-0.3465689718723297,-0.3051241636276245
-0.24820458889007568,-0.1778438240289688,-0.09823517501354218,-0.01463310420513153
0.06786803901195526,0.14462004601955414,0.2111065536737442,0.2631880044937134
0.29834258556365967,0.3167791962623596,0.3211106061935425
0.3147960305213928,0.3006499707698822,0.2804067134857178,0.2552536725997925
0.2262822538614273,0.19404882192611694,0.1578085720539093,0.11566239595413208
0.06595553457736969,0.00890716165304184,-0.05297717824578285,-0.11604465544223785
-0.17688234150409698,-0.23261955380439758,-0.2803851366043091,-0.31710562109947205
-0.3401854634284973,-0.348373144865036,-0.3417288362979889,-0.320625364780426
-0.28492674231529236,-0.23439916968345642,-0.17010360956192017
-0.09532330930233002,-0.015004664659500122,0.06560985743999481,0.1417664885520935,0.20904889702796936,0.2632368803024292,0.30113887786865234,0.32191747426986694
0.3710191249847412,0.5066202878952026,0.6117793917655945,0.6716738939285278,0.6807752847671509
0.6416997313499451,0.5631767511367798,0.4578188359737396,0.33993154764175415
0.22370514273643494,0.12205895781517029,0.046149078756570816,0.005173615179955959
0.005817845929414034,0.05107397213578224,0.13887834548950195,0.2610957622528076
0.4031773805618286,0.5451356172561646,0.6645509004592896,0.7411110997200012
0.7609415650367737,0.7193137407302856,0.6216264963150024,0.4830457866191864
0.3265109658241272,0.1787874698638916
0.06541574746370316,0.00600748136639595,0.010851599276065826,0.07906343042850494
0.19823509454727173,0.3461630940437317,0.49543440341949463,0.6199474334716797
0.7006248831748962,0.728101909160614,0.7023829817771912,0.6309120655059814
0.5261786580085754,0.4032635986804962,0.2776426374912262,0.1635740101337433
0.0732329711318016,0.016440510749816895,0.0003912824031431228,0.028857311233878136
0.10104598850011826,0.21064358949661255,0.3453068137168884
0.4870119094848633,0.6141404509544373,0.7054792046546936,0.7447881698608398
0.7241832613945007,0.6456565260887146,0.5210890173912048,0.37083181738853455
0.22044044733047485,0.09589054435491562,0.018633674830198288,0.001795010408386588
0.04801051691174507,0.14877751469612122,0.2854239046573639,0.432501882314682
0.563621997833252,0.6575723886489868,0.7020348310470581,0.6940963864326477
0.6387070417404175,0.5464751720428467,0.4313599765300751
0.3084651231765747,0.19226759672164917,0.09553555399179459,0.028893662616610527
0.0005761883221566677,0.01575179398059845,0.07535853236913681,0.1749999225139618
0.30428948998451233,0.44684484601020813,0.5816741585731506,0.6866382956504822
0.743224024772644,0.7406795620918274,0.6781284809112549,0.5647925734519958,0.4188767671585083,0.2649051547050476,0.12938199937343597,0.03575894236564636
0.0001091590165742673,0.028356248512864113,0.11520072817802429
0.2446398288011551,0.39254871010780334,0.5318131446838379,0.6387182474136353,0.69781893491745,0.703528642654419,0.6589781045913696,0.5737684965133667,0.46158260107040405,0.3378754258155823,0.21785125136375427,0.1150321513414383,0.04059011861681938,0.0031855471897870302,0.008621894754469395,0.05890439450740814
0.15109404921531677,0.2765503227710724,0.42075058817863464,0.5640665888786316,0.6843247413635254,0.761138916015625,0.7804688811302185
0.7376126050949097,0.6381391286849976,0.4972977340221405,0.3380105495452881
0.18711622059345245,0.07036660611629486,0.007552096154540777,0.008958236314356327
0.07362454384565353,0.18930912017822266,0.3342660665512085,0.4814387857913971
0.6046673059463501,0.6845536231994629,0.7115046381950378,0.6855265498161316
0.6141829490661621,0.5100956559181213,0.3884764611721039,0.2649044990539551
0.1536395251750946,0.06668448448181152,0.013520065695047379
0.0009639792260713875,0.03254319727420807,0.10743457823991776,0.21952667832374573
0.3568982481956482,0.5019786357879639,0.6332395076751709,0.7289517521858215
0.8786216974258423,0.8681111931800842,0.8218218684196472,0.7409303784370422
0.6282939910888672,0.4885052442550659,0.3276682198047638,0.15294015407562256
-0.027958035469055176,-0.2071000039577484,-0.3765043020248413,-0.5282816290855408
-0.6551917791366577,-0.7516065835952759,-0.8143020272254944
-0.8425720930099487,-0.8377105593681335,-0.8023208975791931,-0.7398150563240051
-0.65407794713974,-0.5491544008255005,-0.4289419651031494,-0.2969655990600586
-0.15635648369789124,-0.01011231541633606,0.13849711418151855,0.28565579652786255
0.4269552230834961,0.5574181079864502,0.6715184450149536,0.7634271383285522
0.8276695609092712,0.8599483966827393,0.8576714992523193,0.8200042843818665
0.7477061748504639,0.6431114077568054,0.5102322101593018
0.35467982292175293,0.18329578638076782,0.003657400608062744,-0.17635469138622284
-0.3488060534000397,-0.5058326125144958,-0.6399968862533569,-0.745104193687439
-0.8171082735061646,-0.8545110821723938,-0.8580700159072876,-0.830123782157898
-0.7739741802215576,-0.6934719085693359,-0.592694103717804,-0.4756377935409546
-0.3459637463092804,-0.20687910914421082,-0.06127983331680298,0.0878608375787735
0.23708990216255188,0.38228827714920044,0.5186883807182312
0.6409348249435425,0.7432258129119873,0.8197835683822632,0.8656448125839233,0.8773791193962097,0.853366494178772,0.7936872839927673,0.7000205516815186,0.5757261514663696,0.4258718490600586,0.2569843828678131,0.07658743858337402
-0.10729376971721649,-0.2865143418312073,-0.4530118703842163,-0.5990300178527832
-0.7177185416221619,-0.8040444850921631,-0.855457603931427,-0.8718832731246948
-0.8551507592201233,-0.8083105087280273,-0.7351410388946533
-0.6398077011108398,-0.526559591293335,-0.3994356393814087,-0.2620351016521454
-0.11749979853630066,0.031197458505630493,0.18082711100578308,0.3276408314704895
0.4673250913619995,0.594978928565979,0.7051161527633667,0.7919695973396301
0.8502099514007568,0.8757695555686951,0.8663280606269836,0.8213278651237488
0.7418243288993835,0.6304921507835388,0.4917076826095581,0.33142176270484924,0.1567613184452057,-0.024476096034049988
-0.20426174998283386,-0.3745962381362915,-0.5276643633842468,-0.6562336683273315
-0.7544649839401245,-0.8187378644943237,-0.8479470610618591,-0.8431532382965088
-0.8069329261779785,-0.7428236603736877,-0.6549319624900818,-0.5475839376449585
-0.4250001311302185,-0.29105639457702637,-0.14920616149902344,-0.002646714448928833
0.14533112943172455,0.29106006026268005,0.4304335117340088,0.5589033961296082
0.6714003086090088,0.7624186277389526,0.8265545964241028,0.8593554496765137
0.8580114841461182,0.821559727191925,0.7507266998291016,0.6478115320205688
0.5167338848114014,0.3629950284957886,0.19336923956871033,0.01542326807975769
-0.16296234726905823,-0.3339444100856781,-0.48988986015319824,-0.6235832571983337
-0.728806734085083,-0.8011968731880188,-0.838829517364502,-0.8421443104743958
-0.8133619427680969,-0.7558317184448242,-0.6735512614250183,-0.5708094239234924,-0.4518728256225586,-0.32072150707244873,-0.18088960647583008
-0.03551912307739258,0.11232895404100418,0.2592819035053253,0.40143948793411255,0.5343635082244873,0.6530832052230835,0.7521237134933472,0.8258565068244934
0.8692688345909119,0.8787980675697327,0.8527714014053345,0.7913568019866943
0.6963679790496826,0.5712302327156067,0.4209948182106018,0.2521418035030365
0.07215267419815063,-0.11099263280630112,-0.2892458438873291,-0.4547313153743744
-0.599888026714325,-0.7178753614425659,-0.8033788204193115
-0.8533996939659119,-0.8675042390823364,-0.8474360108375549,-0.7964383363723755
-0.7186610102653503,-0.6187191605567932,-0.5013153553009033,-0.37091317772865295
-0.2315082848072052,-0.08657163381576538,0.06075663864612579,0.2072993814945221
0.34953802824020386,0.4834953546524048,0.6046903729438782,0.7081100940704346
0.7884116172790527,0.8405333757400513,0.8605268597602844,0.8461655974388123
0.7970601320266724,0.7144672274589539,0.6011800169944763
0.46155816316604614,0.3014413118362427,0.12780657410621643,-0.051717475056648254
-0.22931069135665894,-0.39726385474205017,-0.5481075644493103,-0.6748364567756653
-0.7715303897857666,-0.834198534488678,-0.8613038063049316,-0.8536475300788879
-0.8137996196746826,-0.7454826831817627,-0.6530988812446594,-0.541340708732605
-0.41484516859054565,-0.27791357040405273,-0.1343543529510498,0.012449070811271667
0.15923255681991577,0.30250900983810425,0.4384162724018097
0.5627017021179199,0.6706610918045044,0.7571582198143005,0.8170452117919922
0.8459736704826355,0.8411720991134644,0.8017592430114746,0.7285875678062439
0.6240202784538269,0.4919068217277527,0.3375846743583679,0.1676672399044037
-0.01037260890007019,-0.18868806958198547,-0.35947975516319275,-0.5152206420898438
-0.6487859487533569,-0.7538670301437378,-0.8257637619972229,-0.8620993494987488
-0.862969160079956,-0.8305040597915649,-0.7682231664657593
-0.6804830431938171,-0.572046160697937,-0.44770097732543945,-0.3119417726993561
-0.1687617301940918,-0.02163238823413849,0.12627026438713074,0.27169421315193176
0.41104745864868164,0.540327787399292,0.6550734639167786,0.7503107786178589
0.8207841515541077,0.8616323471069336,0.8692560195922852,0.8419009447097778
0.7797104120254517,0.6845027208328247,0.5596575736999512,0.41011422872543335
0.24223607778549194,0.06344440579414368,-0.11828169226646423
-0.2948994040489197,-0.4586460292339325,-0.6022018790245056,-0.7189387083053589
-0.8035321235656738,-0.8527398109436035,-0.8658180236816406,-0.8443139791488647
-0.7914569973945618,-0.7115234136581421,-0.6093240976333618,-0.48979151248931885,-0.3576500415802002,-0.21717289090156555,-0.0720633864402771,0.07444123923778534,0.21924501657485962,0.359058678150177,0.4902501702308655,0.6087855100631714,0.7101184129714966,0.7892265319824219,0.8410924673080444
0.8615560531616211,0.8480884432792664,0.8000735640525818,0.7186446189880371
0.6064853072166443,0.46780163049697876,0.30827826261520386,0.1348235011100769
-0.04486934840679169,-0.2228212058544159,-0.3911858797073364,-0.5424609780311584
-0.6696279048919678,-0.7665965557098389,-0.8290040493011475,-0.8549036979675293
-0.8448740243911743,-0.8015422821044922,-0.7289068102836609,-0.6317614912986755
-0.5152442455291748,-0.3844577968120575,-0.24416854977607727
-0.09860798716545105,0.048548415303230286,0.1939661204814911,0.33432114124298096
0.4660823941230774,0.585435152053833,0.6881888508796692,0.7697262763977051
0.8252876400947571,0.8506772518157959,0.84307861328125,0.801509439945221
0.7267571687698364,0.6211180686950684,0.48829227685928345,0.3333926498889923
0.16282811760902405,-0.016026794910430908,-0.19530056416988373,-0.36710697412490845
-0.5238745808601379,-0.6584892272949219,-0.7645528316497803
-0.8370357751846313,-0.8730668425559998,-0.8723101615905762,-0.8367058634757996
-0.7698470950126648,-0.6763603687286377,-0.5614069700241089,-0.43027448654174805
-0.28804513812065125,-0.13934814929962158,0.011749610304832458,0.16163749992847443
0.30687040090560913,0.4438830018043518,0.5688637495040894,0.6777135729789734
0.7659964561462402,0.8290516138076782,0.8624975085258484,0.8630385994911194
0.8291390538215637,0.7611854672431946,0.661239743232727
0.5327906012535095,0.38067781925201416
0.21102753281593323,0.03102394938468933,-0.1514989733695984,-0.32855668663978577
-0.4924435019493103,-0.6359485387802124,-0.7525051832199097,-0.8366380333900452
-0.8847238421440125,-0.8955944776535034,-0.8705453276634216,-0.8128021359443665
-0.7268378734588623,-0.6177909970283508,-0.4910028576850891,-0.35165268182754517
-0.2044927179813385,-0.05370333790779114,0.09706494957208633,0.2444392442703247
0.3850034475326538,0.5151143670082092,0.6308541893959045,0.7279690504074097
0.8018689751625061,0.8479698300361633,0.8624287843704224,0.8429374098777771
0.7891100645065308,0.702347993850708,0.5855445265769958,0.44296616315841675
0.2802371382713318,0.10419252514839172,-0.07748398184776306,-0.2567673921585083
-0.4257911741733551,-0.5771437883377075,-0.7039723992347717,-0.8002522587776184
-0.8614588379859924,-0.8853315711021423,-0.8721876740455627,-0.8245986104011536
-0.7467230558395386,-0.6436553597450256,-0.5209020376205444,-0.38396966457366943
-0.23804715275764465,-0.08778208494186401,0.06279551982879639,0.21013009548187256
0.3508363962173462,0.48145413398742676,0.5983687043190002,0.6977478861808777
0.7754536867141724,0.8271876573562622,0.8490527272224426,0.8383538126945496
0.7941799163818359,0.7174407243728638,0.6105585694313049,0.4772598147392273
0.32256457209587097,0.1527397632598877,-0.024961069226264954
-0.20274627208709717,-0.37279999256134033,-0.527686357498169,-0.6605206727981567
-0.7651059031486511,-0.8364080190658569,-0.8713252544403076,-0.869232714176178
-0.8319119215011597,-0.7629793882369995,-0.6672113537788391,-0.5499910712242126
-0.41686707735061646,-0.273184210062027,-0.12379178404808044,0.027117833495140076
0.17594397068023682,0.3193797469139099,0.45407718420028687,0.5764895677566528
0.6828311681747437,0.7690001726150513,0.8306083083152771
0.8633946776390076,0.8640099763870239,0.8307742476463318,0.7639487385749817
0.6655011773109436,0.5387920141220093,0.3884785771369934,0.22051507234573364
0.04199150204658508,-0.13926821947097778,-0.31525135040283203,-0.4782629907131195
-0.6211918592453003,-0.7375897169113159,-0.8219629526138306,-0.8704606890678406
-0.8815652132034302,-0.8562695980072021,-0.797656774520874,-0.7102228999137878
-0.5992641448974609,-0.47039175033569336,-0.32913634181022644
-0.18062672019004822,-0.029371589422225952,0.12076745927333832,0.26635897159576416
0.4040640592575073,0.5304237604141235,0.6418298482894897,0.7344831228256226
0.804318904876709,0.8471873998641968,0.8594591617584229,0.8388252258300781
0.7848090529441833,0.6987229585647583,0.5833370685577393,0.4426916837692261
0.28209424018859863,0.10805371403694153,-0.07200062274932861,-0.250188946723938
-0.4187062382698059,-0.5701881051063538,-0.6978286504745483
-0.7955448627471924,-0.8585341572761536,-0.8840650320053101,-0.8719581365585327
-0.824439287185669,-0.7455493211746216,-0.6404860615730286,-0.5150448679924011
-0.3751456141471863,-0.2264472246170044,-0.07406553626060486,0.07757149636745453
0.22466444969177246,0.36379048228263855,0.4916347861289978,0.6048610210418701
0.7000405192375183,0.7735425233840942,0.8215633034706116,0.8405364155769348
0.8278630375862122,0.7825549244880676,0.7053937315940857
0.5986701250076294,0.46593308448791504,0.311968594789505,0.1428128182888031
-0.034449636936187744,-0.21212589740753174,-0.3824561536312103,-0.5380645990371704
-0.6721538305282593,-0.7785724997520447,-0.8521592020988464,-0.8894582390785217
-0.8893627524375916,-0.8532114028930664,-0.7843354344367981,-0.6874175667762756
-0.5679185390472412,-0.43160420656204224,-0.28415369987487793,-0.1308472752571106
0.02363283932209015,0.17521396279335022,0.3202325105667114
0.4551559090614319,0.5764337778091431,0.6804777383804321,0.7636029720306396
0.8219826221466064,0.8518836498260498,0.8502914905548096,0.815653920173645
0.7482616901397705,0.6500862240791321,0.524429976940155,0.37577056884765625
0.20976024866104126,0.033131420612335205,-0.14661525189876556,-0.32169198989868164
-0.48452842235565186,-0.6280934810638428,-0.7459896802902222,-0.8326311111450195
-0.8838087916374207,-0.8974365592002869,-0.8739326000213623
-0.8159750699996948,-0.7278881072998047,-0.615017831325531,-0.483212947845459
-0.33838382363319397,-0.18613708019256592,-0.03151226043701172,0.12112630158662796
0.2679820656776428,0.40555816888809204,0.5304373502731323,0.6392226815223694
0.728502631187439,0.7947655916213989,0.8344565033912659,0.8443916440010071
0.8224613070487976,0.7682071924209595,0.6829007267951965,0.5692545175552368
0.4311895966529846,0.2738003730773926,0.10332432389259338
-0.0730772465467453,-0.24774879217147827,-0.41306450963020325,-0.5618425607681274
-0.6874947547912598,-0.7840964794158936,-0.8467876315116882,-0.8725283741950989
-0.8607164621353149,-0.8132287263870239,-0.7339391708374023,-0.6280580163002014
-0.5015113949775696,-0.36040881276130676,-0.21061789989471436,-0.05746307969093323
0.0944327563047409,0.24111132323741913,0.37904584407806396,0.5048781633377075
0.6153129935264587,0.7071020603179932,0.7769642472267151
0.8215497136116028,0.8376898765563965,0.822989284992218,0.7764872908592224,0.6989546418190002
0.592713475227356,0.46133148670196533,0.30949634313583374,0.14300906658172607
-0.031328603625297546,-0.20605236291885376,-0.37354642152786255,-0.5265502333641052
-0.6584237217903137,-0.7631756067276001,-0.8356484770774841,-0.8721210956573486
-0.8710284233093262,-0.833280086517334,-0.76198810338974,-0.6618595719337463
-0.5385705828666687,-0.3982306122779846,-0.24695149064064026,-0.0905187726020813
0.06584939360618591,0.21761438250541687,0.3608240783214569,0.4918808937072754
0.6073834896087646,0.7041025161743164,0.7789266705513,0.828754186630249
0.8505621552467346,0.8418489694595337,0.8013138771057129,0.7293331027030945
0.6279323697090149,0.5004658699035645,0.35139337182044983,0.1862415075302124
0.011545538902282715,-0.1654137372970581,-0.33707642555236816,-0.4961264729499817
-0.6358461380004883
-0.7501866221427917,-0.8338088989257812,-0.8824887871742249,-0.8938411474227905
-0.8678549528121948,-0.8068628907203674,-0.7150570154190063,-0.597873330116272
-0.4614226818084717,-0.31199952960014343,-0.15567529201507568,0.0020090341567993164
0.1562073528766632,0.3027455806732178,0.43793901801109314,0.5584028363227844
0.660984456539154,0.7427217960357666,0.8007127642631531,0.832050085067749
0.8340815901756287,0.8050258755683899,0.7446024417877197
0.6542335748672485,0.5367993712425232,0.39633679389953613,0.23792919516563416
0.06767967343330383,-0.10745631903409958,-0.2800647020339966,-0.4427901804447174
-0.5887681841850281,-0.7117741107940674,-0.8061937093734741,-0.8672427535057068
-0.8916292190551758,-0.8782842755317688,-0.8286321759223938,-0.7462689280509949
-0.6363369226455688,-0.5048907399177551,-0.3583606481552124,-0.20311897993087769
-0.04512876272201538,0.11031727492809296,0.2586970925331116
0.39615634083747864,0.5193046927452087,0.6250855922698975,0.7107206583023071
0.7735905051231384,0.8110916018486023,0.8207175135612488,0.8005139231681824
0.7497193813323975,0.6691545844078064,0.5611394643783569,0.42919856309890747
0.2779020369052887,0.1128542423248291,-0.05938318371772766,-0.23158246278762817
-0.39633771777153015,-0.5465870499610901,-0.6759178638458252,-0.7785735726356506
-0.8494940400123596,-0.8847822546958923,-0.882466197013855
-0.8430036306381226,-0.7691962122917175,-0.6656676530838013,-0.538227915763855
-0.39329785108566284,-0.23743608593940735,-0.07695531845092773,0.08238650858402252
0.2355777472257614,0.3783586323261261,0.5070632696151733,0.6184609532356262
0.7096982002258301,0.7782261967658997,0.8216456770896912,0.8376513719558716
0.824295699596405,0.7805577516555786,0.7068746089935303,0.6052441596984863
0.4789468050003052,0.3322826623916626,0.17050838470458984
-0.00018396973609924316,-0.1728549748659134,-0.3402273952960968,-0.4952070116996765
-0.6312928199768066,-0.7426888942718506,-0.8242624998092651,-0.8717779517173767
-0.8825474977493286,-0.8561036586761475,-0.7943980097770691,-0.7014323472976685
-0.582612156867981,-0.444118857383728,-0.29240959882736206,-0.13383561372756958
0.0256664901971817,0.18082007765769958,0.32711201906204224,0.4606970548629761
0.5782121419906616,0.6766735911369324,0.7534371614456177
0.8060919046401978,0.832344651222229,0.8301157355308533,0.7979735136032104
0.7357187271118164,0.6446971893310547,0.5276761054992676,0.3885655403137207
0.23227748274803162,0.06468963623046875,-0.10748730599880219,-0.2770475447177887
-0.43678945302963257,-0.5800026059150696,-0.7006882429122925,-0.7934889793395996
-0.8537346124649048,-0.8779529929161072,-0.8646296262741089,-0.8146690726280212
-0.7312631607055664,-0.6193392872810364,-0.48492395877838135
-0.3346042037010193,-0.17509725689888,-0.012875467538833618,0.14616942405700684
0.29695263504981995,0.43521490693092346,0.5573559403419495,0.6602779626846313
0.741337239742279,0.7982668280601501,0.8290178775787354,0.831710696220398
0.8049027323722839,0.7481294274330139,0.6623614430427551,0.5500511527061462
0.4148760437965393,0.26151835918426514,0.09558963775634766,-0.07645894587039948
-0.24759551882743835,-0.4106459319591522,-0.558790922164917
-0.6858997941017151,-0.7865598201751709,-0.8560178279876709,-0.890457034111023
-0.8876765966415405,-0.8477137684822083,-0.7729499936103821,-0.6677070260047913
-0.5376455783843994,-0.3892024755477905,-0.22913295030593872,-0.0641302764415741
0.09952390938997269,0.2562564015388489,0.401341050863266,0.5308278799057007
0.6413841247558594,0.7302035093307495,0.7949515581130981,0.8336435556411743
0.8445197939872742,0.8261259198188782,0.7777242064476013
0.6998388171195984,0.5945032238960266,0.4650726914405823,0.3159239888191223
0.15232154726982117,-0.01962609589099884,-0.19312578439712524,-0.36106058955192566
-0.5164862871170044,-0.653071939945221,-0.7652438879013062,-0.8480689525604248
-0.8973149657249451,-0.9099866151809692,-0.885052502155304,-0.8238307237625122
-0.729820191860199,-0.6081841588020325,-0.4651743769645691,-0.30762147903442383
-0.1424887776374817,0.023542121052742004,0.18443931639194489
0.3350505828857422,0.4711083173751831,0.5890780091285706,0.6860406398773193,0.7596421837806702,0.8079710602760315,0.8293591141700745,0.8223176002502441
0.02900613285601139,0.04219887778162956,0.05588575825095177,0.06840793788433075,0.07781375199556351
0.08223210275173187,0.08031392097473145,0.07167922705411911,0.057299938052892685,0.03958519175648689,0.021946704015135765,0.00797529798001051,0.0006343760178424418,0.0017003759276121855,0.011393191292881966,0.028207099065184593,0.04914162680506706,0.07035765796899796,0.08794853091239929,0.09858521074056625,0.10012058913707733,0.09221285581588745,0.07664921134710312,0.0569150373339653,0.03701009601354599,0.020169591531157494,0.00821649469435215,0.0016461339546367526
4.469993291422725e-05,0.002538073807954788,0.008181940764188766,0.016206126660108566,0.026023853570222855,0.03703285753726959,0.04836380109190941,0.05875344201922417
0.066635861992836,0.07043153792619705,0.06893297284841537,0.06170156970620155
0.049426283687353134,0.034087225794792175,0.018682140856981277,0.006511255633085966
0.0003727039438672364,0.0019925045780837536,0.011689427308738232,0.02821042761206627
0.04887804388999939,0.07014543563127518,0.08831354230642319
0.10011199116706848,0.10319525748491287,0.09673129767179489,0.081907257437706
0.061850715428590775,0.04069783166050911,0.022226670756936073,0.008881072513759136
0.0015950006200000644,0.00014111916243564337,0.0035999962128698826,0.010798802599310875
0.02065630443394184,0.03232044354081154,0.04504329711198807,0.057913247495889664
0.06966172903776169,0.0786924883723259,0.08334766328334808,0.08230619877576828
0.07498349994421005,0.06188436225056648,0.04483110085129738
0.026832982897758484,0.01145543809980154,0.0019394095288589597,0.0004972509923391044
0.00791836902499199,0.023361410945653915,0.0443761944770813,0.06734470278024673,0.08824440091848373,0.1033654734492302,0.1098446324467659,0.10621187090873718
0.09298061579465866,0.07285068929195404,0.050050124526023865,0.028956184163689613
0.012794341892004013,0.0031142709776759148,4.518212222137663e-07,0.0025642423424869776
0.009455395862460136,0.019313178956508636,0.03103298880159855
0.04373844340443611,0.05653274804353714,0.06826197355985641,0.077483169734478
0.08267249166965485,0.08257357031106949,0.07655066251754761,0.06488973647356033
0.049017876386642456,0.031484752893447876,0.015518980100750923,0.004254223313182592
4.473713488550857e-06,0.003833858296275139,0.015357917174696922,0.03271827474236488
0.05286024510860443,0.07214829325675964,0.08706292510032654,0.09475100040435791
0.09351062774658203,0.08332338184118271,0.0661873072385788
0.04578189551830292,0.026341421529650688,0.011289490386843681,0.0024411273188889027
2.9885863114031963e-05,0.0031875642016530037,0.01049740705639124,0.020482998341321945,0.03193371742963791,0.0439540259540081,0.05575612559914589,0.06639277935028076
0.07464443147182465,0.07914451509714127,0.07869412750005722,0.07264026999473572
0.061209481209516525,0.04574228450655937,0.02871786803007126,0.013389495201408863,0.003027215600013733,9.517820581095293e-05,0.005719916429370642
0.019480392336845398,0.03939848020672798,0.062194276601076126,0.08391198515892029
0.10072507709264755,0.10958489030599594,0.10866514593362808,0.3127315044403076
0.28082776069641113,0.23585739731788635,0.1811308115720749,0.12076583504676819
0.058801814913749695,-0.0014541372656822205,-0.05760997533798218,-0.10813972353935242
-0.15233778953552246,-0.1902243196964264,-0.222256138920784,-0.24886099994182587
-0.27001088857650757,-0.28505098819732666,-0.29282206296920776
-0.2919522523880005,-0.2811567187309265,-0.25945740938186646,-0.22637015581130981
-0.18214458227157593,-0.1279861181974411,-0.06605009734630585,0.0008666366338729858
0.06971532106399536,0.13738912343978882,0.20073524117469788,0.2566404342651367
0.3023039400577545,0.33550047874450684,0.3546048104763031,0.35845744609832764
0.346382737159729,0.3185143768787384,0.2762458622455597,0.222434401512146
0.16106104850769043,0.09641677141189575,0.03229603171348572
-0.028383657336235046,-0.08360546082258224,-0.13220886886119843,-0.1738433539867401
-0.208780437707901,-0.23751191794872284,-0.2602856755256653,-0.27682429552078247
-0.2863241136074066,-0.28766176104545593,-0.2796752452850342,-0.26139721274375916
-0.2322252243757248,-0.19213269650936127,-0.14193642139434814,-0.08342476189136505
-0.019164904952049255,0.04790347069501877,0.1147727519273758,0.17841732501983643
0.23578371107578278,0.28397026658058167,0.3205282688140869
0.34360459446907043,0.3518499732017517,0.34434378147125244,0.3208083212375641
0.2820698916912079,0.2304244339466095,0.16954405605793,0.10382328927516937
0.03748781979084015,-0.026021558791399002,-0.08422540873289108,-0.1355779469013214
-0.17941799759864807,-0.2158350944519043,-0.2453359216451645,-0.26836544275283813
-0.28491002321243286,-0.2943722605705261,-0.29572129249572754,-0.2877901494503021
-0.2695707082748413,-0.24042555689811707,-0.20026490092277527
-0.1497678905725479,-0.09056229889392853,-0.025154486298561096,0.04342476278543472
0.11201153695583344,0.17748092114925385,0.23673567175865173,0.286773681640625
0.3249533176422119,0.34925246238708496,0.35828858613967896,0.35119399428367615
0.32765883207321167,0.2882770001888275,0.23497605323791504,0.17114537954330444
0.10120190680027008,0.029726266860961914,-0.03931911662220955,-0.1029287576675415,-0.15906904637813568
-0.20662540197372437,-0.24532447755336761,-0.27551692724227905,-0.2977748513221741
-0.3124564588069916,-0.3194560408592224,-0.31822338700294495,-0.30799129605293274,-0.2880569100379944,-0.2579738199710846,-0.21767807006835938,-0.16766764223575592
-0.10921861231327057,-0.04444698989391327,0.02392447739839554,0.0929592102766037
0.15974758565425873,0.22139322757720947,0.2749868631362915,0.31779879331588745
0.34758391976356506,0.36272352933883667,0.3621390759944916,0.34522414207458496,0.31206145882606506
0.26387426257133484,0.20336294174194336,0.1345575898885727,0.06210219860076904
-0.00964134931564331,-0.07714676856994629,-0.13784481585025787,-0.19009122252464294
-0.23314180970191956,-0.26704075932502747,-0.29229915142059326,-0.30942875146865845
-0.3185657262802124,-0.31936711072921753,-0.3111703395843506,-0.2932755947113037
-0.2651956379413605,-0.22681289911270142,-0.17851877212524414,-0.12140648066997528
-0.05741459131240845,0.010777167975902557
0.08011798560619354,0.14756007492542267,0.21017934381961823,0.2651256024837494
0.3096954822540283,0.34159818291664124,0.35917043685913086,0.36134955286979675
0.34754881262779236,0.31773650646209717,0.2728014588356018,0.21496477723121643
0.1478593349456787,0.076031893491745,0.004056170582771301,-0.06421133875846863
-0.12591950595378876,-0.17919960618019104,-0.2230909913778305,-0.25745832920074463
-0.2827616333961487,-0.2996270954608917,-0.3084011971950531
-0.30893170833587646,-0.30065298080444336,-0.28287172317504883,-0.25506824254989624
-0.21708670258522034,-0.16925275325775146,-0.11253061890602112,-0.04869723320007324
0.019653402268886566,0.08941031992435455,0.15739630162715912,0.2206321358680725
0.27632272243499756,0.3218279182910919,0.3548316955566406,0.3735947608947754
0.3770337700843811,0.364589661359787,0.33615586161613464,0.2923143208026886
0.23478460311889648,0.16671544313430786,0.092457115650177
0.016783297061920166,-0.055997904390096664,-0.12254165858030319,-0.18053267896175385
-0.22861431539058685,-0.2663363218307495,-0.2940163314342499,-0.31238824129104614
-0.3221242427825928,-0.3234805464744568,-0.31622862815856934,-0.29984402656555176
-0.273815393447876,-0.23790062963962555,-0.19225339591503143,-0.13752418756484985
-0.07503639161586761,-0.006917946040630341,0.06402169913053513,0.13466672599315643
0.20195139944553375,0.26296597719192505,0.31491148471832275
0.35518038272857666,0.38161566853523254,0.3927106261253357,0.38758182525634766
0.3658720850944519,0.32785940170288086,0.2748207747936249,0.20940133929252625
0.1356164962053299,0.05827638506889343,-0.017929136753082275,-0.08914484828710556
-0.15259157121181488,-0.2065168023109436,-0.2501043379306793,-0.2833592891693115
-0.30684196949005127,-0.3212319016456604,-0.32691431045532227,-0.32380521297454834
-0.3114619255065918,-0.28937268257141113,-0.25724297761917114
-0.21515575051307678,-0.16366612911224365,-0.10394375026226044,-0.03792011737823486
0.03174283355474472,0.10195812582969666,0.16961275041103363,0.23176933825016022
0.2856387495994568,0.32857954502105713,0.35829195380210876,0.37306642532348633
0.37185683846473694,0.3541888892650604,0.3201572299003601,0.27068206667900085
0.20789805054664612,0.1353445053100586,0.05764587223529816,-0.02030012011528015,-0.09416824579238892,-0.16063816845417023,-0.21742714941501617
-0.2632087469100952,-0.29755938053131104,-0.3208286166191101,-0.33379748463630676
-0.3372172713279724,-0.33148491382598877,-0.31659895181655884,-0.29235318303108215
-0.25862187147140503,-0.21557047963142395,-0.16375254094600677,-0.10421009361743927
-0.03863087296485901,0.030590470880270004,0.10055376589298248,0.1682327389717102
0.23074567317962646,0.28536999225616455,0.3294864296913147,0.36071091890335083
0.3771807551383972,0.37772753834724426,0.36181652545928955
0.32944998145103455,0.2812967598438263,0.2190583050251007,0.14580318331718445
0.06589512526988983,-0.01565854251384735,-0.09412319213151932,-0.16567641496658325,-0.2275799959897995,-0.27811139822006226,-0.31649717688560486,-0.34283533692359924
-0.35783851146698,-0.3623841106891632,-0.35709720849990845,-0.3421841263771057
-0.31755271553993225,-0.2830949127674103,-0.23894158005714417,-0.1855907440185547,-0.12398752570152283,-0.05566127598285675,0.017143823206424713
0.091542549431324,0.16435036063194275,0.23246395587921143,0.293003112077713
0.34324944019317627,0.38066911697387695,0.40315183997154236,0.4092729687690735
0.39833980798721313,0.3702714145183563,0.32559117674827576,0.2656932771205902
0.19322246313095093,0.11220790445804596,0.027660652995109558,-0.055288560688495636
-0.13222277164459229,-0.19982723891735077,-0.25589805841445923,-0.29925960302352905
-0.32969462871551514,-0.34776774048805237,-0.3544429540634155
-0.35062411427497864,-0.3368677794933319,-0.3133878707885742,-0.28028061985969543
-0.237788125872612,-0.18645109236240387,-0.12717284262180328,-0.06132911145687103
0.009071670472621918,0.08136984705924988,0.15251974761486053,0.21949711441993713
0.27954697608947754,0.33015692234039307,0.3689667880535126,0.3938773274421692
0.4033229947090149,0.39643394947052,0.3729631006717682,0.33318933844566345
0.2780662477016449,0.20960336923599243,0.13117656111717224
0.047391459345817566,-0.036623984575271606
-0.1161273866891861,-0.1873360574245453,-0.2475452721118927,-0.2950584292411804
-0.3291446566581726,-0.34996533393859863,-0.35830560326576233,-0.35514187812805176
-0.3412731885910034,-0.31719639897346497,-0.2832334041595459,-0.23977965116500854
-0.18750226497650146,-0.12742172181606293,-0.06095777451992035,0.009971179068088531
0.08286528289318085,0.1547657549381256,0.22261323034763336,0.28358304500579834
0.335150808095932,0.3749880790710449,0.40098923444747925,0.4115125834941864
0.40560558438301086,0.3830036520957947,0.34400221705436707,0.289483904838562
0.22120219469070435,0.14212428033351898,0.05649174749851227,-0.030652329325675964
-0.11432807147502899,-0.1903596967458725,-0.2556600570678711,-0.3081987202167511
-0.34692808985710144,-0.37173065543174744,-0.3832436501979828,-0.3824787437915802
-0.3703988194465637,-0.34768518805503845,-0.3147726058959961,-0.2720651626586914
-0.2201683670282364,-0.16001243889331818,-0.0928967297077179,-0.020572200417518616
0.0546397864818573,0.1298631727695465,0.20193839073181152,0.26780492067337036
0.324709415435791,0.3701668977737427,0.40191569924354553,0.41808217763900757
0.41745367646217346,0.3995972275733948,0.364758163690567,0.3137601613998413
0.24814090132713318,0.170485720038414,0.08465979993343353,-0.004418477416038513
-0.09153056889772415,-0.17201411724090576,-0.24224591255187988
-0.2997259795665741,-0.34301912784576416,-0.3717074394226074,-0.3862827718257904,-0.3878377377986908,-0.3776100277900696,-0.35661885142326355,-0.3255624771118164
-0.2849712371826172,-0.23546895384788513,-0.17795342206954956,-0.11364154517650604
-0.044101282954216,0.02863408997654915,0.10198340564966202,0.1729722023010254
0.23860889673233032,0.296189546585083,0.343318372964859,0.3777986168861389,0.3976955711841583,0.4016055762767792,0.3888651728630066
0.35950756072998047,0.3141154944896698,0.2538622319698334,0.1807982623577118
0.09816749393939972,0.01041877269744873,-0.07731848955154419,-0.16009336709976196
-0.23380503058433533,-0.2954328656196594,-0.3430078625679016,-0.3755735754966736,-0.3931562006473541,-0.39657896757125854,-0.38706323504447937,-0.36580923199653625
-0.33378341794013977,-0.2917592525482178,-0.2405146360397339,-0.18103399872779846
-0.1146046370267868,-0.04284079372882843,0.032254889607429504
0.10820294916629791,0.18209941685199738,0.25089696049690247,0.31173771619796753
0.3620864748954773,0.3996655344963074,0.4224471151828766,0.4288594424724579
0.4180448651313782,0.38991841673851013,0.34504273533821106,0.28457722067832947,0.2104562222957611,0.12568654119968414,0.034485310316085815,-0.058033380657434464,-0.1466231644153595,-0.22670204937458038,-0.2947744131088257,-0.3484857678413391,-0.3865620791912079,-0.40876615047454834,-0.4157695174217224
-0.4088160991668701,-0.3892804682254791,-0.3583526313304901,-0.31696879863739014
-0.26595598459243774,-0.20625756680965424,-0.13908877968788147,-0.0659903734922409
0.011133193969726562,0.08993992209434509,0.16763344407081604,0.24115076661109924
0.3075084686279297,0.3640412390232086,0.4083874225616455,0.43840697407722473
0.452292263507843,0.44885364174842834,0.4277096092700958,0.389222115278244
0.33434632420539856,0.2646668553352356,0.18266862630844116
0.09202353656291962,-0.0024562329053878784,-0.09540755301713943,-0.18178346753120422
-0.2574729323387146,-0.3194884955883026,-0.3659372329711914,-0.3959957957267761,-0.4098750054836273,-0.4086042046546936,-0.39361435174942017,-0.36634019017219543
-0.32803139090538025,-0.27979034185409546,-0.22274485230445862,-0.1582048386335373
-0.08770997822284698,-0.013036690652370453,0.06372392177581787,0.14006373286247253
0.2131194770336151,0.27996504306793213,0.33793097734451294
0.3846941590309143,0.41816261410713196,0.436453253030777,0.4381217956542969
0.42244046926498413,0.3894549608230591,0.33984893560409546,0.2748856246471405
0.19659468531608582,0.10809405148029327,0.0137367844581604,-0.08122873306274414,-0.17144986987113953,-0.252254456281662,-0.3200415372848511,-0.3723217844963074
-0.4076823592185974,-0.42580071091651917,-0.4273587763309479,-0.41371995210647583
-0.386494904756546,-0.3472263813018799,-0.2973100244998932
-0.23811286687850952,-0.1711394339799881,-0.09811104834079742,-0.020965397357940674
0.05811923369765282,0.13663959503173828,0.21174734830856323,0.28044530749320984
0.33993029594421387,0.3878079056739807,0.4220576286315918,0.4409472346305847
0.44312819838523865,0.42787933349609375,0.39525339007377625,0.3459935188293457
0.28139328956604004,0.20335078239440918,0.11462962627410889,0.01910845935344696
-0.07829951494932175,-0.17223544418811798,-0.2577347159385681
-0.3308277428150177,-0.38871294260025024,-0.42970097064971924,-0.45316603779792786
-0.4594923257827759,-0.449844092130661,-0.42575711011886597,-0.3887704014778137
-0.3402726352214813,-0.28157010674476624,-0.21406817436218262,-0.1394161880016327
-0.05954404175281525,0.02333568036556244,0.10667562484741211,0.18754960596561432
0.26277756690979004,0.3292611241340637,0.3843090534210205,0.4257054030895233
0.4515905976295471,0.46045270562171936,0.45134419202804565
0.42411085963249207,0.37939098477363586,0.31844857335090637,0.24311041831970215,0.15593186020851135
0.060470253229141235,-0.03862322121858597,-0.13598433136940002,-0.22632190585136414
-0.3051548898220062,-0.36915481090545654,-0.4161589741706848,-0.4451127052307129
-0.456045538187027,-0.44995006918907166,-0.42844873666763306,-0.3933737277984619
-0.34647682309150696,-0.2893586754798889,-0.22357270121574402,-0.15078027546405792
-0.07283109426498413,0.008233070373535156,0.09014309197664261,0.17030613124370575
0.24580064415931702,0.3136087656021118,0.3709683418273926,0.4155603051185608
0.4454503655433655,0.4590133726596832,0.45506638288497925,0.43313145637512207
0.3935508728027344,0.3373665511608124,0.26618364453315735,0.18223527073860168
0.08864276111125946,-0.010348781943321228,-0.10951469838619232,-0.2033168524503708
-0.28674429655075073,-0.35585808753967285,-0.4079345762729645,-0.44142448902130127
-0.45592784881591797
-0.4521454870700836,-0.431643009185791,-0.3964412212371826,-0.34863579273223877
-0.29020264744758606,-0.22301530838012695,-0.14898180961608887,-0.07013995945453644
0.0113588348031044,0.09327268600463867,0.17320026457309723,0.24850475788116455
0.3164055347442627,0.3742564916610718,0.41979652643203735,0.45117083191871643
0.4668251872062683,0.4655487537384033,0.446713924407959,0.41047295928001404
0.35771116614341736,0.28986650705337524,0.20888751745224
0.11743725836277008,0.019193246960639954,-0.08109521865844727,-0.17806296050548553
-0.26653537154197693,-0.34219712018966675,-0.4018540382385254,-0.44343236088752747
-0.46596789360046387,-0.4696197211742401,-0.4555397629737854,-0.4255302846431732
-0.3816382884979248,-0.3258727788925171,-0.260131299495697,-0.1863047182559967
-0.10641930997371674,-0.022680282592773438,0.0625615268945694,0.14679716527462006
0.2272850126028061,0.30106866359710693,0.36521822214126587
0.4171585440635681,0.454809308052063,0.47650882601737976,0.4809712767601013
0.4674438536167145,0.43593111634254456,0.3872314989566803,0.32276323437690735
0.2444276511669159,0.15469935536384583,0.05689816176891327,-0.044601961970329285
-0.14457347989082336,-0.23762015998363495,-0.31895744800567627,-0.3848802447319031
-0.4328829050064087,-0.4616418182849884,-0.47101184725761414,-0.4619593024253845
-0.43628212809562683,-0.3961741328239441,-0.34384793043136597
-0.2813602387905121,-0.21064448356628418,-0.13365031778812408,-0.052443280816078186
0.030785150825977325,0.11370056867599487,0.19373708963394165,0.26805469393730164
0.33371296525001526,0.3880155086517334,0.4287533760070801,0.45419102907180786
0.4629654586315155,0.45414668321609497,0.427452951669693,0.38338664174079895
0.3231496512889862,0.2484767735004425,0.16162961721420288,0.06562396883964539
-0.03549754619598389,-0.1366913616657257,-0.23244240880012512
-0.31758248805999756,-0.38793134689331055,-0.4405280649662018,-0.4736093282699585
-0.48658472299575806,-0.4800388514995575,-0.4555828273296356,-0.41548189520835876
-0.3622196912765503,-0.2981976568698883,-0.22565904259681702,-0.14677906036376953
-0.0637715756893158,0.021080300211906433,0.10543647408485413,0.1868603378534317
0.26272904872894287,0.33026742935180664,0.38681280612945557,0.4301288425922394
0.4584992527961731,0.4706016480922699,0.4654357135295868
0.44248080253601074,0.4019252061843872,0.34471073746681213,0.2723882794380188
0.18701359629631042,0.09126107394695282,-0.011292263865470886,-0.11599685251712799
-0.2174115926027298,-0.3100363612174988,-0.38908088207244873,-0.45088863372802734
-0.4930111765861511,-0.5141823887825012,-0.5143541693687439,-0.4946751892566681
-0.4572257995605469,-0.4045668840408325,-0.3393346965312958,-0.2640463411808014
-0.18112713098526,-0.09303270280361176,-0.0023081600666046143
0.08844289928674698,0.17657509446144104,0.25933632254600525,0.3338339626789093
0.39720994234085083,0.44697728753089905,0.48124372959136963,0.4986734092235565
0.4983578026294708,0.4798487424850464,0.4433486759662628,0.3898123800754547
0.3208214342594147,0.23839250206947327,0.14497289061546326,0.04369303584098816
-0.061328861862421036,-0.1650155484676361,-0.26189082860946655,-0.3468855023384094
-0.4159151315689087,-0.4660675823688507,-0.4955994784832001
-0.5039704442024231,-0.49188125133514404,-0.46110764145851135,-0.41409632563591003
-0.3535299599170685,-0.2820521593093872,-0.20220008492469788,-0.11647769808769226
-0.02743619680404663,0.062332816421985626,0.15023888647556305,0.23365463316440582
0.30982881784439087,0.37594279646873474,0.42938846349716187,0.4680631458759308
0.49043625593185425,0.495425820350647,0.4823518991470337,0.45109790563583374
0.4023054540157318,0.3373706042766571,0.2582646310329437
0.16741231083869934,0.0677960216999054,-0.03676924109458923,-0.14148510992527008
-0.24088135361671448,-0.3295651972293854,-0.4029712378978729,-0.4577442407608032
-0.491790771484375,-0.5042556524276733,-0.4955423176288605,-0.4672339856624603
-0.4217711091041565,-0.36198949813842773,-0.2907359302043915,-0.21069005131721497
-0.12440057098865509,-0.03441554307937622,0.0566527359187603,0.1461566984653473
0.23142698407173157,0.3097127676010132,0.3781718611717224
0.43406930565834045,0.47510990500450134,0.49962830543518066,0.5065230131149292,0.4951382875442505,0.4653252959251404,0.4176333546638489,0.35338133573532104
0.030240373685956,0.053399067372083664,0.07850686460733414,0.10199015587568283,0.12043344974517822
0.1310425102710724,0.13207527995109558,0.12318895757198334,0.10559039562940598
0.0819186344742775,0.05583436042070389,0.03139863163232803,0.012395285069942474
0.0017135393572971225,0.0008868861477822065,0.009867144748568535,0.02706979028880596
0.04967885836958885,0.07412080466747284,0.09661351144313812,0.1137404516339302
0.12295827269554138,0.12295390665531158,0.11381709575653076,0.09699295461177826
0.0750296339392662,0.051179997622966766,0.02893160842359066
0.011546692810952663,0.0016389419324696064,0.0008121318533085287,0.009425190277397633
0.026523269712924957,0.049946606159210205,0.07659628242254257,0.10281631350517273,0.1248713955283165,0.1394781619310379,0.14432218670845032,0.13848251104354858
0.12266043573617935,0.0991433784365654,0.07148653268814087,0.04393653944134712,0.02071685902774334,0.005330725107342005,8.301394416321273e-08,0.005336980801075697
0.020296219736337662,0.0423961766064167,0.06815098226070404
0.09362170100212097,0.11500152945518494,0.1291595995426178,0.13407960534095764
0.12915264070034027,0.11524443328380585,0.09449277073144913,0.0699298232793808
0.045039571821689606,0.023296045139431953,0.007707109674811363,0.0004008630639873445
0.002330248011276126,0.013152705505490303,0.03128155320882797,0.05409781262278557
0.07829450815916061,0.10031069815158844,0.11682096868753433,0.1252259463071823
0.12408246099948883,0.11340150982141495,0.09472636133432388
0.07094783335924149,0.04585457965731621,0.02348407171666622,0.007430873811244965
0.00024942460004240274,0.0030307781416922808,0.015230080112814903,0.03479466587305069,0.058564964681863785,0.08282765001058578,0.10389605164527893,0.11865721642971039
0.12501856684684753,0.1221834346652031,0.11072099208831787,0.09241358190774918
0.06993787735700607,0.046480853110551834,0.02532571740448475,0.00942470133304596
0.000999370007775724,0.0012197881005704403,0.010029306635260582
0.026138706132769585,0.047179289162158966,0.07001611590385437,0.091187484562397
0.10741160064935684,0.11609742790460587,0.11577459424734116,0.10637658089399338
0.08931750059127808,0.0673002377152443,0.04387245699763298,0.02281876839697361
0.007509283721446991,0.000355232012225315,0.0024727315176278353,0.013566072098910809
0.032012201845645905,0.05511888489127159,0.07952507585287094,0.10168887674808502
0.11838860809803009,0.1271885484457016,0.12680654227733612
0.11730508506298065,0.10007572919130325,0.07762622088193893,0.05320995673537254
0.03036029264330864,0.0123952217400074,0.001953419065102935,0.0006120132165960968,0.008641074411571026,0.024950532242655754,0.047237955033779144,0.07230078428983688,0.09647390246391296,0.11614277958869934,0.1282757669687271,0.13091322779655457,0.12352710962295532,0.10717035084962845,0.08435234427452087,0.05863577499985695
0.03404220938682556,0.01437740121036768,0.002602155087515712
0.0003763955901376903,0.0078445915132761,0.023673702031373978,0.04530905559659004
0.06938596069812775,0.09223515540361404,0.11042454093694687,0.34824612736701965
0.35108482837677,0.3408699631690979,0.3181019723415375,0.2836766839027405,0.23884397745132446,0.18517957627773285,0.12456150352954865,0.05912299454212189
-0.008822672069072723,-0.07685524225234985,-0.14249899983406067,-0.2032795548439026,-0.2568228244781494,-0.3009781837463379,-0.3339163362979889
-0.35420137643814087,-0.360871821641922,-0.35352420806884766,-0.33236920833587646
-0.2982466518878937,-0.25258708000183105,-0.19732894003391266,-0.13482141494750977,-0.06770515441894531,0.001241438090801239,0.069257453083992,0.13372819125652313
0.1922776699066162,0.24282005429267883,0.2835915684700012,0.3131864070892334
0.33059966564178467,0.33526939153671265,0.3270909786224365,0.30639564990997314,0.2739335894584656,0.2308720052242279,0.17876094579696655
0.11946514248847961,0.05510126054286957,-0.012012667953968048,-0.07940371334552765,-0.14450731873512268,-0.20477540791034698,-0.2578091621398926,-0.30147162079811096,-0.33396342396736145,-0.3538774251937866,-0.36026671528816223,-0.35274359583854675
-0.33155471086502075,-0.29756152629852295,-0.25215017795562744,-0.19714297354221344
-0.13472963869571686,-0.06739243865013123,0.0022125244140625,0.07141254097223282
0.1376492828130722,0.19854411482810974,0.2519209384918213
0.29583144187927246,0.32862794399261475,0.3490809202194214,0.3564649224281311
0.3505666255950928,0.3316539525985718,0.3004476726055145,0.25810015201568604
0.20616348087787628,0.14652511477470398,0.08132743835449219,0.012906782329082489
-0.0562564916908741,-0.12360574305057526,-0.1865946501493454,-0.24278780817985535
-0.28996190428733826,-0.3261866569519043,-0.34990882873535156,-0.3600561022758484
-0.35612598061561584,-0.3382318615913391,-0.30709826946258545
-0.2640047073364258,-0.21071170270442963,-0.14939624071121216,-0.0825745165348053
-0.012974396347999573,0.056638091802597046,0.12362020462751389,0.18555456399917603
0.24030473828315735,0.28604960441589355,0.32130923867225647,0.3449746072292328
0.3563327491283417,0.3550715148448944,0.34127381443977356,0.3154190480709076
0.278385192155838,0.2314324975013733,0.17615458369255066,0.11441804468631744,0.048331961035728455
-0.019766487181186676,-0.08736507594585419,-0.1518699824810028,-0.21071530878543854
-0.2614821195602417,-0.3020097613334656,-0.3304966986179352,-0.3456113338470459
-0.3465994894504547,-0.3333529531955719,-0.3064301311969757,-0.26702848076820374
-0.21691042184829712,-0.1582956314086914,-0.09372174739837646,-0.025884225964546204
0.04250466823577881,0.10882490128278732,0.17062994837760925,0.2257029414176941
0.27211132645606995,0.3082616925239563,0.33293667435646057,0.3453231155872345,0.34503522515296936
0.3321235775947571,0.30708202719688416,0.2708375155925751,0.22469297051429749
0.1702597737312317,0.10942068696022034,0.044296905398368835,-0.022799551486968994
-0.08942420780658722,-0.15308305621147156,-0.21133029460906982,-0.26186084747314453
-0.3026130795478821,-0.3318744897842407,-0.34837013483047485,-0.3513391613960266
-0.34058108925819397,-0.3164650797843933,-0.27993157505989075,-0.2324637919664383
-0.17600010335445404,-0.11281758546829224,-0.045408040285110474
0.023639269173145294,0.09172341972589493,0.15630224347114563,0.21497508883476257
0.2655678987503052,0.30621251463890076,0.3354158103466034,0.3521004915237427
0.3556302487850189,0.34583577513694763,0.3230273127555847,0.28799858689308167
0.24201700091362,0.18675945699214935,0.12421973049640656,0.056646928191185
-0.013499334454536438,-0.08361250907182693,-0.1510402262210846,-0.21321973204612732
-0.2677892744541168,-0.3126581609249115,-0.34608548879623413
-0.36676955223083496,-0.37391239404678345,-0.3672568202018738,-0.3471018970012665
-0.3142925500869751,-0.27017223834991455,-0.21650169789791107,-0.15536785125732422,-0.0890963226556778,-0.020155496895313263,0.04894506558775902,0.11573891341686249
0.17787161469459534,0.23316684365272522,0.27968496084213257,0.3157770037651062
0.3401451110839844,0.3518998622894287,0.3505958914756775,0.33623847365379333
0.3092685043811798,0.27055415511131287,0.2213909924030304
0.16348254680633545,0.0988922268152237,0.029976308345794678,-0.04068978875875473
-0.11038722097873688,-0.17634600400924683,-0.2358636111021042,-0.28644782304763794
-0.325970321893692,-0.352787047624588,-0.36579978466033936,-0.3644980192184448
-0.3490052819252014,-0.32008758187294006,-0.27909454703330994,-0.2278580665588379
-0.16857101023197174,-0.10365517437458038,-0.03563188016414642,0.0329856351017952
0.0997593104839325,0.16237041354179382,0.21866828203201294
0.2667151093482971,0.3048262894153595,0.3316291570663452,0.34612929821014404
0.34775885939598083,0.336402028799057,0.31239593029022217,0.27652350068092346
0.2300121933221817,0.17450633645057678,0.11200623214244843,0.04481308162212372
-0.024524971842765808,-0.09329628944396973,-0.15873299539089203,-0.21814127266407013
-0.26905328035354614,-0.3093571662902832,-0.33738839626312256,-0.35199981927871704
-0.3526090085506439,-0.3392334580421448,-0.31250670552253723
-0.27363070845603943,-0.22427529096603394,-0.16647869348526,-0.10255660116672516,-0.03499685227870941,0.03366067633032799,0.10092824697494507,0.16443723440170288,0.22198906540870667,0.27161020040512085,0.3115922808647156,0.34052109718322754,0.3573272228240967,0.361346572637558,0.35235780477523804,0.3305939733982086,0.29673323035240173,0.2518821656703949,0.1975618600845337,0.13567115366458893,0.06842207908630371,-0.0017233788967132568,-0.07212572544813156
-0.14006544649600983,-0.20284804701805115,-0.25792229175567627,-0.3030151128768921
-0.3362509608268738,-0.35624226927757263,-0.3621556758880615,-0.35376080870628357
-0.3314676880836487,-0.29631873965263367,-0.24989792704582214,-0.19419224560260773
-0.13146080076694489,-0.06412598490715027,0.005308918654918671,0.07432865351438522
0.14048562943935394,0.20147761702537537,0.25520116090774536,0.29978108406066895
0.33359700441360474,0.3553515076637268,0.36417847871780396
0.35971447825431824,0.34209519624710083,0.3119249641895294,0.27025657892227173,0.2185710221529007,0.1587371677160263,0.0929487943649292,0.023656100034713745,-0.04650111868977547,-0.11478077620267868,-0.17845618724822998,-0.23494964838027954
-0.2819700539112091,-0.31763970851898193,-0.3405916094779968,-0.35002389550209045
-0.3457101881504059,-0.32798853516578674,-0.29774293303489685,-0.2563517391681671
-0.2055869847536087,-0.14750182628631592,-0.08433762192726135
-0.018448375165462494,0.04776569828391075,0.11192586272954941,0.17174457013607025,0.2250913828611374,0.2700570821762085,0.3050000071525574,0.32857125997543335,0.33976519107818604,0.3380081355571747,0.32322728633880615,0.29586082696914673
0.25683289766311646,0.2075185477733612,0.14969943463802338,0.08551666140556335
0.017426498234272003,-0.05186622589826584,-0.11953389644622803,-0.1827957183122635
-0.23906078934669495,-0.28602835536003113,-0.32180270552635193
-0.34501251578330994,-0.3548716604709625,-0.3511831760406494,-0.3343116044998169
-0.3051407039165497,-0.265023797750473,-0.21569496393203735,-0.1591443568468094
-0.09751871228218079,-0.03305695950984955,0.03196718916296959,0.09529915452003479
0.15475453436374664,0.2082761526107788,0.2539955973625183,0.29029208421707153
0.31583651900291443,0.3296236991882324,0.33103081583976746,0.31989753246307373
0.29655757546424866,0.26180124282836914,0.21681393682956696
0.16312851011753082
0.1026100367307663,0.03744134306907654,-0.029940787702798843,-0.09694420546293259
-0.16092652082443237,-0.21931129693984985,-0.2697085440158844,-0.3100270628929138
-0.3385802209377289,-0.35417789220809937,-0.3561928868293762,-0.3445945978164673
-0.31994277238845825,-0.2833404839038849,-0.23635536432266235,-0.18092074990272522
-0.11922699213027954,-0.053616657853126526,0.013504862785339355,0.07973411679267883
0.142714262008667,0.2001916468143463,0.25009459257125854,0.29060590267181396
0.3202217221260071,0.3378153443336487,0.342703253030777,0.3346858024597168
0.31404823064804077,0.28154149651527405,0.23836497962474823,0.18614047765731812
0.1268596202135086,0.0628167986869812,-0.003458954393863678,-0.06929168105125427
-0.13198669254779816,-0.18899133801460266,-0.23804157972335815,-0.27725595235824585
-0.3051956593990326,-0.320911169052124,-0.32396218180656433,-0.31441476941108704
-0.292828768491745,-0.2602229416370392,-0.21800923347473145,-0.16789892315864563
-0.11179414391517639,-0.05170197784900665,0.010311610996723175,0.07215367257595062
0.13173454999923706,0.18699881434440613,0.23597300052642822,0.27682268619537354
0.3079048991203308,0.3278353810310364,0.33558645844459534,0.33059731125831604
0.31285619735717773,0.2829107344150543,0.241813063621521,0.19106659293174744
0.1326007843017578,0.06873172521591187,0.002081252634525299
-0.06455341726541519,-0.12837128341197968,-0.18672916293144226,-0.23725703358650208
-0.2779350280761719,-0.3071559965610504,-0.3238075375556946,-0.3273647129535675
-0.317929208278656,-0.2961798310279846,-0.26326003670692444,-0.22064991295337677
-0.17006997764110565,-0.11342500150203705,-0.0527486652135849,0.009863816201686859
0.07231365144252777,0.13253872096538544,0.18853366374969482,0.23836643993854523
0.2802312970161438,0.3125295639038086,0.3339357376098633
0.34345653653144836,0.3404993414878845,0.32492291927337646,0.2970595359802246
0.25771838426589966,0.2081737220287323,0.15014605224132538,0.08575969934463501
0.017463870346546173,-0.052055004984140396,-0.11996745318174362,-0.18343479931354523
-0.2397826910018921,-0.28667348623275757,-0.3222346007823944,-0.3451259732246399
-0.3545694947242737,-0.3503636121749878,-0.3328709304332733,-0.30297717452049255
-0.26202982664108276,-0.2117501199245453,-0.15413334965705872
-0.0913650244474411,-0.025752447545528412,0.04034212604165077,0.10457465052604675,0.16469666361808777,0.21861855685710907,0.2644517421722412,0.3005577325820923
0.3256152868270874,0.3386743664741516,0.3391859829425812,0.327030211687088
0.30254676938056946,0.2665500044822693,0.22030295431613922,0.16546113789081573
0.10402779281139374,0.03830859065055847,-0.02916828542947769,-0.09575270116329193
-0.15878549218177795,-0.2157362848520279,-0.26434439420700073
-0.3027271628379822,-0.32944798469543457,-0.34356188774108887,-0.3446517884731293
-0.3328450918197632,-0.3087886571884155,-0.2735729217529297,-0.2286287099123001
-0.17564751207828522,-0.11654390394687653,-0.0534278005361557,0.011442676186561584
0.07572109252214432,0.13703887164592743,0.19308608770370483,0.24169820547103882
0.28093287348747253,0.3091464340686798,0.32508617639541626,0.32799383997917175
0.31768590211868286,0.29455429315567017,0.2594935894012451
0.21383576095104218,0.15932735800743103,0.09810975193977356,0.03265863656997681
-0.034336287528276443,-0.1001274585723877,-0.1620512753725052,-0.21764454245567322
-0.26474475860595703,-0.3015686273574829,-0.32677921652793884,-0.3395482897758484,-0.3395806849002838,-0.32708099484443665,-0.302684485912323,-0.2673853635787964
-0.22248762845993042,-0.1695781648159027,-0.11049580574035645,-0.047280967235565186,0.017894044518470764,0.08279664814472198,0.14517320692539215
0.20277263224124908,0.25341084599494934,0.2950747609138489,0.32602763175964355
0.34490156173706055,0.3507775664329529,0.3432486057281494,0.3224475383758545
0.28902772068977356,0.24413642287254333,0.18941649794578552,0.12698955833911896
0.05936518311500549,-0.01070280373096466,-0.08036263287067413,-0.14678847789764404
-0.20729157328605652,-0.25943565368652344,-0.3011540472507477,-0.33085548877716064
-0.34750187397003174,-0.35063958168029785,-0.3403807282447815
-0.31735751032829285,-0.2826780676841736,-0.23787200450897217,-0.1847914159297943
-0.12547503411769867,-0.06202977895736694,0.003430195152759552,0.06879931688308716
0.1319815218448639,0.19089199602603912,0.24348369240760803,0.28782469034194946
0.3222067356109619,0.3452377915382385,0.3559020161628723,0.3536033630371094
0.3382144868373871,0.31011897325515747,0.2702198624610901,0.2199264019727707
0.1611279845237732,0.0961272120475769,0.0275346040725708
-0.04184216633439064,-0.10911501944065094,-0.1714591681957245,-0.22629126906394958
-0.2714526057243347,-0.3053213953971863,-0.3268226385116577,-0.3353922963142395
-0.33094561100006104,-0.3138561546802521,-0.2849377989768982,-0.2454020231962204
-0.19678114354610443,-0.14084531366825104,-0.07954393327236176,-0.014985650777816772
0.050569117069244385,0.11475329846143723,0.1751714050769806,0.22947707772254944
0.2754647731781006,0.31119465827941895,0.3351261615753174
0.34622472524642944,0.34401124715805054,0.3285514712333679,0.3004303276538849,0.2607371509075165
0.2110329121351242,0.1532852053642273,0.0897795557975769,0.02300957590341568
-0.044423431158065796,-0.10988815128803253,-0.1708182841539383,-0.22483661770820618
-0.2698831260204315,-0.3043235242366791,-0.3270103931427002,-0.3372933268547058
-0.33500105142593384,-0.32040876150131226,-0.2942039370536804,-0.2574595808982849
-0.21159465610980988,-0.15830367803573608,-0.09947095811367035,-0.037091225385665894
0.02677452564239502,0.08999308198690414,0.1503591239452362,0.20566096901893616
0.2537877559661865,0.29283270239830017,0.32117635011672974,0.33754682540893555
0.34107592701911926,0.331370085477829,0.30858030915260315,0.2734427750110626
0.22727060317993164,0.17189255356788635,0.10954566299915314,0.042740389704704285
-0.025862466543912888,-0.09353891015052795,-0.1575939953327179,-0.21550032496452332
-0.2650482654571533
-0.30445194244384766,-0.33239486813545227,-0.3480342626571655,-0.3510018587112427
-0.34141361713409424,-0.31985074281692505,-0.28728798031806946,-0.2449990212917328
-0.19448576867580414,-0.13745254278182983,-0.07580551505088806,-0.01164015382528305
0.05280240625143051,0.11520983278751373,0.1732914298772812,0.22486893832683563
0.2679547667503357,0.3008272349834442,0.3221091032028198,0.33084261417388916
0.32656124234199524,0.30934473872184753,0.2798267602920532
0.2391555905342102,0.18893207609653473,0.13113941252231598,0.06807518005371094
0.0022814422845840454,-0.06353956460952759,-0.12665028870105743,-0.18445837497711182
-0.23469486832618713,-0.275513619184494,-0.3055082857608795,-0.32370084524154663
-0.3295603394508362,-0.3230573236942291,-0.30468258261680603,-0.27535948157310486
-0.23628947138786316,-0.18884582817554474,-0.1345689445734024,-0.07521829009056091
-0.012804016470909119,0.05045128986239433,0.11221126466989517
0.17014338076114655,0.22202269732952118,0.26580238342285156,0.29967018961906433
0.32213500142097473,0.3321317434310913,0.32910168170928955,0.31304416060447693
0.28453528881073,0.24469295144081116,0.19510769844055176,0.13776466250419617
0.07496562600135803,0.009255357086658478,-0.05667170137166977,-0.12010428309440613
-0.17846547067165375,-0.22945725917816162,-0.2711714506149292,-0.3021388649940491
-0.32133424282073975,-0.3281731605529785,-0.32251811027526855
-0.30469632148742676,-0.27550008893013,-0.2361251562833786,-0.1880640834569931
-0.13301384449005127,-0.07282298803329468,-0.009481407701969147,0.05487172305583954
0.11797843128442764,0.1775413155555725,0.23131629824638367,0.2772005498409271
0.3133171796798706,0.338104784488678,0.3504180908203125,0.34962573647499084
0.33567067980766296,0.3090701997280121,0.2708563506603241,0.22248463332653046
0.16576531529426575,0.10283777117729187,0.03613489866256714
-0.031703315675258636,-0.0979604572057724,-0.16000626981258392,-0.21545682847499847
-0.2622947692871094,-0.2989422082901001,-0.3242764472961426,-0.3375941514968872
-0.3385732173919678,-0.3272710144519806,-0.3041382133960724,-0.27001121640205383
-0.2260710746049881,-0.17378327250480652,-0.11485747992992401,-0.05124278366565704
0.01487375795841217,0.08110257983207703,0.14493602514266968,0.20386986434459686
0.25553372502326965,0.29780739545822144,0.32892173528671265
0.3475532829761505,0.3529019057750702,0.34473589062690735,0.323395699262619
0.28975334763526917,0.2451486885547638,0.19133327901363373,0.13043652474880219
0.06492763757705688,-0.0024721845984458923,-0.06894058734178543,-0.13174691796302795
-0.18844103813171387,-0.23698419332504272,-0.2757958769798279,-0.3037346601486206
-0.32006514072418213,-0.324448823928833,-0.3169502913951874,-0.298033744096756
-0.26852044463157654,-0.2295069843530655,-0.1822994202375412
-0.12840881943702698,-0.06958761811256409,-0.007848046720027924,0.05457659810781479
0.11531951278448105,0.17198321223258972,0.22223599255084991,0.26391273736953735
0.2951435446739197,0.31449490785598755,0.3210809826850891,0.31461358070373535
0.29538002610206604,0.2641890347003937,0.2223396748304367,0.1715913563966751
0.11408580839633942,0.0522313266992569,-0.011423908174037933,-0.0743241161108017
-0.1340317279100418,-0.18832752108573914,-0.23527532815933228
-0.2732583284378052,-0.30100345611572266,-0.31760430335998535,-0.32255515456199646
-0.3157927691936493,-0.2976955473423004,-0.269014835357666,-0.23079471290111542,-0.184332937002182,-0.131178617477417,-0.07313939929008484,-0.012259341776371002
0.04925423488020897,0.10912735760211945,0.16510438919067383,0.21501581370830536
0.2568422257900238,0.2888045310974121,0.3094886541366577,0.3179519772529602
0.31376123428344727,0.29698625206947327,0.26819270849227905
0.22843651473522186,0.1792442947626114,0.12257249653339386,0.060733601450920105
-0.003714054822921753,-0.06810121238231659,-0.12979604303836823,-0.18634796142578125
-0.23560313880443573,-0.27578333020210266,-0.30552923679351807,-0.32391679286956787
-0.3304680585861206,-0.3251577615737915,-0.30838334560394287,-0.28088223934173584
-0.2436375766992569,-0.19783499836921692,-0.1448858678340912,-0.08647061884403229
-0.024542808532714844,0.03872361779212952,0.10101843625307083
0.15998616814613342,0.21331097185611725,0.2588028907775879,0.294511616230011
0.3188614547252655,0.3307644724845886,0.32967889308929443,0.3156166076660156
0.1894003450870514,0.1623784452676773,0.13040688633918762,0.09631068259477615,0.06252112984657288
0.032354630529880524,0.01016625389456749,0.00024188923998735845,0.00517090130597353
0.02454521879553795,0.054604459553956985,0.08907078206539154,0.12082015722990036
0.14388558268547058,0.155099555850029,0.15409764647483826,0.14208360016345978
0.12094057351350784,0.09309282898902893,0.06204184144735336,0.0327652208507061
0.010826993733644485,0.000508857483509928,0.003504096530377865,0.018993515521287918
0.04449276998639107,0.076605424284935,0.11113955080509186
0.14317087829113007,0.16789346933364868,0.1818772554397583,0.18409648537635803
0.17610856890678406,0.16105985641479492,0.14190305769443512,0.11990384012460709,0.0949181467294693,0.06726998090744019,0.039352450519800186,0.01574745401740074,0.0018707411363720894,0.0019626477733254433,0.01755860634148121,0.0469130240380764,0.08508357405662537,0.12471400201320648,0.15815852582454681,0.17974427342414856,0.18642659485340118,0.17743773758411407,0.15401244163513184
0.11964307725429535,0.08029595017433167,0.04344918578863144,0.015911776572465897,0.0017330445116385818,0.001666741562075913,0.013961207121610641,0.035505689680576324
0.06262058019638062,0.09124355763196945,0.11722597479820251,0.13702498376369476,0.1484396606683731,0.1509799361228943,0.1455456167459488,0.13348552584648132
0.11552327126264572,0.09181436896324158,0.06358864158391953,0.03468432277441025,0.011348186060786247,0.00027639366453513503,0.0061986432410776615
0.03052409179508686,0.07112758606672287,0.12262234091758728,0.17708039283752441,0.2257700115442276,0.2613614797592163,0.27895697951316833,0.27608904242515564
0.25274041295051575,0.21162855625152588,0.1585983783006668,0.10234279930591583,0.05260897055268288,0.01741294004023075,0.0010866787051782012,0.00398345896974206
0.023410968482494354,0.05492542311549187,0.09292937070131302,0.13087822496891022,0.16193243861198425,0.18030250072479248,0.18300478160381317
0.1706954687833786,0.14673595130443573,0.11533679813146591,0.0805261880159378,0.046646714210510254,0.01888447254896164,0.00256891967728734,0.0016132924938574433,0.016914550215005875,0.04576116427779198,0.08270632475614548,0.12117427587509155,0.15484946966171265,0.17881818115711212,0.1905435472726822,0.18968592584133148
0.1770831197500229,0.1542387455701828,0.1233573630452156,0.08775683492422104
0.052306462079286575,0.022910499945282936,0.004707932937890291
0.00021250634745229036,0.008818540722131729,0.02772596664726734,0.053314805030822754
0.08174538612365723,0.10891363769769669,0.130722776055336,0.14388185739517212
0.14709259569644928,0.14161302149295807,0.13027936220169067,0.1156729906797409
0.0987723171710968,0.07922408729791641,0.057021889835596085,0.0340195968747139
0.014121612533926964,0.001990253571420908,0.0011851071612909436,0.013111232779920101,0.03691321983933449,0.06944824010133743,0.10534679144620895
0.13817772269248962,0.16214171051979065,0.1730036735534668,0.1686081439256668
0.1492496281862259,0.11790546774864197,0.08024049550294876,-0.20918750762939453
-0.12589064240455627,-0.038683339953422546,0.04781409353017807,0.1301576793193817
0.20601294934749603,0.27367866039276123,0.3315664529800415,0.378191739320755
0.4124743938446045,0.43414306640625,0.44400838017463684,0.44369828701019287,0.434699147939682,0.41692447662353516,0.3881409764289856
0.34530115127563477,0.28656071424484253,0.21242982149124146,0.1257762908935547
0.030798926949501038,-0.06828992068767548,-0.16768878698349,-0.2633301615715027
-0.35036027431488037,-0.42387765645980835,-0.47995176911354065,-0.5158079862594604
-0.5297672748565674,-0.5211896300315857,-0.4902191758155823,-0.43782109022140503
-0.36631178855895996,-0.27975237369537354,-0.18336141109466553,-0.08236873149871826
0.018585175275802612,0.11567376554012299,0.2059253454208374
0.2868609130382538,0.35616961121559143,0.41167742013931274,0.45162707567214966
0.47526058554649353,0.48318493366241455,0.4768812954425812,0.457262247800827
0.42363622784614563,0.37456080317497253,0.3095134198665619,0.22972947359085083
0.13835176825523376,0.03993597626686096,-0.06078746169805527,-0.15982763469219208
-0.2536952495574951,-0.3386063575744629,-0.41053473949432373,-0.46615171432495117
-0.5030897855758667,-0.519554615020752,-0.514350175857544
-0.4870687425136566,-0.4381837844848633,-0.36935749650001526,-0.2839621305465698
-0.18708401918411255,-0.08462350070476532,0.01764605939388275,0.11474092304706573
0.20284835994243622,0.27890557050704956,0.34001994132995605,0.3834867775440216
0.4072612524032593,0.41090598702430725,0.3963390588760376,0.36729493737220764
0.3275361657142639,0.2791306674480438,0.22243326902389526,0.15748314559459686
0.08514657616615295,0.007683798670768738,-0.07136164605617523
-0.14839506149291992,-0.22099244594573975,-0.2877728044986725,-0.34721705317497253
-0.39690324664115906,-0.43406906723976135,-0.4563405215740204,-0.4617152214050293
-0.4485681653022766,-0.4159141778945923,-0.3636675477027893,-0.2930474281311035
-0.20717564225196838,-0.11132168769836426,-0.01205870509147644,0.08416491746902466
0.17215777933597565,0.24858000874519348,0.31152379512786865,0.35948312282562256,0.3908935785293579
0.40452104806900024,0.4004668891429901,0.3809906840324402,0.35022297501564026
0.31269776821136475,0.2712984085083008,0.22618865966796875,0.17584940791130066,0.11897356808185577,0.05565588176250458,-0.012417547404766083,-0.08276509493589401
-0.15324261784553528,-0.2223779559135437,-0.2885710299015045,-0.3489986062049866
-0.3997079133987427,-0.43685925006866455,-0.45750242471694946,-0.4596256613731384,-0.4421072006225586,-0.4046560227870941,-0.34798043966293335,-0.27433112263679504,-0.18787270784378052
-0.09405110776424408,0.001734212040901184,0.09501932561397552,0.182617649435997
0.2625417113304138,0.333412766456604,0.3938426375389099,0.44215261936187744,0.4765925705432892,0.4960547089576721,0.50066077709198,0.49149009585380554,0.46927526593208313,0.43332523107528687,0.3821910321712494,0.31525713205337524
0.23368382453918457,0.1406155526638031,0.04062996804714203,-0.06157629191875458
-0.16220644116401672,-0.25824421644210815,-0.3464779853820801
-0.4229334592819214,-0.48348167538642883,-0.5245934128761292,-0.5436033606529236
-0.5388433337211609,-0.5095617771148682,-0.45594364404678345,-0.37969398498535156
-0.28474366664886475,-0.17709776759147644,-0.06355449557304382,0.04956816881895065
0.15703818202018738,0.2548973858356476,0.3401530683040619,0.41027384996414185
0.46293818950653076,0.4961774945259094,0.5091292858123779,0.5028703212738037
0.4802340865135193,0.444271445274353,0.3965134620666504
0.3368336260318756,0.26485729217529297,0.18136173486709595,0.08906173706054688
-0.007566824555397034,-0.10377563536167145,-0.19606253504753113,-0.2823519706726074
-0.3610324263572693,-0.42989206314086914,-0.48597756028175354,-0.526144802570343
-0.5474387407302856,-0.5472651720046997,-0.5235891938209534,-0.4753981828689575
-0.4034672677516937,-0.31113263964653015,-0.20456188917160034,-0.0916801244020462
0.019834056496620178,0.12401381134986877,0.21697378158569336
0.29623520374298096,0.3597448468208313,0.405522882938385,0.43194910883903503
0.4386032521724701,0.4271814525127411,0.4014337658882141,0.3657470941543579
0.3230476379394531,0.27378934621810913,0.21710175275802612,0.15267004072666168
0.08173064887523651,0.007005974650382996,-0.06831353902816772,-0.1418316811323166
-0.2123468667268753,-0.279102623462677,-0.34044066071510315,-0.3933255076408386
-0.4343208372592926,-0.4604509174823761,-0.46918705105781555
-0.4583650231361389,-0.426468163728714,-0.3732159733772278,-0.30039268732070923
-0.21254679560661316,-0.11638061702251434,-0.01872032880783081,0.07507400214672089
0.16137240827083588,0.23778046667575836,0.302440345287323,0.35357773303985596
0.3894621729850769,0.4089304506778717,0.4122728705406189,0.40168067812919617
0.3807072341442108,0.3526023328304291,0.3186408579349518,0.278232604265213
0.2303791344165802,0.17489497363567352,0.11303353309631348
0.047204628586769104,-0.020270518958568573,-0.08809113502502441,-0.15557968616485596
-0.22124478220939636,-0.2818570137023926,-0.33318886160850525,-0.3712609112262726
-0.3929685354232788,-0.3962492048740387,-0.3798413872718811,-0.343224436044693
-0.2874005436897278,-0.21585196256637573,-0.13429027795791626,-0.04888683557510376
0.03540956228971481,0.1152898296713829,0.18875449895858765,0.25452667474746704
0.3114319443702698,0.3580050468444824,0.3925046920776367
0.41353005170822144,0.4208856225013733,0.41589677333831787,0.4005148112773895
0.37563517689704895,0.3404240310192108,0.2933362126350403,0.23359403014183044
0.1622714400291443,0.08243165910243988,-0.002144068479537964,-0.08843348175287247
-0.1743609756231308,-0.25772541761398315,-0.33507096767425537,-0.40183597803115845
-0.4535086154937744,-0.4865766763687134,-0.498814195394516,-0.48894208669662476
-0.456339955329895,-0.40146979689598083,-0.3267824351787567
-0.2372957170009613,-0.13970786333084106,-0.04046092927455902,0.055390387773513794
0.14411616325378418,0.22281110286712646,0.2890193462371826,0.340623140335083,0.37576794624328613,0.39318451285362244,0.3930966556072235,0.37784749269485474
0.35131263732910156,0.31696146726608276,0.276123583316803,0.22829292714595795
0.17271918058395386,0.10958845913410187,0.040386587381362915,-0.032653018832206726,-0.10757970809936523,-0.18316055834293365,-0.2582709789276123
-0.33064737915992737,-0.39636939764022827,-0.4507741928100586,-0.48959091305732727
-0.5094575881958008,-0.5080081224441528,-0.4838053584098816,-0.43646812438964844
-0.36726289987564087,-0.2800044119358063,-0.1809353530406952,-0.0770578533411026
0.025291725993156433,0.12083981931209564,0.20547540485858917,0.2761768102645874
0.3307651877403259,0.36768394708633423,0.38620153069496155,0.38711127638816833
0.3732573688030243,0.349321573972702,0.32032647728919983
0.28945085406303406,0.25723549723625183,0.2224615067243576,0.18336687982082367,0.13878118991851807,0.0885855108499527,0.03301696479320526,-0.028020113706588745,-0.0944933146238327,-0.16481654345989227,-0.2349400520324707,-0.2992188632488251
-0.3520386219024658,-0.3888801038265228,-0.40682893991470337,-0.4044892191886902
-0.3814541697502136,-0.33822572231292725,-0.27705779671669006,-0.20250490307807922
-0.12042102217674255,-0.03650443255901337,0.04443654417991638
0.11884307861328125
0.18443268537521362,0.23982250690460205,0.2840616703033447,0.31630808115005493
0.3359847962856293,0.3434864282608032,0.3408602476119995,0.3313210904598236
0.317348450422287,0.2991984188556671,0.27517619729042053,0.24293670058250427
0.2010057419538498,0.14964698255062103,0.09016413986682892,0.02367834746837616
-0.048946235328912735,-0.12583069503307343,-0.2027561217546463,-0.2735680937767029
-0.33211207389831543,-0.37388545274734497,-0.39655888080596924,-0.3994312882423401
-0.38250696659088135,-0.34622856974601746,-0.2922111451625824,-0.22417590022087097
-0.1476057767868042,-0.06816746294498444,0.009474128484725952,0.0818985179066658
0.14669829607009888,0.20217901468276978,0.2471722662448883,0.28078246116638184
0.30229660868644714,0.31169191002845764,0.31042543053627014,0.3015110492706299
0.2880396246910095,0.2711578905582428,0.24963147938251495,0.22104375064373016,0.18322807550430298
0.13521768152713776,0.07727184891700745,0.01020127534866333,-0.06499355286359787
-0.14661766588687897,-0.23116596043109894,-0.31290823221206665,-0.385107159614563
-0.44180935621261597,-0.47885292768478394,-0.49372339248657227,-0.48484688997268677
-0.4513077735900879,-0.39337050914764404,-0.3136448860168457,-0.21766498684883118
-0.11274158954620361,-0.0062729716300964355,0.09522128105163574,0.18658405542373657
0.2641924321651459,0.3257978558540344,0.37013453245162964
0.39666762948036194,0.4058019518852234,0.39936622977256775,0.38096219301223755
0.35522133111953735,0.325846791267395,0.29424551129341125,0.2596939206123352
0.22028599679470062,0.17412538826465607,0.12009456753730774,0.05769927799701691
-0.013216681778430939,-0.09204789996147156,-0.17636387050151825,-0.26125746965408325
-0.3402199149131775,-0.4068712592124939,-0.4561367928981781,-0.48447051644325256
-0.4894503355026245,-0.4693588614463806,-0.4233880937099457
-0.3528796136379242,-0.2625584602355957,-0.1599019467830658,-0.05318085849285126
0.050112806260585785,0.14414696395397186,0.22497467696666718,0.2902456521987915
0.33877915143966675,0.3701866567134857,0.3848273754119873,0.38422760367393494
0.37166059017181396,0.35185733437538147,0.32913124561309814,0.3053245544433594
0.27934637665748596,0.24828322231769562,0.20931510627269745,0.16109344363212585
0.10344454646110535,0.03648050129413605,-0.03936927020549774
-0.12231288105249405,-0.20802649855613708,-0.28994613885879517,-0.3612368702888489,-0.4165958762168884,-0.45272547006607056,-0.4677584767341614,-0.460369735956192,-0.42952218651771545,-0.37552469968795776,-0.3015994429588318,-0.21391847729682922
-0.11985079944133759,-0.026219427585601807,0.06157003343105316,0.1396769881248474
0.20554795861244202,0.2576330900192261,0.2951015532016754,0.3176555633544922,0.32582342624664307,0.3216722309589386,0.30903562903404236
0.292157381772995,0.273479163646698,0.2526739835739136,0.22748444974422455
0.19540490210056305,0.15504592657089233,0.10619287192821503,0.048983290791511536
-0.016459055244922638,-0.08941377699375153,-0.16732282936573029,-0.2452791929244995
-0.3172212839126587,-0.37762129306793213,-0.42225512862205505,-0.4479564428329468
-0.45199713110923767,-0.4319927990436554,-0.3867639899253845,-0.31788966059684753
-0.2305198311805725,-0.13217106461524963,-0.03073693811893463
0.06680239737033844,0.15505655109882355,0.23035356402397156,0.29039818048477173
0.3338214159011841,0.3598818778991699,0.36853957176208496,0.3610837459564209
0.34099844098091125,0.3136461675167084,0.28409746289253235,0.25491631031036377
0.225722074508667,0.19428837299346924,0.15808218717575073,0.11519674956798553
0.06432848423719406,0.004612863063812256,-0.06391753256320953,-0.1393217295408249
-0.21716560423374176,-0.29136472940444946,-0.35579919815063477
-0.40540197491645813,-0.4362866282463074,-0.4451989531517029,-0.42916157841682434
-0.38601920008659363,-0.31598904728889465,-0.22319182753562927,-0.11531850695610046
-0.0016147047281265259,0.10909583419561386,0.2097279578447342,0.29540401697158813
0.363140732049942,0.411320298910141,0.4392789602279663,0.4471494257450104
0.43612340092658997,0.40924301743507385,0.3716869056224823,0.32911697030067444
0.2851719856262207,0.24049043655395508,0.1935953050851822
0.14251959323883057,0.08598124980926514,0.023393332958221436,-0.045561257749795914
-0.12074606120586395,-0.20063179731369019,-0.28125277161598206,-0.3565031886100769
-0.4200543165206909,-0.4671158790588379,-0.4947124123573303,-0.5007963180541992
-0.48339787125587463,-0.44076159596443176,-0.372551292181015,-0.28144019842147827
-0.1735992133617401,-0.05743864178657532,0.05822770297527313,0.16559380292892456
0.25859177112579346,0.333029568195343,0.3865002691745758
0.4181610643863678,0.42845067381858826,0.4190204441547394,0.39308851957321167
0.3555854558944702,0.31184184551239014,0.2653724253177643,0.2169015258550644
0.16523458063602448,0.10890340805053711,0.0473761111497879,-0.018957480788230896
-0.08950580656528473,-0.16374753415584564,-0.24063348770141602,-0.31736308336257935,-0.38891831040382385,-0.44947323203086853,-0.4943164587020874,-0.5205718874931335
-0.5266367197036743,-0.5111810564994812,-0.4727151691913605
-0.41016247868537903,-0.3243274986743927,-0.21919986605644226,-0.10168182849884033
0.019828319549560547,0.13687002658843994,0.2421039640903473,0.3299667239189148
0.3967031240463257,0.4401274025440216,0.45947855710983276,0.4554764926433563
0.4306037127971649,0.38945817947387695,0.3381602466106415,0.2824082374572754
0.22570452094078064,0.16903966665267944,0.11173544824123383,0.05269542336463928
-0.008775688707828522,-0.07300052046775818,-0.1401272714138031,-0.20976510643959045
-0.2800339460372925,-0.3469306230545044,-0.4051181375980377,-0.44960498809814453
-0.4768902659416199,-0.48502665758132935,-0.4728792607784271,-0.43934088945388794
-0.38324424624443054,-0.30444270372390747,-0.20555442571640015,-0.09256638586521149
0.02625925838947296,0.14208436012268066,0.24712108075618744,0.3356010317802429
0.4037777781486511,0.4494894742965698,0.4718154966831207,0.471000075340271,0.44868409633636475
0.4085116982460022,0.3563601076602936,0.2989547848701477,0.24151864647865295
0.1865282654762268,0.13412952423095703,0.08331188559532166,0.03294757753610611,-0.01795879378914833,-0.07050741463899612,-0.12573090195655823,-0.18365585803985596
-0.24210907518863678,-0.29668697714805603,-0.34236568212509155,-0.3752881586551666
-0.3933594524860382,-0.3954877555370331,-0.38036277890205383,-0.3459526598453522,-0.2902853190898895,-0.2133183479309082,-0.11843462288379669
-0.012219533324241638,0.09698985517024994,0.20085182785987854,0.2923993468284607
0.3666641116142273,0.4207521080970764,0.4535619616508484,0.46535980701446533
0.45754551887512207,0.432842493057251,0.3955976366996765,0.3510262370109558
0.30329805612564087,0.2542773187160492,0.20378902554512024,0.15061849355697632
0.09361101686954498,0.03223578631877899,-0.03365551680326462,-0.10407062619924545
-0.1783631443977356,-0.2540341019630432,-0.32618892192840576
-0.3888900876045227,-0.43730413913726807,-0.4687345027923584,-0.48204392194747925
-0.47631561756134033,-0.44998615980148315,-0.40110161900520325,-0.3287775218486786
-0.2349001169204712,-0.12457001209259033,-0.005349382758140564,0.11397451162338257
0.22491534054279327,0.320568710565567,0.39616692066192627,0.4489749073982239
0.4779733419418335,0.48367711901664734,0.4681812524795532,0.4354546368122101
0.39099568128585815,0.34013524651527405,0.28631141781806946
0.23055300116539001,0.17189618945121765,0.10852721333503723,0.03905436396598816
-0.037064794450998306,-0.11961451172828674,-0.20736411213874817,-0.29726582765579224
-0.38391950726509094,-0.460543692111969,-0.5210616588592529,-0.5615973472595215
-0.5805407166481018,-0.5774762630462646,-0.551875114440918,-0.5025399923324585
-0.42842888832092285,-0.3305291533470154,-0.21314561367034912,-0.08362635970115662
0.048865772783756256,0.1749400794506073,0.28645622730255127
0.37735483050346375,0.44370895624160767,0.4833986759185791,0.49596288800239563
0.48282748460769653,0.44781896471977234,0.39720770716667175,0.33833545446395874
0.2773668169975281,0.21769598126411438,0.15975698828697205,0.10207678377628326
0.04271332919597626,-0.019965283572673798,-0.08709494769573212,-0.15905165672302246
-0.23476888239383698,-0.31081265211105347,-0.38148754835128784,-0.4406716227531433
-0.4839109182357788,-0.509207010269165,-0.5162132978439331
-0.5045672059059143,-0.47272413969039917,-0.41836923360824585,-0.3403981029987335
-0.24085721373558044,-0.1253192126750946,-0.0019721239805221558,0.11993196606636047
0.23170927166938782,0.32639357447624207,0.3993595540523529,0.44828087091445923
0.47254785895347595,0.4728839695453644,0.45162662863731384,0.4132744371891022
0.3640580177307129,0.31004396080970764,0.25528112053871155,0.2013373225927353
0.14795422554016113,0.0941605418920517,0.03907552361488342
-0.017990071326494217,-0.07754326611757278,-0.13941840827465057,-0.20180882513523102
-0.2608644664287567,-0.3119034767150879,-0.3513229489326477,-0.37751132249832153
-0.39027824997901917,-0.38942402601242065,-0.373492032289505,-0.3396883010864258
-0.28546109795570374,-0.2106761336326599,-0.11853165924549103,-0.015058204531669617
0.09208032488822937,0.19518183171749115,0.2879096269607544,0.3660013675689697
0.42705628275871277,0.46963346004486084,0.4925556182861328
0.4951156973838806,0.4782269299030304,0.44525060057640076,0.40095746517181396
0.34951189160346985,0.29328471422195435,0.2327326238155365,0.16718371212482452
0.09605281054973602,0.019491568207740784,-0.06156080961227417,-0.1452939808368683
-0.22860822081565857,-0.3067949116230011,-0.3743469715118408,-0.42674702405929565
-0.4617152512073517,-0.47908949851989746,-0.47961482405662537,-0.4633975923061371
-0.4290492534637451,-0.3744431138038635,-0.29882267117500305
-0.20437297224998474,-0.09612672030925751,0.019038110971450806,0.133612260222435
0.2406601905822754,0.3346584737300873,0.4116225242614746,0.46869462728500366
0.5037233829498291,0.5152064561843872,0.5030798316001892,0.469844788312912
0.4203254282474518,0.35988277196884155,0.2925783693790436,0.2202993631362915,0.14323729276657104,0.061339572072029114,-0.024606049060821533,-0.11287937313318253
-0.20118649303913116,-0.2867310345172882,-0.36569684743881226
-0.4332435727119446,-0.4849899709224701,-0.51869797706604,-0.534594714641571,-0.5341886281967163,-0.5183779001235962,-0.4861728250980377,-0.43510425090789795
0.3255915343761444,0.4865439832210541,0.6346917748451233,0.7504055500030518,0.8205088376998901
0.8384850025177002,0.8033150434494019,0.71796053647995,0.5898426175117493
0.43319612741470337,0.2700958251953125,0.12762145698070526,0.03156634420156479,0.00012183032231405377,0.040285058319568634,0.14693106710910797,0.30355697870254517
0.4845620095729828,0.6596961617469788,0.8001299500465393,0.884412944316864,0.9021556377410889,0.854057252407074,0.7495402097702026,0.6039919853210449,0.4367753267288208,0.27018553018569946,0.1280737817287445
0.03272160887718201,1.3133103493601084e-05,0.03504949063062668,0.13077299296855927
0.2699788808822632,0.4294275641441345,0.5846669673919678,0.7142615914344788
0.8023923635482788,0.8398698568344116,0.823845386505127,0.7563726305961609
0.6437141299247742,0.49752727150917053,0.33609411120414734,0.18355223536491394
0.06593883037567139,0.005167528986930847,0.014006196521222591,0.09345981478691101
0.23236700892448425,0.408975213766098,0.5945623517036438
0.758727490901947,0.875278651714325,0.9273709654808044,0.909834086894989
0.8280987739562988,0.6954737901687622,0.5305274724960327,0.3554130494594574
0.19450733065605164,0.07189630717039108,0.007121910806745291,0.010405701585114002
0.0798683613538742,0.2021898329257965,0.3560250699520111,0.5167078375816345
0.6608880162239075,0.7699608206748962,0.8318895697593689,0.841546893119812
0.7993069887161255,0.709194004535675,0.5791006684303284
0.4228667914867401,0.2616426646709442,0.12169899046421051,0.028492765501141548,0.00043524347711354494,0.044848449528217316,0.15644291043281555,0.3179969787597656
0.5029434561729431,0.6800832152366638,0.8199337124824524,0.9010664820671082
0.9137512445449829,0.859565794467926,0.7488214373588562,0.5978274941444397
0.4269009530544281,0.25912925601005554,0.1186910942196846,0.0275128111243248
0.00036379561061039567,0.04069108888506889,0.13978861272335052
0.2793624997138977,0.43593865633010864,0.5856602191925049,0.7082377672195435
0.7892071604728699,0.8205687403678894,0.7999963760375977,0.7292450070381165
0.614035427570343,0.46614208817481995,0.30515629053115845,0.15700381994247437
0.048563431948423386,0.0010574765037745237,0.025258678942918777,0.11931426078081131
0.2688364088535309,0.4490937292575836,0.6295670866966248,0.7801910042762756
0.8775694370269775,0.9091217517852783,0.873627245426178
0.7791175842285156,0.6401083469390869,0.4753413498401642,0.3064832091331482
0.15698520839214325,0.04955495893955231,0.0016017354791983962,0.02051757089793682
0.1017407551407814,0.2303072214126587,0.38460949063301086,0.5409554839134216
0.6777172684669495,0.7780860662460327,0.8313052654266357,0.8326541185379028
0.7821900248527527,0.6838138699531555,0.5464146137237549,0.3859473168849945
0.22586330771446228,0.09372340142726898,0.014654848724603653
0.005129919853061438,0.06916254758834839,0.1972818821668625,0.36818188428878784
0.5526796579360962,0.7193465232849121,0.8407371640205383,0.9480807185173035,0.9421788454055786,0.9012039303779602,0.8278316259384155,0.7249619960784912,0.5956423282623291,0.44348078966140747,0.2733581066131592,0.09189027547836304
-0.09290813654661179,-0.2726464569568634,-0.4395730495452881,-0.5872058868408203,-0.710658848285675,-0.8067566752433777,-0.8738810420036316
-0.911590039730072,-0.9201942682266235,-0.9000908136367798,-0.8509635925292969,-0.771791934967041,-0.6619685292243958,-0.5228214263916016,-0.35851484537124634
-0.17571598291397095,0.01735064387321472,0.2117242068052292,0.39835813641548157
0.5685371160507202,0.7142637968063354,0.8288667798042297,0.9076474905014038
0.9483999013900757,0.951380729675293,0.9185246825218201,0.8525782823562622
0.756579577922821,0.6336374878883362,0.4871470332145691
0.3214437663555145,0.14251133799552917,-0.04196077585220337,-0.22348788380622864
-0.3939855098724365,-0.5465506315231323,-0.6758437156677246,-0.7782574892044067
-0.8518447875976562,-0.8959479331970215,-0.9107233285903931,-0.8965503573417664
-0.8532669544219971,-0.779999852180481,-0.6760891079902649,-0.5424594283103943
-0.382615864276886,-0.20268818736076355,-0.010613948106765747,0.18477363884449005
0.37437930703163147,0.5492966771125793,0.7012990117073059
0.8234834671020508,0.9108137488365173,0.9605054259300232,0.9721710681915283
0.9473453164100647,0.8886504173278809,0.7991429567337036,0.6819645762443542
0.5404098033905029,0.3784826993942261,0.20164701342582703,0.017067641019821167
-0.16708765923976898,-0.34275874495506287,-0.5028089880943298,-0.6414668560028076
-0.7545570135116577,-0.8395441770553589,-0.8953120708465576,-0.9217458367347717,-0.9192203879356384,-0.8878855109214783,-0.8271554708480835
-0.7361006736755371,-0.6146003603935242,-0.4646696448326111,-0.29117974638938904
-0.10143503546714783,0.09578229486942291,0.291073739528656,0.4751938581466675
0.6396355628967285,0.7770586609840393,0.8816629648208618,0.9495638012886047
0.9791757464408875,0.9711199998855591,0.9274857640266418,0.851045548915863
0.7447938323020935,0.6118595004081726,0.4558841586112976,0.28172555565834045,0.09596070647239685
-0.09337928891181946,-0.27778497338294983,-0.44929444789886475,-0.6011607646942139,-0.728218674659729,-0.8270629644393921,-0.8959524035453796,-0.9343789219856262
-0.942562460899353,-0.9208645820617676,-0.8691009879112244,-0.7865297198295593
-0.6728600859642029,-0.5296111106872559,-0.36099642515182495,-0.17378994822502136
0.02353718876838684,0.22172002494335175,0.4114159643650055,0.5837191343307495
0.7306591272354126,0.8458026051521301,0.9247381091117859,0.9654269814491272,0.968202531337738
0.93509441614151,0.8689575791358948,0.7729101777076721,0.6500824689865112
0.5037866234779358,0.3381526470184326,0.15885964035987854,-0.0267333984375,-0.21038350462913513,-0.3840780258178711,-0.5408093929290771,-0.6749960780143738
-0.7827043533325195,-0.8616061210632324,-0.9105913043022156,-0.9293500781059265
-0.9180077314376831,-0.8765136003494263,-0.8043358325958252,-0.7010927796363831
-0.5676902532577515,-0.40738117694854736,-0.2261376976966858
-0.032014042139053345,0.16582916676998138,0.35789304971694946,0.534986138343811
0.6888686418533325,0.8128610849380493,0.9021929502487183,0.9541916251182556
0.9684110283851624,0.9462575316429138,0.8901963829994202,0.8031251430511475
0.6880739331245422,0.5482733249664307,0.38764190673828125,0.2114308774471283
0.026484131813049316,-0.15925464034080505,-0.3376939594745636,-0.5014326572418213
-0.6442965269088745,-0.7616589069366455,-0.8505476117134094
-0.9094419479370117,-0.9378998279571533,-0.9361991286277771,-0.9047231078147888
-0.8433052897453308,-0.7513697147369385,-0.6289211511611938,-0.4778294563293457,-0.3026885390281677,-0.11065784096717834,0.08935858309268951,0.2876513600349426
0.4746563732624054,0.6416894793510437,0.7814004421234131,0.8880706429481506
0.9578592777252197,0.9890892505645752,0.9821969270706177,0.9391053915023804,0.8625168800354004,0.7555049657821655,0.6214349865913391
0.46423619985580444,0.28891193866729736,0.10195767879486084,-0.08876870572566986,-0.2748492956161499,-0.4482800364494324,-0.6021679639816284,-0.7311493158340454
-0.8316160440444946,-0.9016520977020264,-0.9406117796897888,-0.9486562013626099
-0.9262775778770447,-0.873642086982727,-0.7904173731803894,-0.6765410304069519
-0.533420979976654,-0.3649320602416992,-0.17759135365486145,0.020178794860839844
0.21903331577777863,0.40951454639434814,0.5826926231384277
0.7307649850845337,0.8476190567016602,0.9291348457336426,0.9733180999755859,0.9802793860435486,0.951714277267456,0.8901225924491882,0.7982882261276245,0.6790955066680908,0.5356915593147278,0.37202054262161255,0.19347187876701355,0.007063060998916626,-0.17918018996715546,-0.3572063148021698,-0.5197151899337769,-0.6606528759002686,-0.7755222320556641,-0.8614361882209778,-0.9168229103088379,-0.9411051869392395,-0.9344537258148193,-0.8971746563911438
-0.8291600346565247,-0.7301985621452332,-0.6009343266487122,-0.4440116286277771,-0.26476407051086426,-0.07085993885993958,0.12858007848262787,0.32383137941360474
0.5054326057434082,0.6650043725967407,0.7958369255065918,0.8930801153182983
0.9537561535835266,0.9769042134284973,0.9634261131286621,0.9154382944107056
0.8356543779373169,0.7270315885543823,0.5927082300186157,0.43636101484298706
0.26282617449760437,0.07849279046058655,-0.10897280275821686
-0.2914663553237915,-0.4613198935985565,-0.6119152307510376,-0.7380744218826294
-0.83624267578125,-0.9043689370155334,-0.941617488861084,-0.9481015801429749
-0.9243013858795166,-0.8702648282051086,-0.7855141162872314,-0.6698890328407288
-0.5248256325721741,-0.3543866276741028,-0.16534370183944702,0.03354606032371521
0.2325315773487091,0.42192885279655457,0.5929705500602722,0.7382896542549133
0.8521419763565063,0.9305328130722046,0.9714515805244446
0.974928617477417,0.9425578117370605,0.8768290877342224,0.7806423306465149
0.6570928692817688,0.5096413493156433,0.3426312208175659,0.1618613600730896
-0.025334104895591736,-0.21079587936401367,-0.38653621077537537,-0.5454675555229187
-0.6818454265594482,-0.7915366888046265,-0.8720199465751648,-0.9220448732376099
-0.9412603378295898,-0.9298364520072937,-0.8878173232078552,-0.8147896528244019
-0.7104349136352539,-0.5756235122680664,-0.4135633707046509
-0.23029091954231262,-0.03409048914909363,0.1655271053314209,0.35874703526496887,0.5362852215766907,0.6901243925094604,0.8140066862106323,0.9035458564758301,0.9562243223190308,0.9714744687080383,0.950450599193573,0.8954032063484192,0.8090876936912537,0.6944573521614075,0.5547304153442383,0.393854558467865,0.21712538599967957,0.03140193223953247,-0.15542234480381012,-0.3353119492530823,-0.5008341670036316,-0.6456753015518188,-0.7649978399276733
-0.8555546402931213,-0.9154627323150635,-0.9439464211463928,-0.9411696791648865
-0.9076332449913025,-0.843445897102356,-0.7484203577041626,-0.6229596138000488
-0.4692502021789551,-0.2921232581138611,-0.09893357753753662,0.10121780633926392
0.2984297275543213,0.48308050632476807,0.6467595100402832,0.7827566862106323
0.8860888481140137,0.9533916115760803,0.9830979704856873,0.9755332469940186
0.9324477910995483,0.8563629984855652,0.7501631379127502
0.6170142292976379
0.4606718420982361,0.28603747487068176,0.09952491521835327,-0.09115244448184967
-0.27771708369255066,-0.4521663188934326,-0.6074395179748535,-0.7378960847854614
-0.839594841003418,-0.9102652072906494,-0.9490318894386292,-0.9561010599136353
-0.9321891069412231,-0.8777153491973877,-0.7925804257392883,-0.6768351197242737
-0.531832218170166,-0.3613496422767639,-0.17194288969039917,0.027672141790390015
0.2276884913444519,0.4183446764945984,0.5908446907997131,0.7379016876220703
0.8539391756057739,0.9350671768188477,0.9791721105575562,0.9860327839851379
0.9569805264472961,0.8942697048187256,0.8005967736244202,0.678877592086792
0.5324005484580994,0.3653547167778015,0.18339267373085022,-0.006271481513977051
-0.19545294344425201,-0.37589502334594727,-0.5400299429893494,-0.6815307140350342
-0.795695424079895,-0.879544734954834,-0.931547224521637,-0.9513020515441895
-0.9392319917678833
-0.8959234356880188,-0.82161545753479,-0.7164985537528992,-0.581608235836029
-0.41997748613357544,-0.23733970522880554,-0.04170265793800354,0.15764984488487244
0.351082444190979,0.529485285282135,0.6850478649139404,0.8117024302482605
0.9051392078399658,0.962716281414032,0.9835320115089417,0.9682927131652832
0.9187920093536377,0.8373547792434692,0.7265203595161438,0.5891393423080444
0.4289069175720215,0.25098371505737305,0.06218457221984863
-0.1294894814491272,-0.31566715240478516,-0.48837271332740784,-0.6406385898590088
-0.7669718265533447,-0.8635721802711487,-0.928187370300293,-0.9598790407180786
-0.9588609337806702,-0.9259125590324402,-0.8615766763687134,-0.7660928964614868
-0.6401448845863342,-0.4859911799430847,-0.30840861797332764,-0.11473134160041809
0.08589205145835876,0.283535361289978,0.4686586558818817,0.6330429315567017
0.770227313041687,0.8755028247833252,0.9457079172134399
0.9792361259460449,0.9761281609535217,0.9377572536468506,0.8662404417991638
0.7640456557273865,0.6340001821517944,0.47966814041137695,0.3058483302593231,0.11884230375289917,-0.07373857498168945,-0.26358866691589355,-0.4424747824668884
-0.60293048620224,-0.7388068437576294,-0.8456447720527649,-0.9207415580749512
-0.9628971219062805,-0.9720984697341919,-0.9490505456924438,-0.8944355845451355,-0.8085644245147705,-0.6918272972106934,-0.5456730723381042
-0.3737528324127197,-0.18249067664146423,0.019402146339416504,0.22203095257282257
0.41549500823020935,0.5908357501029968,0.7406404614448547,0.8593024015426636
0.94292813539505,0.9892377257347107,0.9976661205291748,0.9692100286483765
0.9058953523635864,0.8103161454200745,0.6854937076568604,0.5350702404975891
0.36371344327926636,0.1774510145187378,-0.01635029911994934,-0.20946404337882996
-0.39354056119918823,-0.5608278512954712,-0.704767644405365
-0.820429801940918,-0.9046540856361389,-0.9558131694793701,-0.9735493063926697
-0.9585810899734497,-0.9120873212814331,-0.8349947929382324,-0.727980375289917,-0.5921981334686279,-0.43040984869003296,-0.24781444668769836,-0.05185580253601074
0.1486048698425293,0.344164103269577,0.5257676839828491,0.6855325698852539
0.8172599077224731,0.9164503812789917,0.9800752401351929,1.0065726041793823
0.995863139629364,0.9490317106246948,0.867911696434021
0.7548866868019104,0.6130561828613281,0.44667863845825195,0.26152729988098145
0.06489068269729614,-0.13481512665748596,-0.3287213146686554,-0.5082785487174988
-0.6659601926803589,-0.7958080768585205,-0.8937301635742188,-0.9574459791183472
-0.98627769947052,-0.9809726476669312,-0.9431312084197998,-0.8742942810058594
-0.7755692005157471,-0.6480594873428345,-0.49382537603378296,-0.31694477796554565
-0.12391281127929688,0.07683318853378296,0.2758774757385254
0.46396708488464355,0.6329423785209656,0.776185154914856,0.8886632323265076
0.9667804837226868,1.0083322525024414,1.012587308883667,0.9801585674285889
0.9126140475273132,0.81215900182724,0.6816680431365967,0.5250106453895569
0.3473619222640991,0.15530166029930115,-0.043363720178604126,-0.24009759724140167
-0.42633289098739624,-0.5941832065582275,-0.7370504140853882,-0.8500716686248779
-0.9302672743797302,-0.9763230085372925,-0.9882833957672119
-0.9671726822853088,-0.9142983555793762,-0.8306792378425598,-0.7171326875686646
-0.5750175714492798,-0.4074089527130127,-0.21990057826042175,-0.020337074995040894
0.18212354183197021,0.3780384361743927,0.5585916638374329,0.7162473201751709
0.8450850248336792,0.9407616853713989,1.0003076791763306,1.0221564769744873,1.006216287612915,0.9535970687866211,0.8662288188934326,0.746766209602356
0.5987975597381592,0.42713361978530884,0.23798036575317383
0.03887680172920227,-0.1616961508989334,-0.35497310757637024,-0.5326382517814636,-0.6874842047691345,-0.8139175772666931,-0.9081791639328003,-0.9681887030601501
-0.9933527708053589,-0.9844636917114258,-0.9431232810020447,-0.8708567023277283
-0.7687945365905762,-0.6381580233573914,-0.4813181161880493,-0.30274826288223267
-0.10909217596054077,0.09143082797527313,0.2897951304912567,0.4770636558532715
0.6451938152313232,0.7875000238418579,0.898760974407196
0.9751385450363159,1.0142260789871216,1.0151634216308594,0.9784458875656128
0.9055205583572388,0.7985748052597046,0.6606898307800293,0.4962010383605957
0.3109453320503235,0.11223834753036499,-0.09144037961959839,-0.29104772210121155
-0.4777316451072693,-0.6435558199882507,-0.7820847034454346,-0.8887457251548767
-0.9608597755432129,-0.9974719285964966,-0.9991881251335144,-0.9676700234413147
-0.9047138690948486,-0.8116910457611084,-0.6897574663162231,-0.5406829714775085
-0.36795711517333984,-0.17740750312805176,0.023074626922607422,0.224387526512146
0.4172919988632202,0.5933504104614258,0.7454628348350525,0.8680431842803955
0.9569653868675232,1.0095021724700928,1.0243914127349854,1.0017750263214111
0.9428490400314331,0.8495057821273804,0.724337100982666,0.570986270904541
0.3944860100746155,0.20135191082954407,-0.0005856156349182129,-0.2026296854019165
-0.3958800435066223,-0.5719590783119202
-0.7236720323562622,-0.8455276489257812,-0.9339773654937744,-0.987267255783081
-1.0051891803741455,-0.9888082146644592,-0.939812958240509,-0.859778881072998
-0.7499736547470093,-0.6118648648262024,-0.44820213317871094,-0.26390698552131653
-0.0660136342048645,0.13700450956821442,0.3360382914543152,0.5222111344337463
0.6876202821731567,0.8257778882980347,0.9317153692245483,1.001868486404419
1.0340875387191772,1.02776038646698,0.9836392402648926
0.9034178853034973,0.789544939994812,0.6454335451126099,0.47576701641082764
0.2866501808166504,0.08554869890213013,-0.11903458833694458,-0.3181384801864624
-0.503058671951294,-0.6660509705543518,-0.8009054660797119,-0.9032676815986633
-0.9706243276596069,-1.0022056102752686,-0.9989053010940552,-0.9627071619033813
-0.8956810235977173,-0.7993751168251038,-0.6750109195709229,-0.5244183540344238
-0.35112714767456055,-0.1607864797115326,0.03910049796104431
0.2398124635219574,0.4323444068431854,0.6083086133003235,0.7604997158050537
0.8831365704536438,0.9718374609947205,1.0236033201217651,1.0369617938995361
1.011900544166565,0.9494703412055969,0.851506233215332,0.7207648754119873
0.5612903237342834,0.37867051362991333,0.180035799741745,-0.026210367679595947
-0.23092149198055267,-0.42492008209228516,-0.5997405052185059,-0.7482619285583496
-0.8651730418205261,-0.9471886157989502,-0.9930065274238586
-1.0031332969665527,-0.9794078469276428,-0.9241117238998413,-0.8392021656036377
-0.7261307835578918,-0.5863682627677917,-0.422508180141449,-0.23919165134429932,-0.04320606589317322,0.15712089836597443,0.35288602113723755,0.5355460047721863
0.6975392699241638,0.8326184153556824,0.9359272718429565,1.0039589405059814
1.0346176624298096,1.0272217988967896,0.9822233319282532,0.9008819460868835,0.7852863669395447,0.6387218236923218,0.46600615978240967
0.2735767960548401,0.06933236122131348,-0.13779059052467346,-0.33847305178642273
-0.5237637758255005,-0.685779333114624,-0.8182767629623413,-0.9169875383377075
-0.9795939922332764,-1.0055896043777466,-0.9961215257644653,-0.9533843994140625
-0.8796896934509277,-0.7768975496292114,-0.646592915058136,-0.4910234212875366
-0.31413429975509644,-0.12188217043876648,0.07809463143348694,0.27712804079055786
0.46639928221702576,0.6377529501914978,0.784220278263092
0.90023273229599,0.9815985560417175,1.025519609451294,1.030730962753296
0.9974357485771179,0.9269445538520813,0.8214361667633057,0.6841040849685669
0.5194393992424011,0.3333759903907776,0.13324716687202454,-0.0724937915802002
-0.2748068571090698,-0.46475911140441895,-0.6342267394065857,-0.7764745950698853
-0.8865400552749634,-0.9613629579544067,-0.9998016357421875,-1.0026094913482666
-0.9719209671020508,-0.9102023243904114,-0.8194521069526672
-0.7011407613754272,-0.5568895936012268,-0.3895353078842163,-0.20386868715286255
-0.006714820861816406,0.1935705542564392,0.3880425989627838,0.5681172013282776
0.7262113094329834,0.8561022281646729,0.9529761075973511,1.0133366584777832
1.0351004600524902,1.0176769495010376,0.9617156982421875,0.8688247799873352
0.7416741251945496,0.5843423008918762,0.40252721309661865,0.20350110530853271
-0.00417405366897583,-0.21117709577083588,-0.40814003348350525
-0.5863749384880066,-0.7384676337242126,-0.8587599992752075,-0.9436882138252258
-0.9918253421783447,-1.0037097930908203,-0.9814255833625793,-0.9277632236480713
-0.8453446626663208,-0.7361859083175659,-0.6018906235694885,-0.4445638656616211
-0.26789048314094543,-0.07759252190589905,0.11888471990823746,0.31320062279701233
0.4970223307609558,0.6626691222190857,0.80351722240448,0.9141685366630554
0.9904473423957825,1.0295047760009766,1.0299725532531738
0.9918226003646851,0.9160387516021729,0.8045720458030701,0.6606726050376892
0.4892217516899109,0.29681122303009033,0.0915631651878357,-0.11732044816017151
-0.3202430307865143,-0.507984459400177,-0.6723949909210205,-0.806964635848999
-0.9072195887565613,-0.9708038568496704,-0.9973881244659424,-0.9885053038597107
-0.946913480758667,-0.8755552172660828,-0.7768061757087708,-0.6524274945259094
-0.5042863488197327,-0.3354001045227051,-0.1505560576915741
0.04369373619556427,0.23951208591461182,0.42856162786483765,0.6027729511260986,0.7549052834510803,0.8788668513298035,0.9697772264480591
0.008971216157078743,9.610233064449858e-06,0.011497769504785538,0.04587971419095993,0.10206711292266846
0.17504578828811646,0.2561587989330292,0.3335317075252533,0.39360591769218445
0.4243485629558563,0.41875550150871277,0.377072811126709,0.30676591396331787
0.22036108374595642,0.13280588388442993,0.05915685370564461,0.012290611863136292
0.0007259516278281808,0.026857545599341393,0.08587583154439926,0.16575747728347778
0.2494620531797409,0.31969818472862244,0.3639088571071625,0.37678152322769165
0.35975852608680725,0.3190068006515503,0.2633679211139679
0.20228976011276245,0.14358942210674286,0.09207775443792343,0.05002520605921745
0.0190788134932518,0.002050909446552396,0.0029885261319577694,0.025346655398607254
0.06980085372924805,0.1332390457391739,0.20884732902050018,0.28640636801719666,0.35315921902656555,0.3963330388069153,0.40668192505836487,0.38130781054496765,0.3245684802532196,0.24669459462165833,0.16131383180618286,0.08319590985774994,0.026119394227862358,0.0006975966389290988,0.012373548932373524
0.05989323928952217,0.13459256291389465,0.22133350372314453,0.3021753430366516
0.3616470694541931,0.3906671106815338,0.3874410390853882,0.3560124337673187
0.3042232096195221,0.2417566031217575,0.17787212133407593,0.11934374272823334,0.06992917507886887,0.031736984848976135,0.0072594559751451015,0.00021643259970005602
0.014325801283121109,0.051037877798080444,0.10810296982526779,0.1795720010995865,0.2563082277774811,0.3265790641307831,0.3777695894241333
0.3995029330253601,0.38672494888305664,0.3413541615009308,0.27165719866752625,0.18989437818527222,0.10994188487529755,0.04530129209160805,0.007121086120605469,0.0023406469263136387,0.032214466482400894,0.09139934927225113,0.16801616549491882,0.2459212839603424,0.30929628014564514,0.3471277356147766,0.3552345633506775,0.3355933725833893,0.29441311955451965,0.2402443140745163,0.18199191987514496
0.1268061399459839,0.07895606756210327,0.040528323501348495
0.013353124260902405,0.0005049222381785512,0.005969646852463484,0.03266530483961105
0.08047410100698471,0.14555564522743225,0.2205999344587326,0.2951981723308563
0.3568744659423828,0.3936832547187805,0.3975526690483093,0.36683475971221924,0.30688512325286865,0.22839879989624023,0.14497487246990204,0.07098846882581711,0.019485874101519585,3.119555185548961e-05,0.016777340322732925,0.06709247082471848,0.14107747375965118,0.22295919060707092,0.2952202558517456
0.34383732080459595,0.36172744631767273,0.34906357526779175,0.3114034831523895,0.2574383318424225,0.19687721133232117,0.13821452856063843,0.08706468343734741,0.04614901542663574,0.016933854669332504,0.0015516505809500813,0.0033400182146579027,0.02547454833984375,0.06885180622339249,0.13086120784282684,0.20539125800132751,0.28317058086395264,0.3523316979408264,0.40031951665878296,0.41712892055511475
0.3983778655529022,0.3468221426010132,0.27150389552116394
0.1853976845741272,0.10312025249004364,0.0388311930000782,0.004031116608530283
0.005437870975583792,0.04334500804543495,0.1107838898897171,-0.44047752022743225
-0.5248913764953613,-0.5821757912635803,-0.6112672686576843,-0.6135591268539429
-0.5919952988624573,-0.5503735542297363,-0.4931149482727051,-0.4249321222305298
-0.34990888833999634,-0.2703396677970886,-0.18626180291175842,-0.09631067514419556,0.0004734247922897339,0.10311292856931686,0.20846587419509888
0.3121529817581177,0.40957894921302795,0.4961785078048706,0.5671302080154419
0.6175320744514465,0.6432163119316101,0.6415517926216125,0.6119415163993835
0.5557552576065063,0.4756433069705963,0.3749876618385315,0.2578270733356476
0.1288769245147705,-0.0065027326345443726,-0.1423555165529251,-0.27207615971565247
-0.3884897828102112,-0.484733521938324,-0.5557115077972412,-0.5990666151046753
-0.6151662468910217,-0.6063281297683716,-0.5759446620941162
-0.5280840396881104,-0.46730196475982666,-0.3979756832122803,-0.3231342136859894
-0.24358293414115906,-0.15820494294166565,-0.06550966203212738,0.03456372022628784
0.13982611894607544,0.2463434636592865,0.34951338171958923,0.44466090202331543
0.5268726348876953,0.5909030437469482,0.6318024396896362,0.6458190679550171
0.6310928463935852,0.5879083275794983,0.518252968788147,0.42517200112342834
0.31252285838127136,0.18494772911071777,0.04786635935306549
-0.0925661101937294,-0.22953014075756073,-0.3555995523929596,-0.46331119537353516
-0.5464979410171509,-0.6015440225601196,-0.6277875900268555,-0.6270037889480591
-0.6024279594421387,-0.5580872297286987,-0.4985937476158142,-0.42873889207839966
-0.3524869680404663,-0.2718488574028015,-0.18659693002700806,-0.095311239361763
0.0028134435415267944,0.10662013292312622,0.21292465925216675,0.3174433410167694,0.41567718982696533,0.5030179619789124,0.5744813680648804
0.6250032782554626,0.6502877473831177,0.647607684135437,0.6162958145141602
0.5576144456863403,0.47410842776298523,0.36918070912361145,0.24705636501312256
0.11279988288879395,-0.027760550379753113,-0.16815175116062164,-0.3012425899505615
-0.4194527268409729,-0.5157839059829712,-0.5852474570274353,-0.6257230043411255
-0.6378380656242371,-0.624116063117981,-0.5881356596946716,-0.5342018604278564,-0.46714022755622864
-0.3915676176548004,-0.3106849491596222,-0.22544148564338684,-0.13492131233215332
-0.03791777789592743,0.06533300876617432,0.17244811356067657,0.27948129177093506
0.3819836974143982,0.4755076467990875,0.555388331413269,0.6166886687278748
0.6548086404800415,0.6662992238998413,0.6495175361633301,0.6048199534416199
0.534074604511261,0.44011005759239197,0.3265840411186218,0.19800376892089844
0.05970484018325806,-0.08221975713968277,-0.2209361493587494,-0.34892749786376953,-0.4587016701698303
-0.5441790819168091,-0.6018549203872681,-0.6310684680938721,-0.633405327796936
-0.6117833852767944,-0.569912314414978,-0.512131929397583,-0.4429742097854614
-0.36613374948501587,-0.2834106981754303,-0.1945735216140747,-0.09849226474761963
0.005134880542755127,0.11462622880935669,0.22639864683151245,0.3359220325946808
0.4385244846343994,0.5294104814529419,0.6034380793571472,0.655502200126648
0.6813613176345825,0.6784186959266663,0.6461947560310364
0.5860992670059204,0.5007662177085876,0.3936825096607208,0.2691417932510376
0.13227224349975586,-0.010993346571922302,-0.15402203798294067,-0.28951480984687805
-0.4098481237888336,-0.508193850517273,-0.5798643827438354,-0.6230040788650513
-0.6383384466171265,-0.6282891631126404,-0.5962027907371521,-0.5460954904556274
-0.4824465215206146,-0.4094347655773163,-0.329778790473938,-0.2440786361694336
-0.15138500928878784,-0.050791338086128235,0.05698563903570175
0.1690991222858429,0.28127342462539673,0.38882628083229065,0.48702627420425415
0.5708375573158264,0.6349966526031494,0.674712598323822,0.6865072846412659
0.6688796281814575,0.6223835945129395,0.5490372776985168,0.4518071413040161
0.33451592922210693,0.20188140869140625,0.05948379635810852,-0.08635550737380981
-0.2285836637020111,-0.35949966311454773,-0.471564382314682,-0.5587908029556274
-0.617837131023407,-0.6482348442077637,-0.6517273187637329
-0.6313263773918152,-0.5908007621765137,-0.5344947576522827,-0.46682310104370117
-0.3912258446216583,-0.30919989943504333,-0.22030258178710938,-0.1233799159526825
-0.018276944756507874,0.09312751889228821,0.20712831616401672,0.3191673755645752
0.424533486366272,0.518293559551239,0.5951368808746338,0.6498451232910156
0.6781297922134399,0.6774246096611023,0.6472876071929932,0.5890591740608215
0.5052372217178345,0.39919474720954895,0.2751472294330597
0.13817042112350464,-0.005826905369758606,-0.15014736354351044,-0.28732821345329285
-0.4096139073371887,-0.5101581811904907,-0.5843296051025391,-0.630340576171875
-0.6489241719245911,-0.6424278020858765,-0.6140893697738647,-0.5677902698516846
-0.5077979564666748,-0.4379715919494629,-0.3606542944908142,-0.2761535346508026
-0.1834414005279541,-0.0817573219537735,0.02793048322200775,0.14254635572433472
0.25764235854148865,0.3683528006076813,0.46967482566833496
0.5562776327133179,0.622725248336792,0.664207935333252,0.6773480176925659
0.66081702709198,0.6153162717819214,0.5429708957672119,0.44686755537986755
0.33094027638435364,0.19998300075531006,0.05963185429573059,-0.08374099433422089
-0.22303356230258942,-0.3505677878856659,-0.45899659395217896,-0.5426900386810303
-0.5987217426300049,-0.6269518136978149,-0.6292771100997925,-0.6087109446525574
-0.56892991065979,-0.5141148567199707,-0.4484361410140991
-0.3750091791152954,-0.2949850261211395,-0.20764657855033875,-0.11172093451023102
-0.007125407457351685,0.10406921058893204,0.2179764062166214,0.32991695404052734
0.43504947423934937,0.5282694101333618,0.6041479110717773,0.6574482917785645
0.6839243173599243,0.6811139583587646,0.6486939787864685,0.5880725979804993
0.5018273591995239,0.39350077509880066,0.26756513118743896,0.12937340140342712
-0.01495373249053955,-0.15856391191482544,-0.29387545585632324
-0.41314470767974854,-0.509736180305481,-0.5793874859809875,-0.620760440826416
-0.6350119113922119,-0.6248025894165039,-0.5935737490653992,-0.545326292514801
-0.4843466281890869,-0.41436976194381714,-0.33747678995132446,-0.2536606192588806
-0.16165238618850708,-0.060597822070121765,0.048524610698223114,0.16262967884540558
0.27731865644454956,0.3877831697463989,0.4889974594116211,0.5755469799041748
0.6419060230255127,0.6831678748130798,0.6958931684494019
0.6787320375442505,0.6323217153549194,0.5587034821510315,0.4609355628490448
0.3429768979549408,0.20970028638839722,0.06689104437828064,-0.07884445041418076
-0.22012583911418915,-0.34910663962364197,-0.4584779143333435,-0.5427992343902588
-0.5993938446044922,-0.6283197999000549,-0.6315346956253052,-0.6120102405548096
-0.5733566880226135,-0.5196796655654907,-0.45502281188964844,-0.38229984045028687
-0.3024542033672333,-0.21467801928520203,-0.11778859794139862
-0.011930018663406372,0.10057319700717926,0.21564626693725586,0.3284801244735718
0.4340805411338806,0.5271762609481812,0.602272629737854,0.6542162299156189
0.6789795160293579,0.6744115948677063,0.6404586434364319,0.5786681175231934
0.49165409803390503,0.38291943073272705,0.25686541199684143,0.1188022792339325
-0.02514566481113434,-0.16806617379188538,-0.3022979199886322,-0.420091450214386
-0.5149271488189697,-0.582743763923645,-0.6223844289779663
-0.635071873664856
-0.623436450958252,-0.5908727645874023,-0.5413607954978943,-0.47918424010276794
-0.4080680012702942,-0.33008140325546265,-0.2452535629272461,-0.15246635675430298
-0.05115990340709686,0.05732981860637665,0.16965405642986298,0.2813403606414795
0.38764965534210205,0.48368221521377563,0.5642275810241699,0.624083399772644
0.6587552428245544,0.6652738451957703,0.642724335193634,0.5920116305351257
0.5152767300605774,0.41558825969696045,0.2968802750110626,0.16398006677627563
0.022588536143302917,-0.12076641619205475,-0.2587117850780487,-0.3834055960178375
-0.4876580834388733,-0.5662875175476074,-0.6169470548629761,-0.6399786472320557
-0.6375114917755127,-0.6126232743263245,-0.5690400004386902,-0.5109935998916626
-0.4425915777683258,-0.36669716238975525,-0.28414395451545715,-0.19409218430519104
-0.09549662470817566,0.011242613196372986,0.12357413023710251,0.2373529076576233,0.34784743189811707
0.4501538872718811,0.5390574932098389,0.609161376953125,0.6554840803146362
0.6742730140686035,0.6637471318244934,0.6241897940635681,0.5573993921279907
0.4661979377269745,0.3542577624320984,0.2261379063129425,0.08731696009635925,-0.055936068296432495,-0.19662486016750336,-0.32714998722076416,-0.44005244970321655
-0.5292844772338867,-0.5913126468658447,-0.6254234313964844,-0.6330937147140503,-0.6170402765274048,-0.5806772112846375,-0.5279832482337952
-0.46315836906433105,-0.38969162106513977,-0.3093240559101105,-0.22182774543762207
-0.12605004012584686,-0.02167089283466339,0.0895623117685318,0.2039056122303009
0.31660085916519165,0.42267340421676636,0.5170016288757324,0.5942479372024536
0.6492395401000977,0.6776999831199646,0.6770868301391602,0.6470129489898682
0.5888838171958923,0.5052993297576904,0.39974987506866455,0.2765624523162842
0.14090090990066528,-0.0013494044542312622,-0.14364920556545258
-0.2787645161151886,-0.3991605043411255,-0.49808982014656067,-0.5708619356155396,-0.6155729293823242,-0.6328692436218262,-0.6250396966934204,-0.5952438116073608
-0.5472568273544312,-0.4853043556213379,-0.4133829176425934,-0.3341633081436157
-0.24831464886665344,-0.15499266982078552,-0.05336752533912659,0.05581379681825638
0.16968569159507751,0.2839168906211853,0.3936925530433655,0.49404656887054443,0.5797103047370911,0.6452842950820923,0.6858583092689514
0.6978641748428345,0.6797959208488464,0.6321951746940613,0.5570899844169617
0.4575749337673187,0.33767130970954895,0.20233380794525146,0.057408690452575684
-0.09051867574453354,-0.23417608439922333,-0.3657922148704529,-0.47791728377342224
-0.564703643321991,-0.6229568719863892,-0.6523339748382568,-0.6546338796615601
-0.6328572630882263,-0.590695858001709,-0.532374918460846,-0.46223700046539307
-0.3837651312351227,-0.2986047565937042,-0.2064819633960724
-0.10634145140647888,0.001940608024597168,0.11644001305103302,0.23332983255386353
0.3478207290172577,0.4548457860946655,0.5491454601287842,0.6253265142440796
0.6782553195953369,0.7037464380264282,0.699383020401001,0.6648557186126709
0.6015706658363342,0.5121338963508606,0.40010708570480347,0.2699998915195465
0.12728041410446167,-0.021800875663757324,-0.17031161487102509,-0.31063389778137207
-0.4349578320980072,-0.5364288687705994,-0.6103977560997009
-0.6550761461257935,-0.6712015867233276,-0.6611132025718689,-0.6280580759048462
-0.5759903192520142,-0.5093636512756348,-0.4323691725730896,-0.3478173613548279
-0.2565213143825531,-0.15786024928092957,-0.05133040249347687,0.06195605546236038
0.1788405328989029,0.29482170939445496,0.404981791973114,0.5043004751205444
0.587600588798523,0.6497459411621094,0.686187744140625,0.6937717795372009
0.6713705658912659,0.6197720170021057,0.541141927242279
0.43866100907325745,0.3164103329181671,0.17935782670974731,0.0332682728767395
-0.11538879573345184,-0.2594011425971985,-0.391041100025177,-0.502943754196167
-0.5893758535385132,-0.6472301483154297,-0.6761341691017151,-0.6777081489562988
-0.6546951532363892,-0.6105506420135498,-0.5493453145027161,-0.4753405749797821
-0.39198845624923706,-0.3009905517101288,-0.2023170292377472,-0.09541095793247223
0.019178196787834167,0.13888029754161835,0.25943344831466675
0.37584972381591797,0.48297595977783203,0.5755045413970947,0.6480807662010193
0.6957488059997559,0.714666485786438,0.7028794884681702,0.6605409979820251
0.5894808173179626,0.49272018671035767,0.3742259442806244,0.23886427283287048
0.09236419200897217,-0.05885227024555206,-0.20774662494659424,-0.34672126173973083
-0.4681820869445801,-0.5656758546829224,-0.6350690722465515,-0.675067663192749
-0.6867541670799255,-0.672633707523346,-0.6359734535217285
-0.5806391835212708,-0.5109017491340637,-0.43066728115081787,-0.34238824248313904
-0.2465723752975464,-0.14251837134361267,-0.02993243932723999,0.08967242389917374
0.21270598471164703,0.33427464962005615,0.449052095413208,0.5515881776809692
0.6363812685012817,0.6981595754623413,0.7324419021606445,0.7363414764404297
0.7090830206871033,0.6517728567123413,0.5668730139732361,0.4578704833984375
0.3291751444339752,0.18609541654586792,0.03469952940940857
-0.11828243732452393,-0.2654225528240204,-0.3989054560661316,-0.5114798545837402
-0.5977095365524292,-0.6548610925674438,-0.682868242263794,-0.6835172176361084
-0.6596150398254395,-0.6146518588066101,-0.5527147650718689,-0.47799474000930786
-0.39373186230659485,-0.3013235330581665,-0.20049703121185303,-0.09066407382488251
0.027431830763816833,0.15091878175735474,0.27525031566619873,0.3952060341835022
0.5054362416267395,0.6004993915557861,0.6749793291091919,0.7239079475402832
0.7435141205787659,0.7319690585136414,0.689476728439331,0.6178170442581177
0.5199230909347534,0.3996836841106415,0.26192212104797363,0.11235496401786804,-0.042537227272987366,-0.1955372393131256,-0.33881044387817383,-0.46456342935562134
-0.5662181377410889,-0.6395671367645264,-0.6832084655761719,-0.6980264782905579
-0.6862851977348328,-0.6510603427886963,-0.5961283445358276,-0.5257483124732971,-0.44383618235588074,-0.3528730273246765
-0.2535052001476288,-0.14538002014160156,-0.028731107711791992,0.0943908840417862
0.22002442181110382,0.3431163728237152,0.45830005407333374,0.5601494312286377
0.6432770490646362,0.7026084661483765,0.7339455485343933,0.7347571849822998
0.7045858502388,0.6447403430938721,0.5577619075775146,0.4470914602279663
0.3170226514339447,0.17274779081344604,0.02024535834789276,-0.133794367313385
-0.28193581104278564,-0.41634148359298706,-0.5297479033470154
-0.6167244911193848,-0.6745268702507019,-0.7030150890350342,-0.7038533091545105
-0.6797381043434143,-0.6341198682785034,-0.5711076259613037,-0.49489229917526245,-0.4086374342441559,-0.31365782022476196,-0.20973467826843262,-0.09653407335281372
0.02481892704963684,0.15107914805412292,0.27743014693260193,0.3984856903553009
0.508802056312561,0.6029171943664551,0.6754574775695801,0.7215705513954163
0.7377372980117798,0.7224832773208618,0.6763572096824646
0.6014217138290405,0.5008143782615662,0.37857016921043396,0.2396310269832611
0.08977264165878296,-0.06453358381986618,-0.21611976623535156,-0.3572666049003601
-0.48039233684539795,-0.5792171359062195,-0.6498682498931885,-0.6912228465080261
-0.7043337225914001,-0.6915454864501953,-0.6559666991233826,-0.6013576984405518
-0.5318526029586792,-0.4510727524757385,-0.36107441782951355,-0.26210975646972656
-0.15362516045570374,-0.035881057381629944,0.08889611065387726
0.21654585003852844,0.3418716490268707,0.4593677520751953,0.5634093880653381
0.6483609676361084,0.7088852524757385,0.7406063675880432,0.740962028503418
0.7095301151275635,0.6476755738258362,0.5580505728721619,0.4442829489707947
0.31093674898147583,0.16353198885917664,0.008404582738876343,-0.14737960696220398
-0.29606157541275024,-0.42961984872817993,-0.5407880544662476,-0.6243218779563904
-0.6777850985527039,-0.7013610601425171,-0.6970087289810181
-0.6677045822143555,-0.6171767711639404,-0.5497843027114868,-0.46988192200660706
-0.380685031414032,-0.2835087776184082,-0.17817935347557068,-0.06448826193809509
0.05629013478755951,0.18085835874080658,0.30451539158821106,0.4220825135707855
0.5283339023590088,0.6180465817451477,0.6860988140106201,0.7279000878334045
0.7402068972587585,0.7217380404472351,0.6730778813362122,0.5961910486221313
0.49403101205825806,0.37046074867248535,0.23034563660621643
0.07947757840156555,-0.07556527853012085,-0.22743430733680725,-0.36822575330734253
-0.4902365207672119,-0.5871697068214417,-0.6552280187606812,-0.6933901309967041
-0.7027868032455444,-0.6858279705047607,-0.6457355618476868,-0.586457371711731
-0.5123252868652344,-0.42709875106811523,-0.332932710647583,-0.23023122549057007
-0.11871972680091858,0.0009659826755523682,0.1262720674276352,0.25291165709495544
0.3757913112640381,0.48964977264404297,0.5891673564910889
0.6690269708633423,0.7242071032524109,0.7506650686264038,0.7461504340171814
0.710459291934967,0.6450803875923157,0.55270916223526,0.4369491934776306
0.3022947609424591,0.1541469395160675,-0.0012848973274230957,-0.15699884295463562
-0.3052535355091095,-0.4380703568458557,-0.5483043193817139,-0.6309044361114502
-0.6836072206497192,-0.706648588180542,-0.7019178867340088,-0.6722899675369263
-0.6214275360107422,-0.5536205768585205,-0.47306573390960693
-0.3827342689037323,-0.28375905752182007,-0.17602190375328064,-0.05962793529033661
0.06372597813606262,0.19040270149707794,0.3155234158039093,0.43378955125808716
0.5398127436637878,0.6282000541687012,0.6937205195426941,0.7318161725997925
0.7394624352455139,0.7156956195831299,0.6614285111427307,0.5789566040039062
0.4715707302093506,0.3434812128543854,0.19987231492996216,0.046772271394729614
-0.10906326770782471,-0.26012834906578064,-0.3984001576900482
-0.5161693096160889,-0.6073475480079651,-0.6685607433319092,-0.6992950439453125
-0.7011604309082031,-0.6769933104515076,-0.6304073333740234,-0.5656995177268982
-0.48743876814842224,-0.3994414806365967,-0.3037889301776886,-0.20081940293312073
-0.0902864933013916,0.027062803506851196,0.1485835611820221,0.270038902759552
0.38651809096336365,0.49299705028533936,0.5844240188598633,0.6557506322860718
0.7022320032119751,0.7201827764511108,0.7077455520629883
0.6650233268737793,0.5936907529830933,0.49653953313827515,0.3772696852684021,0.24052762985229492,0.09186819195747375,-0.06237587332725525
0.09961414337158203,0.0586366131901741,0.025431016460061073,0.004973564296960831,0.0004696747346315533
0.013051171787083149,0.041763804852962494,0.08360346406698227,0.1337365210056305,0.18596251308918,0.23316822946071625,0.26773151755332947,0.28240588307380676,0.2722564935684204,0.23719604313373566,0.18333478271961212,0.12157337367534637,0.06422647088766098,0.021896272897720337,0.0014605886535719037,0.004853750113397837
0.028840014711022377,0.06641238927841187,0.10946310311555862,0.15110160410404205,0.1864352971315384,0.21209511160850525,0.22563201189041138
0.22559790313243866,0.21199339628219604,0.18637363612651825,0.15158692002296448,0.11154846847057343,0.07115989178419113,0.03593534231185913,0.011039500124752522,0.0002616957644931972,0.00552366441115737,0.026811156421899796,0.062156792730093,0.10769623517990112,0.15800070762634277,0.2065441608428955,0.24606826901435852
0.26914021372795105,0.2695968449115753,0.24497193098068237,0.1986459642648697
0.13976766169071198,0.08053083717823029,0.03269755095243454
0.005019264295697212,0.0015926335472613573,0.02106580324470997,0.05730285122990608
0.1017545759677887,0.14628973603248596,0.18481101095676422,0.21328586339950562
0.2290804088115692,0.23070253431797028,0.21813268959522247,0.19303235411643982
0.15847060084342957,0.11848339438438416,0.07781076431274414,0.04163699969649315
0.014888052828609943,0.001273049390874803,0.0027307006530463696,0.019423549994826317
0.049869049340486526,0.0909988135099411,0.1383395493030548
0.18636168539524078,0.22875544428825378,0.25867244601249695,0.26954248547554016
0.2569962739944458,0.22132675349712372,0.16868405044078827,0.10960111021995544
0.05580150708556175,0.017313608899712563,0.0005280175828374922,0.006958412006497383
0.03302700072526932,0.07152736932039261,0.11430855840444565,0.1545097678899765
0.18727917969226837,0.20933318138122559,0.21847310662269592,0.21374189853668213
0.19579604268074036,0.16688759624958038,0.130506694316864
0.09105250984430313,0.05360148102045059,0.02336110547184944,0.004699080716818571
0.00034160964423790574,0.011161127127707005,0.03629796952009201,0.07325231283903122
0.1180153414607048,0.16541534662246704,0.20951011776924133,0.24384546279907227
0.261928915977478,0.25858205556869507,0.2321862280368805,0.1865270435810089
0.1304224580526352,0.07502694427967072,0.030733611434698105,0.005020058248192072
0.0011311492417007685,0.017513003200292587,0.048553675413131714
0.08677427470684052,0.1252465695142746,0.158816859126091,0.1839699149131775
0.1982249766588211,0.2000104933977127,0.1890527307987213,0.1666382998228073,0.13545973598957062,0.09929010272026062,0.06276204437017441,0.03103049471974373,0.008950142189860344,7.813944830559194e-05,0.006128983572125435,0.026944458484649658,0.060591042041778564,0.10346414893865585,0.15060071647167206,0.19616033136844635,0.23379985988140106,0.2570284307003021,0.2601536214351654
0.2402215451002121,0.19921167194843292,0.14465008676052094,0.08759209513664246
0.03931310400366783,0.008621886372566223,0.0002070598566206172,0.11739365756511688
0.21061651408672333,0.29004967212677,0.3537888526916504,0.4017040729522705
0.4345187842845917,0.4528961181640625,0.4570954442024231,0.4472562074661255
0.42376428842544556,0.38730767369270325,0.33872362971305847,0.2789846956729889,0.20950716733932495,0.1324191689491272,0.050355374813079834
-0.03402803838253021,-0.11830991506576538,-0.20017996430397034,-0.27724164724349976
-0.34702664613723755,-0.40709468722343445,-0.45492884516716003,-0.48764798045158386
-0.501945972442627,-0.49463582038879395,-0.46375542879104614,-0.4096391201019287
-0.3350934088230133,-0.24458709359169006,-0.14336371421813965,-0.03708679974079132
0.06824938952922821,0.1667294204235077,0.2534742057323456,0.32554417848587036
0.38201481103897095,0.4232374131679535,0.44984740018844604
0.46215182542800903,0.4602050185203552,0.4442008137702942,0.41465699672698975
0.37232255935668945,0.31807655096054077,0.2531117796897888,0.17927905917167664
0.09909950196743011,0.015342548489570618,-0.06939101219177246,-0.152715265750885
-0.23225659132003784,-0.3055706024169922,-0.37024199962615967,-0.423890620470047
-0.4639270603656769,-0.4873049855232239,-0.4907307028770447,-0.47154802083969116
-0.42895692586898804,-0.3646836578845978,-0.282532274723053
-0.1873989701271057,-0.0846618115901947,0.019946187734603882,0.12051482498645782
0.21167229115962982,0.2895914614200592,0.35245996713638306,0.4000803232192993,0.43295562267303467,0.4514525234699249,0.4555831849575043,0.44535544514656067,0.4211237132549286,0.3836168944835663,0.3337659239768982,0.272693008184433,0.20201799273490906,0.12407594919204712,0.041656672954559326,-0.04249591380357742
-0.12592273950576782,-0.20631077885627747,-0.2813134491443634
-0.34857767820358276,-0.4058137536048889,-0.4506470561027527,-0.4803194999694824
-0.49165913462638855,-0.48166632652282715,-0.448639452457428,-0.3931865692138672,-0.3182827830314636,-0.22843024134635925,-0.128840833902359,-0.025130867958068848
0.07677673548460007,0.17111752927303314,0.25327566266059875,0.32061803340911865
0.37247443199157715,0.4093516170978546,0.4319459795951843,0.44060254096984863,0.4354638457298279
0.41686737537384033,0.38549989461898804,0.3422573506832123,0.2881051003932953,0.22425994277000427,0.1525213122367859,0.07524622976779938,-0.005077891051769257,-0.08619385957717896,-0.16603755950927734,-0.24249252676963806,-0.3133004307746887,-0.3761473596096039,-0.42864739894866943,-0.4680936634540558,-0.4912649095058441,-0.49472931027412415,-0.47580307722091675,-0.43376219272613525,-0.37040144205093384,-0.28950235247612,-0.19589859247207642,-0.09493902325630188,0.007634371519088745,0.1059228703379631
0.19467012584209442,0.27026745676994324,0.331133097410202,0.3772243857383728
0.40907904505729675,0.42702552676200867,0.431069552898407,0.4212738871574402,0.39805853366851807,0.3621728718280792,0.3145122826099396,0.25615546107292175
0.1886952817440033,0.11440017819404602,0.03590470552444458,-0.04426145553588867
-0.12385550141334534,-0.20075850188732147,-0.27278879284858704,-0.3377164304256439
-0.39332225918769836,-0.4372442960739136,-0.46669360995292664
-0.4784553349018097,-0.46951761841773987,-0.4382394850254059,-0.3853052854537964
-0.313644140958786,-0.22755610942840576,-0.13198435306549072,-0.03229576349258423
0.06580908596515656,0.15682651102542877,0.2364531010389328,0.30231189727783203,0.3538205623626709,0.39137351512908936,0.41540825366973877,0.4259832799434662
0.4230150580406189,0.4066745936870575,0.3774965703487396,0.3362189531326294,0.28370535373687744,0.22121602296829224,0.15072602033615112
0.07480205595493317,-0.003897331655025482,-0.08298446238040924,-0.1602766364812851
-0.23356276750564575,-0.3005686402320862,-0.359072208404541,-0.406870037317276
-0.4415028691291809,-0.4600403606891632,-0.45936980843544006,-0.4371631443500519
-0.3930579423904419,-0.3290959596633911,-0.2491074502468109,-0.15781903266906738,-0.06040260195732117,0.03760354220867157,0.1305602788925171,0.21356961131095886,0.2834359407424927,0.3389461636543274,0.38031017780303955
0.4081912636756897,0.4229847490787506,0.4247751832008362,0.41370460391044617,0.39022353291511536,0.3550270199775696,0.3088730573654175,0.2526853680610657
0.18793140351772308,0.11674661934375763,0.04156947135925293,-0.03532666712999344
-0.11194124817848206,-0.18630872666835785,-0.25630587339401245,-0.3196975588798523
-0.37421131134033203,-0.4173796474933624,-0.4462677240371704,-0.4575270712375641,-0.4481109380722046,-0.41650158166885376,-0.3636029064655304
-0.2925269305706024,-0.20766541361808777,-0.11398711800575256,-0.016849130392074585
0.07809858024120331,0.16549819707870483,0.2412906438112259,0.30335307121276855
0.35129278898239136,0.3856081962585449,0.40679237246513367,0.41499581933021545,0.41028594970703125,0.39298468828201294,0.3637242913246155,0.3232702314853668
0.27247005701065063,0.2125580906867981,0.14544877409934998,0.0735551118850708,-0.0007232055068016052,-0.07530689239501953,-0.14831072092056274
-0.21778792142868042,-0.28168636560440063,-0.33794966340065,-0.3844525218009949
-0.4187004864215851,-0.43765461444854736,-0.43812212347984314,-0.4178207814693451
-0.3765416741371155,-0.31643790006637573,-0.24130308628082275,-0.15570326149463654
-0.06459441781044006,0.026714101433753967,0.11285869777202606,0.18931210041046143
0.25329145789146423,0.3039257824420929,0.34160691499710083,0.3669949471950531
0.3803789019584656,0.38174962997436523,0.3711991310119629
0.34912168979644775,0.3160976767539978,0.27274319529533386,0.2198924720287323
0.15897424519062042,0.09205733239650726,0.021447494626045227,-0.05073095113039017
-0.1225690171122551,-0.1921325922012329,-0.25733810663223267,-0.31604698300361633
-0.3661082983016968,-0.40514177083969116,-0.43026867508888245,-0.43823084235191345
-0.426192045211792,-0.3929833471775055,-0.3398593068122864,-0.27013134956359863
-0.18822956085205078,-0.09906066954135895,-0.00785796344280243
0.07993821054697037,0.1593385636806488,0.22680771350860596,0.2807921767234802
0.32139670848846436,0.34947675466537476,0.3657538592815399,0.37053313851356506,0.3639810383319855,0.34644615650177,0.318485826253891,0.28068581223487854
0.2336696982383728,0.1784488558769226,0.11668087542057037,0.05044715106487274
-0.018223688006401062,-0.08756418526172638,-0.1558767557144165,-0.2213008850812912
-0.2818126380443573,-0.3353163003921509,-0.37954655289649963
-0.41178783774375916,-0.4287784695625305,-0.4272025525569916,-0.404824823141098
-0.3616037368774414,-0.29985159635543823,-0.22346869111061096,-0.13712547719478607
-0.04592627286911011,0.04464893788099289,0.12914802134037018,0.20310938358306885,0.263915479183197,0.3108697533607483,0.3445082902908325,0.3656350374221802
0.37475064396858215,0.37212932109832764,0.35815635323524475,0.3334849178791046,0.29890701174736023,0.25521811842918396,0.20341822504997253
0.14505070447921753,0.08216148614883423,0.016841642558574677,-0.049150656908750534,-0.11433494836091995,-0.17721715569496155,-0.23615288734436035,-0.28941982984542847
-0.3352021276950836,-0.3713068962097168,-0.39488011598587036,-0.40257441997528076,-0.39143437147140503,-0.360177606344223,-0.3098822236061096,-0.24356433749198914
-0.16529704630374908,-0.07967115938663483,0.008284695446491241,0.09323622286319733,0.1702682375907898,0.2359009087085724,0.2885739207267761
0.32827228307724
0.3556029796600342,0.3709934949874878,0.37453773617744446,0.36632269620895386
0.34672921895980835,0.3164288103580475,0.27619487047195435,0.2269306778907776
0.17000097036361694,0.10740478336811066,0.04146955907344818,-0.02564934641122818
-0.09215878695249557,-0.1564272791147232,-0.2167608141899109,-0.27140170335769653
-0.31859660148620605,-0.3564566969871521,-0.3826451003551483,-0.39427101612091064
-0.38840121030807495,-0.36321544647216797,-0.3190355598926544,-0.2583325207233429
-0.18490543961524963,-0.10312598943710327,-0.01770271360874176,0.06631911545991898
0.1439807415008545,0.21136371791362762,0.2663508653640747,0.30859673023223877
0.33875828981399536,0.35753315687179565,0.3651919364929199,0.361753910779953
0.3473682403564453,0.322467565536499,0.287619024515152,0.24342727661132812
0.19080816209316254,0.13133591413497925,0.06715507805347443,0.0004901140928268433,-0.06672633439302444
-0.1327928900718689,-0.1959812492132187,-0.25443950295448303,-0.3062781095504761
-0.34956061840057373,-0.3820509910583496,-0.40097862482070923,-0.4032573401927948
-0.38640862703323364,-0.3497769236564636,-0.2950328588485718,-0.22562357783317566
-0.14589878916740417,-0.06062164902687073,0.025101177394390106,0.10603578388690948
0.17762987315654755,0.2369621992111206,0.2830685079097748,0.31644028425216675,0.33806174993515015,0.34865957498550415,0.34859105944633484
0.3381492495536804,0.31781065464019775,0.28817760944366455,0.24980223178863525
0.20330509543418884,0.14976812899112701,0.09088724851608276,0.02863015979528427
-0.03522422909736633,-0.0991823673248291,-0.16179129481315613,-0.22142452001571655
-0.2762916684150696,-0.3244970440864563,-0.3638876974582672,-0.3917708396911621
-0.4048931896686554,-0.40007853507995605,-0.3754621744155884,-0.3314462900161743
-0.270586758852005,-0.1967623233795166,-0.11447413265705109
-0.028635680675506592,0.05548803508281708,0.13282553851604462,0.19949419796466827
0.253488153219223,0.2945512533187866,0.3233516812324524,0.34055987000465393
0.34647729992866516,0.34125158190727234,0.3252216875553131,0.2990078330039978
0.26331815123558044,0.21886955201625824,0.16669347882270813,0.10845676064491272
0.04631926119327545,-0.017567545175552368,-0.08139877021312714,-0.1436299979686737
-0.20271733403205872,-0.25701895356178284,-0.30485522747039795
-0.3444558382034302,-0.37369537353515625,-0.3898768126964569,-0.38997867703437805,-0.3716197609901428,-0.3342483937740326,-0.27955153584480286,-0.21087610721588135,-0.1324009746313095,-0.04870636761188507,0.035263724625110626,0.1144469678401947,0.18449707329273224,0.2426837682723999,0.2881406843662262,0.32131022214889526,0.34298908710479736,0.3536655604839325,0.3534967005252838,0.34265097975730896,0.32156020402908325,0.2908402383327484,0.2511061131954193
0.2031092643737793,0.14811304211616516,0.08798979222774506,0.024845659732818604
-0.039435241371393204,-0.10327701270580292,-0.1651766151189804,-0.2235035002231598
-0.2765013575553894,-0.3223278522491455,-0.35890039801597595,-0.3836171329021454
-0.39334526658058167,-0.3851008415222168,-0.35729607939720154,-0.3106118142604828
-0.2477986216545105,-0.17283108830451965,-0.09022988379001617,-0.004882514476776123
0.07802940905094147,0.15361696481704712,0.21825747191905975
0.2702154517173767,0.3094615042209625,0.33681827783584595,0.35306185483932495
0.35858938097953796,0.35363152623176575,0.3385664224624634,0.3139655888080597
0.280402272939682,0.23843872547149658,0.18896064162254333,0.13344664871692657
0.07377073168754578,0.011722609400749207,-0.05122844874858856,-0.11375660449266434
-0.17439380288124084,-0.23144765198230743,-0.2830868661403656,-0.32729417085647583
-0.3615977168083191,-0.38287675380706787,-0.387704998254776
-0.3734520375728607,-0.33949562907218933,-0.28752318024635315,-0.22087383270263672
-0.143716499209404,-0.06067536771297455,0.023175612092018127,0.10261973738670349
0.17320159077644348,0.2321295142173767,0.27849578857421875,0.3126773536205292
0.335362046957016,0.346934050321579,0.3475132882595062,0.33731546998023987
0.31686168909072876,0.28684329986572266,0.24794381856918335,0.20102070271968842
0.1474728137254715,0.08925546705722809,0.028425022959709167
-0.033308133482933044,-0.09458649158477783,-0.15410250425338745,-0.21039223670959473
-0.2618696093559265,-0.306853711605072,-0.34335145354270935,-0.36874595284461975
-0.37983500957489014,-0.3736228048801422,-0.3485987186431885,-0.3054918944835663
-0.24696016311645508,-0.17674730718135834,-0.09908899664878845,-0.01861521601676941
0.05973709747195244,0.13136501610279083,0.1929510086774826,0.24300524592399597
0.2815898060798645,0.3094070553779602,0.3269534111022949
0.33429157733917236,0.3313298225402832,0.31816646456718445,0.2951453924179077
0.2626831531524658,0.2213098257780075,0.17203320562839508,0.11655372381210327
0.056969523429870605,-0.004763022065162659,-0.06707197427749634,-0.12857721745967865
-0.18780481815338135,-0.24312525987625122,-0.2928297519683838,-0.33504176139831543
-0.36741793155670166,-0.38695797324180603,-0.3904116451740265,-0.3754209876060486
-0.3416353166103363,-0.29087594151496887,-0.2264387011528015
-0.15232345461845398,-0.07294246554374695,0.006875261664390564,0.08226485550403595
0.1492367386817932,0.2054692953824997,0.2503909468650818,0.2845001518726349
0.30842846632003784,0.32242661714553833,0.32645779848098755,0.3205556869506836
0.3050043284893036,0.28019264340400696,0.24649059772491455,0.20448727905750275
0.1553502231836319,0.10080477595329285,0.042684078216552734,-0.017456069588661194
-0.07829253375530243,-0.13844159245491028,-0.19629329442977905,-0.2500638961791992
-0.29781609773635864,-0.33725494146347046,-0.36545631289482117,-0.3789733350276947
-0.3747166097164154,-0.3512391448020935,-0.3093876540660858,-0.25190937519073486
-0.18260957300662994,-0.10580341517925262,-0.026238933205604553,0.051061321049928665
0.12153240293264389,0.1820138692855835,0.23119693994522095,0.2692457437515259
0.29687178134918213,0.3145650625228882,0.3224366307258606,0.3205154538154602
0.30904659628868103,0.2884596288204193
0.259162962436676,0.22161880135536194,0.17672498524188995,0.12601318955421448
0.07133989036083221,0.014376997947692871,-0.043561503291130066,-0.10128302127122879,-0.15743765234947205,-0.21047142148017883,-0.2586880624294281,-0.30014801025390625
-0.33239296078681946,-0.3523014187812805,-0.3565710186958313,-0.3429051339626312
-0.3110480010509491,-0.2628394067287445,-0.20149604976177216,-0.1308867186307907,-0.05529524385929108,0.020583726465702057,0.09207959473133087
0.1554487943649292,0.2086012214422226,0.2511129379272461,0.283502459526062
0.306316614151001,0.31968408823013306,0.323468416929245,0.31765827536582947
0.3025302588939667,0.2784633934497833,0.24581749737262726,0.20520415902137756
0.15784406661987305,0.10549068450927734,0.04993336647748947,-0.007384300231933594
-0.06529813259840012,-0.12261173874139786,-0.17791134119033813,-0.22959157824516296
-0.27584129571914673,-0.3144165873527527,-0.3423760235309601
-0.35625049471855164,-0.3530104160308838,-0.331332266330719,-0.2921329140663147
-0.23809847235679626,-0.1728464514017105,-0.10044817626476288,-0.025408834218978882
0.047514382749795914,0.11405940353870392,0.1713520586490631,0.21828311681747437
0.25508344173431396,0.28241240978240967,0.3006543219089508,0.30980902910232544
0.3098040819168091,0.30077821016311646,0.2830118238925934,0.2567278742790222
0.22222773730754852,0.1802976429462433,0.13235220313072205
0.08007057011127472,0.02491813898086548,-0.031943731009960175,-0.0893746167421341
-0.14598964154720306,-0.20014315843582153,-0.25000065565109253,-0.29343360662460327
-0.3277401328086853,-0.34955012798309326,-0.3554403483867645,-0.34319692850112915
-0.3127657175064087,-0.2661808729171753,-0.20678791403770447,-0.13853535056114197
-0.06578242778778076,0.0067381709814071655,0.07445354759693146,0.1338808387517929
0.18326538801193237,0.22245192527770996,0.2520807981491089
0.27272725105285645,0.28456032276153564,0.28753867745399475,0.28175556659698486
0.26751571893692017,0.24513453245162964,0.21490341424942017,0.17742270231246948
0.13390012085437775,0.08596380054950714,0.03514043241739273,-0.017436206340789795
-0.0708555281162262,-0.12409073859453201,-0.17585130035877228,-0.22463594377040863
-0.2686968147754669,-0.3057735562324524,-0.3328280746936798,-0.34630176424980164
-0.3431844711303711,-0.32225292921066284,-0.28448623418807983
-0.23252588510513306,-0.16986533999443054,-0.10045337677001953,-0.028704702854156494
0.040741562843322754,0.10381652414798737,0.15788082778453827,0.20201045274734497
0.23648294806480408,0.26186925172805786,0.27842581272125244,0.28607672452926636
0.2847604751586914,0.2746846079826355,0.25621095299720764,0.2296677827835083
0.19551794230937958,0.15472951531410217,0.10882005095481873,0.05943049490451813
0.007880799472332,-0.04485851526260376,-0.09786256402730942
-0.1499919444322586,-0.19986800849437714,-0.24590620398521423,-0.28615307807922363
-0.3179587125778198,-0.33791080117225647,-0.34255915880203247,-0.32972291111946106
-0.2993631362915039,-0.25342729687690735,-0.19506853818893433,-0.12802039086818695
-0.05648648738861084,0.01491529494524002,0.08173227310180664,0.14059635996818542,0.1898283064365387,0.2292671799659729,0.2594473958015442,0.2807910740375519
0.29334092140197754,0.2969909608364105,0.2918146252632141
0.2780919075012207,0.2561012804508209,0.22612598538398743,0.18879334628582
0.14532606303691864,0.09732483327388763,0.046282872557640076,-0.006647728383541107
-0.060475707054138184,-0.11406441032886505,-0.16601645946502686,-0.21473188698291779
-0.2583739161491394,-0.2946142554283142,-0.32038751244544983,-0.3322144150733948
-0.3273223638534546,-0.3048081398010254,-0.26592159271240234,-0.21345952153205872
-0.1509777307510376,-0.08245797455310822,-0.012309104204177856
0.05495616793632507,0.11553945392370224,0.167143315076828,0.2091347724199295
0.24194201827049255,0.2661628723144531,0.2820282578468323,0.28943681716918945
0.28831255435943604,0.27881577610969543,0.2612016201019287,0.2356778085231781
0.20262570679187775,0.1629757136106491,0.11821150779724121,0.0699068158864975
0.019297227263450623,-0.03270159661769867,-0.08516300469636917,-0.13690036535263062
-0.18646517395973206,-0.2321915626525879,-0.2720429301261902
-0.3032940626144409,-0.3225134015083313,-0.3263688385486603,-0.31292080879211426,-0.28237485885620117,-0.2368282526731491,-0.17947474122047424
0.008372456766664982,0.011867374181747437,0.015121879056096077,0.017783712595701218,0.01951752044260502
0.020046764984726906,0.01921040005981922,0.016991842538118362,0.013584275729954243
0.009458494372665882,0.005334821064025164,0.002035236218944192,0.00023119982506614178
0.0002192054089391604,0.0018659819616004825,0.004698003176599741,0.008059654384851456
0.011266417801380157,0.013729904778301716,0.015069355256855488,0.01514700148254633,0.014033929444849491,0.011968453414738178,0.009296324104070663,0.0064140609465539455,0.0037223296239972115,0.0015761575195938349,0.0002740182098932564
6.37936609564349e-05,0.0011062659323215485,0.003398164175450802,0.006697194185107946,0.010523948818445206,0.014247195795178413,0.017194215208292007,0.018793094903230667
0.01872359588742256,0.017002442851662636,0.013980147428810596,0.010240786708891392,0.006451181601732969,0.0032293926924467087,0.0010287943296134472,5.4947264288784936e-05,0.0002550171921029687,0.0013886471278965473,0.003156242659315467,0.005297097377479076,0.0076048849150538445,0.009886185638606548,0.011904692277312279
0.01336866244673729,0.013973111286759377,0.013470894657075405,0.011782065033912659
0.009099254384636879,0.005904186051338911,0.0028782880399376154,0.0007302322192117572
2.459046982039581e-06,0.0009293892071582377,0.0033642128109931946,0.006801442243158817
0.01051647774875164,0.013780231587588787,0.01606091484427452,0.017101794481277466
0.016873307526111603,0.015497836284339428,0.013191713951528072,0.010238820686936378
0.006995122879743576,0.00389506621286273,0.0014376380713656545
0.00011883636034326628,0.00030813945340923965,0.0021302627865225077,0.005410882644355297
0.00971065741032362,0.014411876909434795,0.018803715705871582,0.02218247391283512
0.02398551255464554,0.023924708366394043,0.022062605246901512,0.01876853220164776
0.014587813057005405,0.010126776061952114,0.005974489264190197,0.0026490231975913048
0.0005676762666553259,2.4694634703337215e-05,0.0011702729389071465,0.003970447927713394
0.008147929795086384,0.013166666030883789,0.018302112817764282
0.022772863507270813,0.025867978110909462,0.02704109437763691,0.026012388989329338
0.022871149703860283,0.01810404099524021,0.012521445751190186,0.0071059041656553745
0.0028161988593637943,0.00039039331022650003,0.00019660781254060566,0.002193060237914324
0.00601655337959528,0.01112744864076376,0.016921674832701683,0.022768832743167877
0.028016075491905212,0.03202808275818825,0.03426189720630646,0.03434046730399132
0.032113753259181976,0.02771974913775921,0.021650107577443123
0.014760584570467472,0.008163261227309704,0.00301837339065969,0.0002840534143615514
0.0004854660655837506,0.0035640723071992397,0.008873242884874344,0.015357313677668571,0.021846627816557884,0.027328193187713623,0.031087834388017654,0.03272397816181183,0.03211718425154686,0.02941093035042286,0.0249854177236557,0.019407542422413826
0.013378584757447243,0.0076888506300747395,0.0031500933691859245,0.0004830422403756529
0.000183838012162596,0.0024158454034477472,0.006954787764698267
0.013195249252021313,0.020216641947627068,0.026918254792690277,0.03222387284040451,0.03530091419816017,0.03572043031454086,0.03350091725587845,0.17041680216789246,0.15173867344856262,0.1277221441268921,0.09921226650476456,0.06717680394649506
0.03270106017589569,-0.0030621178448200226,-0.03892766684293747,-0.07369129359722137
-0.10616783797740936,-0.13521629571914673,-0.15973657369613647,-0.17869141697883606
-0.19115963578224182,-0.19642165303230286,-0.1940835565328598
-0.18417449295520782,-0.16716253757476807,-0.14388996362686157,-0.11545632779598236
-0.0831323191523552,-0.048318587243556976,-0.012456588447093964,0.023090112954378128
0.05710161477327347,0.08852224051952362,0.11642873287200928,0.13997769355773926
0.15842890739440918,0.17119064927101135,0.1778009831905365,0.17789411544799805
0.1711876392364502,0.1575433611869812,0.13713784515857697,0.11058751493692398
0.07892541587352753,0.04351235181093216,0.0059216804802417755
-0.03216861933469772,-0.06904581189155579,-0.10307438671588898,-0.1328486055135727
-0.1572873294353485,-0.17566874623298645,-0.1876029372215271,-0.19294598698616028,-0.19176749885082245,-0.18435092270374298,-0.17109628021717072,-0.15240693092346191
-0.12868452072143555,-0.10041020065546036,-0.0682883933186531,-0.03334254026412964
0.003149520605802536,0.03976115211844444,0.07498564571142197,0.1073225736618042,0.13535600900650024,0.15785419940948486,0.1739014983177185
0.18292054533958435,0.18461419641971588,0.17897172272205353,0.16630642116069794
0.1472758948802948,0.12285096943378448,0.09416931867599487,0.06238231807947159
0.028620578348636627,-0.005987625569105148,-0.04028715565800667,-0.0730755627155304
-0.10316523909568787,-0.12945085763931274,-0.15091297030448914,-0.16667133569717407
-0.17606785893440247,-0.1786922961473465,-0.1744091659784317,-0.16335096955299377
-0.14585594832897186,-0.12248720228672028,-0.09410372376441956
-0.06186825782060623,-0.027193203568458557,0.008408371359109879,0.043490052223205566
0.07671131938695908,0.10685691237449646,0.13290610909461975,0.15403428673744202
0.16958943009376526,0.17909738421440125,0.1822298914194107,0.17880754172801971
0.16887666285037994,0.1527504026889801,0.1310163289308548,0.10450936108827591
0.07421164214611053,0.04121457040309906,0.006757531315088272,-0.027804803103208542,-0.06105823069810867
-0.09159239381551743,-0.11815458536148071,-0.13977521657943726,-0.15579694509506226,-0.16586139798164368,-0.16980458796024323,-0.16755323112010956,-0.15914979577064514
-0.14477084577083588,-0.12472251057624817,-0.0995219275355339,-0.06995324045419693
-0.03705199062824249,-0.002071671187877655,0.033629681915044785,0.06869231164455414
0.1017380878329277,0.13139104843139648,0.1563665270805359,0.17553254961967468
0.18800894916057587,0.19325537979602814,0.19106334447860718,0.18158000707626343,0.16533514857292175
0.14315131306648254,0.1160380095243454,0.08509547263383865,0.05142384022474289
0.01617199182510376,-0.019382597878575325,-0.053899653255939484,-0.08607739955186844
-0.11474404484033585,-0.13894541561603546,-0.1579178273677826,-0.17104263603687286
-0.17788949608802795,-0.17822730541229248,-0.17202666401863098,-0.15949587523937225
-0.14104419946670532,-0.1172676831483841,-0.08902017772197723,-0.05738992989063263
-0.023592665791511536,0.011115457862615585,0.04552027955651283
0.07844020426273346,0.10865135490894318,0.1349414885044098,0.15622897446155548
0.17162957787513733,0.18052908778190613,0.1825980544090271,0.17773103713989258,0.16606229543685913,0.14799199998378754,0.12413892149925232,0.09534470736980438
0.06269216537475586,0.02747134119272232,-0.008840538561344147,-0.044674113392829895
-0.0785365179181099,-0.1090768426656723,-0.13511797785758972,-0.15573297441005707,-0.1702624410390854,-0.17831817269325256,-0.17979073524475098
-0.1747828871011734,-0.1635746955871582,-0.14664462208747864,-0.124640092253685
-0.09836311638355255,-0.06877423077821732,-0.03692804276943207,-0.003936871886253357
0.029013093560934067,0.060687776654958725,0.08982564508914948,0.11518439650535583
0.13568837940692902,0.15052291750907898,0.15913307666778564,0.1612391173839569
0.1568196415901184,0.14607839286327362,0.12945818901062012,0.10760058462619781
0.081281878054142,0.051420412957668304,0.019072160124778748
-0.014583241194486618,-0.04824729263782501,-0.08059217780828476,-0.11035305261611938
-0.13633374869823456,-0.1574423462152481,-0.17275166511535645,-0.18152284622192383
-0.1832759976387024,-0.17787553369998932,-0.16554471850395203,-0.14685453474521637
-0.12265709042549133,-0.0939699038863182,-0.06194496154785156,-0.027859851717948914
0.006961457431316376,0.0411975160241127,0.0735672265291214,0.10290676355361938
0.1281915307044983,0.14854317903518677,0.16327688097953796
0.17190301418304443,0.1741216480731964,0.16985170543193817,0.15922798216342926
0.1426202803850174,0.12066571414470673,0.09419669210910797,0.06416270136833191
0.031634993851184845,-0.002207893878221512,-0.03611043840646744,-0.06877265125513077
-0.09895492345094681,-0.1255609691143036,-0.1476314663887024,-0.16435743868350983
-0.17511215806007385,-0.1794743835926056,-0.17728623747825623,-0.16864913702011108
-0.1538303792476654,-0.1332312971353531,-0.10741699486970901
-0.07715380936861038,-0.043469302356243134,-0.007635734975337982,0.028938468545675278
0.06478121131658554,0.09841190278530121,0.1284199357032776,0.1535356342792511
0.17272984981536865,0.18528752028942108,0.19077767431735992,0.18904399871826172
0.18025746941566467,0.1649167239665985,0.14380258321762085,0.11790391802787781
0.08830016106367111,0.056100793182849884,0.022456884384155273,-0.011459626257419586
-0.04449671506881714,-0.0755467414855957,-0.10356779396533966
-0.12758076190948486,-0.14669819176197052,-0.16022519767284393,-0.16770043969154358
-0.16884881258010864,-0.16356459259986877,-0.1519259363412857,-0.1342250257730484
-0.11102328449487686,-0.08315294981002808,-0.05166786164045334,-0.017802730202674866
0.017094984650611877,0.051633063703775406,0.08441288024187088,0.1141127198934555
0.13957452774047852,0.1598178893327713,0.17404840886592865,0.18169037997722626
0.18242298066616058,0.17624013125896454,0.16347452998161316
0.1447272151708603,0.12078149616718292,0.0925542414188385,0.061074770987033844
0.027506135404109955,-0.006851945072412491,-0.04063486307859421,-0.07249251008033752
-0.10116355121135712,-0.12555493414402008,-0.14477047324180603,-0.1581365466117859,-0.16525986790657043,-0.16602692008018494,-0.16056014597415924,-0.14918485283851624,-0.13237488269805908,-0.11072403192520142,-0.08497802168130875,-0.05604515224695206,-0.024971336126327515,0.007104154676198959,0.03902803361415863
0.06967402249574661,0.09792247414588928,0.1226765513420105,0.14291784167289734
0.15776427090168,0.16655486822128296,0.16891394555568695,0.164756178855896
0.1542818397283554,0.13794559240341187,0.11638708412647247,0.09039340913295746
0.06089116632938385,0.02893785387277603,-0.004273448139429092,-0.03744738921523094
-0.06927599757909775,-0.09850787371397018,-0.12400668114423752,-0.14483240246772766
-0.16028885543346405,-0.16992352902889252,-0.17350289225578308
-0.17095935344696045,-0.16236768662929535,-0.14798428118228912,-0.12828177213668823
-0.10396172851324081,-0.07594145834445953,-0.04528079926967621,-0.013113752007484436
0.01936303824186325,0.05090431869029999,0.08025864511728287,0.10622453689575195
0.12772643566131592,0.14387935400009155,0.15401510894298553,0.1577126681804657
0.15484146773815155,0.14557337760925293,0.13036099076271057,0.1098884642124176
0.08500132709741592,0.056672707200050354,0.026006780564785004
-0.005790788680315018
-0.03746931999921799,-0.06778999418020248,-0.0955941379070282,-0.1198522299528122
-0.13968724012374878,-0.1544080674648285,-0.16353215277194977,-0.1667710244655609
-0.16400271654129028,-0.15527155995368958,-0.14083454012870789,-0.12119901925325394
-0.09708800911903381,-0.06937411427497864,-0.03905346989631653,-0.007242508232593536
0.024853182956576347,0.055992402136325836,0.08494715392589569,0.11054569482803345
0.1317211389541626,0.14757612347602844,0.1574450433254242,0.16093316674232483
0.15794850885868073,0.14870771765708923,0.13368257880210876,0.11352897435426712
0.08904724568128586,0.06117671728134155,0.03099755197763443,-0.00030753761529922485
-0.03152812644839287,-0.0614878386259079,-0.08908200263977051,-0.11329521238803864
-0.13320723176002502,-0.14802920818328857,-0.15716835856437683,-0.16026167571544647
-0.15717288851737976,-0.1479872465133667,-0.1330116093158722,-0.11278647929430008,-0.08809112012386322
-0.05989978462457657,-0.029321424663066864,0.0024392418563365936,0.03413965553045273
0.0645734965801239,0.09262365102767944,0.1173049658536911,0.1377854198217392
0.15338481962680817,0.16358643770217896,0.16804058849811554,0.16655965149402618
0.15915217995643616,0.1460542231798172,0.12771420180797577,0.1047719419002533
0.07803270220756531,0.04843166470527649,0.017024949193000793,-0.015027150511741638
-0.046512700617313385,-0.07622040063142776,-0.10300444811582565
-0.1258464753627777,-0.14386531710624695,-0.15633878111839294,-0.16276815533638
-0.1629047393798828,-0.15673433244228363,-0.14445528388023376,-0.12644749879837036
-0.10327301174402237,-0.07570591568946838,-0.04472357779741287,-0.011475969105958939
0.022739114239811897,0.056538116186857224,0.08852541446685791,0.11734995990991592
0.14179515838623047,0.1608571708202362,0.17375880479812622,0.17997689545154572
0.179290309548378,0.17179809510707855,0.1579224169254303
0.13836415112018585,0.11400675773620605,0.0858566090464592,0.05501742660999298,0.02264917641878128,-0.010073624551296234,-0.04200989007949829,-0.07209568470716476
-0.09933365881443024,-0.12277674674987793,-0.1415681540966034,-0.1549973338842392
-0.16254901885986328,-0.16392925381660461,-0.15903271734714508,-0.14792509377002716,-0.13089625537395477,-0.10850321501493454,-0.08156970143318176,-0.0511556938290596,-0.018487580120563507,0.015100745484232903,0.0482129268348217
0.07947248220443726,0.1075906977057457,0.13140319287776947,0.1499345898628235
0.16245552897453308,0.16850130259990692,0.1678948998451233,0.16075581312179565
0.1474652886390686,0.12861748039722443,0.10496817529201508,0.07738997042179108
0.04685696214437485,0.014426708221435547,-0.018780408427119255,-0.05155990272760391
-0.08263332396745682,-0.11074942350387573,-0.13479220867156982,-0.1538516879081726
-0.16725848615169525,-0.17457431554794312,-0.17558211088180542
-0.17028066515922546,-0.15886658430099487,-0.1417413055896759,-0.11951427161693573
-0.09296514838933945,-0.06302537024021149,-0.030780114233493805,0.002568945288658142
0.03577036038041115,0.0675898939371109,0.0968497097492218,0.12241926789283752
0.14322799444198608,0.15834784507751465,0.16707073152065277,0.1689550131559372
0.16387425363063812,0.1520310491323471,0.13393156230449677,0.11034775525331497
0.08224069327116013,0.05069255828857422,0.016901709139347076
-0.017834912985563278,-0.05218309164047241,-0.08484078198671341,-0.11461326479911804
-0.14045268297195435,-0.16145679354667664,-0.17689642310142517,-0.186254620552063
-0.1892351657152176,-0.18575330078601837,-0.17589373886585236,-0.1598719209432602
-0.13808609545230865,-0.11119815707206726,-0.0801333487033844,-0.0460224449634552
-0.010125920176506042,0.026230640709400177,0.06167293339967728,0.09481418132781982
0.12434293329715729,0.1490839719772339,0.1680525243282318
0.18052679300308228,0.1860664039850235,0.1845070868730545,0.17597566545009613
0.16086655855178833,0.13980646431446075,0.11364234983921051,0.08339250087738037
0.05018918961286545,0.015256211161613464,-0.02012673392891884,-0.05465883016586304
-0.08703972399234772,-0.11603356152772903,-0.1405421942472458,-0.15964730083942413
-0.17265115678310394,-0.17908638715744019,-0.17869587242603302,-0.17145298421382904
-0.15759409964084625,-0.13762184977531433,-0.11229966580867767
-0.0826178789138794,-0.0497361421585083,-0.014942049980163574,0.020407119765877724
0.05496537685394287,0.08744828402996063,0.11666791886091232,0.14157329499721527
0.16127687692642212,0.17508822679519653,0.18254908919334412,0.18343347311019897
0.1777469962835312,0.16573591530323029,0.14786501228809357,0.12478746473789215
0.09732513874769211,0.06644251197576523,0.03323370963335037,-0.0010926462709903717
-0.03526094928383827,-0.0679769366979599,-0.09798163920640945
-0.12412340939044952,-0.1453983038663864,-0.16096985340118408,-0.17021313309669495
-0.1727520376443863,-0.16846904158592224,-0.15750686824321747,-0.14025937020778656
-0.11736365407705307,-0.08969169110059738,-0.05830187350511551,-0.02438485622406006
0.010755214840173721,0.045740991830825806,0.07919865846633911,0.10982754826545715
0.1364646553993225,0.15812751650810242,0.17402981221675873,0.18361443281173706
0.1865776628255844,0.18285876512527466,0.17263631522655487
0.15631303191184998,0.13447695970535278,0.10789559781551361,0.07751911133527756
0.04444150626659393,0.009845785796642303,-0.025051843374967575,-0.05903983488678932
-0.09090393781661987,-0.11944200098514557,-0.14354555308818817,-0.162281334400177
-0.17494048178195953,-0.18105797469615936,-0.18039032816886902,-0.172901913523674
-0.15879502892494202,-0.13852939009666443,-0.11282235383987427,-0.08263692259788513
-0.049126997590065,-0.013588570058345795,0.022556349635124207,0.05781559273600578
0.0907181054353714,0.11990069597959518,0.14419639110565186,0.1626834273338318
0.17468982934951782,0.17981576919555664,0.17795684933662415,0.16929911077022552
0.15431398153305054,0.13372476398944855,0.10842769593000412,0.0794253721833229
0.047780975699424744,0.014591313898563385,-0.01900782622396946,-0.051860254257917404
-0.08284252136945724,-0.11089998483657837,-0.13508331775665283,-0.154581680893898
-0.16871090233325958,-0.17690972983837128
-0.1787840873003006,-0.17415593564510345,-0.16310779750347137,-0.14600540697574615
-0.12346310913562775,-0.09630441665649414,-0.06555572152137756,-0.032433584332466125
0.0016909539699554443,0.0353754498064518,0.06724230945110321,0.09606850147247314
0.12078577280044556,0.14047032594680786,0.15436047315597534,0.16190117597579956
0.162805438041687,0.15707291662693024,0.14496001601219177,0.12695252895355225
0.10373768955469131,0.07618632167577744,0.04535771906375885
0.012467190623283386,-0.02118012309074402,-0.054233670234680176,-0.08535058796405792
-0.11327791213989258,-0.136928528547287,-0.15543700754642487,-0.16817538440227509
-0.1747349053621292,-0.17493468523025513,-0.16884364187717438,-0.1567578762769699
-0.13916026055812836,-0.11668969690799713,-0.09011726826429367,-0.06034871190786362
-0.028424322605133057,0.004516292363405228,0.03727330267429352,0.06862998008728027
0.09741096198558807,0.1225232183933258,0.14299049973487854
0.15801051259040833,0.16700950264930725,0.1696747988462448,0.16596458852291107
0.1560833752155304,0.14044411480426788,0.11963929980993271,0.09441377967596054
0.06564958393573761,0.034353308379650116,0.0016196593642234802,-0.031393781304359436
-0.06347176432609558,-0.0933828130364418,-0.11994925141334534,-0.14210301637649536
-0.15893258154392242,-0.16971492767333984,-0.17392763495445251,-0.17127472162246704
-0.16171982884407043,-0.14551706612110138,-0.12326407432556152
-0.09591250121593475,-0.06467421352863312,-0.030907824635505676,0.003955308347940445
0.038467761129140854,0.07121490687131882,0.10089483857154846,0.1264219582080841
0.14695864915847778,0.16188591718673706,0.17079463601112366,0.17349623143672943
0.17004422843456268,0.1607407182455063,0.14607097208499908,0.12662099301815033
0.10305759310722351,0.07614357024431229,0.0467575266957283,0.015898920595645905
-0.015349555760622025,-0.045865498483181,-0.0745120495557785
-0.10019221156835556,-0.1219206154346466,-0.13886013627052307,-0.15034455060958862
-0.15590596199035645,-0.1552973985671997,-0.1485169231891632,-0.1357976198196411
-0.11756191402673721,-0.0944138839840889,-0.06715881079435349,-0.03679845482110977
-0.0045139603316783905,0.028379525989294052,0.06052040308713913,0.09057937562465668
0.11731245368719101,0.13960283994674683,0.156497061252594,0.16726748645305634
0.17148321866989136,0.16901932656764984,0.16002516448497772
0.14490866661071777,0.12432016432285309,0.09912716597318649,0.07039124518632889
0.03931453078985214,0.007159482687711716,-0.024817055091261864,-0.05541976913809776
-0.08355167508125305,-0.10822221636772156,-0.12856894731521606,-0.14389021694660187
-0.1536596566438675,-0.15754590928554535,-0.15543347597122192,-0.1474190354347229
-0.13380315899848938,-0.11508528143167496,-0.09195217490196228,-0.06525988131761551
-0.035997405648231506,-0.005245432257652283,0.025844164192676544
0.05607767775654793,0.08428263664245605,0.10937556624412537,0.13041609525680542
0.14663828909397125,0.15744781494140625,0.16242057085037231,0.1613246202468872
0.15413331985473633,0.14102962613105774,0.12240800261497498,0.09885405004024506
0.07113418728113174,0.04022055119276047,0.007285024970769882,-0.02637491188943386
-0.059424951672554016,-0.09055690467357635,-0.11853444576263428,-0.14224201440811157
-0.16074109077453613,-0.17329996824264526,-0.179396390914917
-0.1787465661764145,-0.1713484674692154,-0.15749284625053406,-0.1377512663602829
-0.1129448339343071,-0.08410190790891647,-0.05242262780666351,-0.01922290027141571
0.014142777770757675,0.04634654149413109,0.07614730298519135,0.10244208574295044
0.12429524958133698,0.14096730947494507,0.1519385129213333,0.15691104531288147
0.1558082550764084,0.14877060055732727,0.1361308991909027,0.1183822900056839
0.09615257382392883,0.07018668949604034,0.04134247452020645
0.010583002120256424,-0.021046003326773643,-0.05243181064724922,-0.08241838961839676
-0.10986298322677612,-0.13368412852287292,-0.15289224684238434,-0.16664472222328186
-0.1743025779724121,-0.17546556890010834,-0.1700013428926468,-0.158042773604393
-0.1399620920419693,-0.11636939644813538,-0.08811727166175842,-0.056295350193977356
-0.02220597118139267,0.012720171362161636,0.04702901095151901,0.07930688560009003
0.10823601484298706,0.13265471160411835,0.15160620212554932
0.16439756751060486,0.17064309120178223,0.1702502965927124,0.1633792221546173,0.1504000872373581,0.13185369968414307,0.10844121128320694
0.04126865789294243,0.056245408952236176,0.06876309216022491,0.07649434357881546,0.07733932137489319,0.07031546533107758
0.056779053062200546,0.04035738483071327,0.024890298023819923,0.012569000013172626,0.004101017490029335,0.00013315687829162925,0.002198120579123497,0.012082569301128387,0.030097275972366333,0.05427577719092369,0.08155053108930588,0.10949714481830597,0.1367032676935196,0.16145813465118408,0.1806333214044571,0.19076752662658691
0.19046181440353394,0.18120433390140533,0.16555096209049225,0.1446964591741562
0.11808717995882034,0.08546803146600723,0.049692846834659576
0.018043192103505135,0.000814110622741282,0.00814802385866642,0.04686351865530014
0.11797242611646652,0.21502387523651123,0.3237398564815521,0.4233153462409973,0.49039867520332336,0.5072352886199951,0.4704098701477051,0.39211505651474
0.2924729287624359,0.19075284898281097,0.10200827568769455,0.03756778687238693
0.004462904762476683,0.002842865651473403,0.02525988221168518,0.060450728982686996,0.09876684099435806,0.13494259119033813,0.16713528335094452
0.1944267302751541,0.2157217562198639,0.23050463199615479,0.239419087767601
0.2431936264038086,0.24064205586910248,0.2278701663017273,0.20016604661941528
0.15613241493701935,0.10139357298612595,0.04818153381347656,0.01072774175554514
0.0005380280199460685,0.02392830327153206,0.08127591758966446,0.16706423461437225
0.2696842849254608,0.3712282180786133,0.45063894987106323,0.4913979470729828
0.4878740608692169,0.44462186098098755,0.37105849385261536
0.2780247926712036,0.1782100796699524,0.08740928024053574,0.023200873285531998
2.0426081448476907e-07,0.023747682571411133,0.09056784957647324,0.18907444179058075
0.3027324974536896,0.41083458065986633,0.4913468062877655,0.5277817845344543
0.5155531167984009,0.46221375465393066,0.38165828585624695,0.2877386510372162
0.19217370450496674,0.10611051321029663,0.0410180389881134,0.005753024946898222
0.002097966382279992,0.0242556594312191,0.06279558688402176
0.10840429365634918,0.15309672057628632,0.19016382098197937,0.21397435665130615
0.22077876329421997,0.21079181134700775,0.18887342512607574,0.16206426918506622,0.13578782975673676,0.11181401461362839,0.08935452252626419,0.06761468946933746,0.047276437282562256,0.029998408630490303,0.016892967745661736,0.007818827405571938,0.0021469001658260822,1.2720584585679262e-09,0.0027968361973762512,0.012503203935921192,0.03018799051642418,0.055297739803791046
0.08592142909765244,0.11877033114433289,0.14821113646030426,0.1660638451576233
0.16428253054618835,0.14002351462841034,0.0991484671831131,0.05412816256284714
0.018160328269004822,0.0008022722322493792,0.006309799384325743,0.03242775425314903
0.06971906870603561,0.10381195694208145,0.12109557539224625,0.11543552577495575
0.09127267450094223,0.059929169714450836,0.03206971287727356,0.012908447533845901
0.002806074218824506,4.116114098451362e-07,0.0020013449247926474
0.005738443229347467,0.008237902075052261,0.008120563812553883,0.006189405452460051
0.004154197871685028,0.0030516532715409994,0.0030853988137096167,0.0662197396159172,0.08626295626163483,0.11428400874137878,0.14819222688674927,0.18381096422672272,0.2142832726240158,0.2312731146812439,0.2273358404636383,0.198223277926445,0.14382602274417877,0.0673905611038208,-0.02572759985923767,-0.12841255962848663,-0.23157015442848206,-0.32475805282592773,-0.39760321378707886
-0.4411469101905823,-0.4497983157634735,-0.42367973923683167,-0.3689351975917816
-0.29492253065109253,-0.21019935607910156,-0.12027451395988464,-0.028498858213424683
0.061366498470306396,0.1438162475824356,0.21305924654006958,0.26587581634521484
0.3031783699989319,0.329145610332489,0.34856587648391724,0.3639790117740631
0.37473055720329285,0.37852755188941956,0.3737236261367798,0.3601837456226349
0.3381454050540924,0.306620329618454,0.2631748914718628
0.20530341565608978,0.13242673873901367,0.04693259298801422,-0.04668667912483215
-0.14348165690898895,-0.23875164985656738,-0.3275419771671295,-0.4042152166366577
-0.46278756856918335,-0.4974375069141388,-0.5036613345146179,-0.480485200881958
-0.4317823052406311,-0.3648936152458191,-0.28731611371040344,-0.2039932906627655
-0.11726421117782593,-0.02897872030735016,0.057722993195056915,0.1387740969657898
0.21108146011829376,0.2739510238170624,0.3289583921432495
0.3784814774990082,0.4236186444759369,0.4631817936897278,0.4949319362640381,0.5175043344497681,0.5307879447937012,0.5343752503395081,0.5256500244140625,0.4995511472225189,0.4503145217895508,0.37399232387542725,0.2704453766345978,0.1436743438243866,0.0004995763301849365,-0.15093490481376648,-0.30180495977401733,-0.4429582357406616,-0.5654969215393066,-0.6611033082008362,-0.7225756645202637,-0.7456713318824768,-0.7311546206474304,-0.6847930550575256
-0.6147631406784058,-0.528208315372467,-0.42967087030410767,-0.3223955035209656,-0.21047449111938477,-0.099251389503479,0.006223693490028381,0.10292612016201019,0.19037212431430817,0.26968979835510254,0.34176814556121826,0.4059372842311859
0.4604476988315582,0.5038896799087524,0.5357409715652466,0.5553703308105469
0.5604044198989868,0.5462195873260498,0.507286548614502,0.43972671031951904,0.3439062535762787
0.22514349222183228,0.09169217944145203,-0.04791833460330963,-0.1859043538570404
-0.31485432386398315,-0.4274923801422119,-0.5168335437774658,-0.5764891505241394
-0.6021563410758972,-0.5939918160438538,-0.5573433637619019,-0.500639796257019
-0.4318040907382965,-0.3557954430580139,-0.27516651153564453,-0.19267350435256958
-0.11307352781295776,-0.04241093993186951,0.014669746160507202,0.057474397122859955
0.08953942358493805,0.1164112389087677,0.14287549257278442,0.17183122038841248,0.20486316084861755
0.24278363585472107,0.2849966883659363,0.3280967175960541,0.36520814895629883
0.38714125752449036,0.38507726788520813,0.35373181104660034,0.29313167929649353
0.20765000581741333,0.10365639626979828,-0.011817127466201782,-0.13085556030273438,-0.24434466660022736,-0.34254831075668335,-0.41607922315597534,-0.45747795701026917
-0.46367397904396057,-0.4376031756401062,-0.38717538118362427,-0.3218000531196594,-0.2487466037273407,-0.17212533950805664,-0.0948188304901123
-0.020904362201690674,0.043883804231882095,0.09420271217823029,0.12806004285812378
0.14815261960029602,0.16037434339523315,0.17060932517051697,0.18230929970741272
0.19626636803150177,0.2118535190820694,0.22820374369621277,0.24396546185016632
0.25598540902137756,0.25896579027175903,0.2469240128993988,0.21557322144508362
0.16418729722499847,0.09559246897697449,0.014542892575263977,-0.07365617156028748
-0.1631789654493332,-0.24724522233009338,-0.31838399171829224
-0.3691236972808838,-0.3929871618747711,-0.38650187849998474,-0.35130712389945984
-0.2941018044948578,-0.22377699613571167,-0.14760564267635345,-0.06928564608097076,0.00993705540895462,0.0884113758802414,0.16229356825351715,0.22665643692016602,0.27829745411872864,0.31747767329216003,0.3472653031349182,0.37102633714675903
0.38983532786369324,0.40173181891441345,0.4032103717327118,0.39159446954727173
0.36610302329063416,0.326844185590744,0.2735804617404938
0.2058015763759613,0.12376168370246887,0.02963775396347046,-0.0721772164106369
-0.17607708275318146,-0.2764497995376587,-0.3677586317062378,-0.443837970495224
-0.4979957044124603,-0.5240209698677063,-0.5171316862106323,-0.4755267798900604
-0.40253645181655884,-0.30701595544815063,-0.20072755217552185,-0.09423753619194031
0.0059179216623306274,0.09698376059532166,0.17743884027004242,0.24504578113555908
0.2975085377693176,0.33455759286880493,0.35895198583602905
0.3755693733692169,0.38929927349090576,0.4030499756336212,0.41714751720428467
0.43003615736961365,0.43929919600486755,0.44221359491348267,0.43537721037864685,0.41419461369514465,0.3734709620475769,0.30894845724105835,0.2188059687614441,0.10445389151573181,-0.02955073118209839,-0.17619770765304565,-0.32667598128318787,-0.4705725610256195,-0.596392810344696,-0.692900538444519,-0.7504602074623108,-0.762538492679596,-0.7279308438301086,-0.652214765548706
-0.5464823842048645,-0.42352795600891113,-0.29390910267829895,-0.16458699107170105
-0.04050803184509277,0.07320784777402878,0.17097783088684082,0.24860422313213348
0.3053216338157654,0.3441312909126282,0.3701152205467224,0.38789108395576477
0.39998719096183777,0.4068632125854492,0.40796324610710144,0.402864009141922
0.39116111397743225,0.371072918176651,0.33884572982788086,0.2899111211299896
0.22080153226852417,0.13071021437644958,0.021992504596710205
-0.10041771829128265,-0.22990509867668152,-0.35874825716018677,-0.47861966490745544,-0.5812180042266846,-0.6584843397140503,-0.7028777599334717,-0.709209144115448,-0.6772778034210205,-0.6125683188438416,-0.5239256024360657,-0.4198588728904724,-0.3061539828777313,-0.18622824549674988,-0.06341210007667542,0.05712239444255829,0.16871953010559082,0.265620619058609,0.3451777398586273,0.40801650285720825
0.4561266601085663,0.4906298518180847,0.5109267234802246
0.5155390501022339,0.5038027167320251,0.4765618145465851,0.43500110507011414
0.3793225884437561,0.3088776171207428,0.22364795207977295,0.1262405812740326
0.02270488440990448,-0.07918132096529007,-0.1727486103773117,-0.253817081451416,-0.3202304542064667,-0.3708341717720032,-0.40432649850845337,-0.41831815242767334,-0.4102119505405426,-0.3798619210720062,-0.33132636547088623,-0.2719087600708008,-0.20900806784629822,-0.14691512286663055,-0.0861029177904129
-0.025607727468013763,0.0337907150387764,0.08865542709827423,0.1350317895412445
0.17140594124794006,0.19978204369544983,0.2243422567844391,0.24902106821537018
0.2754805088043213,0.3024885952472687,0.32701462507247925,0.3457493185997009
0.3552614450454712,0.35130995512008667,0.32906803488731384,0.28464022278785706
0.21727654337882996,0.1309446394443512,0.033509641885757446,-0.06621721386909485
-0.16094830632209778,-0.24519987404346466,-0.3144945502281189
-0.3648342192173004,-0.3923823833465576,-0.39400696754455566,-0.3693040609359741
-0.3224413990974426,-0.2616744935512543,-0.19627749919891357,-0.13280513882637024
-0.07348287105560303,-0.017886601388454437,0.03381757438182831,0.07913033664226532
0.11452272534370422,0.13835008442401886,0.1525859236717224,0.16198782622814178
0.17139168083667755,0.1830447018146515,0.19579845666885376,0.20662690699100494
0.2128818929195404,0.2127944380044937,0.20419077575206757
0.1837853491306305
0.1481359302997589,0.09549327194690704,0.02715441584587097,-0.05285274609923363
-0.1393359899520874,-0.22712737321853638,-0.31103935837745667,-0.3853422701358795
-0.4438137412071228,-0.48014166951179504,-0.48859456181526184,-0.46592506766319275
-0.41380825638771057,-0.3392576277256012,-0.2520067095756531,-0.16059643030166626
-0.06997177004814148,0.017884358763694763,0.10132580995559692,0.17711307108402252
0.24095255136489868,0.2898135781288147,0.3238847851753235,0.3465355336666107
0.36237627267837524,0.37493982911109924,0.3852494955062866,0.39189204573631287
0.3925586938858032,0.38527223467826843,0.3679152727127075,0.3374631404876709
0.29047051072120667,0.22448387742042542,0.13939443230628967,0.037939831614494324
-0.07486095279455185,-0.19273287057876587,-0.3087572455406189,-0.4154442846775055
-0.5050521492958069,-0.5701891779899597,-0.604227602481842,-0.6025412082672119,-0.5648607015609741
-0.4965021014213562,-0.4067842364311218,-0.3054509162902832,-0.19944825768470764
-0.0921713262796402,0.014772206544876099,0.11937469989061356,0.2186165153980255,0.3094542920589447,0.3900560736656189,0.46006250381469727,0.5196653604507446
0.568366527557373,0.6042394638061523,0.6240396499633789,0.6244818568229675
0.6037381887435913,0.5613881349563599,0.49730002880096436,0.4112927317619324
0.3039439022541046,0.17776551842689514,0.03780348598957062
-0.10891445726156235,-0.2546517252922058,-0.3919146955013275,-0.5135819911956787
-0.6129530072212219,-0.6841948628425598,-0.7225027680397034,-0.7244488000869751
-0.6896365880966187,-0.6224676370620728,-0.5318079590797424,-0.42810508608818054
-0.31971055269241333,-0.21100124716758728,-0.10330280661582947,0.002868175506591797
0.10635664314031601,0.20540973544120789,0.29841354489326477,0.3843449652194977
0.462560772895813,0.5320956110954285,0.5908654928207397
0.6352195739746094,0.6606108546257019,0.6632858514785767,0.6410643458366394,0.5925638675689697,0.5166695713996887,0.41323211789131165,0.2843707203865051,0.13553225994110107,-0.024531155824661255,-0.18532036244869232,-0.3368460536003113,-0.47099819779396057,-0.5817253589630127,-0.6647754311561584,-0.7169333696365356,-0.7352234721183777,-0.7179087400436401,-0.666998028755188,-0.5893377661705017,-0.4947158098220825,-0.3922712802886963,-0.2877931296825409
-0.18373098969459534,-0.08161190152168274,0.015421509742736816,0.10235048830509186
0.1744842529296875,0.2300170511007309,0.27084246277809143,0.30141663551330566,0.3267291188240051,0.3502182066440582,0.37265509366989136,0.392741322517395,0.4079943895339966,0.41451138257980347,0.4067593514919281,0.37864556908607483,0.3253951370716095,0.24527764320373535,0.14044976234436035,0.016551196575164795
-0.11857540160417557,-0.2560858726501465,-0.38670724630355835
-0.5011731386184692,-0.5907031297683716,-0.6472586393356323,-0.6645933389663696
-0.6406318545341492,-0.5792652368545532,-0.48952800035476685,-0.38222959637641907
-0.2662210762500763,-0.14688891172409058,-0.027513772249221802,0.08819349110126495
0.19476111233234406,0.2860085964202881,0.35756582021713257,0.40871256589889526,0.44221624732017517,0.4626356363296509,0.47405609488487244,0.47832077741622925
0.4751315414905548,0.4634020924568176,0.44162043929100037
0.40727362036705017,0.3570534884929657,0.28816917538642883,0.19996196031570435
0.09491106867790222,-0.02158212661743164,-0.1424577832221985,-0.26031285524368286
-0.3678510785102844,-0.4580375850200653,-0.5246689319610596,-0.5626140832901001
-0.5680100321769714,-0.5397720336914062,-0.4814942479133606,-0.40134939551353455
-0.3093036115169525,-0.2134023904800415,-0.11773151159286499,-0.023078933358192444
0.07083163410425186,0.16331882774829865,0.25216588377952576
0.33456847071647644,0.40847471356391907,0.473093718290329,0.5283507108688354
0.5736827850341797,0.6067806482315063,0.6234543323516846,0.6190375089645386
0.5897732973098755,0.5331428050994873,0.4480190575122833,0.3352526128292084
0.19823074340820312,0.04307091236114502,-0.12151508033275604,-0.2850115895271301
-0.4366736114025116,-0.5668235421180725,-0.6674286723136902,-0.7327072620391846
-0.7592862844467163,-0.7456488609313965,-0.6926988959312439
-0.6056251525878906,-0.49442005157470703,-0.3715851306915283,-0.24828499555587769
-0.13140276074409485,-0.023256808519363403,0.07628647238016129,0.16735729575157166
0.24927113950252533,0.32134121656417847,0.38379862904548645,0.4378810226917267
0.4852534532546997,0.5270413160324097,0.5625423192977905,0.5885740518569946
0.6005440950393677,0.5939972400665283,0.5649666786193848,0.509934663772583
0.42653828859329224,0.31460803747177124,0.1768765151500702
0.019243642687797546,-0.14948037266731262,-0.3186432719230652,-0.4772340953350067
-0.6149201393127441,-0.7228233814239502,-0.794177770614624,-0.8243271112442017
-0.8108999133110046,-0.7551427483558655,-0.6632632613182068,-0.5459445118904114
-0.41543126106262207,-0.28176867961883545,-0.1509343385696411,-0.025799289345741272
0.09164842963218689,0.1988288313150406,0.29264357686042786,0.3706660270690918
0.43236589431762695,0.47936636209487915,0.5144981145858765
0.5399500131607056,0.5556361079216003,0.5594763159751892,0.5490478277206421
0.5222038626670837,0.4765513837337494,0.4095315933227539,0.3194611668586731
0.20670688152313232,0.0745825469493866,-0.07015985250473022,-0.2180224061012268
-0.35884130001068115,-0.4837186336517334,-0.5858867168426514,-0.660799503326416
-0.705278754234314,-0.7165275812149048,-0.6929288506507874,-0.63627028465271
-0.5528035163879395,-0.45159637928009033,-0.34121015667915344,-0.2272285521030426
-0.11219102144241333,0.0027348995208740234,0.11592021584510803,0.22430530190467834
0.32376259565353394,0.41056764125823975,0.48270705342292786,0.5399130582809448
0.58245849609375,0.6096101999282837,0.619267463684082,0.6091341972351074
0.5775777101516724,0.5233250856399536,0.4453440010547638,0.34362104535102844
0.22023135423660278,0.0801580548286438,-0.06841729581356049,-0.21503174304962158
-0.3492278456687927,-0.4626234769821167
-0.5495896935462952,-0.6071187257766724,-0.6340187788009644,-0.6296494007110596
-0.5939754247665405,-0.529384434223175,-0.4421193599700928,-0.3414604961872101
-0.23677915334701538,-0.1344541609287262,-0.036891043186187744,0.056082259863615036
0.14494222402572632,0.2288414090871811,0.3053644001483917,0.37165892124176025
0.42598575353622437,0.4683668911457062,0.49991244077682495,0.5211820006370544
0.5307708978652954,0.525607705116272,0.5022789239883423
0.4577101469039917,0.38949254155158997,0.29662570357322693,0.1803271472454071
0.04454246163368225,-0.10376079380512238,-0.25487154722213745,-0.3978901505470276
-0.5228958129882812,-0.6221563816070557,-0.6903676986694336,-0.7244783043861389
-0.7229086756706238,-0.6849937438964844,-0.6118799448013306,-0.5083408355712891
-0.3835006356239319,-0.2488151490688324,-0.1143740713596344,0.013466894626617432
0.13183850049972534,0.23947177827358246,0.33462199568748474
0.4141419231891632,0.4745054543018341,0.5139691233634949,0.5339058041572571
0.5382440090179443,0.5313111543655396,0.5154364109039307,0.49025559425354004
0.453816682100296,0.40366387367248535,0.3373340666294098,0.253013014793396
0.15040269494056702,0.03131420910358429,-0.10008937120437622,-0.2372659295797348
-0.37191706895828247,-0.49538755416870117,-0.599795937538147,-0.6785966157913208
-0.7270629405975342,-0.7420660853385925,-0.7212120294570923
-0.6631509065628052,-0.5696128010749817,-0.4471859335899353,-0.30652642250061035
-0.15907183289527893,-0.013819605112075806,0.12369300425052643,0.25027814507484436
0.3631488084793091,0.45855361223220825,0.5321495532989502,0.5810132026672363
0.6054998636245728,0.6093289256095886,0.597791850566864,0.5751497149467468
0.5431862473487854,0.5018282532691956,0.4501630961894989,0.3865932524204254
0.3090616464614868,0.21597686409950256,0.10723939538002014
-0.015059486031532288,-0.146231546998024,-0.2792017161846161,-0.4057255983352661
-0.517902672290802,-0.6090649366378784,-0.674146294593811,-0.7094796895980835
-0.7119984030723572,-0.6792134046554565,-0.6108624935150146,-0.510964572429657
-0.38812488317489624,-0.2530987560749054,-0.11526629328727722,0.01920957863330841
0.14682811498641968,0.2651291489601135,0.3712836503982544,0.461630254983902
0.532637357711792,0.5826280117034912,0.612666666507721
0.6258096098899841,0.6250224709510803,0.611287534236908,0.5837395191192627
0.541017472743988,0.48172491788864136,0.40431058406829834,0.3075907826423645
0.1917075514793396,0.05887936055660248,-0.08615255355834961,-0.23606538772583008
-0.3818412721157074,-0.5144016742706299,-0.625731348991394,-0.7093756198883057
-0.7607927322387695,-0.776983916759491,-0.7557970285415649,-0.6965757608413696
-0.6022511720657349,-0.48071467876434326,-0.3433152735233307
-0.20117777585983276,-0.06235390901565552,0.06853332370519638,0.18902051448822021
0.29722797870635986,0.3906104564666748,0.4659217298030853,0.5207809209823608
0.5552710294723511,0.5719196796417236,0.5739957094192505,0.5633749961853027
0.5399175882339478,0.5025150179862976,0.4498668313026428,0.3804619610309601
0.2928978204727173,0.186771959066391,0.06352010369300842,-0.07295215874910355
-0.21580269932746887,-0.3558221757411957,-0.48340553045272827
-0.59034663438797,-0.6705994606018066,-0.7205696105957031,-0.7385175228118896
-0.7231083512306213,-0.673098623752594,-0.5892584919929504,-0.4767816662788391
-0.3453652560710907,-0.2062884271144867,-0.0688697099685669,0.06106417626142502
0.18045265972614288,0.28740113973617554,0.37969860434532166,0.45424771308898926
0.508202314376831,0.5408766865730286,0.5544730424880981,0.5529394149780273
0.5396343469619751,0.5155777931213379,0.4796772003173828
0.42989927530288696,0.3639802932739258,0.28001365065574646,0.17733654379844666
0.057289838790893555,-0.07639572769403458,-0.21745936572551727,-0.3575264811515808
-0.4874977469444275,-0.599148690700531,-0.6859224438667297,-0.7431446313858032
-0.7678298354148865,-0.7578212022781372,-0.7112576961517334,-0.6277177333831787
-0.5106239914894104,-0.3685757517814636,-0.21352320909500122,-0.05691850185394287
0.09294182062149048,0.23114259541034698,0.3548986315727234
0.4617442488670349,0.548210859298706,0.6104753613471985,0.6466336250305176,0.6582377552986145,0.6496996879577637,0.6259328722953796
0.2957008183002472,0.4055294990539551,0.4900355339050293,0.5386358499526978,0.5465034246444702,0.5150236487388611
0.4524352252483368,0.37152257561683655,0.284647136926651,0.2003643661737442
0.1241019070148468,0.06091589108109474,0.01718592830002308,4.267187250661664e-05
0.015353535301983356,0.06556384265422821,0.14821097254753113,0.25551363825798035
0.37513092160224915,0.4920279085636139,0.5907132029533386,0.6562738418579102,0.6745545864105225,0.6349535584449768,0.5372672080993652,0.3973962068557739,0.24482913315296173,0.11240120977163315,0.026136349886655807
0.00026921648532152176,0.03590787574648857,0.12131694704294205,0.23523905873298645
0.35364919900894165,0.4562329947948456,0.5289458632469177,0.5634876489639282,0.5571650266647339,0.5140140652656555,0.444343626499176,0.3606988787651062,0.27316814661026,0.18828271329402924,0.11135801672935486,0.04901725798845291,0.009561503306031227,0.001197696547023952,0.02950514480471611,0.09528791904449463,0.1934351772069931,0.3130870461463928,0.4391719102859497
0.5549262762069702,0.6438719630241394,0.6902883648872375,0.680607259273529
0.6088712215423584,0.48388734459877014,0.3305577337741852,0.18189936876296997
0.06767351925373077,0.007298218086361885,0.007841809652745724,0.06390930712223053
0.15925242006778717,0.2718351185321808,0.3805685043334961,0.46942338347435
0.5276666879653931,0.5492137670516968,0.5335522890090942,0.4866379499435425
0.41873714327812195,0.3398655951023102,0.25698691606521606
0.1750856339931488,0.10004516690969467,0.040182702243328094,0.0052758511155843735
0.004058032296597958,0.041511911898851395,0.11684294790029526,0.22274388372898102
0.3462119698524475,0.4707559645175934,0.5789231061935425,0.6535454988479614
0.6784161925315857,0.6419285535812378,0.544468879699707,0.40355896949768066
0.24995142221450806,0.11657729744911194,0.02876771241426468,3.7357021938078105e-05
0.031141381710767746,0.11056632548570633,0.21805788576602936
0.3311677575111389,0.4309918284416199,0.5040773749351501,0.5418909788131714
0.5411236882209778,0.5050691962242126,0.44302138686180115,0.36618760228157043
0.28338390588760376,0.20043501257896423,0.12271807342767715,0.05746098607778549
0.013693752698600292,0.00022118478955235332,0.022998720407485962,0.08300045877695084
0.17524006962776184,0.28912878036499023,0.4100903868675232,0.5219495296478271
0.60857754945755,0.6541776657104492,0.645021378993988
0.57549649477005,0.45513519644737244,0.3088647723197937,0.16838078200817108
0.0614793598651886,0.0060370615683496,0.008402391336858273,0.06320784240961075,0.15496918559074402,0.2630433440208435,0.3678162693977356,0.4541373550891876
0.5113130211830139,0.5327751636505127,0.5174832344055176,0.47099769115448
0.40319183468818665,0.32375475764274597,0.23983623087406158,0.15739285945892334,0.08373848348855972,0.02835727110505104,0.0013186867581680417
0.010561982169747353,0.059358928352594376,0.1447567641735077,0.2574356198310852
0.38304346799850464,0.5047261714935303,-0.7781918048858643,-0.8182435631752014
-0.8257572054862976,-0.7959062457084656,-0.726534366607666,-0.6203418970108032
-0.48456549644470215,-0.32854560017585754,-0.16145578026771545,0.008195430040359497
0.1720016896724701,0.32187414169311523,0.451393723487854,0.5569084882736206
0.6372204422950745,0.6922011375427246,0.7217735648155212
0.7262511849403381,0.7074412107467651,0.668877899646759,0.614315390586853
0.5457379817962646,0.4629090428352356,0.36473608016967773,0.2510226368904114
0.12338140606880188,-0.014728352427482605,-0.15836147964000702,-0.3016242980957031
-0.43827521800994873,-0.5622789859771729,-0.668319582939148,-0.7520400881767273
-0.8094725608825684,-0.8359676599502563,-0.8262279629707336,-0.7764195203781128
-0.6869636178016663,-0.5634329319000244,-0.4147411584854126
-0.2504628002643585,-0.07951295375823975,0.08955100923776627,0.24824917316436768
0.38914722204208374,0.50728839635849,0.6005604267120361,0.6685936450958252
0.711315393447876,0.7286535501480103,0.7215570211410522,0.6928807497024536
0.64656001329422,0.5854817628860474,0.5102408528327942,0.4199131429195404
0.3138532340526581,0.19300296902656555,0.060182392597198486,-0.08021660149097443
-0.22273629903793335,-0.3614157438278198,-0.49029773473739624
-0.6039032936096191,-0.6976170539855957,-0.7675111293792725,-0.8093881011009216
-0.8181442022323608,-0.789020299911499,-0.7204014658927917,-0.6156880259513855
-0.4824599623680115,-0.32986313104629517,-0.16659027338027954,-0.0007396042346954346
0.15952171385288239,0.30635109543800354,0.43370217084884644,0.5382823944091797
0.6189802885055542,0.6753872632980347,0.7069924473762512,0.7138199210166931
0.697579562664032,0.6616647243499756,0.6094750761985779
0.5425887107849121,0.46062690019607544,0.3627934455871582,0.24952149391174316,0.12308439612388611,-0.012604236602783203,-0.15243586897850037,-0.29063907265663147
-0.4212898015975952,-0.5387793183326721,-0.6383067965507507,-0.7160347700119019
-0.7683625221252441,-0.7908573150634766,-0.7785399556159973,-0.728199303150177
-0.640958845615387,-0.5226662755012512,-0.38181835412979126,-0.2270859181880951
-0.0664459764957428,0.09227689355611801,0.24127329885959625,0.3738604784011841
0.4857690632343292,0.5752236843109131,0.6416969299316406,0.6846106052398682
0.7033247947692871,0.6983181834220886,0.6720139980316162,0.6278056502342224
0.5679648518562317,0.492692768573761,0.4011537730693817,0.2932286262512207
0.17056351900100708,0.036666885018348694,-0.10349003970623016,-0.2440791130065918,-0.37902817130088806,-0.5024965405464172,-0.6093219518661499,-0.6953487396240234,-0.757070779800415
-0.7905353307723999,-0.7908572554588318,-0.7537508606910706,-0.6783226728439331
-0.5685791969299316,-0.4322705864906311,-0.27836331725120544,-0.11539292335510254,0.048497557640075684,0.20509245991706848,0.3467347025871277,0.4677835702896118
0.5653756856918335,0.6386568546295166,0.6872729659080505,0.7107177376747131
0.7091310620307922,0.6844335794448853,0.640102744102478,0.5793781876564026
0.5037020444869995,0.41294577717781067,0.30698224902153015
0.18705907464027405,0.0561375617980957,-0.08142638206481934,-0.22036826610565186
-0.3550388216972351,-0.47985148429870605,-0.589688777923584,-0.6803222894668579,-0.7484115362167358,-0.7906287908554077,-0.8026605248451233,-0.7797517776489258
-0.719141960144043,-0.6224091053009033,-0.495547354221344,-0.3469091057777405
-0.1850782334804535,-0.01829206943511963,0.1450878083705902,0.29676544666290283,0.4298363924026489,0.5400131344795227,0.6255207061767578
0.6857779026031494,0.7202363610267639,0.7285489439964294,0.7117326259613037,0.6727554798126221,0.615368127822876,0.5421265363693237,0.45372244715690613,0.3501257300376892,0.23213517665863037,0.1021047830581665,-0.036090970039367676
-0.17739981412887573,-0.3161119520664215,-0.4464007616043091,-0.5627968907356262
-0.6606873273849487,-0.7365938425064087,-0.7876487970352173,-0.8103930354118347
-0.8003852367401123,-0.7539100646972656,-0.6706950664520264
-0.5550616979598999,-0.41456788778305054,-0.2576914429664612,-0.0925716757774353
0.07280141115188599,0.23032422363758087,0.37261962890625,0.4944124221801758
0.5930253267288208,0.6674246788024902,0.7167829871177673,0.7401068210601807
0.7372778654098511,0.7101964354515076,0.6623408794403076,0.5968321561813354
0.5150689482688904,0.4172316789627075,0.3038085997104645,0.17670321464538574
0.039456263184547424,-0.10306338965892792,-0.24520058929920197
-0.3811003267765045,-0.5051683783531189,-0.612472414970398,-0.699112057685852
-0.7621104717254639,-0.7984248995780945,-0.8039684295654297,-0.774380624294281
-0.7075902223587036,-0.6059027910232544,-0.4757111668586731,-0.32534438371658325
-0.16311532258987427,0.0030329525470733643,0.16497817635536194,0.3146957755088806
0.44564568996429443,0.5538779497146606,0.6377045512199402,0.6963343024253845
0.7289597392082214,0.7351956367492676,0.7162474393844604
0.6752432584762573,0.615859866142273,0.5404703617095947,0.4497561752796173
0.34395965933799744,0.22432494163513184,0.0936516523361206,-0.043872296810150146,-0.1831047534942627,-0.31849029660224915,-0.4445514678955078,-0.5562973022460938
-0.6496357917785645,-0.7214984893798828,-0.7691172957420349,-0.7887969613075256
-0.775834321975708,-0.7265650629997253,-0.6410259008407593,-0.5237680673599243,-0.3823024034500122,-0.22490695118904114,-0.05963689088821411
0.10538996756076813,0.26188936829566956,0.40242430567741394,0.5217711329460144
0.617254376411438,0.6876777410507202,0.731995165348053,0.7491574287414551
0.7392544746398926,0.7045565843582153,0.6488507986068726,0.5754281878471375
0.48590874671936035,0.38094189763069153,0.2616729140281677,0.1306179165840149
-0.0082550048828125,-0.14986306428909302,-0.2885817885398865,-0.4188361167907715
-0.5355348587036133,-0.6344365477561951,-0.7123796939849854
-0.7669125199317932,-0.7951451539993286,-0.7929618954658508,-0.7561907768249512
-0.6832900047302246,-0.5770829319953918,-0.4440627694129944,-0.2922569513320923,-0.12961086630821228,0.03616298735141754,0.19713693857192993,0.34558525681495667
0.4752959609031677,0.582443118095398,0.6651041507720947,0.7220019698143005
0.7518824338912964,0.7541763186454773,0.7301636338233948,0.6830689907073975
0.616504967212677,0.5327831506729126,0.4328117072582245
0.317367285490036,0.18832364678382874,0.04905730485916138,-0.09574355185031891
-0.24053369462490082,-0.3794831335544586,-0.5069949626922607,-0.6181245446205139
-0.7089449167251587,-0.7765624523162842,-0.8182781934738159,-0.8304057717323303
-0.8084713816642761,-0.7494396567344666,-0.6541521549224854,-0.527783989906311
-0.3781746029853821,-0.21374830603599548,-0.042669445276260376,0.12686365842819214
0.2866249084472656,0.42938506603240967,0.5501130223274231
0.64613938331604,0.7161442041397095,0.7590957880020142,0.7742481231689453
0.7621549963951111,0.7254322171211243,0.6678691506385803,0.592451274394989
0.5004299283027649,0.39220917224884033,0.26881542801856995,0.13271969556808472
-0.01206517219543457,-0.16027633845806122,-0.30596059560775757,-0.4431142508983612
-0.5662156939506531,-0.6706450581550598,-0.7528781294822693,-0.8100473284721375
-0.8388167023658752,-0.8348102569580078,-0.7940499782562256
-0.7156243920326233
-0.603090763092041,-0.4634705185890198,-0.30506759881973267,-0.1360243856906891
0.03569871187210083,0.20195670425891876,0.3549664318561554,0.48860061168670654
0.5991010665893555,0.6844469308853149,0.7431563138961792,0.7738860845565796
0.7762497067451477,0.7519243359565735,0.7044437527656555,0.6373880505561829
0.5528177618980408,0.4514845609664917,0.3342249393463135,0.20309481024742126
0.06169116497039795,-0.08506011962890625,-0.23141594231128693,-0.3714587688446045
-0.49964094161987305,-0.6111797094345093,-0.7023364901542664,-0.7703030109405518
-0.8122777938842773,-0.8243967294692993,-0.8022673726081848,-0.7433943748474121
-0.6493565440177917,-0.5257817506790161,-0.380413293838501,-0.22111371159553528
-0.05530327558517456,0.10950995236635208,0.26568084955215454,0.4064609706401825
0.5270952582359314,0.6248040199279785,0.6977716684341431,0.7443578243255615,0.7634016871452332
0.7553237080574036,0.7226791977882385,0.6690321564674377,0.5970320701599121
0.5077188611030579,0.40153712034225464,0.2797383964061737,0.14507213234901428
0.0018207579851150513,-0.144541397690773,-0.2879868745803833,-0.42260244488716125
-0.5430792570114136,-0.6450744867324829,-0.725317656993866,-0.7810242772102356
-0.8087230920791626,-0.8039292693138123,-0.7628878355026245,-0.6851963996887207
-0.5748565793037415,-0.4389706254005432,-0.2855232357978821
-0.12215715646743774,0.043618470430374146,0.20404064655303955,0.351704865694046
0.48083120584487915,0.5878556370735168,0.6707234382629395,0.7277820110321045
0.7575563192367554,0.7596773505210876,0.7359426021575928,0.689911425113678
0.624963641166687,0.5428358912467957,0.44401443004608154,0.32915976643562317
0.20017138123512268,0.06054088473320007,-0.08480364084243774,-0.23006674647331238
-0.36929306387901306,-0.49691641330718994,-0.6081533432006836
-0.6992506384849548,-0.7672625184059143,-0.8090376853942871,-0.8202893137931824
-0.7964469194412231,-0.7351930141448975,-0.6384057402610779,-0.5118653178215027
-0.3633127212524414,-0.20068231225013733,-0.03172948956489563,0.1354847252368927
0.2927477955818176,0.43291983008384705,0.5510696172714233,0.6443644762039185
0.7110540866851807,0.7498095035552979,0.7601075172424316,0.7432428598403931
0.7025901675224304,0.6421963572502136,0.5648725032806396
0.47171539068222046,0.36322900652885437,0.24067935347557068,0.10675796866416931
-0.03437843918800354,-0.1774943321943283,-0.3169313967227936,-0.4472199082374573
-0.5634955167770386,-0.6617910861968994,-0.7390550374984741,-0.7924506664276123
-0.8182106614112854,-0.8116219639778137,-0.7690445184707642,-0.6904066205024719
-0.5799077153205872,-0.44451838731765747,-0.291843980550766,-0.12914687395095825
0.03627690672874451,0.19674134254455566,0.34488874673843384
0.4749402403831482,0.5831576585769653,0.6671490669250488,0.7249670028686523
0.7550392150878906,0.7571075558662415,0.7331698536872864,0.6868830323219299
0.621554434299469,0.5388081669807434,0.4391370415687561,0.3233548700809479
0.19357594847679138,0.05349433422088623,-0.0918179526925087,-0.23652921617031097
-0.37476587295532227,-0.5011239647865295,-0.6110125780105591,-0.7008308172225952
-0.7676347494125366,-0.8080692291259766,-0.8176143169403076
-0.7917861938476562,-0.7288228869438171,-0.6313826441764832,-0.5058034658432007
-0.3598587214946747,-0.20106858015060425,-0.03663736581802368,0.12587857246398926
0.27874112129211426,0.4152957797050476,0.5310389399528503,0.6233782768249512,0.6905874013900757,0.7312490344047546,0.7447780966758728,0.7324653267860413
0.69756680727005,0.6437013745307922,0.5730168223381042,0.4859884977340698
0.38270318508148193,0.2641940116882324,0.13310372829437256
-0.00628662109375,-0.14857792854309082,-0.28800681233406067,-0.41903507709503174
-0.5367252826690674,-0.6370043158531189,-0.716617226600647,-0.7723184823989868
-0.7997903227806091,-0.7939971685409546,-0.751474142074585,-0.6726539134979248
-0.5622068643569946,-0.4273173213005066,-0.2755906581878662,-0.11432123184204102
0.048958778381347656,0.2062297761440277,0.34996935725212097,0.47453391551971436
0.5765045881271362,0.6538609266281128,0.7051072716712952
0.7292830348014832,0.7268902063369751,0.700611412525177,0.6543708443641663
0.5912362933158875,0.5123483538627625,0.41774579882621765,0.3078751266002655
0.18454784154891968,0.051199182868003845,-0.08737850189208984,-0.225685253739357
-0.35818326473236084,-0.4797532558441162,-0.5860025882720947,-0.6733843088150024
-0.7387492656707764,-0.7782678008079529,-0.7869616746902466,-0.7602224349975586
-0.6964536905288696,-0.5984806418418884,-0.4726255536079407
-0.3265250027179718,-0.16767287254333496,-0.0035002529621124268,0.15807172656059265
0.3090354800224304,0.4426671266555786,0.554492175579071,0.6419256925582886
0.7032443284988403,0.7371220588684082,0.7432769536972046,0.7235368490219116
0.6816593408584595,0.6214452981948853,0.5449948310852051,0.45278429985046387
0.34504061937332153,0.2229868471622467,0.08943745493888855,-0.05120009183883667
-0.19347581267356873,-0.33164334297180176,-0.4602181315422058
-0.5743495225906372,-0.6700778007507324,-0.7442080974578857,-0.7933858036994934
-0.8130893707275391,-0.7982676029205322,-0.7457687258720398,-0.6565165519714355
-0.5356274843215942,-0.3906296491622925,-0.22952699661254883,-0.06020483374595642
0.10910418629646301,0.2697834372520447,0.41398537158966064,0.5360274910926819
0.6326489448547363,0.7021400928497314,0.7434787750244141,0.7563705444335938
0.7421481609344482,0.7042314410209656,0.6468887329101562,0.5731942653656006
0.48425471782684326,0.38018766045570374,0.2615932524204254,0.1304846704006195
-0.009459361433982849,-0.15321512520313263,-0.2950828969478607,-0.42933905124664307
-0.5507162809371948,-0.6547571420669556,-0.7379162311553955,-0.7969943881034851
-0.8280507326126099,-0.8262057900428772,-0.7873737812042236,-0.7107639312744141
-0.5999947786331177,-0.4619801640510559,-0.30477452278137207,-0.1362937092781067
0.03553047776222229,0.20232614874839783
0.3558598756790161,0.4894450902938843,0.5988079309463501,0.6816672086715698
0.7367328405380249,0.7632530927658081,0.7616387605667114,0.7343936562538147
0.6856662034988403,0.619240939617157,0.5369858741760254,0.43918222188949585
0.3259700536727905,0.1985759139060974,0.05990895628929138,-0.08544693142175674
-0.23179784417152405,-0.37309685349464417,-0.5035468935966492,-0.6180395483970642
-0.712451696395874,-0.7834839820861816,-0.8276797533035278
-0.8405110836029053,-0.8172513842582703,-0.7554824352264404,-0.6570414304733276
-0.5277908444404602,-0.3756449222564697,-0.20872589945793152,-0.03497818112373352
0.137284055352211,0.2994076907634735,0.4436403810977936,0.5645121335983276
0.6589954495429993,0.7255653738975525,0.763344943523407,0.7722391486167908
0.7538884878158569,0.7119544744491577,0.650669515132904,0.5728889107704163
0.4795870780944824,0.3709357976913452,0.24772214889526367
0.112265944480896,-0.03134770691394806,-0.17770016193389893,-0.3207983672618866
-0.45474374294281006,-0.574219286441803,-0.6748511791229248,-0.753253698348999
-0.8063063621520996,-0.8300424218177795,-0.8197354078292847,-0.7718633413314819
-0.6864773035049438,-0.5679906010627747,-0.4238159656524658,-0.2621995806694031
-0.09111049771308899,0.08146795630455017,0.24711228907108307,0.39765453338623047
0.526674747467041,0.6302922964096069,0.7066552639007568
0.754913330078125,0.7747448682785034,0.7669738531112671,0.7343918085098267,0.6811005473136902,0.6105251312255859,0.5241758227348328,0.42222845554351807
0.30497175455093384,0.17394360899925232,0.03244304656982422,-0.11458904296159744
-0.26121336221694946,-0.4012598395347595,-0.528931736946106,-0.6392496228218079
-0.7282904386520386,-0.7928599715232849,-0.8294318914413452,-0.8334580659866333
-0.8005282282829285,-0.7288859486579895,-0.6211495399475098
-0.48381292819976807,-0.32515838742256165,-0.15353482961654663,0.022867172956466675
0.195473313331604,0.3555232882499695,0.49544745683670044,0.6102045178413391
0.697320818901062,0.7558398246765137,0.7853787541389465,0.7862910628318787
0.7606438398361206,0.7123213410377502,0.6454039812088013,0.5623658895492554
0.46387720108032227,0.3499996066093445,0.22154220938682556,0.08096030354499817
-0.0674123540520668,-0.21786275506019592,-0.3641151487827301
-0.5000211000442505,-0.6200759410858154,-0.7198121547698975,-0.7958082556724548
-0.8448320031166077,-0.8627136945724487,-0.8446934819221497,-0.7876127362251282
-0.6921807527542114,-0.5634444355964661,-0.4092373251914978,-0.2381540834903717
-0.058653563261032104,0.12066705524921417,0.2908483147621155,0.44345784187316895
0.5721150040626526,0.6731686592102051,0.7450718879699707,0.7873159646987915
0.8000165820121765,0.7845789790153503,0.7443351149559021
0.6835838556289673,0.6055840849876404,0.5116016268730164,0.40170562267303467
0.2762520909309387,0.13704395294189453,-0.012189537286758423,-0.16605518758296967
-0.3182251751422882,-0.4622002840042114,-0.591927170753479,-0.7022810578346252
-0.7892907857894897,-0.8496989607810974,-0.8798896074295044,-0.8754692673683167,-0.8326743841171265,-0.7507907152175903,-0.633516788482666,-0.48808664083480835,-0.3230510354042053,-0.14671540260314941,0.03288915753364563
0.2074030339717865,0.3683977425098419,0.5087680816650391,0.6239108443260193
0.7116284370422363,0.7710944414138794,0.801977276802063,0.8046873211860657
0.7813146710395813,0.7354687452316284,0.6705206036567688,0.5880752205848694
0.48817580938339233,0.3706768751144409,0.2365700602531433,0.08876848220825195
-0.06779655814170837,-0.22675317525863647,-0.3811381459236145,-0.5241469144821167
-0.6497282981872559,-0.7530211210250854,-0.8303270936012268
-0.8781907558441162,-0.8923559188842773,-0.8683614730834961,-0.803895890712738
-0.7009080648422241,-0.565627932548523,-0.4065939784049988,-0.23256254196166992
-0.051855266094207764,0.1271221935749054,0.2956622540950775,0.44579458236694336
0.5717864632606506,0.6706198453903198,0.7411890029907227,0.7831915616989136
0.7968515753746033,0.7836908102035522,0.7469800710678101,0.6905456185340881
0.6168705224990845,0.5264891982078552,0.4190017879009247
0.2945801615715027,0.15512380003929138,0.004685148596763611,-0.15095147490501404,-0.305115282535553,-0.4510263502597809,-0.5824099183082581
0.03463097661733627,0.14362160861492157,0.3053733706474304,0.4871024191379547,0.6536364555358887,0.7765876054763794
0.8394408822059631,0.8376761078834534,0.7767863869667053,0.670157790184021
0.5361250638961792,0.3936310410499573,0.2584466338157654,0.14246727526187897,0.055550869554281235,0.007097962778061628,0.005564043298363686,0.05614636838436127,0.15796799957752228,0.30208539962768555,0.47114357352256775,0.6409844756126404,0.7844175100326538,0.8767632246017456,0.9013966917991638,0.8531867265701294,0.7391188740730286,0.5769469738006592,0.39271819591522217
0.21713018417358398,0.0806337296962738,0.007836554199457169,0.012407617643475533,0.09369048476219177,0.2356899380683899,0.4095296561717987,0.5804664492607117,0.7173827290534973,0.7997998595237732,0.8196132183074951,0.7793344259262085,0.6897492408752441,0.5674163699150085,0.43096616864204407,0.2969146966934204
0.17767035961151123,0.08270447701215744,0.020682577043771744,7.052709406707436e-05,0.02760981023311615,0.10558123886585236,0.22925862669944763
0.3857156038284302,0.5544331669807434,0.7097868919372559,0.825614333152771
0.8810248970985413,0.8652315139770508,0.7796729207038879,0.6375117301940918
0.4615558087825775,0.28104183077812195,0.12716814875602722,0.02761967107653618
0.0010575404157862067,0.05296473577618599,0.17371322214603424,0.3394394814968109
0.5170049667358398,0.6727686524391174,0.7811493873596191,0.8286228775978088
0.8131036758422852,0.7418166399002075,0.6292108297348022
0.49391698837280273,0.3543664216995239,0.22534063458442688,0.11775244772434235
0.04064944013953209,0.0026276633143424988,0.011140488088130951,0.07015374302864075
0.17752085626125336,0.3232981562614441,0.4896281361579895,0.652444064617157
0.7852945923805237,0.8648668527603149,0.876373827457428,0.8167206645011902
0.6948067545890808,0.5298923254013062,0.3488464057445526,0.18223991990089417
0.05929439514875412,0.0023566405288875103,0.022191783413290977
0.1152077317237854,0.2631123960018158,0.43603798747062683,0.5999389290809631
0.7257553339004517,0.795488715171814,0.8031430244445801,0.7528020739555359
0.6563988924026489,0.531140148639679,0.3956092298030853,0.2656474709510803
0.15278269350528717,0.06576545536518097,0.012715236283838749,0.001498595462180674
0.03801751136779785,0.12354060262441635,0.2523966431617737,0.4109102189540863
0.5779963135719299,0.7277894616127014,0.8345302939414978
0.8785384893417358,0.850855827331543,0.75496506690979,0.6059251427650452
0.4279753863811493,0.25097018480300903,0.1056300699710846,0.017967792227864265
0.003982726484537125,0.06603597849607468,0.191602423787117,0.3549340069293976
0.5227628350257874,0.6632459163665771,0.7538357377052307,0.784254789352417
0.7552169561386108,0.6759455800056458,0.5617807507514954,0.43098902702331543
0.3006099760532379,0.1836259365081787,0.08935357630252838
0.025647733360528946,0.00017378907068632543,0.019506976008415222,0.08672085404396057
0.19890466332435608,0.3456849157810211,0.7135446071624756,0.8157260417938232,0.8879481554031372,0.9251107573509216,0.9242343306541443,0.88455730676651,0.8072178959846497,0.6949468851089478,0.551984429359436,0.38411927223205566
0.19862842559814453,0.003953009843826294,-0.1907639503479004,-0.3759639859199524,-0.5419631004333496,-0.6799026727676392,-0.7833189964294434
-0.8492310643196106,-0.8778618574142456,-0.8714393973350525,-0.8332636952400208
-0.7675540447235107,-0.6795210838317871,-0.5747617483139038,-0.4579119086265564
-0.33169206976890564,-0.19725072383880615,-0.05542260408401489,0.09208312630653381
0.24215839803218842,0.3903558850288391,0.5311770439147949,0.6583645343780518
0.7652214169502258,0.8451878428459167,0.8927245140075684,0.904130220413208
0.8778654932975769,0.8143542408943176,0.7156446576118469
0.585257887840271,0.4282177686691284,0.25107598304748535,0.0617235004901886,-0.13104450702667236,-0.3179290294647217,-0.4893757998943329,-0.6361764669418335
-0.750825047492981,-0.8289436101913452,-0.8696094155311584,-0.87442946434021
-0.8463762402534485,-0.7892890572547913,-0.7079487442970276,-0.6078755259513855
-0.49426257610321045,-0.3707207441329956,-0.23904123902320862,-0.10013017058372498,0.04470853507518768,0.19292765855789185,0.3405759036540985
0.4825681447982788,0.6130361557006836,0.7255920171737671,0.8136751055717468
0.8712738156318665,0.8938623666763306,0.8790290951728821,0.8265199065208435
0.7379308938980103,0.6164557337760925,0.46681714057922363,0.29526591300964355
0.10944116115570068,-0.08205419778823853,-0.27015963196754456,-0.445614218711853
-0.5992348194122314,-0.7228926420211792,-0.8110411167144775,-0.861640214920044
-0.87569659948349,-0.8560065031051636,-0.8062689900398254
-0.7309709191322327,-0.6354352831840515,-0.5251507759094238,-0.4044623374938965
-0.2758152186870575,-0.1402711570262909,0.0012308359146118164,0.1467972695827484
0.29317766427993774,0.43590331077575684,0.5695928335189819,0.6881870627403259
0.7852016091346741,0.8543139696121216,0.8902918696403503,0.8898078203201294
0.8517110347747803,0.7768144607543945,0.6676169633865356,0.5282046794891357
0.36425215005874634,0.18293684720993042,-0.007399380207061768,-0.1977718025445938
-0.378930926322937,-0.5415736436843872,-0.6769750118255615,-0.7783786058425903
-0.8423399329185486,-0.8688546419143677,-0.8602728843688965,-0.8201218843460083
-0.7526723146438599,-0.6630503535270691,-0.5569868087768555,-0.43967264890670776
-0.3145335912704468,-0.18311426043510437,-0.046102166175842285,0.09538137912750244
0.23898573219776154,0.38101503252983093,0.5166774988174438,0.6403506994247437,0.7458024621009827,0.8265991806983948
0.8768937587738037,0.8923547267913818,0.8707456588745117,0.8119425177574158
0.7176649570465088,0.5912798643112183,0.4377424716949463,0.2635604739189148,0.07660070061683655,-0.11437561362981796,-0.3002210557460785,-0.471659392118454
-0.6196231842041016,-0.7363200187683105,-0.8167451620101929,-0.8594335317611694
-0.8658306002616882,-0.8390071392059326,-0.7828350067138672,-0.7019514441490173
-0.6018232703208923,-0.4879971742630005,-0.3647556006908417
-0.23445793986320496,-0.09816113114356995,0.04309983551502228,0.18729084730148315
0.3310694396495819,0.46999192237854004,0.5988204479217529,0.7116908431053162
0.8022754192352295,0.864342987537384,0.8927451968193054,0.8843021392822266
0.8381098508834839,0.7553401589393616,0.6389426589012146,0.49348777532577515
0.3251136541366577,0.14138323068618774,-0.049135953187942505,-0.23743195831775665
-0.4143769443035126,-0.5708913803100586,-0.6986148357391357
-0.7913413643836975,-0.8462826609611511,-0.8640118837356567,-0.8472626805305481
-0.7997900247573853,-0.7260313034057617,-0.6312479972839355,-0.5211970210075378
-0.4009312093257904,-0.27369093894958496,-0.14097091555595398,-0.00360184907913208
0.13704949617385864,0.2784213423728943,0.4167155921459198,0.5471502542495728
0.6642073392868042,0.761839747428894,0.8338623046875,0.8747214674949646,0.8804195523262024,0.8490800857543945,0.7809416651725769
0.6780898571014404,0.5442740321159363,0.38485366106033325,0.20673325657844543
0.018085122108459473,-0.1721826195716858,-0.35491758584976196,-0.5209445953369141
-0.661433219909668,-0.7690252065658569,-0.8393231630325317,-0.8714754581451416
-0.867389976978302,-0.8304676413536072,-0.7649007439613342,-0.6756921410560608
-0.5686330795288086,-0.4494209289550781,-0.3223329484462738,-0.18972158432006836
-0.052728474140167236,0.08747249096632004,0.2287493646144867
0.36777186393737793,0.5002340078353882,0.6211550235748291,0.7250429391860962,0.8060437440872192,0.858464241027832,0.8776873350143433,0.8609591722488403
0.8076274991035461,0.718960702419281,0.5979226231575012,0.44907277822494507
0.27854791283607483,0.0939229428768158,-0.09623689204454422,-0.2829526364803314,-0.4571499526500702,-0.6098454594612122,-0.7328984141349792,-0.8204644918441772
-0.8701183199882507,-0.8826367259025574,-0.8607873320579529
-0.8082929253578186,-0.7295997738838196,-0.6300280094146729,-0.5153369307518005
-0.39048370718955994,-0.2586483657360077,-0.12145444750785828,0.01992383599281311
0.1636659801006317,0.3068055808544159,0.4452960193157196,0.5742754340171814
0.6882644891738892,0.7813239097595215,0.8474574089050293,0.8814206719398499
0.8796285390853882,0.8406494855880737,0.7651549577713013,0.6556536555290222
0.5163061022758484,0.3528470993041992,0.17247089743614197
-0.016510576009750366,-0.2052101492881775,-0.3846016824245453,-0.5457185506820679
-0.6800886392593384,-0.7809203863143921,-0.8444966673851013,-0.8705481886863708
-0.8613374829292297,-0.8204233646392822,-0.752054750919342,-0.6612424254417419
-0.5536720752716064,-0.43471676111221313,-0.30815547704696655,-0.1758594512939453
-0.038676291704177856,0.1022663339972496,0.24468138813972473,0.38499367237091064
0.518639087677002,0.6403491497039795,0.7442995309829712
0.8243353366851807,0.8746006488800049,0.8905088901519775,0.869506299495697
0.8112497925758362,0.7174020409584045,0.5913896560668945,0.4382563829421997
0.26458674669265747,0.07830861210823059,-0.1118018701672554,-0.2966967225074768
-0.4673381447792053,-0.6148828268051147,-0.7314973473548889,-0.8118369579315186
-0.8540515899658203,-0.8594335913658142,-0.8311957716941833,-0.77348393201828
-0.6911569833755493,-0.5898755192756653,-0.47550928592681885
-0.35278695821762085,-0.22441139817237854,-0.09148168563842773,0.04523666203022003
0.18417060375213623,0.3225163519382477,0.4563939869403839,0.5811153650283813
0.6913069486618042,0.7810081243515015,0.8441215753555298,0.8753304481506348
0.8710505366325378,0.8298906087875366,0.7525838017463684,0.6417286396026611
0.5015963912010193,0.33805596828460693,0.1584443747997284,-0.028853431344032288
-0.21500340104103088,-0.39110618829727173,-0.5483031272888184
-0.6782174110412598,-0.77424556016922,-0.8329868912696838,-0.8545103669166565
-0.8413238525390625,-0.7971224784851074,-0.7262377738952637,-0.633763313293457
-0.5254299640655518,-0.4065421223640442,-0.28073838353157043,-0.1498180627822876
-0.01471497118473053,0.12323978543281555,0.2615835666656494,0.39672085642814636
0.5242317914962769,0.6390615105628967,0.735582709312439,0.8078439235687256,0.850277841091156,0.858686089515686,0.8309352993965149
0.7670755386352539,0.6691222190856934,0.5408059358596802,0.3874019384384155
0.21561431884765625,0.03330385684967041,-0.15104666352272034,-0.32882893085479736
-0.4914382994174957,-0.630390465259552,-0.738239049911499,-0.8101552724838257
-0.8448393940925598,-0.8439897298812866,-0.8110018372535706,-0.750024139881134
-0.6658563017845154,-0.5640956163406372,-0.45045918226242065,-0.3293868899345398
-0.2032763957977295,-0.07304546236991882
0.06056204438209534,0.19589607417583466,0.33008143305778503,0.4592403173446655
0.5787531137466431,0.683336615562439,0.7671182155609131,0.8241033554077148
0.8491196632385254,0.8387622237205505,0.7918370962142944,0.7093042731285095
0.5940347909927368,0.45060908794403076,0.2852323353290558,0.10556021332740784
-0.07982425391674042,-0.2620658576488495,-0.4323493540287018,-0.581925630569458
-0.7026301622390747,-0.7883153557777405,-0.8362570405006409
-0.8472446203231812,-0.8244130611419678,-0.7719737887382507,-0.6947203874588013
-0.5981615781784058,-0.4882577657699585,-0.3702000379562378,-0.24720007181167603
-0.12049981951713562,0.009475842118263245,0.14178848266601562,0.27430352568626404
0.4037538170814514,0.5260355472564697,0.6363203525543213,0.729054868221283
0.7982285022735596,0.8381574749946594,0.8445138335227966,0.8150199055671692
0.7495918273925781,0.6501724720001221,0.5205158591270447
0.3660474419593811,0.19372504949569702,0.011661022901535034,-0.17148230969905853,-0.34696251153945923,-0.5060581564903259,-0.6402605175971985,-0.7423259019851685,-0.8078619241714478,-0.8360548615455627,-0.8289632797241211,-0.7902119159698486,-0.7241450548171997,-0.6357877850532532,-0.5309278964996338,-0.4153035879135132,-0.29319310188293457,-0.16678699851036072,-0.03690408170223236,0.0956219881772995,0.2289140373468399,0.35991549491882324,0.484761118888855
0.5989962816238403,0.6975173950195312,0.7746007442474365,0.8244364857673645
0.8421410322189331,0.8247021436691284,0.7713765501976013,0.6835894584655762
0.5646401047706604,0.41944998502731323,0.25443458557128906,0.07727497816085815
-0.10362980514764786,-0.2797613739967346,-0.4426751732826233,-0.583964467048645
-0.6958755254745483,-0.7728312015533447,-0.812702476978302,-0.8166857361793518
-0.7880881428718567,-0.7311553359031677,-0.6507037878036499
-0.5523025989532471,-0.4419064521789551,-0.3245357275009155,-0.20314159989356995
-0.07877448201179504,0.04816098511219025,0.17659099400043488,0.3042357265949249
0.42783689498901367,0.5434790849685669,0.64655601978302,0.7316114902496338,0.7926197052001953,0.8239117860794067,0.8213081955909729,0.7828333973884583
0.7088463306427002,0.6018322706222534,0.4661245346069336,0.3077270984649658,0.13410955667495728,-0.046306684613227844,-0.22483286261558533
-0.39289796352386475,-0.5420101284980774,-0.6639699935913086,-0.752092719078064
-0.8028345108032227,-0.816326916217804,-0.7954527735710144,-0.7444730997085571
-0.6682548522949219,-0.5723099708557129,-0.46279168128967285,-0.34551432728767395,-0.22454306483268738,-0.1017363965511322,0.022397339344024658,0.1472974419593811
0.27139711380004883,0.3920513987541199,0.5058721899986267,0.6088317632675171,0.6961115002632141,0.762144923210144,0.801257312297821
0.808774471282959,0.7819693684577942,0.7203986644744873,0.6257544755935669
0.5015649199485779,0.35297271609306335,0.1865963339805603,0.010219544172286987
-0.167803093791008,-0.3390904366970062,-0.4953360855579376,-0.6282588243484497
-0.7303360104560852,-0.7964188456535339,-0.8248893618583679,-0.8173443078994751
-0.777333676815033,-0.7093042731285095,-0.6183859705924988,-0.5105876922607422
-0.3922708034515381,-0.26873135566711426,-0.14315277338027954
-0.016881123185157776,0.10932021588087082,0.23406846821308136,0.35499805212020874
0.4690801501274109,0.5728740096092224,0.6623530387878418,0.732663094997406
0.7784198522567749,0.7946866750717163,0.7780793905258179,0.7273700833320618
0.6435211896896362,0.5294280648231506,0.389639675617218,0.23022407293319702
0.058575838804244995,-0.11712932586669922,-0.2886112630367279,-0.4477848410606384
-0.5866357684135437,-0.6974679231643677,-0.7742106318473816
-0.813972532749176,-0.8173901438713074,-0.7876183986663818,-0.7290186285972595,-0.6465113162994385,-0.545684814453125,-0.43270450830459595,-0.31321510672569275
-0.19099017977714539,-0.06766319274902344,0.056284382939338684,0.18014508485794067
0.30218490958213806,0.41971081495285034,0.529407799243927,0.6273312568664551
0.7086704969406128,0.7678383588790894,0.7992353439331055,0.7984057068824768
0.7629121541976929,0.6926342844963074,0.5896634459495544
0.45802658796310425,0.3034559190273285,0.13318264484405518,-0.04451826214790344
-0.2210189402103424,-0.38784945011138916,-0.5367301106452942,-0.6595801115036011
-0.7494170665740967,-0.8020090460777283,-0.8168429732322693,-0.7965715527534485
-0.7456184029579163,-0.6690930128097534,-0.5725814700126648,-0.462274968624115,-0.34431320428848267,-0.2233639359474182,-0.10177698731422424,0.01989254355430603,0.1414853036403656,0.26202869415283203,0.3794301152229309
0.4907861351966858,0.5925583839416504,0.6804002523422241,0.7490429878234863
0.7927543520927429,0.80640709400177,0.7865626215934753,0.7320146560668945
0.6438212990760803,0.5250908732414246,0.38073110580444336,0.21727204322814941
0.04255706071853638,-0.1348978877067566,-0.30658674240112305,-0.4642478823661804
-0.5997214913368225,-0.7053343057632446,-0.7753406763076782,-0.8073852062225342
-0.8026549816131592,-0.7647862434387207,-0.6985727548599243,-0.609386146068573
-0.5032991170883179,-0.3868410289287567,-0.2657424509525299,-0.14363417029380798
-0.021947398781776428,0.09896918386220932,0.2184615433216095,0.3348868489265442
0.44579240679740906,0.5482379794120789,0.6386804580688477,0.7126385569572449
0.7647824883460999,0.7897695302963257,0.7834088802337646,0.7434720396995544
0.669944703578949,0.5649088025093079,0.4322893023490906,0.27768179774284363
0.10817837715148926,-0.06809817254543304
-0.2426808476448059,-0.4072214663028717,-0.5534644722938538,-0.6732903718948364
-0.7597544193267822,-0.8087667226791382,-0.8199268579483032,-0.7958864569664001,-0.7409948706626892,-0.6603345274925232,-0.5596272349357605,-0.4453047513961792
-0.3236772119998932,-0.19949465990066528,-0.07524308562278748,0.048243604600429535
0.1704351007938385,0.2900428771972656,0.40484315156936646,0.5119929313659668
0.6081312298774719,0.6891416311264038,0.7500253915786743
0.7854043841362,0.7906075716018677,0.762679398059845,0.7008445858955383
0.6065036058425903,0.4829981327056885,0.33539217710494995,0.17032253742218018
-0.0043592751026153564,-0.18026289343833923,-0.34907981753349304,-0.5026975274085999
-0.6330382823944092,-0.7326139211654663,-0.7960906028747559,-0.821645200252533
-0.8109365105628967,-0.7679072022438049,-0.6974963545799255,-0.6051470041275024
-0.49696213006973267,-0.3793689012527466,-0.25781014561653137
-0.1355612874031067,-0.013811811804771423,0.10714206844568253,0.2265811562538147
0.34279483556747437,0.4532814919948578,0.5550205707550049,0.6443363428115845,0.7165907025337219,0.7663397789001465,0.788234293460846,0.7781842350959778
0.7341356873512268,0.6563044190406799,0.5470376014709473,0.4105474352836609
0.25274303555488586,0.08101826906204224,-0.09629608690738678,-0.27064523100852966,-0.4336411654949188,-0.5769799947738647,-0.6925894021987915
-0.773822546005249,-0.8170982003211975,-0.8225353360176086,-0.793179452419281
-0.7336564064025879,-0.6493039131164551,-0.546140193939209,-0.4308304786682129
-0.3096643090248108,-0.18707209825515747,-0.06507524847984314,0.055897220969200134
0.17555436491966248,0.2927367687225342,0.405353307723999,0.5107153058052063
0.6055600047111511,0.6857492923736572,0.7461690902709961,0.7813189625740051
0.7864398956298828,0.7585101127624512,0.6967177391052246
0.602461040019989,0.4790998101234436,0.331746906042099,0.16711074113845825
-0.006912797689437866,-0.18192581832408905,-0.3495926260948181,-0.5016998648643494
-0.6300532817840576,-0.7272061109542847,-0.7880905866622925,-0.8112157583236694
-0.798456072807312,-0.7538185715675354,-0.6822507381439209,-0.589280366897583
-0.4811590313911438,-0.3643336296081543,-0.24402672052383423,-0.12315842509269714
-0.002614736557006836,0.11740746349096298,0.2360764741897583
0.3515242636203766,0.46118274331092834,0.5620023012161255,0.6501889228820801
0.7208877205848694,0.7684697508811951,0.7875613570213318,0.7742356061935425
0.7267568707466125,0.6457684636116028,0.5340816378593445,0.3963501453399658
0.2388647198677063,0.06925806403160095,-0.10414162278175354,-0.2730226516723633
-0.42934471368789673,-0.5651352405548096,-0.6727035045623779,-0.7459614276885986
-0.7820110321044922,-0.7816049456596375,-0.74825519323349
-0.686858594417572,-0.6028773188591003,-0.5023460388183594,-0.3917485773563385
-0.27689263224601746,-0.16149750351905823,-0.04685661196708679,0.06712588667869568
0.18040812015533447,0.291937917470932,0.39974576234817505,0.5012795329093933
0.5933113098144531,0.6715433597564697,0.7305519580841064,0.7645241618156433
0.7685040235519409,0.739436149597168,0.6766223311424255,0.5816459059715271
0.45805788040161133,0.31118160486221313,0.14795076847076416
-0.02359616756439209,-0.1950794756412506,-0.3582767844200134,-0.5050422549247742
-0.6271952390670776,-0.7174025774002075,-0.770893394947052,-0.7865850329399109
-0.7667913436889648,-0.7159591913223267,-0.6394870281219482,-0.5433923006057739
-0.4343663454055786,-0.3190464675426483,-0.20251277089118958,-0.08731856942176819
0.02607494592666626,0.13784858584403992,0.24752265214920044,0.3536427617073059
0.4541054368019104,0.546262800693512,0.6265906095504761
0.6904046535491943,0.7322162389755249,0.7467911243438721,0.7303227186203003
0.6811471581459045,0.5998931527137756,0.4892469644546509,0.3536902368068695
0.19937068223953247,0.033770352602005005,-0.13501358032226562,-0.29895126819610596
-0.4501952528953552,-0.5807923078536987,-0.683025598526001,-0.7509020566940308
-0.7817219495773315,-0.7764378786087036,-0.7387086749076843,-0.6735333800315857
-0.5865204930305481,-0.48393839597702026,-0.37246453762054443
-0.2579216957092285,-0.14389708638191223,-0.03154951333999634,0.07923371344804764,0.18833741545677185,0.2947160601615906,0.39659613370895386
0.47730356454849243,0.3651875853538513,0.25123825669288635,0.14953026175498962,0.07012714445590973,0.01919800601899624
9.799266263144091e-05,0.014264359138906002,0.061138078570365906,0.1374499797821045,0.23672960698604584,0.34916365146636963,0.46152034401893616,0.5576432943344116,0.6206945180892944,0.6372600197792053,0.601547360420227,0.5176579356193542,0.3991779386997223,0.2664627432823181,0.1426275074481964,0.04934266582131386,0.003160905558615923,0.012776365503668785,0.07745393365621567,0.18658773601055145,0.3204673230648041,0.4533456861972809,0.5596185326576233
0.6208101511001587,0.6292982697486877,0.5877382755279541,0.5064710974693298,0.40062594413757324,0.2869872748851776,0.18084320425987244,0.0937894880771637
0.033201102167367935,0.003077569417655468,0.005223414860665798,0.03968096151947975
0.10423461347818375,0.193807914853096,0.3002553880214691,0.4122483730316162,0.5153186917304993,0.5931182503700256,0.6307029724121094,0.6188145875930786,0.5570237040519714,0.45444750785827637,0.32805153727531433
0.1993117481470108,0.09027652442455292,0.019839538261294365,0.0006648877169936895
0.03704502061009407,0.12379568070173264,0.24613283574581146,0.3812260925769806
0.5028203129768372,0.5882766842842102,0.624261736869812,0.6081969141960144
0.546513557434082,0.45200514793395996,0.34091928601264954,0.22972291707992554
0.13223323225975037,0.058136947453022,0.013161071576178074,0.00018220387573819607
0.02008228562772274,0.07162317633628845,0.15082235634326935
0.25064581632614136,0.36097365617752075,0.4685460031032562,0.5575433373451233
0.612002432346344,0.6199356913566589,0.5772085785865784,0.489316463470459
0.3705724775791168,0.2412521094083786,0.12372249364852905,0.03852217644453049
0.000973441347014159,0.018661780282855034,0.08997874706983566,0.2036522626876831
0.3394688665866852,0.471509724855423,0.5745808482170105,0.6310933828353882
0.6343643665313721,0.5877888798713684,0.5022643208503723
0.393331915140152,0.27803197503089905,0.17174439132213593,0.08600812405347824,0.028025424107909203,0.0015404316363856196,0.007985536009073257,0.04681207612156868
0.11498909443616867,0.2065574824810028,0.3125961720943451,0.42120012640953064
0.5176328420639038,0.5858352184295654,0.6119375824928284,0.5884754657745361
0.5171687006950378,0.4091309905052185,0.2827085256576538,0.15988780558109283
0.06231003627181053,0.007607985753566027,0.00649552047252655
0.06089850515127182,0.1631566882133484,0.2961987257003784,0.43553441762924194
0.5544606447219849,0.6313462853431702,0.6548835039138794,0.6248453855514526
0.5498915910720825,0.4446617662906647,0.3266139626502991,0.21261990070343018
0.11617514491081238,0.04619535058736801,0.0074593122117221355,0.001825787010602653
0.029030034318566322,0.08654312044382095,0.16914106905460358,0.268849641084671
0.3750332295894623,0.4744133949279785,0.5518253445625305
0.5928107500076294,0.5876018404960632,0.5344932079315186,0.4410012364387512,0.32255712151527405,0.19944822788238525,0.30506184697151184,0.14915400743484497,-0.014729052782058716,-0.17978724837303162,-0.33889997005462646,-0.48455774784088135
-0.6090084910392761,-0.705184817314148,-0.7681865692138672,-0.7961769104003906
-0.7900445461273193,-0.7524812817573547,-0.6873635649681091,-0.5995057225227356
-0.4943426847457886,-0.37731990218162537,-0.25318190455436707
-0.12550193071365356,0.0032771676778793335,0.13123373687267303,0.2562163770198822
0.3755612373352051,0.48626095056533813,0.5850284695625305,0.6680160760879517
0.7306160926818848,0.7679184079170227,0.7757611274719238,0.7517051696777344
0.6954649686813354,0.6088353395462036,0.49533212184906006,0.3597516417503357
0.20779940485954285,0.045822203159332275,-0.11941438168287277,-0.28089797496795654
-0.4313680827617645,-0.5632750988006592,-0.6692875027656555
-0.7435941696166992,-0.7831833958625793,-0.7880513072013855,-0.7604144811630249
-0.7038626074790955,-0.6229370832443237,-0.5228666663169861,-0.4091072678565979
-0.2866935133934021,-0.15966999530792236,-0.0308980792760849,0.09757421910762787
0.2237618863582611,0.3452131152153015,0.4590195417404175,0.5619901418685913
0.650540828704834,0.7204222679138184,0.7668486833572388,0.7853059768676758,0.7726057171821594,0.7275760769844055,0.6512000560760498
0.5463472604751587,0.4173404574394226,0.2695610523223877,0.10915830731391907
-0.057183489203453064,-0.2224591225385666,-0.37944480776786804,-0.5206444263458252
-0.6384860873222351,-0.7263013124465942,-0.779748797416687,-0.7975621819496155,-0.7811312675476074,-0.7335954308509827,-0.6592245697975159,-0.5631282925605774,-0.45092111825942993,-0.32815656065940857,-0.19967401027679443,-0.06915050745010376,0.060847923159599304,0.18824927508831024,0.31077051162719727
0.4257127642631531,0.5301467180252075,0.6209322214126587,0.6944289803504944
0.7463566660881042,0.7722956538200378,0.768679678440094,0.7336633205413818
0.6674878001213074,0.5723655819892883,0.45208823680877686,0.31159716844558716
0.15664443373680115,-0.0064539313316345215,-0.17102254927158356,-0.33016061782836914
-0.4766855835914612,-0.6030975580215454,-0.7021980285644531,-0.7684878706932068
-0.7993817329406738,-0.7952631115913391,-0.7586418986320496,-0.6933725476264954,-0.6042948365211487,-0.49696123600006104,-0.37714138627052307,-0.2501489818096161,-0.12024417519569397,0.009576365351676941,0.13718825578689575,0.260590523481369
0.3774198889732361,0.4849674701690674,0.5802962779998779,0.6600662469863892
0.7202605605125427,0.7563894987106323,0.764346182346344,0.7414133548736572
0.686874270439148,0.6020980477333069,0.49024802446365356,0.35585924983024597,0.20446932315826416,0.04233935475349426
-0.12379201501607895,-0.2869378924369812,-0.4399455487728119,-0.5754083395004272
-0.6859009861946106,-0.7650594115257263,-0.8090196847915649,-0.8170406222343445
-0.790958046913147,-0.7342655062675476,-0.6515415906906128,-0.548163890838623
-0.4299336075782776,-0.30248039960861206,-0.17061278223991394,-0.03791029751300812
0.09315063059329987,0.22053876519203186,0.34199589490890503,0.4548671841621399
0.5562644004821777,0.6430332660675049,0.7114554047584534
0.7571896314620972,0.7758764624595642,0.7641598582267761,0.720514178276062
0.6455442309379578,0.541824460029602,0.4135121703147888,0.2659476101398468
0.1053246557712555,-0.061587363481521606,-0.22771523892879486,-0.38587868213653564
-0.5287737250328064,-0.6489964723587036,-0.7397384643554688,-0.7961603403091431
-0.8164310455322266,-0.8016042709350586,-0.7547237873077393,-0.6800599694252014
-0.5827494263648987,-0.46851253509521484,-0.34316790103912354
-0.21198776364326477,-0.07913771271705627,0.052475765347480774,0.1807442009449005
0.3036065697669983,0.4186481833457947,0.5231730937957764,0.6142950057983398
0.6887345314025879,0.7425898313522339,0.7716202735900879,0.7721174359321594
0.7418356537818909,0.6805037260055542,0.5898449420928955,0.4732704162597656
0.33547940850257874,0.1821189522743225,0.019517332315444946,-0.14556583762168884
-0.30617380142211914,-0.4552189111709595,-0.5854083895683289
-0.6895769834518433,-0.7618398666381836,-0.7989327311515808,-0.8006249666213989
-0.7690508961677551,-0.7078171968460083,-0.621505618095398,-0.515429675579071,-0.3952832818031311,-0.2665694057941437,-0.13397186994552612,-0.0009866207838058472
0.12989085912704468,0.25650128722190857,0.3764449954032898,0.4870091676712036
0.5853399634361267,0.6683613061904907,0.7324343323707581,0.7733123302459717,0.7867913842201233,0.7697432637214661,0.7209064364433289
0.6411358714103699,0.5331957936286926,0.401355504989624,0.25101324915885925
0.08840829133987427,-0.07963507622480392,-0.24598194658756256,-0.4033888578414917
-0.5445038676261902,-0.661953330039978,-0.7491230368614197,-0.8015322685241699
-0.8177351355552673,-0.7990450859069824,-0.7486118674278259,-0.6707147359848022
-0.5704471468925476,-0.45344942808151245,-0.32544222474098206,-0.19160893559455872
-0.056067705154418945,0.07823166996240616,0.20901569724082947
0.33397039771080017,0.4504120349884033,0.5554132461547852,0.6458911895751953
0.7183626890182495,0.7687305808067322,0.7926640510559082,0.7865537405014038
0.7484570741653442,0.6785562038421631,0.5790708661079407,0.4538682699203491
0.3080502152442932,0.14763003587722778,-0.020727187395095825,-0.18997156620025635
-0.35292673110961914,-0.5023617744445801,-0.6309311389923096,-0.7315682172775269
-0.7986698746681213,-0.8293507099151611,-0.8237394094467163
-0.784293532371521,-0.7149593234062195,-0.6206934452056885,-0.5071855187416077
-0.38046175241470337,-0.24628877639770508,-0.10953226685523987,0.026204213500022888
0.1583574265241623,0.2847297191619873,0.40293827652931213,0.5103540420532227,0.6042531728744507,0.6816985011100769,0.7391971349716187,0.7727200984954834
0.7784070372581482,0.753568708896637,0.6973998546600342,0.6111445426940918
0.4978291988372803,0.3618569076061249,0.20867055654525757
0.04450473189353943,-0.12384886294603348,-0.2893047034740448,-0.4446580708026886
-0.5825673937797546,-0.6957035064697266,-0.7776246666908264,-0.8241354823112488
-0.8340670466423035,-0.8089356422424316,-0.7520696520805359,-0.667967677116394
-0.5619771480560303,-0.4399818181991577,-0.3079026937484741,-0.17106059193611145
-0.03364703059196472,0.10134485363960266,0.2315959334373474,0.3547610938549042
0.4681876301765442,0.5690625309944153,0.6544684171676636
0.7210947275161743,0.7650344967842102,0.7822122573852539,0.7693453431129456
0.724854052066803,0.6492754817008972,0.5451245903968811,0.4164724349975586
0.2685472071170807,0.10744372010231018,-0.06012372672557831,-0.22709974646568298
-0.3863518536090851,-0.5307249426841736,-0.65298992395401,-0.7463165521621704
-0.8055257201194763,-0.8282762169837952,-0.8152077794075012,-0.7691662907600403,-0.6943530440330505,-0.595848798751831,-0.47934579849243164
-0.35078319907188416,-0.2157829999923706,-0.07902079820632935,0.05610566586256027
0.18717053532600403,0.31197836995124817,0.4280610680580139,0.5327223539352417,0.6232160329818726,0.6965817213058472,0.7493060231208801,0.7774216532707214,0.7772735357284546,0.7465123534202576,0.684742271900177,0.5936035513877869,0.4764487147331238,0.33792319893836975,0.18364167213439941,0.01995125412940979,-0.14631246030330658,-0.30810147523880005,-0.4583141505718231
-0.5897555351257324,-0.6953208446502686,-0.7689462900161743,-0.8069697022438049
-0.8087970018386841,-0.7764384150505066,-0.7135883569717407,-0.6249817609786987
-0.516075074672699,-0.3927474319934845,-0.2608332335948944,-0.12549880146980286
0.00927746295928955,0.14071232080459595,0.26663294434547424,0.3848072290420532
0.4927307367324829,0.5877814292907715,0.6672208905220032,0.7278721332550049
0.7659591436386108,0.7775986790657043,0.7597644925117493
0.7111367583274841,0.6324455142021179,0.5263050198554993,0.3968115448951721
0.2491672933101654,0.08939787745475769,-0.07589103281497955,-0.2397821843624115
-0.39527156949043274,-0.5352674126625061,-0.6525568962097168,-0.740402102470398
-0.793871283531189,-0.8109457492828369,-0.7925413846969604,-0.7417133450508118
-0.6628584265708923,-0.5612565279006958,-0.4427664875984192,-0.31342947483062744
-0.178892582654953,-0.04377497732639313,0.08863840997219086
0.21604321897029877,0.3363635241985321,0.44727563858032227,0.5462494492530823
0.6306790113449097,0.6976808905601501,0.7437889575958252,0.7651416063308716
0.7582964897155762,0.72120201587677,0.6537910103797913,0.5579988360404968
0.43739157915115356,0.29673752188682556,0.14168915152549744,-0.02144913375377655
-0.18595755100250244,-0.3449455499649048,-0.4914267659187317,-0.6182090044021606
-0.7181535363197327,-0.7852926254272461,-0.8162296414375305
-0.8106898665428162,-0.7709705233573914,-0.7010419368743896,-0.6059355735778809
-0.4914095997810364,-0.363623708486557,-0.22864317893981934,-0.09177666902542114
0.042950212955474854,0.17275068163871765,0.2954433262348175,0.40880391001701355
0.5104196071624756,0.5978672504425049,0.668663740158081,0.7199034690856934
0.7481269240379333,0.7498536705970764,0.7225426435470581,0.665398895740509
0.5796322822570801,0.46820104122161865,0.33537691831588745
0.18639475107192993,0.027210384607315063,-0.13571417331695557,-0.2956542670726776
-0.4457990527153015,-0.579206645488739,-0.6888115406036377,-0.7681186199188232
-0.8125563263893127,-0.8204941153526306,-0.7931729555130005,-0.7339025139808655
-0.6472979784011841,-0.5388408899307251,-0.4145802855491638,-0.2807334363460541
-0.1430763304233551,-0.006284505128860474,0.1263299286365509,0.25239938497543335
0.36975938081741333,0.47605642676353455,0.5688567757606506
0.6457595825195312,0.7041407823562622,0.740845799446106,0.7524080872535706
0.7358573079109192,0.6896416544914246,0.6141601204872131,0.5117332935333252,0.3862258195877075,0.24263283610343933,0.08676615357398987,-0.0749911367893219
-0.23594331741333008,-0.3893321454524994,-0.5283821821212769,-0.6461820602416992
-0.7360037565231323,-0.7924520373344421,-0.8127637505531311,-0.7972056269645691
-0.7484642863273621,-0.670777440071106,-0.5693512558937073
-0.4500352144241333,-0.3190078139305115,-0.18227830529212952,-0.045006781816482544
0.08898529410362244,0.2170557975769043,0.3370373249053955,0.4466513991355896
0.5434715747833252,0.6251353025436401,0.6892520785331726,0.7330222129821777
0.7531608939170837,0.7464863061904907,0.7108668684959412,0.6459556818008423,0.5533719658851624,0.43640995025634766,0.29961302876472473,0.14844471216201782
-0.010949671268463135,-0.17198660969734192,-0.3279249370098114
-0.4720419943332672,-0.5975635647773743,-0.6976965665817261,-0.7664050459861755
-0.7997686266899109,-0.7968522310256958,-0.7594643235206604,-0.6913009285926819
-0.5972305536270142,-0.4829106330871582,-0.35450902581214905,-0.2182898223400116
-0.0799715518951416,0.05592691898345947,0.1862674057483673,0.30879154801368713
0.42139220237731934,0.5217962861061096,0.6077062487602234,0.6768691539764404
0.7267717123031616,0.7543635964393616,0.7563590407371521
0.7300970554351807,0.674446165561676,0.5902519226074219,0.4802103042602539
0.3484536111354828,0.20017185807228088,0.04134857654571533,-0.12147660553455353
-0.281499981880188,-0.43192484974861145,-0.5659879446029663,-0.6768497228622437
-0.7580006122589111,-0.804468035697937,-0.8140373826026917,-0.7875205874443054,-0.728095531463623,-0.6404591798782349,-0.5302524566650391,-0.4037010073661804
-0.2672649919986725,-0.1271112561225891,0.011576086282730103
0.14504271745681763,0.27074134349823,0.38660797476768494,0.49051278829574585
0.5802556276321411,0.653739333152771,0.7088002562522888,0.7428213953971863
0.7527297735214233,0.7356393337249756,0.6897982358932495,0.6152867078781128
0.514134407043457,0.38997820019721985,0.24762508273124695,0.09272107481956482
-0.0684935599565506,-0.22943437099456787,-0.38344523310661316,-0.523924708366394
-0.6442022323608398,-0.7376068234443665,-0.7983336448669434
-0.8228091597557068,-0.8104820251464844,-0.7635362148284912,-0.6860458254814148
-0.5832574963569641,-0.4611692428588867,-0.32622411847114563,-0.18489757180213928
-0.04305824637413025,0.09467882663011551,0.22509795427322388,0.3458629250526428
0.45483002066612244,0.5497971177101135,0.628666877746582,0.6894581317901611
0.7299337387084961,0.7473394870758057,0.7387717366218567,0.7020671963691711
0.6366614103317261,0.5439305305480957,0.42696958780288696
0.2901552617549896,0.13879752159118652,-0.021091744303703308
-0.18302088975906372,-0.34030425548553467,-0.486311137676239,-0.6144534945487976
-0.7180724143981934,-0.790905773639679,-0.8283456563949585,-0.8286097049713135
-0.7929091453552246,-0.7247442603111267,-0.6290673017501831,-0.5117260813713074
-0.379129022359848,-0.2379058301448822,-0.09435293078422546,0.04629097878932953
0.18028214573860168,0.30510446429252625,0.41872638463974,0.519082248210907
0.6041055917739868,0.6718814969062805,0.7204128503799438,0.7472230195999146
0.7494195103645325,0.7243894338607788,0.670731246471405,0.5888763070106506
0.48113059997558594,0.3513319790363312,0.20447522401809692,0.046432316303253174
-0.11629931628704071,-0.2769022583961487,-0.42856889963150024,-0.564640998840332
-0.6784932017326355,-0.7636735439300537,-0.8148441910743713,-0.8290918469429016
-0.8065512776374817,-0.7499857544898987
-0.6639134883880615,-0.5539069175720215,-0.42618846893310547,-0.28734204173088074
-0.14389309287071228,-0.0016318857669830322,0.13503004610538483,0.26312464475631714
0.3805212080478668,0.4852408766746521,0.5752773284912109,0.6487856507301331
0.7040334939956665,0.7389795184135437,0.7510365843772888,0.7374861240386963,0.6963796019554138,0.6273631453514099,0.5319615006446838,0.4133252203464508
0.2758149802684784,0.12469995021820068,-0.03404095768928528
-0.1939404308795929,-0.3483462929725647,-0.4906731843948364,-0.6143823266029358
-0.7129116058349609,-0.7802375555038452,-0.8121572732925415,-0.8073468208312988
-0.7673729062080383,-0.6959092617034912,-0.5979204177856445,-0.4791654944419861
-0.3459235727787018,-0.20468705892562866,-0.06158539652824402,0.07834427058696747
0.21150259673595428,0.3353497087955475,0.44766950607299805,0.5461796522140503
0.628675103187561,0.6931777000427246,0.7376570701599121
0.759645938873291,0.7563636302947998,0.7254589200019836,0.6659330129623413
0.5786741375923157,0.4663827419281006,0.3331630229949951,0.18414461612701416,0.025229662656784058,-0.1371297389268875,-0.2962212562561035,-0.44538062810897827
-0.578075647354126,-0.6877549886703491,-0.7680641412734985,-0.8138984441757202
-0.8227050304412842,-0.7949862480163574,-0.7337809205055237,-0.6437761783599854
-0.5306369662284851,-0.40062791109085083,-0.26033657789230347
-0.11623024940490723,0.02605333924293518,0.16229650378227234,0.2896471917629242
0.40596067905426025,0.5091733932495117,0.59720778465271,0.6681607961654663
0.7201815843582153,0.751042366027832,0.7580095529556274,0.7383732795715332
0.6903765201568604,0.613979160785675,0.5110553503036499,0.3851050138473511
0.2408532202243805,0.08394920825958252,-0.079268679022789,-0.24204741418361664
-0.3975512683391571,-0.5390764474868774,-0.6599757075309753
-0.7536394596099854,-0.8141994476318359,-0.8378612995147705,-0.8238546848297119
-0.774314820766449,-0.6934553384780884,-0.5867515206336975,-0.4604329466819763
-0.3211864233016968,-0.17581182718276978,-0.03059256076812744,0.10945046693086624
0.24085348844528198,0.3612664043903351,0.46869516372680664,0.5611368417739868
0.6367330551147461,0.6938519477844238,0.7307378649711609,0.7451490759849548
0.7345448136329651,0.6968584060668945,0.6314011812210083
0.5393398404121399,0.42357105016708374,0.2882983088493347,0.13865983486175537
-0.019511550664901733,-0.17989560961723328,-0.335960328578949,-0.4812352955341339
-0.6093295216560364,-0.7137675285339355,-0.7883046865463257,-0.8280660510063171
-0.8307965397834778,-0.7972485423088074,-0.7306168079376221,-0.6356906294822693
-0.5182288885116577,-0.384598970413208,-0.24150145053863525,-0.09549590945243835
0.04774780571460724,0.1840164065361023,0.3104196786880493
0.42469674348831177,0.524662435054779,0.6082144975662231,0.6735365390777588
0.7189337015151978,0.7424103021621704,0.74158775806427,0.7142444849014282
0.6591893434524536,0.5769222378730774,0.4697432518005371,0.34143292903900146
0.19685587286949158,0.041673630475997925,-0.11787954717874527,-0.27526384592056274
-0.4239431321620941,-0.5575366020202637,-0.669690728187561,-0.7541055083274841
-0.8053299784660339,-0.8200833797454834,-0.7980799078941345
-0.7418112754821777,-0.6557250618934631,-0.5454450249671936,-0.41727542877197266
-0.27790382504463196,-0.13403117656707764,0.008302658796310425,0.1444447934627533
0.2713058590888977,0.3867991268634796,0.4890810251235962,0.5762702226638794
0.6466356515884399,0.6986283659934998,0.7305012345314026,0.7399938106536865
0.7245960831642151,0.6823689937591553,0.6128294467926025,0.5173547863960266
0.39901331067085266,0.26216766238212585,0.11213785409927368
-0.045052915811538696,-0.2029401659965515,-0.35494211316108704,-0.49462592601776123,-0.6156746745109558,-0.7117267847061157,-0.7767863273620605,-0.806434690952301
-0.7990248203277588,-0.7559403777122498,-0.6809519529342651,-0.5793487429618835
-0.4572875499725342,-0.3214077353477478,-0.1785370409488678,-0.03517308831214905
0.10328847169876099,0.23304963111877441,0.3516588509082794,0.4572521448135376
0.5480139851570129,0.62222820520401,0.6784694194793701
0.715376079082489,0.7311965823173523,0.7237264513969421,0.6908888220787048,0.6316453218460083,0.5466521382331848,0.4383183419704437
0.07574770599603653,0.08224646002054214,0.08321940898895264,0.07918131351470947,0.07099610567092896,0.05950567498803139
0.04571656882762909,0.031178664416074753,0.017862029373645782,0.007549454923719168,0.0014299796894192696,0.0001575327041791752,0.004019386135041714,0.012968242168426514,0.026604246348142624,0.04416721314191818,0.06438403576612473,0.08506512641906738,0.10277406126260757,0.11327352374792099,0.11310509592294693,0.1014576330780983
0.08076269924640656,0.055616553872823715,0.031196806579828262,0.012122607789933681
0.0016221998957917094,0.0008143572486005723,0.008545204997062683
0.02210378833115101,0.038313377648591995,0.054266855120658875,0.06757356226444244
0.07648533582687378,0.08012597262859344,0.07857348024845123,0.07251731306314468
0.06277468800544739,0.05022379383444786,0.03616354241967201,0.022446179762482643
0.011001749895513058,0.0032635917887091637,5.985810639685951e-05,0.00180347531568259
0.008595424704253674,0.02021106332540512,0.03609374910593033,0.05529498681426048
0.07616628706455231,0.09588412195444107,0.11041804403066635
0.1156204342842102,0.10919377207756042,0.09207919985055923,0.06809179484844208
0.04238962382078171,0.020070964470505714,0.005207982379943132,2.9619766337418696e-06
0.004272643011063337,0.015797588974237442,0.03139718994498253,0.047932736575603485,0.06275802850723267,0.07383847236633301,0.07993408292531967,0.0807923823595047,0.07696398347616196,0.06925876438617706,0.058418575674295425,0.04535673186182976,0.03152274340391159,0.018733099102973938,0.008584946393966675
0.0021320153027772903,3.3954881928366376e-06,0.002584314439445734,0.0100327767431736
0.0222291499376297,0.03871656581759453,0.05847371742129326,0.07942409068346024
0.0980416014790535,0.10981491953134537,0.11094959080219269,0.10036416351795197
0.0803251713514328,0.05538981035351753,0.030868927016854286,0.011667684651911259
0.001330442144535482,0.0011855221819132566,0.010130584239959717,0.025373000651597977
0.04354976862668991,0.06148673966526985,0.07650508731603622
0.08664239197969437,0.0909469798207283,0.08953393995761871,0.08315714448690414
0.07267852127552032,0.059030912816524506,0.04360732436180115,0.028356444090604782
0.015260216780006886,0.00576699199154973,0.0007150837918743491,0.0005443872651085258,0.005416772793978453,0.015205874107778072,0.029468702152371407,0.04735333472490311
0.067267507314682,0.08640642464160919,0.10075753927230835,0.10623791813850403,0.10064320266246796,0.08490629494190216,0.06264100223779678
0.038705140352249146,0.017954420298337936,0.004332887474447489,1.2271285413589794e-05
0.004874025471508503,0.01686219498515129,0.032997459173202515,0.05027302727103233
0.06604567915201187,0.0781802386045456,0.0852968618273735,0.08699999004602432,0.08369174599647522,0.07604074478149414,0.06472006440162659,0.05071602389216423,0.03567095473408699,0.021609853953123093,0.010284402407705784,0.0028528773691505194,1.4477772310783621e-05,0.0021870466880500317,0.00952178705483675
0.021855346858501434,0.038650549948215485,0.05876220017671585,0.07994665950536728
0.09852836281061172,0.10998867452144623,-0.33276477456092834,-0.3161511719226837,-0.2829039394855499,-0.23546409606933594,-0.17686885595321655,-0.11064189672470093
-0.040904730558395386,0.027958478778600693,0.09211139380931854,0.14890313148498535
0.19685283303260803,0.23517446219921112,0.2633664608001709,0.2812066674232483,0.2890148162841797,0.28765416145324707,0.27799755334854126
0.2603600323200226,0.23464234173297882,0.20114454627037048,0.16112418472766876
0.11642110347747803,0.0686386227607727,0.01880810409784317,-0.03235733509063721
-0.08414570242166519,-0.13575203716754913,-0.18627937138080597,-0.23452657461166382
-0.27847617864608765,-0.3148943781852722,-0.339630663394928,-0.3488026261329651
-0.340241938829422,-0.3141140043735504,-0.2723565697669983,-0.21775583922863007
-0.15355722606182098,-0.08358398079872131,-0.01217217743396759
0.05645955353975296,0.1190045028924942,0.1733778715133667,0.21840184926986694
0.2532973289489746,0.27749618887901306,0.2908770442008972,0.2939801812171936
0.2877050042152405,0.2726631164550781,0.2489539086818695,0.21675360202789307
0.1770920753479004,0.1318645477294922,0.08306777477264404,0.03216569870710373
-0.019892077893018723,-0.07233259081840515,-0.12435715645551682,-0.1751287579536438
-0.22367849946022034,-0.26849377155303955,-0.306988000869751
-0.3354201018810272,-0.34970003366470337,-0.3468470871448517,-0.32609114050865173
-0.2887852191925049,-0.23750001192092896,-0.17533540725708008,-0.10587401688098907
-0.0332837849855423,0.03807070851325989,0.10443850606679916,0.16324730217456818
0.21302278339862823,0.252896249294281,0.28222453594207764,0.30065467953681946
0.30842575430870056,0.3063398003578186,0.2952146530151367,0.2753755450248718
0.24686110019683838,0.21020542085170746,0.16686666011810303
0.1187707930803299,0.06755828857421875,0.01433301717042923,-0.04008602723479271
-0.09487660229206085,-0.14911457896232605,-0.20173007249832153,-0.251260370016098
-0.295379102230072,-0.3306039571762085,-0.3527147173881531,-0.35799703001976013
-0.34462398290634155,-0.31312960386276245,-0.2657627463340759,-0.2055937796831131,-0.13617776334285736,-0.061650052666664124,0.013427391648292542,0.08476310968399048
0.14910203218460083,0.2044517546892166,0.24972477555274963,0.2842516601085663,0.30762961506843567,0.3199498653411865,0.3219396471977234,0.31457754969596863,0.2984500527381897,0.27362221479415894,0.24029266834259033,0.1995139867067337,0.1531081348657608,0.10291770100593567,0.05027961730957031,-0.0039003565907478333,-0.05883386731147766,-0.11367090046405792,-0.16747309267520905,-0.21908840537071228,-0.26673656702041626,-0.30753493309020996,-0.33751869201660156,-0.3525426387786865,-0.3497351109981537,-0.32846447825431824
-0.2901335060596466,-0.23730653524398804,-0.17313967645168304,-0.10137911140918732
-0.026387155055999756,0.04732897877693176,0.11591790616512299,0.17669174075126648
0.2280230075120926,0.2688806354999542,0.2985072135925293,0.31653892993927
0.3233053684234619,0.319716215133667,0.30664098262786865,0.2844472825527191
0.2533222734928131,0.2140790969133377,0.16846515238285065,0.11857208609580994
0.06607529520988464,0.012054428458213806,-0.042712289839982986
-0.09745558351278305,-0.1513371467590332,-0.20341667532920837,-0.25235557556152344
-0.2958877980709076,-0.33053654432296753,-0.3521067798137665,-0.3569989800453186
-0.34354886412620544,-0.31236523389816284,-0.2656170427799225,-0.20621007680892944
-0.1375555843114853,-0.06369644403457642,0.010883316397666931,0.08198273926973343
0.14642909169197083,0.2022448033094406,0.24823734164237976,0.2835277020931244
0.307485431432724,0.3200297951698303,0.32175949215888977
0.3135197162628174,0.295777291059494,0.2685844898223877,0.23229661583900452
0.18822342157363892,0.13840162754058838,0.08479145169258118,0.028807170689105988
-0.028546426445245743,-0.08633813261985779,-0.1435484141111374,-0.19908463954925537
-0.25166651606559753,-0.2993869185447693,-0.33924415707588196,-0.36723965406417847
-0.37938717007637024,-0.373180627822876,-0.3484210669994354,-0.3068447709083557
-0.251203715801239,-0.18474797904491425,-0.11127384006977081
-0.03514343500137329,0.039233047515153885,0.10820227861404419,0.16929394006729126
0.22102317214012146,0.2624056339263916,0.29269587993621826,0.31157246232032776
0.3194078207015991,0.31705600023269653,0.3052026033401489,0.2840062379837036
0.2535456418991089,0.21462558209896088,0.16896115243434906,0.11851353943347931
0.0647929310798645,0.008778080344200134,-0.04874448850750923,-0.10688932985067368
-0.16461271047592163,-0.2206999808549881,-0.27348554134368896
-0.3203372657299042,-0.3574197292327881,-0.3802979588508606,-0.38534265756607056
-0.37102270126342773,-0.3380952775478363,-0.2888087034225464,-0.2261263132095337
-0.15357469022274017,-0.07537040114402771,0.0038367733359336853,0.07971715182065964
0.14895319938659668,0.20935362577438354,0.25946417450904846,0.2981632351875305,0.3246642053127289,0.3388475179672241,0.3413495719432831,0.3330654501914978
0.3145376741886139,0.2860017418861389,0.24811679124832153
0.20248544216156006,0.15127380192279816,0.09640476107597351,0.0392003133893013
-0.019403018057346344,-0.07851613312959671,-0.13716207444667816,-0.19428279995918274
-0.24856795370578766,-0.2979785203933716,-0.33931905031204224,-0.3684285879135132
-0.38126158714294434,-0.37533003091812134,-0.35042324662208557,-0.30817699432373047
-0.2512111961841583,-0.1827079951763153,-0.1064964085817337,-0.02702866494655609
0.05119330435991287,0.12441927939653397,0.19003348052501678
0.24632415175437927,0.29200536012649536,0.32601845264434814,0.3477919101715088
0.3575200140476227,0.3559117913246155,0.34354475140571594,0.32057443261146545,0.287239134311676,0.2446105182170868,0.19465099275112152,0.13951066136360168,0.08089715242385864,0.02003825455904007,-0.04201292619109154,-0.10414449125528336,-0.1651468575000763,-0.22367094457149506,-0.27791714668273926,-0.32514578104019165,-0.3615218997001648,-0.3828010857105255,-0.3857346177101135
-0.3692280352115631,-0.3343678414821625,-0.28358572721481323,-0.21994516253471375,-0.14702728390693665,-0.06902436912059784,0.009573221206665039,0.08471854031085968,0.15339559316635132,0.2136310338973999,0.2640748620033264,0.3036313056945801,0.33151736855506897,0.3475881814956665,0.3523448705673218,0.3463926315307617,0.3299057185649872,0.3028165102005005,0.2656128704547882,0.21980364620685577,0.1674850583076477,0.11056262254714966,0.05043575167655945
-0.011794954538345337,-0.07502029836177826,-0.13800933957099915,-0.19942744076251984
-0.25766366720199585,-0.3103584051132202,-0.3540130853652954,-0.3842727243900299
-0.39710450172424316,-0.3902265727519989,-0.36369842290878296,-0.3193870782852173
-0.26011112332344055,-0.18927520513534546,-0.11095012724399567,-0.029758721590042114
0.04975266754627228,0.123850017786026,0.18989402055740356,0.2460833489894867
0.29103291034698486,0.3236600160598755,0.34348559379577637
0.3508704602718353,0.3466830551624298,0.33162787556648254,0.3060125708580017
0.27030253410339355,0.22581364214420319,0.17463479936122894,0.11886973679065704
0.0600714236497879,-0.0007231608033180237,-0.06264781951904297,-0.12474194914102554
-0.18589332699775696,-0.2447698712348938,-0.2994663715362549,-0.3470115661621094
-0.38329970836639404,-0.4039183259010315,-0.4056173861026764,-0.38737744092941284
-0.3503160774707794,-0.2968563139438629,-0.23011428117752075
-0.15384043753147125,-0.07246346771717072,0.009298667311668396,0.0872051790356636
0.1580628603696823,0.2197147011756897,0.27062952518463135,0.3095913529396057
0.33582377433776855,0.3493160307407379,0.3507562577724457,0.340932160615921
0.3202285170555115,0.28888365626335144,0.24776282906532288,0.1986863762140274
0.14390061795711517,0.08533239364624023,0.024339735507965088,-0.03804619982838631
-0.1008007675409317,-0.16278256475925446,-0.22272543609142303
-0.2790429890155792,-0.3293628692626953,-0.37018221616744995,-0.3972327411174774
-0.4067099392414093,-0.396630197763443,-0.36727264523506165,-0.3205714523792267
-0.2593153417110443,-0.1868690848350525,-0.10727879405021667,-0.025129124522209167
0.055115923285484314,0.12984740734100342,0.19655680656433105,0.2535284161567688
0.2993946969509125,0.33305877447128296,0.3540312945842743,0.3626224398612976
0.35953861474990845,0.34523460268974304,0.31981611251831055
0.28369849920272827,0.23824265599250793,0.1855718046426773,0.12781909108161926
0.06663648784160614,0.0032650157809257507,-0.06115259975194931,-0.1253831386566162
-0.1880982518196106,-0.24779678881168365,-0.302428662776947,-0.3489166796207428
-0.3831506371498108,-0.4008919298648834,-0.39923492074012756,-0.37754833698272705
-0.33725130558013916,-0.2809486389160156,-0.21185994148254395,-0.1338133066892624
-0.051294729113578796,0.030993618071079254,0.10892748832702637
0.17947708070278168,0.2406097799539566,0.2908359169960022,0.3289394974708557
0.3541839122772217,0.36665645241737366,0.36713773012161255,0.356442391872406
0.33494678139686584,0.30293095111846924,0.26135116815567017,0.212063729763031
0.1572382003068924,0.09866335988044739,0.03756708651781082,-0.025118373334407806
-0.08843207359313965,-0.151251420378685,-0.21226829290390015,-0.26977095007896423
-0.32116979360580444,-0.36269819736480713,-0.3898903429508209
-0.3989126682281494,-0.3878917694091797,-0.35723453760147095,-0.30896613001823425
-0.24597549438476562,-0.171789288520813,-0.09065002202987671,-0.007284775376319885
0.07378914952278137,0.148936927318573,0.21558210253715515,0.2718994617462158
0.31643542647361755,0.3481014370918274,0.36651697754859924,0.3721332252025604
0.36576682329177856,0.3479709029197693,0.3190176486968994,0.27958595752716064
0.2313024401664734,0.17643234133720398,0.11710657179355621
0.0548970103263855,-0.009059257805347443,-0.07372597604990005,-0.13796457648277283
-0.20051398873329163,-0.259888231754303,-0.31398025155067444,-0.35960865020751953
-0.3925999402999878,-0.40879490971565247,-0.4055056571960449,-0.38231995701789856
-0.3407597243785858,-0.28342488408088684,-0.21348685026168823,-0.13471612334251404
-0.051523104310035706,0.031490325927734375,0.11027747392654419,0.18179036676883698
0.24386844038963318,0.294843852519989,0.33334624767303467
0.3585394024848938,0.37042033672332764,0.36961859464645386,0.3567650616168976
0.33215686678886414,0.2961997091770172,0.2501313388347626,0.19609731435775757
0.13647207617759705,0.07319808006286621,0.007676348090171814,-0.05894521623849869
-0.1254836469888687,-0.19064466655254364,-0.25300538539886475,-0.3107511103153229
-0.361178994178772,-0.400452584028244,-0.4241943657398224,-0.4288709759712219
-0.41301429271698,-0.3773691654205322,-0.324158251285553
-0.2563885748386383,-0.17771896719932556,-0.09255625307559967,-0.005764782428741455
0.0780746266245842,0.1553182750940323,0.22338393330574036,0.2804165780544281
0.3249360918998718,0.35588300228118896,0.37296608090400696,0.3767251670360565
0.36800581216812134,0.3473571538925171,0.3151147663593292,0.27212485671043396
0.22019289433956146,0.1616869568824768,0.09879098832607269,0.03314569592475891
-0.034004468470811844,-0.10148502886295319,-0.1680028736591339
-0.23213054239749908,-0.29219645261764526,-0.34589478373527527,-0.3898724317550659
-0.4198901355266571,-0.43189966678619385,-0.42347174882888794,-0.3944794833660126
-0.3466681241989136,-0.28282660245895386,-0.20638352632522583,-0.12146908044815063
-0.03285054862499237,0.05464054271578789,0.13687291741371155,0.21079877018928528
0.27428245544433594,0.3256855607032776,0.3636922240257263,0.3875666856765747
0.3974306285381317,0.39400535821914673,0.3779522776603699
0.3495951294898987,0.3094458281993866,0.25892165303230286,0.20034454762935638
0.13623592257499695,0.06869222223758698,-0.0007015317678451538,-0.07059550285339355
-0.13961350917816162,-0.20629730820655823,-0.2690856158733368,-0.3260398805141449
-0.3743654489517212,-0.41023391485214233,-0.42945563793182373,-0.42885729670524597
-0.4073849022388458,-0.36613473296165466,-0.30759182572364807,-0.23497498035430908
-0.15213418006896973,-0.06362341344356537,0.025640293955802917
0.11112706363201141,0.1893000304698944,0.2576755881309509,0.31444960832595825
0.3581686317920685,0.3878406584262848,0.40329253673553467,0.4051585793495178
0.394297331571579,0.37123119831085205,0.33632364869117737,0.29053208231925964
0.23578062653541565,0.17448410391807556,0.10880820453166962,0.04036878049373627
-0.029571983963251114,-0.0997704267501831,-0.16884462535381317,-0.2352759838104248
-0.29726940393447876,-0.3523310422897339,-0.39688828587532043
-0.4265681207180023,-0.4373728930950165,-0.42706483602523804
-0.3957115709781647,-0.34518033266067505,-0.2783448100090027,-0.19874665141105652
-0.11067436635494232,-0.019068166613578796,0.07108383625745773,0.1555120050907135
0.23102635145187378,0.2953251600265503,0.3466050624847412,0.38347047567367554
0.40525344014167786,0.4122413098812103,0.40532004833221436,0.38530194759368896
0.35273003578186035,0.3084455132484436,0.25420305132865906,0.19252194464206696
0.12595102190971375,0.0565168559551239,-0.014291293919086456,-0.08520839363336563
-0.15492333471775055,-0.22202184796333313,-0.28495022654533386,-0.34171146154403687
-0.38937699794769287,-0.42397820949554443,-0.44130033254623413,-0.4383064806461334
-0.4141564965248108,-0.3701077103614807,-0.3087117671966553,-0.23323673009872437
-0.14763912558555603,-0.056614696979522705,0.034797824919223785,0.12197233736515045
0.20126891136169434,0.27007153630256653,0.3264278769493103
0.36877670884132385,0.396117627620697,0.40835991501808167,0.40624338388442993
0.3907202482223511,0.3624531924724579,0.3220699727535248,0.270877867937088
0.2111070454120636,0.14536885917186737,0.07594531774520874,0.0045273080468177795
-0.06757023185491562,-0.139067605137825,-0.2085687518119812,-0.27455729246139526
-0.33523616194725037,-0.3880930542945862,-0.4295486807823181,-0.4553142189979553
-0.4616301357746124,-0.44660142064094543,-0.4106122553348541
-0.355750173330307,-0.2850508987903595,-0.20221063494682312,-0.11164587736129761,-0.01831848919391632,0.07291103899478912,0.1579841524362564,0.23389317095279694
0.29842790961265564,0.3498082160949707,0.3866671919822693,0.408398300409317
0.4153154790401459,0.4082165062427521,0.3877350091934204,0.35427695512771606
0.30868151783943176,0.2527798116207123,0.18913711607456207,0.12029244005680084,0.04825212061405182,-0.02547348290681839,-0.0995282381772995
-0.1724453866481781,-0.2426096498966217,-0.30823224782943726,-0.3670559525489807
-0.41589468717575073,-0.45059555768966675,-0.4669169783592224,-0.461956262588501
-0.43506714701652527,-0.38767296075820923,-0.3224664032459259,-0.24286964535713196
-0.1530154049396515,-0.0577646940946579,0.03773517906665802,0.1288088709115982
0.21177361905574799,0.28392133116722107,0.34316062927246094,0.38781028985977173
0.41682568192481995,0.430113285779953,0.4283605217933655
0.412405401468277,0.3828495442867279,0.3404332995414734,0.2867242395877838
0.22422078251838684,0.1557282656431198,0.08366668224334717,0.009849652647972107
-0.06428264081478119,-0.1373317390680313,-0.20780804753303528,-0.2741367220878601
-0.3344855308532715,-0.38630521297454834,-0.425997793674469,-0.44935595989227295
-0.45284077525138855,-0.43483689427375793,-0.39594581723213196,-0.3383627235889435
-0.26516616344451904,-0.18009790778160095,-0.08763757348060608
0.007206141948699951,0.09956444799900055,0.18539075553417206,0.26167386770248413
0.3261646032333374,0.3770296573638916,0.41288697719573975,0.4331698417663574
0.4382422864437103,0.42892706394195557,0.40589073300361633,0.3696429133415222
0.3211909830570221,0.26251062750816345,0.19623035192489624,0.12490576505661011
0.05057816207408905,-0.025159791111946106,-0.10083991289138794,-0.17489658296108246,-0.24566280841827393,-0.311332643032074,-0.3696116507053375
-0.4172409474849701,-0.45004716515541077,-0.46393153071403503,-0.4562794268131256
-0.42673155665397644,-0.3768869638442993,-0.3095322251319885,-0.22819241881370544
-0.13712818920612335,-0.0412706583738327,0.05428943783044815,0.1450287103652954
0.2274235337972641,0.2988604009151459,0.3572690486907959,0.4009694755077362
0.4289408028125763,0.4411153197288513,0.438154399394989,0.4208034574985504
0.3895784020423889,0.34521612524986267,0.2893277704715729
0.22441670298576355,0.15323641896247864,0.07815670967102051,0.001011386513710022
-0.0766451507806778,-0.1532324105501175,-0.2270476073026657,-0.29627469182014465
-0.35878950357437134,-0.4117083251476288,-0.4511437714099884,-0.47278645634651184
-0.4732472002506256,-0.4512192904949188,-0.4076366424560547,-0.3450051248073578
-0.26672714948654175,-0.17691409587860107,-0.08042451739311218,0.017433829605579376
0.1116255447268486,0.19805093109607697,0.2737134099006653
0.33641403913497925,0.3844141364097595,0.4165085554122925,0.4323844611644745
0.4326596260070801,0.41833260655403137,0.39019080996513367,0.3489100933074951
0.2957419753074646,0.23290380835533142,0.1631813496351242,0.08919534087181091
0.012997597455978394,-0.06383286416530609,-0.1398608237504959,-0.21356987953186035
-0.2833265960216522,-0.34729838371276855,-0.4030914306640625,-0.4473241865634918
-0.47578370571136475,-0.4845000207424164,-0.4711357355117798
-0.43565818667411804,-0.3799590766429901,-0.30706626176834106,-0.22072124481201172
-0.12538930773735046,-0.026173636317253113,0.07171762734651566,0.16370037198066711
0.24622587859630585,0.3166600465774536,0.37291818857192993,0.4133644104003906
0.4371282160282135,0.4443722665309906,0.43599212169647217,0.41294723749160767
0.37600085139274597,0.3262057304382324,0.2654997408390045,0.19662824273109436
0.12246844172477722,0.045428499579429626,-0.032663993537425995
-0.11028461903333664,-0.1859097182750702,-0.25792643427848816,-0.32462501525878906,-0.38396406173706055,-0.43308931589126587
0.143973246216774,0.16819193959236145,0.1777021735906601,0.17147734761238098,0.1517074555158615,0.12268713116645813
0.0896259993314743,0.057611893862485886,0.030734797939658165,0.011612913571298122
0.0015227547846734524,0.0008974836673587561,0.009675187058746815,0.02721494622528553
0.05198183283209801,0.08140650391578674,0.11207188665866852,0.1400546282529831,0.16132162511348724,0.17233751714229584,0.17087873816490173,0.15665511786937714,0.13142691552639008,0.09875764697790146,0.06364507973194122,0.03194016218185425,0.009332354180514812,9.263895481126383e-05,0.006135308183729649
0.026730401441454887,0.05869225040078163,0.0967160239815712,0.13393165171146393,0.16312555968761444,0.1786411702632904,0.1780170202255249,0.16234561800956726,0.1354120671749115,0.10242151468992233,0.06882265210151672,0.03929877281188965
0.017074787989258766,0.0038137980736792088,5.254818461253308e-05,0.005704714450985193
0.020193928852677345,0.04221642017364502,0.06951183825731277,0.09895069152116776
0.12686169147491455,0.14939771592617035,0.16301009058952332
0.16516605019569397,0.15504992008209229,0.13381986320018768,0.10440252721309662
0.0711369514465332,0.03933568298816681,0.01452673226594925,0.0013419035822153091,0.0024613046552985907,0.01808216981589794,0.04596610367298126,0.08173897862434387,0.11928226798772812,0.15156546235084534,0.1722535640001297,0.1775747537612915,0.16729353368282318,0.1442866176366806,0.1133396103978157,0.079897940158844,0.048969022929668427,0.024262089282274246,0.007848436012864113
0.00045512907672673464,0.0020378497429192066,0.01211547665297985,0.029679078608751297
0.05293340981006622,0.07924680411815643,0.10539310425519943,0.1278795748949051
0.14330115914344788,0.14890217781066895,0.14328552782535553,0.12686757743358612
0.10185819119215012,0.07195538282394409,0.04196224734187126,0.017197631299495697
0.002517298562452197,0.001183398999273777,0.014106858521699905,0.03972424566745758
0.07428465038537979,0.11223004013299942,0.14680972695350647
0.17137330770492554,0.18122108280658722,0.17500877380371094,0.15481407940387726
0.1250753253698349,0.09124097228050232,0.05859730392694473,0.031340572983026505
0.012055099941790104,0.001791351824067533,0.0005890820175409317,0.00797184556722641
0.02305416949093342,0.0443304143846035,0.06950818002223969,0.09561771899461746
0.11929776519536972,0.13711978495121002,0.1460624486207962,0.14421376585960388
0.1313791424036026,0.10921218991279602,0.08093438297510147
0.05094309523701668,0.024327892810106277,0.006079132203012705,2.4212762582465075e-05
0.007913143374025822,0.029048901051282883,0.0604461245238781,0.0971975326538086
0.13295233249664307,0.16089434921741486,0.17545045912265778,0.17402710020542145
0.15764178335666656,0.1301828920841217,0.09704330563545227,0.06381966918706894
0.035236869007349014,0.014411776326596737,0.0027136728167533875,0.00021519139409065247
0.006311366800218821,0.020033184438943863,0.03995174169540405
0.06397690623998642,0.0893930122256279,0.11313354223966599,0.13207468390464783
0.14334921538829803,0.1448637843132019,0.3686474561691284,0.34265759587287903,0.30312106013298035,0.25093162059783936,0.18749278783798218,0.1149585098028183
0.036300525069236755,-0.04495151340961456,-0.12514904141426086,-0.2008334845304489
-0.2687039375305176,-0.3254072964191437,-0.367597758769989,-0.39250487089157104,-0.39870914816856384,-0.386527955532074,-0.35774949193000793
-0.31506267189979553,-0.2616402506828308,-0.20089557766914368,-0.1361478567123413
-0.07014578580856323,-0.00472625344991684,0.05910709127783775,0.12069946527481079,0.17918559908866882,0.23323427140712738,0.2811877131462097,0.32133427262306213
0.35201796889305115,0.3716154992580414,0.37865573167800903,0.372132807970047,0.351727694272995,0.31775251030921936,0.27098166942596436,0.21264296770095825,0.1445986032485962,0.06947331130504608,-0.009486831724643707
-0.08879109472036362,-0.16506104171276093,-0.23510228097438812,-0.2957068681716919
-0.3435444235801697,-0.37551629543304443,-0.3895224332809448,-0.3850957155227661
-0.36341923475265503,-0.3268425464630127,-0.278374582529068,-0.22136887907981873
-0.15923118591308594,-0.09498898684978485,-0.03085826337337494,0.031882837414741516
0.09256521612405777,0.15054872632026672,0.20478883385658264,0.2538049519062042
0.29594147205352783,0.32956835627555847,0.3530716598033905
0.36488038301467896,0.3637266755104065,0.3489445745944977,0.32052722573280334
0.27897486090660095,0.22521689534187317,0.1607673168182373,0.08793631196022034
0.00981256365776062,-0.07004880905151367,-0.14804528653621674,-0.22076864540576935,-0.28492170572280884,-0.33713310956954956,-0.374118447303772,-0.39334389567375183
-0.3937881290912628,-0.37621453404426575,-0.34281301498413086,-0.2966112494468689,-0.24104911088943481,-0.17968852818012238,-0.11583082377910614
-0.05205133557319641,0.010064788162708282,0.06975620985031128,0.12656566500663757
0.1798049807548523,0.2283298671245575,0.27067551016807556,0.30530357360839844
0.33069294691085815,0.34532982110977173,0.34785687923431396,0.3373863399028778
0.31369075179100037,0.27712324261665344,0.22846318781375885,0.16895993053913116
0.10054908692836761,0.025955483317375183,-0.05150703340768814,-0.12834760546684265
-0.2012435495853424,-0.26708275079727173,-0.32275980710983276,-0.3650982975959778,-0.3912465274333954,-0.3994344174861908,-0.3895301818847656,-0.36298006772994995
-0.3223070204257965,-0.27063003182411194,-0.21136364340782166,-0.14791224896907806
-0.08323299884796143,-0.019435301423072815,0.042291443794965744,0.10132860392332077
0.1570732146501541,0.20853674411773682,0.25432562828063965,0.2928880453109741
0.3226945698261261,0.3422452211380005,0.3501380980014801,0.34533363580703735
0.32740041613578796,0.2965134382247925
0.2532874047756195,0.19872401654720306,0.13439205288887024,0.06263184547424316
-0.01349020004272461,-0.09050272405147552,-0.1649247109889984,-0.23347827792167664,-0.293002724647522,-0.34029117226600647,-0.37227505445480347,-0.38668519258499146
-0.38276782631874084,-0.3614923655986786,-0.32516369223594666,-0.27685481309890747
-0.2200128436088562,-0.15817497670650482,-0.09458291530609131,-0.031727589666843414
0.028896640986204147,0.08660992980003357,0.14102625846862793
0.19153785705566406,0.23712360858917236,0.2765042185783386,0.3083469867706299
0.33128345012664795,0.3438875675201416,0.34486421942710876,0.3333743214607239
0.30919915437698364,0.27264559268951416,0.22442132234573364,0.16572071611881256
0.0984555184841156,0.025342091917991638,-0.05031513422727585,-0.12502604722976685
-0.1954362988471985,-0.2583603858947754,-0.31060394644737244,-0.3489607870578766
-0.3706918954849243,-0.3742942810058594,-0.35998040437698364
-0.3295178711414337,-0.2856840193271637,-0.23179662227630615,-0.17142023146152496
-0.10803648829460144,-0.044581279158592224,0.016947783529758453,0.07551302015781403
0.13062557578086853,0.1817769855260849,0.22809433937072754,0.26838767528533936
0.30139482021331787,0.3258863091468811,0.34060150384902954,0.3443109691143036
0.33611342310905457,0.3156895339488983,0.28327640891075134,0.23949553072452545
0.1853269636631012,0.12230198085308075,0.052688196301460266
-0.02057076245546341,-0.09417403489351273,-0.16484376788139343,-0.22949205338954926
-0.28508490324020386,-0.3284863233566284,-0.3567049503326416,-0.3676091134548187
-0.3606305718421936,-0.3368995487689972,-0.2988080680370331,-0.24946683645248413
-0.1923496574163437,-0.1310017853975296,-0.06862379610538483,-0.007617063820362091
0.05062171816825867,0.10547387599945068,0.1565573811531067,0.20322594046592712
0.2444239854812622,0.27888423204421997,0.30534303188323975
0.3225643038749695,0.329345703125,0.3247191607952118,0.30822184681892395,0.2799627482891083,0.24046948552131653,0.1905936896800995,0.13165569305419922
0.06566345691680908,-0.0046659186482429504,-0.07615291327238083,-0.14552472531795502,-0.2096821367740631,-0.26571282744407654,-0.31073856353759766,-0.3419398069381714
-0.35703110694885254,-0.3549778163433075,-0.3363824486732483,-0.3032606840133667,-0.25850558280944824,-0.2054452896118164,-0.14754217863082886
-0.08804227411746979,-0.029526792466640472,0.026403147727251053,0.0790472999215126
0.12814882397651672,0.173349529504776,0.21389374136924744,0.24869996309280396
0.276581346988678,0.29633021354675293,0.30669793486595154,0.30651456117630005
0.2949778437614441,0.2718588709831238,0.2374546378850937,0.19243355095386505
0.13784757256507874,0.07534502446651459,0.007321640849113464,-0.06321033090353012
-0.1329841911792755,-0.1988338977098465,-0.2578003406524658
-0.3069724440574646,-0.3433834910392761,-0.3643331527709961,-0.3681020140647888
-0.3545600473880768,-0.3252033591270447,-0.2826956808567047,-0.23035162687301636
-0.17177516222000122,-0.11052387952804565,-0.04967409372329712,0.008600331842899323
0.06316819787025452,0.11365426331758499,0.1598857343196869,0.201429545879364,0.237482950091362,0.2670499086380005,0.28908899426460266,0.30249518156051636,0.3061331510543823,0.2990846037864685,0.28092315793037415
0.251760333776474,0.21209187805652618,0.16272695362567902,0.1049603521823883
0.040798917412757874,-0.027040228247642517,-0.09542302787303925,-0.16120153665542603
-0.2214469015598297,-0.27337348461151123,-0.31413939595222473,-0.3409309983253479
-0.351543664932251,-0.34512799978256226,-0.32250455021858215,-0.2858639657497406
-0.23821967840194702,-0.18299447000026703,-0.12373988330364227,-0.0637771487236023
-0.005731835961341858,0.04879284277558327,0.09914714097976685
0.14517390727996826,0.18665587902069092,0.22303089499473572,0.2534736692905426
0.2770955562591553,0.2929840087890625,0.3001561164855957,0.2976840138435364
0.2849727272987366,0.2619205117225647,0.22883383929729462,0.186285138130188,0.13517716526985168,0.07698987424373627,0.013927534222602844,-0.05122077092528343
-0.11543804407119751,-0.17581811547279358,-0.2296454757452011,-0.27421262860298157
-0.30671483278274536,-0.32459884881973267,-0.3263058364391327
-0.3118598461151123,-0.2828421890735626,-0.2418949007987976,-0.19221366941928864
-0.1372154951095581,-0.08022192120552063,-0.02402876317501068,0.029491882771253586
0.07948035001754761,0.12575159966945648,0.16821731626987457,0.20643940567970276
0.2395671159029007,0.26655125617980957,0.28630155324935913,0.29767584800720215
0.2995319664478302,0.2909819483757019,0.27165159583091736,0.2417048066854477,0.20168982446193695,0.15248464047908783,0.09545987844467163
0.03267551213502884,-0.033134981989860535,-0.09885470569133759,-0.161379873752594,-0.21784737706184387,-0.265556275844574,-0.3017869293689728,-0.3239300847053528
-0.33008432388305664,-0.31974875926971436,-0.29405632615089417,-0.25542736053466797
-0.2070198804140091,-0.1523168534040451,-0.09482155740261078,-0.037679821252822876
0.016761988401412964,0.06721401959657669,0.11329436302185059,0.1550271362066269,0.1922905147075653,0.22456225752830505,0.25104448199272156
0.2708757519721985,0.283158540725708,0.28691917657852173,0.28125327825546265
0.26560840010643005,0.23992468416690826,0.20453481376171112,0.16004742681980133
0.10745154321193695,0.048364028334617615,-0.014856651425361633,-0.07929237931966782
-0.14186717569828033,-0.1996942162513733,-0.2501160502433777,-0.2905012369155884
-0.3181765079498291,-0.3308267891407013,-0.32723283767700195,-0.3077850043773651
-0.2743851840496063,-0.22993603348731995,-0.1778431534767151
-0.12166319787502289,-0.06475511193275452,-0.009848520159721375,0.041317880153656006
0.088030606508255,0.13022343814373016,0.1678999960422516,0.2007395476102829
0.22810062766075134,0.24923400580883026,0.26336899399757385,0.2696428894996643,0.26714444160461426,0.2551816701889038,0.2335270345211029,0.20240649580955505
0.16235050559043884,0.11418899893760681,0.059239163994789124,-0.0005261451005935669,-0.06252896040678024,-0.1238815039396286,-0.18175244331359863
-0.23353365063667297,-0.2767069935798645,-0.30865907669067383,-0.3268619775772095
-0.3295241892337799,-0.31627246737480164,-0.2883354127407074,-0.2481818050146103
-0.19898714125156403,-0.14422056078910828,-0.08731426298618317,-0.031270697712898254
0.021743834018707275,0.07058276236057281,0.11490878462791443,0.15468665957450867
0.18969924747943878,0.21938499808311462,0.2429964244365692,0.25976037979125977
0.2688416838645935,0.26932209730148315,0.2604157626628876
0.24176721274852753,0.2135327309370041,0.17622585594654083,0.13060985505580902
0.0778304785490036,0.01964828372001648,-0.04149702936410904,-0.10270902514457703
-0.16104087233543396,-0.21380393207073212,-0.25854170322418213,-0.29278963804244995
-0.3140549659729004,-0.32030385732650757,-0.31070756912231445,-0.28605398535728455
-0.24853414297103882,-0.20119932293891907,-0.14750894904136658,-0.09102725982666016
-0.03506934642791748,0.017762646079063416,0.0659441277384758
0.10902883112430573,0.14722824096679688,0.18081048130989075,0.20969441533088684
0.23343265056610107,0.25140196084976196,0.26288557052612305,0.2670450806617737
0.26302289962768555,0.250205397605896,0.2284059375524521,0.19781605899333954
0.15887998044490814,0.1123431921005249,0.059476882219314575,0.0022387877106666565
-0.05682474002242088,-0.11490756273269653,-0.1692836582660675,-0.21741780638694763
-0.25681060552597046,-0.28486597537994385,-0.2991666793823242
-0.2981676161289215,-0.2818194627761841,-0.2516440153121948,-0.21030016243457794
-0.16105708479881287,-0.10742390155792236,-0.05282770097255707,-0.0001867040991783142
0.04852232336997986,0.09242600202560425,0.13149183988571167,0.1659679412841797
0.1958625465631485,0.22078530490398407,0.24012713134288788,0.25322556495666504
0.2593444883823395,0.2576802670955658,0.24756596982479095,0.22872298955917358
0.2013116329908371,0.16578352451324463,0.12280578911304474
0.07341805100440979,0.019255682826042175,-0.03741520643234253,-0.09393417090177536
-0.14761948585510254,-0.19600945711135864,-0.2368011474609375,-0.267635703086853
-0.2861291468143463,-0.29038798809051514,-0.2797284722328186,-0.2550249695777893
-0.2184649109840393,-0.1730290949344635,-0.12206284701824188,-0.06896138191223145
-0.016809068620204926,0.03205098584294319,0.07631580531597137,0.11565521359443665
0.15026389062404633,0.18029913306236267,0.20556464791297913
0.225570410490036,0.2397237867116928,0.2473653256893158,0.24771921336650848
0.24001546204090118,0.22377939522266388,0.1990060657262802,0.1660691201686859
0.12557730078697205,0.07844474911689758,0.02611178159713745,-0.02934780716896057
-0.08537505567073822,-0.13927121460437775,-0.18852922320365906,-0.2309132069349289
-0.2642625570297241,-0.28633221983909607,-0.29506275057792664,-0.289265513420105
-0.2692033648490906,-0.2366064041852951,-0.1942208707332611
-0.1453094184398651,-0.09329891204833984,-0.04145028442144394,0.007564358413219452
0.052050553262233734,0.09139303863048553,0.12575075030326843,0.1554994285106659
0.18077214062213898,0.20136034488677979,0.21687167882919312,0.2268175333738327
0.2305448353290558,0.22724774479866028,0.21620675921440125,0.19706837832927704
0.16989359259605408,0.1350158452987671,0.09300358593463898,0.04484673589468002,-0.007823660969734192,-0.06272163987159729,-0.11717066913843155
-0.16849695146083832,-0.21426203846931458,-0.25217404961586,-0.2798735797405243
-0.2950192093849182,-0.2958592176437378,-0.2819364666938782,-0.25437265634536743
-0.21557840704917908,-0.16871480643749237,-0.1172439455986023,-0.06459018588066101
-0.013770051300525665,0.033022888004779816,0.07468416541814804,0.11108841747045517
0.14260819554328918,0.16955791413784027,0.191913902759552,0.20938755571842194,0.22157201170921326,0.22792404890060425,0.2277224361896515
0.22023311257362366,0.20499971508979797,0.1819787621498108
0.15143388509750366,0.1138264536857605,0.06992564350366592,0.02104133367538452
-0.030877571552991867,-0.08340499550104141,-0.13397960364818573,-0.18019916117191315
-0.21986141800880432,-0.2507781386375427,-0.27067631483078003,-0.27753907442092896
-0.27030694484710693,-0.2493940144777298,-0.2166350781917572,-0.17482700943946838
-0.12723669409751892,-0.07722137868404388,-0.02786322683095932,0.018441766500473022
0.0602976530790329,0.09731888771057129,0.12977930903434753,0.15806323289871216
0.18224292993545532,0.20202189683914185,0.2169133871793747,0.2263338714838028
0.22956852614879608,0.22583486139774323,0.2145269215106964,0.1954306960105896
0.16870786249637604,0.13475558161735535,0.09420210123062134,0.048090867698192596
-0.0019310936331748962,-0.05362628400325775,-0.10443995893001556,-0.15186990797519684
-0.1936490833759308,-0.22762401401996613,-0.2515624165534973
-0.2632923424243927,-0.2612946033477783,-0.2453605681657791,-0.21679610013961792
-0.17809076607227325,-0.13239993155002594,-0.08311973512172699,-0.0335431769490242
0.013517230749130249,0.05612398684024811,0.09343093633651733,0.1255294233560562
0.15295080840587616,0.1761106550693512,0.19505153596401215,0.20954009890556335
0.21920248866081238,0.22349174320697784,0.22166743874549866,0.21298779547214508
0.1969916671514511,0.17360462248325348,0.143036887049675
0.10571256279945374,0.062407948076725006,0.014479562640190125,-0.03606631979346275
-0.08676540851593018,-0.13505566120147705,-0.17857292294502258,-0.21516203880310059
-0.24265922605991364,-0.2588270604610443,-0.26177775859832764,-0.25070446729660034
-0.2263396978378296,-0.19081874191761017,-0.14717060327529907,-0.09882017970085144
-0.049223460257053375,-0.0015058070421218872,0.04196276143193245,0.07989578694105148
0.11210000514984131,0.1390916258096695,0.1615006923675537
0.17964312434196472,0.19348464906215668,0.20279939472675323,0.20721405744552612
0.20616422593593597,0.19900283217430115,0.18527093529701233,0.16487644612789154
0.13803605735301971,0.10513818264007568,0.0667596161365509,0.02385088801383972
-0.022098325192928314,-0.06909360736608505,-0.11490045487880707,-0.15736952424049377
-0.19455444812774658,-0.22453567385673523,-0.24521668255329132,-0.2545085549354553
-0.2509739398956299,-0.23446598649024963,-0.20626869797706604
-0.16875310242176056,-0.12491199374198914,-0.07799279689788818,-0.03116518259048462,0.012883845716714859,0.05235125869512558,0.08648785203695297,0.11538701504468918
0.1394830346107483,0.1590694934129715,0.1741422414779663,0.18453024327754974
0.1899925172328949,0.19015859067440033,0.18452368676662445,0.17264936864376068
0.15440022945404053,0.1299646645784378,0.09969792515039444,0.06406301259994507,0.023794621229171753,-0.019871540367603302,-0.0651317834854126
-0.10980318486690521,-0.1516651213169098,-0.1887078881263733,-0.2190902829170227
-0.24090233445167542,-0.2521321773529053,-0.2511245012283325,-0.23729045689105988
-0.21150358021259308,-0.17591923475265503,-0.13347697257995605,-0.08744604885578156
-0.041075922548770905,0.002783551812171936,0.042105600237846375,0.07596030086278915
0.10443362593650818,0.12817904353141785,0.14784416556358337,0.16373203694820404
0.1758275032043457,0.1839393526315689,0.1876964122056961
0.18648990988731384,0.17960292100906372,0.16650636494159698,0.14704129099845886
0.12134420871734619,0.08972670137882233,0.05275627225637436,0.011480942368507385
-0.03243989497423172,-0.07685339450836182,-0.11944722384214401,-0.15808434784412384
-0.19088676571846008,-0.21603769063949585,-0.23160460591316223,-0.23577237129211426
-0.22750324010849,-0.20713293552398682,-0.17641501128673553,-0.13807302713394165
-0.09526675939559937,-0.05119071155786514,-0.008741237223148346
0.029844870790839195,0.06331421434879303,0.09148095548152924,0.11494007706642151
0.13451752066612244,0.15078255534172058,0.16390398144721985,0.173777237534523
0.1801098883152008,0.18237513303756714,0.17984575033187866,0.17182914912700653
0.15791888535022736,0.13803154230117798,0.11228407174348831,0.08097003400325775
0.0447332039475441,0.004771694540977478,-0.03714270517230034,-0.07889117300510406
-0.11834469437599182,-0.15356311202049255,-0.18270429968833923
-0.20379827916622162,-0.21478459239006042,-0.21402998268604279,-0.20102040469646454
-0.17668430507183075,-0.14316974580287933,-0.1033623218536377,-0.06045912206172943
-0.017623141407966614,0.02240596152842045,0.057727791368961334,0.08753092586994171
0.11198987811803818,0.13180610537528992,0.14765121042728424,0.15987655520439148
0.1685737520456314,0.1736890822649002,0.17497262358665466,0.1719239205121994
0.1639501452445984,0.15064789354801178,0.1319252848625183
0.1078881099820137,0.07873807102441788,0.0448843389749527,0.007178161293268204
-0.03294399380683899,-0.07355375587940216,-0.11253774166107178,-0.14790761470794678
-0.17786690592765808,-0.2006109207868576,-0.21417969465255737,-0.21675364673137665
-0.20734281837940216,-0.18633289635181427,-0.15547168254852295,-0.11743326485157013
-0.07534196972846985,-0.03240413963794708,0.008450280874967575,0.04498368501663208
0.07599522918462753,0.10137106478214264,0.12175352871417999
0.13798633217811584,0.15066558122634888,0.1600358933210373,0.16610661149024963,0.16868777573108673,0.16733138263225555
0.08485442399978638,0.05146251991391182,0.024458488449454308,0.006743486505001783,3.91919857065659e-05,0.004759495612233877
0.02002749592065811,0.04378290846943855,0.07291648536920547,0.10353141278028488,0.13144053518772125,0.15278410911560059,0.16453702747821808,0.16482315957546234,0.1531488299369812,0.13066257536411285,0.10032977908849716,0.06674131006002426,0.03542451187968254,0.011860225349664688,0.000546041177585721,0.0042292275466024876,0.023237697780132294,0.055043261498212814,0.09442880004644394,0.13443760573863983,0.16788601875305176,0.1889643371105194,0.19443435966968536
0.1841183453798294,0.1606096476316452,0.12836816906929016,0.09257856756448746
0.05820135027170181,0.029439767822623253,0.009505970403552055,0.000451501487987116
0.003017413429915905,0.016611624509096146,0.0394212082028389,0.06856406480073929
0.1003008782863617,0.1304396241903305,0.15492568910121918,0.17040453851222992
0.17458423972129822,0.1664595603942871,0.1465601921081543,0.11721887439489365
0.08260541409254074,0.04824060946702957,0.020022641867399216
0.0031335449311882257,0.0011258490849286318,0.015198341570794582,0.043674007058143616
0.08195073157548904,0.1232135221362114,0.15986424684524536,0.18525125086307526,0.1951332539319992,0.18844276666641235,0.16720381379127502,0.13573943078517914
0.09948603808879852,0.06383927911520004,0.03340282291173935,0.011681611649692059,0.0009554511634632945,0.002159202005714178,0.014849702827632427,0.03733415901660919,0.06686227768659592,0.09981683641672134,0.13203223049640656
0.15933488309383392,0.17813991010189056,0.18587468564510345,0.18120722472667694
0.16422955691814423,0.1366860270500183,0.10210822522640228,0.06556481868028641
0.03289162367582321,0.009635718539357185,9.144924115389585e-05,0.006551331840455532
0.02869405597448349,0.06325378268957138,0.1043371707201004,0.14453044533729553
0.1765168160200119,0.1946910321712494,0.1962953805923462,0.18179991841316223
0.15448302030563354,0.11941075325012207,0.0822126716375351
0.0480874702334404,0.02125321514904499,0.0047114938497543335,9.502678585704416e-05
0.00757704209536314,0.025941597297787666,0.05277876555919647,0.08469647914171219
0.11760061234235764,0.1471785455942154,0.16951821744441986,0.1816125512123108
0.1816374808549881,0.16913609206676483,0.1452486515045166,0.11291193962097168
0.07675165683031082,0.042455561459064484,0.01576736755669117,0.0014859477523714304
0.0026726876385509968,0.019994135946035385,0.05124181509017944
0.09136718511581421,0.13330580294132233,0.1694573014974594,0.19336345791816711
0.201082244515419,0.1918938308954239,0.1681903600692749,0.13463425636291504
0.09690137207508087,0.06051473319530487,0.03015117533504963,0.009348987601697445
0.00031139919883571565,0.003714939346536994,0.018676500767469406,0.04295236989855766
0.07323672622442245,0.10547725856304169,0.1353161334991455,0.15869830548763275
0.1724507361650467,0.1746327131986618,0.16468393802642822
0.14352934062480927,0.11369980871677399,0.07931472361087799,0.04567800462245941
0.018435057252645493,0.002559926360845566,-0.038643188774585724,-0.12838530540466309,-0.21464763581752777,-0.293178528547287,-0.3598421812057495,-0.4110867381095886
-0.4443401098251343,-0.4582435190677643,-0.4527202248573303,-0.42890337109565735
-0.38892024755477905,-0.3355369567871094,-0.27173274755477905,-0.20036575198173523
-0.12408126890659332,-0.04540756344795227,0.03318247199058533
0.10934661328792572,0.18096138536930084,0.2460842877626419,0.3028434216976166
0.34943026304244995,0.3842490315437317,0.40607568621635437,0.41407525539398193
0.4077024459838867,0.386630654335022,0.35082700848579407,0.30077481269836426
0.23770403861999512,0.16364242136478424,0.0812406986951828,-0.006443306803703308
-0.09600012004375458,-0.18361227214336395,-0.265114963054657,-0.33629366755485535
-0.39333128929138184,-0.4332438111305237,-0.45418989658355713
-0.4556092321872711,-0.43819332122802734,-0.40370965003967285,-0.35469746589660645
-0.294071763753891,-0.22474214434623718,-0.14941219985485077,-0.07061412930488586
0.00917847454547882,0.08754374086856842,0.16220171749591827,0.23105011880397797
0.29209399223327637,0.3434058427810669,0.383236289024353,0.41018959879875183
0.4232870638370514,0.42188844084739685,0.40560707449913025,0.3743479549884796
0.32848405838012695,0.26906904578208923,0.19793546199798584
0.11759059131145477,0.030997559428215027,-0.058546751737594604,-0.14737465977668762
-0.23144647479057312,-0.3065619170665741,-0.3687449097633362,-0.41466447710990906
-0.44199296832084656,-0.44964414834976196,-0.4378482699394226,-0.408044695854187
-0.36260804533958435,-0.30445802211761475,-0.23665165901184082,-0.16210246086120605
-0.08352136611938477,-0.0035025030374526978,0.07544223964214325,0.15097269415855408
0.2209983468055725,0.2836202383041382,0.3370226323604584
0.3794940114021301,0.40959280729293823,0.42628347873687744,0.42891237139701843
0.4170921742916107,0.3906540274620056,0.3497563898563385,0.29511120915412903
0.22817891836166382,0.15117117762565613,0.06685745716094971,-0.021632574498653412
-0.11084648221731186,-0.19696062803268433,-0.2758641839027405,-0.3434714078903198,-0.3961566984653473,-0.43115943670272827,-0.4468734562397003,-0.4429858326911926
-0.4204515218734741,-0.3812955915927887,-0.3282586634159088,-0.2643681466579437
-0.19258257746696472,-0.11564536392688751,-0.036139458417892456,0.04343212768435478
0.12067753821611404,0.19340409338474274,0.25961995124816895,0.31742972135543823
0.36498868465423584,0.4006374478340149,0.4230978786945343,0.4315365254878998
0.4254697561264038,0.4046487510204315,0.3690805435180664,0.31921884417533875
0.25620096921920776,0.18194624781608582,0.09903183579444885,0.010472118854522705,-0.08038152754306793,-0.16979652643203735
-0.25367528200149536,-0.32779037952423096,-0.3881964683532715,-0.43167322874069214
-0.45606738328933716,-0.4604793190956116,-0.4452986717224121,-0.4120873510837555,-0.36331358551979065,-0.3019813597202301,-0.23123612999916077,-0.154089093208313,-0.07336881756782532,0.008195891976356506,0.08796755969524384,0.16351372003555298
0.23268955945968628,0.2935780882835388,0.3443942368030548,0.383524626493454
0.40968501567840576,0.4220171570777893,0.4200334846973419
0.403491735458374,0.37234506011009216,0.3268633186817169,0.2678867280483246
0.1970272660255432,0.11664381623268127,0.02962575852870941,-0.06078909710049629
-0.1510198414325714,-0.2370980978012085,-0.3148041367530823,-0.38003280758857727
-0.4292432367801666,-0.4598409831523895,-0.47043031454086304,-0.46092623472213745
-0.4325139820575714,-0.387447714805603,-0.3287036418914795,-0.2595510482788086
-0.1831887662410736,-0.10259570181369781,-0.020570993423461914
0.0602184496819973,0.13730297982692719,0.20850947499275208,0.27193737030029297
0.32582560181617737,0.36850684881210327,0.39854922890663147,0.4149428904056549
0.4171348810195923,0.40490400791168213,0.3782390058040619,0.3373716175556183
0.28297480940818787,0.216390460729599,0.1396961361169815,0.05554918944835663
-0.033019937574863434,-0.12265604734420776,-0.20960842072963715,-0.2897757589817047
-0.3589991331100464,-0.41350358724594116,-0.4503119885921478
-0.46753576397895813,-0.46453264355659485,-0.4419437050819397,-0.40158936381340027
-0.34619587659835815,-0.2789829671382904,-0.20323753356933594,-0.1220623105764389
-0.038375124335289,0.04500500112771988,0.12539023160934448,0.20036566257476807
0.2678543031215668,0.3260161280632019,0.37313640117645264,0.4076803922653198
0.42846620082855225,0.434773713350296,0.4262979328632355,0.40302368998527527
0.36518555879592896,0.31339913606643677,0.24888774752616882
0.1736183762550354,0.09020836651325226,0.001682564616203308,-0.08867881447076797
-0.1773025244474411,-0.2602750062942505,-0.3335075080394745,-0.39311671257019043
-0.4358587861061096,-0.45947903394699097,-0.462929368019104,-0.4464515447616577
-0.4115181565284729,-0.36061909794807434,-0.29689881205558777,-0.2237142026424408
-0.14428111910820007,-0.06155698001384735,0.021685265004634857,0.1027979850769043
0.17934323847293854,0.2492055892944336,0.3105531930923462
0.36169305443763733,0.40103039145469666,0.42720723152160645,0.43927431106567383
0.43672871589660645,0.41941899061203003,0.38745760917663574,0.34127071499824524
0.2817869782447815,0.21063125133514404,0.13015255331993103,0.043241843581199646
-0.046890195459127426,-0.13677826523780823,-0.22265183925628662,-0.300485759973526
-0.3662683367729187,-0.4164142608642578,-0.4481838643550873,-0.45999762415885925
-0.4515855312347412,-0.4239671528339386,-0.3792738914489746
-0.32042965292930603,-0.2507418394088745,-0.173520028591156,-0.09187163412570953
-0.008707284927368164,0.07320048660039902,0.15126445889472961,0.2231987863779068
0.28704720735549927,0.3410806655883789,0.38371503353118896,0.4135887026786804
0.4297235608100891,0.4315875470638275,0.4190068244934082,0.3920411765575409
0.35096901655197144,0.29644274711608887,0.2297252118587494,0.15281616151332855,0.06835415959358215,-0.020603284239768982,-0.11070959270000458
-0.19831308722496033,-0.27946236729621887,-0.3500973582267761,-0.4064108729362488
-0.44526371359825134,-0.4645383059978485,-0.4633547067642212,-0.4421422779560089
-0.4025823771953583,-0.347392737865448,-0.2799387574195862,-0.20376574993133545
-0.12225435674190521,-0.03852808475494385,0.04449085891246796,0.12408209592103958
0.19784033298492432,0.2637585997581482,0.3201473355293274,0.3654833436012268
0.3984003961086273,0.41784679889678955,0.42322415113449097
0.414357453584671,0.39134398102760315,0.3544563949108124,0.30422085523605347
0.24163612723350525,0.1683739423751831,0.08678965270519257,-0.00026904046535491943
-0.08965403586626053,-0.17793883383274078,-0.26136454939842224,-0.3359290659427643,-0.39769530296325684,-0.4432196319103241,-0.46994873881340027,-0.47648918628692627
-0.4627416133880615,-0.4299047887325287,-0.3803173899650574,-0.3171175420284271
-0.24378466606140137,-0.16373297572135925,-0.0801275372505188
0.0040874183177948,0.08613383769989014,0.16345927119255066,0.23384693264961243
0.2954199016094208,0.34652650356292725,0.3856703042984009,0.41159892082214355
0.42345815896987915,0.4208400845527649,0.4036906361579895,0.3721931576728821
0.32677143812179565,0.26826536655426025,0.19816330075263977,0.11868792772293091
0.03265315294265747,-0.0567728653550148,-0.14618711173534393,-0.23191878199577332
-0.31003209948539734,-0.3765353560447693,-0.4277726411819458
-0.4608497619628906,-0.47396233677864075,-0.46657609939575195,-0.43946146965026855
-0.3945876359939575,-0.33486050367355347,-0.26370882987976074,-0.18463334441184998
-0.10092140734195709,-0.015615269541740417,0.0684053897857666,0.1484321504831314
0.22205694019794464,0.28725290298461914,0.3422812521457672,0.3855482339859009
0.415633887052536,0.43149280548095703,0.432608425617218,0.4189537763595581
0.39083197712898254,0.3487758934497833,0.2936161160469055
0.22667855024337769,0.14994825422763824,0.06603585183620453,-0.022036612033843994
-0.11102084815502167,-0.1974492222070694,-0.27757737040519714,-0.3474876284599304
-0.4034155607223511,-0.44218122959136963,-0.46157151460647583,-0.46058300137519836,-0.4395143985748291,-0.39992278814315796,-0.34443429112434387,-0.2763967216014862
-0.19942638278007507,-0.1170128732919693,-0.032347917556762695,0.051643554121255875,0.13225573301315308,0.20706820487976074,0.2740466296672821
0.3315122127532959,0.3779953122138977,0.41216620802879333,0.43294134736061096
0.43963930010795593,0.4320075213909149,0.4101082384586334,0.37420761585235596
0.3248041868209839,0.2628229856491089,0.18984642624855042,0.10817816853523254
0.020675748586654663,-0.06947852671146393,-0.15885499119758606,-0.24372684955596924
-0.32011324167251587,-0.38404107093811035,-0.43195804953575134,-0.4611319899559021
-0.4699319303035736,-0.4580005705356598,-0.42631229758262634
-0.37706246972084045,-0.31337302923202515,-0.23885658383369446,-0.15716758370399475
-0.07172681391239166,0.01431787759065628,0.09803453832864761,0.1767340749502182
0.24809406697750092,0.3102056086063385,0.36145734786987305,0.4004221558570862
0.42590630054473877,0.4371037781238556,0.4336840510368347,0.4157279431819916
0.3835897743701935,0.33783158659935,0.27932435274124146,0.20947381854057312
0.13037952780723572,0.04475581645965576,-0.04431630298495293
-0.13355503976345062,-0.21945251524448395,-0.2982339859008789,-0.3660109043121338
-0.41911423206329346,-0.4544735550880432,-0.46996867656707764,-0.464703768491745
-0.43914374709129333,-0.3950731158256531,-0.3353649973869324,-0.26358991861343384
-0.1835480034351349,-0.09888558089733124,-0.01294352114200592,0.07121168076992035
0.15077224373817444,0.22327987849712372,0.28671449422836304,0.33944663405418396
0.3801002502441406,0.4075195789337158,0.42089012265205383
0.41985297203063965,0.40449243783950806,0.3752114474773407,0.3326069414615631
0.27748903632164,0.2110683023929596,0.13516224920749664,0.05222503840923309
-0.034835897386074066,-0.12287496775388718,-0.20856551826000214,-0.2883363664150238
-0.3584107756614685,-0.4150699973106384,-0.4550543427467346,-0.4759523570537567
-0.4764886796474457,-0.4566833972930908,-0.4178641736507416,-0.36250633001327515
-0.2939073443412781,-0.21575573086738586,-0.1317206472158432
-0.04521004855632782,0.040659718215465546,0.12301395833492279,0.19925273954868317
0.2671692967414856,0.3249812722206116,0.3712013363838196,0.40453624725341797
0.42395517230033875,0.42883914709091187,0.4190480709075928,0.3948291540145874
0.3566814959049225,0.3053373098373413,0.24189549684524536,0.16802959144115448
0.0860866904258728,-0.0010411590337753296,-0.09015898406505585,-0.17791050672531128
-0.26076263189315796,-0.3349993824958801,-0.39688554406166077
-0.44299399852752686,-0.4706059992313385,-0.47806093096733093,-0.4649519920349121
-0.4321587085723877,-0.3817494511604309,-0.3167582154273987,-0.24082031846046448
-0.15771779417991638,-0.07102346420288086,0.01601245254278183,0.10042136907577515
0.17949214577674866,0.2508370876312256,0.3124760091304779,0.3628047704696655
0.40048956871032715,0.42445871233940125,0.43401917815208435,0.4289589524269104,0.40950924158096313,0.37620097398757935,0.32976752519607544
0.2711845934391022,0.20184242725372314,0.1237366795539856,0.03947930037975311
-0.04790870100259781,-0.13521352410316467,-0.2190709412097931,-0.29590415954589844
-0.3619859218597412,-0.4137294888496399,-0.44808781147003174,-0.4629163146018982
-0.4572446644306183,-0.43141716718673706,-0.3870691657066345,-0.3269454538822174
-0.25457561016082764,-0.17383143305778503,-0.08848592638969421,-0.0019693225622177124
0.08263271301984787,0.16252027451992035,0.2352292537689209
0.2987363934516907,0.3514532446861267,0.3921026587486267,0.419636607170105
0.433289498090744,0.4326951801776886,0.4179239869117737,0.3893893361091614
0.3477163016796112,0.29371264576911926,0.2285141944885254,0.1538127213716507
0.07194432616233826,-0.014259539544582367,-0.10169441998004913,-0.18708474934101105
-0.2669624090194702,-0.337677001953125,-0.3955843448638916,-0.4373953640460968
-0.4605635404586792,-0.4636034369468689,-0.4462715983390808
-0.40960729122161865,-0.3558415174484253,-0.28815019130706787,-0.21025502681732178
-0.125970721244812,-0.038882628083229065,0.047737374901771545,0.130885511636734
0.20783868432044983,0.2762630879878998,0.334291934967041,0.38045570254325867
0.4135439395904541,0.43259769678115845,0.437043160200119,0.4267866909503937
0.40217700600624084,0.363878458738327,0.31276363134384155,0.24995270371437073
0.17700549960136414,0.0960959941148758,0.009975790977478027
-0.07826001942157745,-0.16536888480186462,-0.24797210097312927
-0.3225029706954956,-0.3852939009666443,-0.4328707456588745,-0.4623631536960602
-0.4718831479549408,-0.46076998114585876,-0.42967820167541504,-0.38053098320961
-0.31633079051971436,-0.2407938539981842,-0.1578679233789444,-0.07132557034492493
0.015413038432598114,0.09926700592041016,0.1774625927209854,0.24760004878044128
0.30775490403175354,0.3564645051956177,0.3925909399986267,0.4152178466320038
0.4237029552459717,0.41781213879585266,0.3977602422237396,0.36410093307495117
0.31759145855903625,0.25918886065483093,0.19020777940750122,0.11252117156982422
0.02861732244491577,-0.058565445244312286,-0.14586830139160156,-0.22999434173107147
-0.30745869874954224,-0.3746141791343689,-0.4278831481933594,-0.4641328752040863
-0.48105791211128235,-0.47746866941452026,-0.45344433188438416,-0.4103487730026245
-0.35070955753326416,-0.277948260307312,-0.19597095251083374
-0.1087164431810379,-0.01984177529811859,0.06735241413116455,0.14986807107925415
0.22503066062927246,0.2906171679496765,0.3449209928512573,0.3866429328918457
0.4147379994392395,0.42841270565986633,0.4272640645503998,0.41138309240341187
0.3813113868236542,0.33789968490600586,0.2822097837924957,0.21557053923606873
0.13975487649440765,0.05710306763648987,-0.029552534222602844,-0.11710497736930847
-0.20232975482940674,-0.28188520669937134,-0.3522799015045166
-0.40998247265815735,-0.45171886682510376,-0.4748654067516327,-0.4778006076812744
-0.4601229131221771,-0.42271721363067627,-0.36769336462020874,-0.2981894016265869
-0.2180119752883911,-0.13117116689682007,-0.04148571193218231,0.047578807920217514
0.1328694224357605,0.21151629090309143,0.28104862570762634,0.33953362703323364
0.3855524957180023,0.41804662346839905,0.436228483915329,0.4396492540836334
0.4283160865306854,0.4027022123336792,0.3636206090450287
0.3120819926261902,0.24927866458892822,0.1767285317182541,0.096467524766922
0.01110038161277771,-0.07636230438947678,-0.16272565722465515,-0.2446947991847992
-0.3188387155532837,-0.38161998987197876,-0.4296177625656128,-0.45990699529647827
-0.4704504907131195,-0.4603765308856964,-0.4300992786884308,-0.38129711151123047
-0.3167670965194702,-0.2401372492313385,-0.15543228387832642,-0.0666227787733078
0.022646360099315643,0.10910160839557648,0.18979990482330322
0.2621685266494751,0.3241276144981384,0.37412911653518677,0.4110317826271057
0.4339611232280731,0.44232651591300964,0.43595343828201294,0.4151553213596344
0.3806571960449219,0.33343613147735596,0.2746284306049347,0.20561304688453674
0.12821899354457855,0.04485723376274109,-0.04157935827970505,-0.1279648393392563
-0.21110667288303375,-0.28773924708366394,-0.35448259115219116,-0.4079572260379791
-0.44509315490722656,-0.46351128816604614,-0.4618450105190277
-0.439929723739624,-0.3988494277000427,-0.34086474776268005,-0.26921263337135315
-0.18775030970573425,-0.10050471127033234,-0.011298000812530518,0.0764051079750061
0.1594717800617218,0.23509614169597626,0.3009133040904999,0.3550964593887329
0.39629316329956055,0.42348501086235046,0.43595588207244873,0.43339771032333374
0.4160142242908478,0.3844974935054779,0.33989182114601135,0.28346145153045654
0.2166735827922821,0.14132218062877655,0.05967734754085541
-0.02552185207605362,-0.11126239597797394,-0.19444914162158966,-0.2719261646270752
-0.3404202461242676,-0.3966136574745178,-0.4374050796031952,-0.46027299761772156
-0.46361687779426575,-0.44698095321655273,-0.41113781929016113,-0.3580511212348938
-0.2907164394855499,-0.21284779906272888,-0.12842918932437897,-0.04128670692443848
0.045131292194128036,0.12775476276874542,0.20384307205677032,0.2710393965244293
0.3274843692779541,0.3718153238296509,0.4030205011367798
0.42032161355018616,0.4232161343097687,0.4116107225418091,0.385881632566452
0.346791535615921,0.29535338282585144,0.23278620839118958,0.16062338650226593
0.08089296519756317,-0.003809615969657898,-0.09046553075313568,-0.17587964236736298
-0.2568221390247345,-0.3300130367279053,-0.39210525155067444,-0.43983301520347595
-0.4703327715396881,-0.4815185070037842,-0.4723815619945526,-0.4431442320346832
-0.3952796161174774,-0.33141830563545227,-0.25510817766189575
-0.17041000723838806,-0.08142800629138947,0.00803886353969574,0.09461493790149689
0.17531825602054596,0.24756968021392822,0.3092925548553467,0.35895830392837524
0.3954771161079407,0.4180472195148468,0.4261336028575897,0.4195837676525116
0.3987269401550293,0.3643318712711334,0.3174546957015991,0.25931379199028015
0.1913089156150818,0.11519196629524231,0.03323580324649811,-0.051794860512018204
-0.13686330616474152,-0.21885213255882263,-0.29458194971084595
-0.3607616424560547,-0.414063960313797,-0.45139119029045105,-0.47024795413017273
-0.4690888226032257,-0.44754916429519653,-0.4065294563770294,-0.3481515645980835
-0.27560311555862427,-0.1928292214870453,-0.1040707677602768,-0.013423904776573181
0.07538942992687225,0.15905997157096863,0.23470327258110046,0.29995495080947876
0.35307472944259644,0.39290446043014526,0.4186997711658478,0.43001601099967957,0.42673981189727783,0.40918561816215515,0.37811699509620667
0.33463388681411743,0.2800084054470062,0.21561774611473083,0.1430581510066986,0.06434944272041321,-0.017989829182624817
9.486570343142375e-05,0.0004346979840192944,0.0009083696058951318,0.0013549840077757835,0.001623463467694819,0.0016377000138163567
0.0014202928869053721,0.0010600632522255182,0.0006640661740675569,0.0003258005599491298
0.00010459507757332176,1.0169425877393223e-05,5.339729341358179e-06,3.498828300507739e-05
6.086844587116502e-05,7.358081347774714e-05,8.143122977344319e-05,9.759855311131105e-05,0.0001378278830088675,0.0002243897324660793,0.0003844906168524176,0.000633401214145124
0.0009499179432168603,0.001269983476959169,0.0015092621324583888,0.001594003988429904,0.0014827207196503878,0.0011831396259367466,0.0007640286930836737
0.00034596992190927267,6.299238157225773e-05,1.2343459275143687e-05,0.00022161315428093076,0.0006418715929612517,0.0011550997151061893,0.001598562579602003,0.0018207969842478633
0.001751788891851902,0.001433475990779698,0.0009851132053881884,0.0005407733842730522
0.00020455739286262542,2.9255794288474135e-05,6.137589025456691e-06,7.154563354561105e-05
0.0001425918162567541,0.0001654209481785074,0.00013717924593947828,8.75351979630068e-05
4.5783704990753904e-05,2.3412350856233388e-05,1.82325420610141e-05
2.946346103271935e-05,6.748876330675557e-05,0.00014541519340127707,0.00025947205722332
0.0003810010093729943,0.00046750824549235404,0.00048015505308285356,0.0004005145456176251
0.0002470187027938664,8.268958481494337e-05,2.968582464291103e-07,8.575123501941562e-05
0.000382027035811916,0.0008726137457415462,0.001479620230384171,0.0020699871238321066
0.002485124161466956,0.002603422850370407,0.0023996897507458925,0.0019502294017001987
0.0013856221921741962,0.0008374647004529834,0.0004052923759445548
0.00013743650924880058,2.180908813897986e-05,6.81270222457897e-08,7.643030585313682e-06
9.65681374509586e-06,3.975014806201216e-06,9.290629776614878e-08,1.2148233281550347e-06
2.2327221813611686e-06,1.323787159890344e-07,5.828514531458495e-06,4.208429163554683e-05
0.0001238895783899352,0.000240734574617818,0.00035864210803993046,0.0004357836442068219,0.00043881480814889073,0.0003575797891244292,0.00021660147467628121,7.406789518427104e-05,1.1880968031618977e-06,5.112050712341443e-05,0.0002372430171817541
0.0005281231715343893,0.0008515357621945441,0.0011086362646892667,0.0012098678853362799
0.0011208582436665893,0.0008802010561339557,0.000573079043533653,0.0002884049608837813,9.039707947522402e-05,5.258259079710115e-06,1.440028427168727e-05,6.323117850115523e-05,9.418401896255091e-05,8.281484042527154e-05,4.4658230763161555e-05,1.0952537195407785e-05,3.6793328384021606e-09,6.327696610242128e-06,1.0962349733745214e-05,4.141247245570412e-06,1.5493715181946754e-06,3.585141894291155e-05,0.00012939705629833043
0.0002745911478996277,0.00043543570791371167,0.0005613470566459,0.0006053241086192429
0.000545017421245575,0.0003981039044447243,0.00021837181702721864,7.07290309946984e-05
2.3426016468874877e-06,2.680213947314769e-05,0.00012101069296477363,0.00023093147319741547
0.0002948019537143409,0.0002777140471152961,0.000189943631994538,7.967566489242017e-05
7.488536539312918e-06,1.5893134332145564e-05,0.00010815270070452243,0.00024786178255453706
0.00037332516512833536,0.00042311212746426463,0.00037367275217548013
0.0002557884145062417,0.0001305358746321872,4.506784534896724e-05,8.100881132122595e-06
3.384126898708928e-07,1.7142868102837383e-07,0.0024814147036522627,0.0064154816791415215
0.0113978898152709,0.01654995232820511,0.02119228057563305,0.02475229650735855
0.026666831225156784,0.026507236063480377,0.02418091706931591,0.019919486716389656
0.014112208038568497,0.007251188158988953,-6.80265948176384e-05,-0.007154635153710842
-0.013219528831541538,-0.01749054715037346,-0.01941710337996483
-0.018798699602484703,-0.015798989683389664,-0.010869351215660572,-0.004660923033952713
0.0020424555987119675,0.00839296355843544,0.013499000109732151,0.01653454452753067
0.01702166348695755,0.015030245296657085,0.011161597445607185,0.006321720778942108
0.001461641862988472,-0.0024983955081552267,-0.004765491932630539,-0.004897760227322578
-0.00295528257265687,0.0005330580752342939,0.004807802848517895,0.009148296900093555
0.0129630072042346,0.015739858150482178,0.01699436455965042
0.01636926271021366,0.013840168714523315,0.009747620671987534,0.004664363339543343,-0.0007544327527284622,-0.005915777292102575,-0.010271948762238026,-0.013211889192461967
-0.014190834946930408,-0.013014571741223335,-0.00995411816984415,-0.0056100767105817795
-0.0006869779899716377,0.0041228123009204865,0.008150971494615078,0.010736998170614243
0.01125127263367176,0.009279399178922176,0.004888677038252354,-0.0012742746621370316
-0.008169039152562618,-0.014682313427329063,-0.01984425261616707
-0.022914905101060867,-0.023467760533094406,-0.021502919495105743,-0.017499040812253952
-0.012284019961953163,-0.006764968857169151,-0.0017253141850233078,0.0022357844281941652
0.004679930862039328,0.005300133489072323,0.0040048398077487946,0.001010389532893896
-0.003246874315664172,-0.008232242427766323,-0.013345694169402122,-0.017958400771021843
-0.02143549546599388,-0.02315286546945572,-0.022656532004475594,-0.019913747906684875
-0.015355603769421577,-0.009653029963374138,-0.003483685664832592
0.002526730764657259,0.007669460028409958,0.01106696855276823,0.011933467350900173
0.01000055018812418,0.005667380057275295,-0.00022113928571343422,-0.006685919128358364
-0.012756839394569397,-0.017493657767772675,-0.02012614905834198,-0.02031780779361725
-0.018271202221512794,-0.014578627422451973,-0.009974334388971329,-0.005169983953237534
-0.0008325707167387009,0.002458180533722043,0.004330138210207224,0.004639599937945604
0.003416225779801607,0.0008636966813355684,-0.002621352206915617,-0.006478935945779085
-0.010114595293998718,-0.013015136122703552,-0.014676573686301708,-0.014573008753359318
-0.012425119988620281,-0.00845628697425127,-0.003276115283370018,0.002443954348564148
0.008113384246826172,0.013085753656923771,0.016538288444280624,0.01761968433856964,0.015809398144483566,0.011209528893232346,0.004512788727879524,-0.003256436437368393
-0.010977474972605705,-0.017553722485899925,-0.022003451362252235,-0.02367326244711876
-0.022458480671048164,-0.01878051832318306
-0.013352738693356514,-0.006958207115530968,-0.00037380214780569077,0.005676721688359976
0.010630955919623375,0.01413733884692192,0.016054779291152954,0.016475286334753036
0.015716295689344406,0.014233018271625042,0.012500637210905552,0.010972647927701473
0.010115754790604115,0.010407411493360996,0.01218208484351635,0.015396276488900185
0.019568387418985367,0.02398066036403179,0.027928363531827927,0.030776700004935265,0.031864460557699203,0.03050536848604679,0.02622356452047825
0.01906760223209858,0.009704312309622765,-0.000788521021604538,-0.011205027811229229
-0.02036949433386326,-0.027216406539082527,-0.030947651714086533,-0.03126394748687744
-0.028442570939660072,-0.02316156029701233,-0.016249701380729675,-0.008530333638191223
-0.0007782019674777985,0.006294905673712492,0.012094232253730297,0.016229942440986633
0.01859913021326065,0.01936027966439724,0.018807880580425262,0.017332328483462334,0.015451246872544289,0.013763445429503918,0.012868057005107403
0.013261206448078156,0.015147285535931587,0.018292564898729324,0.02211853861808777
0.02598337084054947,0.02933633327484131,0.03160109370946884,0.032049283385276794
0.02993883192539215,0.0248605627566576,0.017009107396006584,0.007162913680076599
-0.0035762833431363106,-0.014041069895029068,-0.023115411400794983,-0.029819868505001068
-0.03350340574979782,-0.03404533863067627,-0.031833216547966,-0.027520786970853806
-0.021815786138176918,-0.01542273536324501,-0.009027581661939621
-0.0032351287081837654,0.0015031644143164158,0.004956062883138657,0.007140985690057278
0.008272398263216019,0.008679766207933426,0.008738256990909576,0.00884663499891758
0.009433360770344734,0.01087423786520958,0.013336650095880032,0.016653459519147873
0.020305823534727097,0.023604823276400566,0.025938956066966057,0.02681036666035652
0.025681408122181892,0.021955197677016258,0.015264803543686867,0.005795583128929138
-0.005702519323676825,-0.018128272145986557,-0.03024221397936344
-0.04083072021603584,-0.04881369322538376,-0.05338500067591667,-0.05423085018992424
-0.051620155572891235,-0.04623837396502495,-0.03890932351350784,-0.030439916998147964
-0.02161036804318428,-0.013136323541402817,-0.005589082837104797,0.0006477385759353638
0.005395520478487015,0.00868514645844698,0.010734042152762413,0.01186291966587305,0.012405972927808762,0.012728680856525898,0.013262074440717697,0.01437113806605339
0.016140058636665344,0.018308449536561966,0.020398644730448723
0.021897822618484497,0.022347895428538322,0.021285008639097214,0.018177002668380737
0.012550771236419678,0.004278459586203098,-0.006211893633008003,-0.017998743802309036
-0.029918601736426353,-0.04075956717133522,-0.04936014115810394,-0.05477611720561981
-0.05650298669934273,-0.054587747901678085,-0.049567811191082,-0.04226425662636757
-0.03355070948600769,-0.024234604090452194,-0.015035558491945267,-0.006579557433724403
0.0006443001329898834,0.0063707646913826466,0.010614149272441864
0.013621942140161991,0.015740416944026947,0.01730392873287201,0.018661268055438995
0.0202334001660347,0.022403690963983536,0.025306658819317818,0.028721284121274948
0.03212987259030342,0.034889403730630875,0.03636109083890915,0.035911157727241516,0.03292124718427658,0.026913175359368324,0.01775689236819744,0.00585012324154377
-0.007862599566578865,-0.02205287478864193,-0.03526829928159714,-0.04616131633520126,-0.05364355444908142,-0.05702700838446617,-0.05615251138806343
-0.051423557102680206,-0.04367229342460632,-0.033885084092617035,-0.02297348529100418
-0.011738104745745659,-0.0009330566972494125,0.008744333870708942,0.016787968575954437
0.023007670417428017,0.02749839425086975,0.030521348118782043,0.03240838646888733
0.03352149575948715,0.03429190069437027,0.03522291034460068,0.03671955317258835
0.03886067867279053,0.04133109003305435,0.04357198253273964,0.04496857896447182
0.044903792440891266,0.042750921100378036,0.037910304963588715
0.029948893934488297,0.01885106973350048,0.005200991407036781,-0.009871790185570717
-0.024936331436038017,-0.03852256014943123,-0.049291327595710754,-0.056187666952610016
-0.058645185083150864,-0.05669955909252167,-0.05089792236685753,-0.042091187089681625
-0.031235050410032272,-0.019271399825811386,-0.007097665220499039,0.004445333033800125
0.014656797051429749,0.023104993626475334,0.029669469222426414,0.034459784626960754
0.0376947782933712,0.039649978280067444,0.0407072938978672
0.04136529192328453,0.04209619760513306,0.04313487187027931,0.044342052191495895
0.045278020203113556,0.045432962477207184,0.04434649646282196,0.04155922308564186
0.03657154738903046,0.02894320711493492,0.0185218695551157,0.0056449975818395615
-0.008827081881463528,-0.023684198036789894,-0.03763459622859955,-0.04946734756231308
-0.0581369586288929,-0.06293744593858719,-0.06367127597332001,-0.06065361201763153
-0.05455616116523743,-0.046169329434633255,-0.03625674173235893
-0.02554568648338318,-0.014697587117552757,-0.004253776744008064,0.005379583686590195
0.013955668546259403,0.021388104185461998,0.02767372503876686,0.03283000737428665
0.03693981096148491,0.040231071412563324,0.04302845895290375,0.04555334895849228
0.0477343387901783,0.04919620603322983,0.04943196848034859,0.047978244721889496,0.04443991184234619,0.038422051817178726,0.029553603380918503,0.017670033499598503,0.0030333269387483597,-0.01355509553104639,-0.030839886516332626
-0.04737178608775139,-0.061749398708343506,-0.07274928689002991,-0.07946155965328217
-0.08146806061267853,-0.0789487361907959,-0.07260435074567795,-0.06341078877449036
-0.052371010184288025,-0.04039433225989342,-0.028283942490816116,-0.016740497201681137
-0.006305525079369545,0.002728104591369629,0.01033640094101429,0.016675997525453568
0.021949931979179382,0.026346620172262192,0.030091160908341408,0.03347000479698181
0.036715611815452576,0.03982512652873993,0.042471885681152344
0.04410158470273018,0.04413685202598572,0.04211138188838959,0.037647467106580734
0.03039195016026497,0.020091470330953598,0.006808791309595108,-0.008890957571566105,-0.025941208004951477,-0.042971424758434296,-0.05855001509189606,-0.07135052978992462
-0.08026565611362457,-0.08455516397953033,-0.08401834964752197,-0.07901417464017868
-0.07027316093444824,-0.05868363752961159,-0.04517122730612755,-0.0306595116853714,-0.016053620725870132,-0.0021783336997032166,0.010320739820599556
0.02106473781168461,0.029959093779325485,0.03709172457456589,0.04261792451143265,0.04677096754312515,0.04992113262414932,0.05250721797347069,0.054815735667943954,0.0567794106900692,0.05797058716416359,0.05777783319354057,0.05560816451907158
0.05095957964658737,0.04338667169213295,0.032545387744903564,0.018376007676124573
0.0013065487146377563,-0.01766795665025711,-0.03711729869246483,-0.05542664974927902
-0.07101969420909882,-0.08253709971904755,-0.08899688720703125
-0.08995817601680756,-0.08561980724334717,-0.07671070843935013,-0.0642194077372551
-0.049172189086675644,-0.032570838928222656,-0.015421673655509949,0.0013034045696258545
0.016799520701169968,0.030531110242009163,0.04224050045013428,0.051864638924598694
0.05942561477422714,0.0650232657790184,0.06890957802534103,0.07147285342216492
0.07306735217571259,0.07381387054920197,0.07352809607982635,0.07182420045137405
0.06831486523151398,0.06272124499082565,0.05480214208364487
0.04428195580840111,0.03095867484807968,0.014949731528759003,-0.003104535862803459
-0.022067371755838394,-0.04054635390639305,-0.057136863470077515,-0.07055705785751343
-0.07974331825971603,-0.08400242030620575,-0.0831807553768158,-0.07767805457115173
-0.0682574138045311,-0.055813804268836975,-0.04124833643436432,-0.025459248572587967
-0.00935431569814682,0.006208494305610657,0.020534981042146683,0.033180102705955505
0.043925151228904724,0.05267283692955971,0.059407688677310944
0.06425341218709946,0.06750106811523438,0.0695098340511322,0.07050074636936188
0.07041186094284058,0.06894577294588089,0.06572788953781128,0.06042647734284401
0.05275842919945717,0.04244234412908554,0.029256422072649002,0.013243231922388077
-0.005075240507721901,-0.024650219827890396,-0.04407384619116783,-0.06183573976159096
-0.07653249800205231,-0.08700710535049438,-0.09246758371591568,-0.09262530505657196
-0.08777371048927307,-0.07867277413606644,-0.0662865936756134
-0.05155825614929199,-0.035347696393728256,-0.018498919904232025,-0.0018608346581459045
0.013811953365802765,0.027977706864476204,0.040337540209293365,0.0507454089820385
0.059105034917593,0.06538417190313339,0.06969356536865234,0.07227881997823715
0.073362797498703,0.07295174896717072,0.07079872488975525,0.06654813885688782
0.0599038265645504,0.05068834871053696,0.03879353031516075,0.02414539083838463
0.006808662787079811,-0.012801503762602806,-0.03377891331911087
-0.05479910597205162,-0.07435581088066101,-0.09098981320858002,-0.10343223065137863
-0.11071722209453583,-0.11232922226190567,-0.1083352267742157,-0.0993623360991478
-0.08639755845069885,-0.07054384052753448,-0.052876152098178864,-0.03442440927028656
-0.016174767166376114,0.0009954925626516342,0.01642324961721897,0.029723938554525375
0.04074627906084061,0.0494706965982914,0.055979035794734955,0.06050063297152519
0.06341967731714249,0.0651480108499527,0.06590676307678223
0.0656004399061203,0.0638873428106308,0.060348715633153915,0.05460822954773903
0.046343982219696045,0.03525731712579727,0.021128766238689423,0.004010424017906189
-0.015552228316664696,-0.036449797451496124,-0.057168908417224884,-0.07607294619083405
-0.09163978695869446,-0.10260926187038422,-0.10812122374773026,-0.10786792635917664
-0.1021389365196228,-0.09168949723243713,-0.07751540094614029,-0.0606670081615448
-0.04217778518795967,-0.023063015192747116,-0.004287008196115494
0.01332696434110403,0.029185203835368156,0.04294251650571823,0.054434046149253845
0.06359592080116272,0.07046137750148773,0.07520290464162827,0.07809706032276154
0.07935217022895813,0.0789242833852768,0.07651451975107193,0.07176198065280914
0.06443355977535248,0.0544426403939724,0.04175645112991333,0.026368368417024612
0.008418157696723938,-0.01160911563783884,-0.032771676778793335,-0.053753823041915894
-0.07307745516300201,-0.08930148184299469,-0.10115465521812439
-0.10766831785440445,-0.1083419919013977,-0.10324382036924362
-0.09294603765010834,-0.07832688093185425,-0.060380496084690094,-0.04013217240571976
-0.01863722875714302,0.0030130818486213684,0.02376469597220421,0.04274730011820793
0.05936356633901596,0.07325203716754913,0.08420005440711975,0.09212329983711243
0.09713426232337952,0.09956185519695282,0.09980656951665878,0.09811819344758987
0.09447900205850601,0.08868210762739182,0.08050712198019028,0.0698145180940628
0.056514255702495575,0.04051800072193146,0.0218060240149498,0.0006438679993152618
-0.02220032550394535,-0.04544996842741966,-0.06753794848918915,-0.08687049895524979
-0.10200341045856476,-0.11175739020109177,-0.11537021398544312,-0.1126706451177597
-0.10412253439426422,-0.09065733850002289,-0.07340803742408752,-0.053523361682891846
-0.03212064132094383,-0.010289687663316727,0.010952433571219444,0.03076319769024849
0.04855416715145111,0.06397338956594467,0.07681246101856232
0.08693765848875046,0.0943213701248169,0.09910839796066284,0.10156024247407913
0.10187091678380966,0.10001526027917862,0.0957539975643158,0.0887850746512413
0.07889706641435623,0.06599516421556473,0.05005640536546707,0.031147044152021408
0.009551823139190674,-0.014046979136765003,-0.038497116416692734,-0.06230665743350983
-0.08389024436473846,-0.10177157819271088,-0.11469726264476776,-0.12175142019987106
-0.12250692397356033,-0.11711188405752182,-0.1062108725309372
-0.09073340892791748,-0.07171302288770676,-0.050240010023117065,-0.027469120919704437
-0.004585340619087219,0.017298538237810135,0.03728272765874863,0.05474547669291496
0.06928665935993195,0.08065447956323624,0.08874455094337463,0.09365836530923843
0.09570959955453873,0.0952761098742485,0.09258680045604706,0.08763277530670166
0.08025532960891724,0.07029742747545242,0.05767331272363663,0.04233046993613243
0.024219688028097153,0.003395393490791321,-0.019763357937335968
-0.044375959783792496,-0.06908084452152252,-0.09223373234272003,-0.1121521145105362
-0.12730976939201355,-0.13649994134902954,-0.13901394605636597,-0.13477256894111633
-0.12430974096059799,-0.10859443992376328,-0.0887928381562233,-0.06612195819616318
-0.041817620396614075,-0.01711931824684143,0.006793593987822533,0.02891814149916172
0.048520881682634354,0.06512698531150818,0.07844889909029007,0.08835120499134064
0.09488023072481155,0.0982855036854744,0.09892596304416656
0.0970814973115921,0.09281443059444427,0.08598827570676804,0.07642150670289993
0.0640268623828888,0.04881652444601059,0.030839882791042328,0.010200731456279755
-0.012792710214853287,-0.03742777556180954,-0.06251063942909241,-0.08650514483451843
-0.10778351873159409,-0.12483752518892288,-0.1364138126373291,-0.14162999391555786
-0.1401100754737854,-0.13206547498703003,-0.11820938438177109,-0.09954500198364258
-0.07719012349843979,-0.052317164838314056,-0.026149794459342957
7.468834519386292e-05,0.02520664967596531,0.04829729348421097,0.06864238530397415
0.08573518693447113,0.099205881357193,0.10884122550487518,0.11465293169021606
0.11686176806688309,0.11575404554605484,0.11151662468910217,0.10418782383203506
0.09375280141830444,0.08027945458889008,0.06396401673555374,0.04505377262830734
0.02377588301897049,0.0004263631999492645,-0.024418851360678673,-0.04975708946585655
-0.07420794665813446,-0.09622275829315186,-0.11430241167545319
-0.12714038789272308,-0.13374364376068115,-0.13358336687088013,-0.12672099471092224,-0.11379357427358627,-0.09583307802677155,-0.0740400031208992,-0.04964186251163483
-0.023857973515987396,0.002108931541442871,0.027132293209433556,0.0502597838640213
0.07078396528959274,0.08822854608297348,0.10226093232631683,0.11264923959970474
0.11932912468910217,0.12246253341436386,0.12235172092914581,0.11923769116401672,0.11315727978944778,0.10399817675352097,0.09168415516614914
0.07629559934139252,0.05803259462118149,0.037119001150131226,0.013814359903335571
-0.011421343311667442,-0.03772924840450287,-0.06379402428865433,-0.0880080908536911
-0.108743816614151,-0.12455791980028152,-0.1342981457710266,-0.13720905780792236
-0.1330832839012146,-0.12233273684978485,-0.10585614293813705,-0.08480247855186462
-0.06040448695421219,-0.033926770091056824,-0.006662722676992416,0.02010437101125717
0.04520167410373688,0.06769059598445892,0.08693083375692368
0.10252339392900467,0.11422672867774963,0.12196938693523407,0.12590357661247253
0.12636986374855042,0.12372419238090515,0.11813844740390778,0.1095702201128006
0.09790845960378647,0.08312516659498215,0.06531576067209244,0.04463818669319153
0.021283835172653198,-0.0044074393808841705,-0.0317453034222126,-0.05956298112869263
-0.08629544824361801,-0.11021992564201355,-0.129692941904068,-0.14330849051475525
-0.1500205099582672,-0.14927884936332703,-0.14115235209465027
-0.12632633745670319,-0.1059265285730362,-0.08129260689020157,-0.05384641885757446
-0.025061964988708496,0.0035718604922294617,0.030671464279294014,0.055110540241003036
0.07610375434160233,0.09317009150981903,0.10603488236665726,0.11460325121879578
0.11901666969060898,0.1196596547961235,0.11702243983745575,0.11148114502429962
0.10317523777484894,0.09207876771688461,0.07816838473081589,0.061523325741291046
0.04228559881448746,0.020584523677825928,-0.003411421552300453
-0.029295120388269424,-0.056212395429611206,-0.08283841609954834,-0.1075797975063324,-0.12881988286972046,-0.1450771689414978
0.08007653057575226,0.08001095056533813,0.07407712936401367,0.06342998892068863,0.04979692026972771,0.03512471914291382,0.021316513419151306
0.010053484700620174,0.0026604030281305313,1.7365944131597644e-06,0.0024123757611960173,0.009657412767410278,0.020916426554322243,0.034814465790987015,0.04953519627451897,0.06302940845489502,0.07329661399126053,0.07869184762239456,0.07821044325828552,0.07171612232923508,0.06005644053220749,0.04499606788158417,0.028952578082680702,0.014592594467103481,0.00436969893053174,7.160173845477402e-05,0.002447879407554865,0.01102242898195982,0.024187417700886726
0.0395653061568737,0.05449528247117996,0.06649172306060791,0.0736331045627594
0.07488943636417389,0.07030073553323746,0.06088292971253395,0.04829650744795799
0.03446101024746895,0.021256837993860245,0.010332571342587471,0.0029773900751024485,3.467442365945317e-05,0.00185368862003088,0.008264439180493355,0.018566397950053215
0.031552672386169434,0.045603372156620026,0.0588674321770668,0.06950755417346954
0.07595474272966385,0.07713872939348221,0.0726822167634964
0.06304235011339188,0.049540840089321136,0.03421460837125778,0.019495805725455284
0.007800593972206116,0.0011019364465028048,0.0005432461039163172,0.006175341084599495
0.016919007524847984,0.030796339735388756,0.04534979909658432,0.05809647589921951
0.06693191081285477,0.07047683745622635,0.06832294166088104,0.06107066944241524
0.050108615309000015,0.03723892942070961,0.02432514727115631,0.0130542553961277
0.004792642779648304,0.000493934378027916,0.0006483208271674812
0.005263049155473709,0.013854564167559147,0.025455279275774956,0.03867027163505554
0.051817066967487335,0.06313484162092209,0.07101307064294815,0.07420703023672104
0.07204166799783707,0.06459633260965347,0.05280856043100357,0.038408491760492325
0.023664046078920364,0.011005689390003681,0.0026151398196816444,2.70334003289463e-05
0.0037867282517254353,0.013270298019051552,0.026789484545588493,0.041968438774347305
0.05622384697198868,0.0671965703368187,0.07311760634183884
0.07312550395727158,0.06744010001420975,0.057252466678619385,0.04435516893863678
0.030715156346559525,0.018161512911319733,0.008207638747990131,0.0019502301001921296
1.0086573638545815e-05,0.002509180223569274,0.009079444222152233,0.018895605579018593
0.03073185682296753,0.04306193068623543,0.05422382056713104,0.06263143569231033
0.06699326634407043,0.06651357561349869,0.06105984374880791,0.05126802623271942
0.038534678518772125,0.024852760136127472,0.01250415202230215
0.0036708463449031115,3.661591108539142e-05,0.0024405610747635365,0.010657453909516335
0.023398686200380325,0.038570813834667206,0.053696975111961365,0.06634968519210815
0.07453563809394836,0.07703769952058792,0.07364319264888763,0.06513404846191406
0.053023628890514374,0.039182405918836594,0.025509009137749672,0.013698255643248558
0.005090017803013325,0.0005770989810116589,0.0005546333850361407,0.004901378881186247
0.012992803007364273,0.023746469989418983,0.03571302816271782
0.04723421111702919,0.056661397218704224,0.06258650124073029,0.06403584033250809
0.060628123581409454,0.052704036235809326,0.20339345932006836,0.1684543490409851
0.12595394253730774,0.07747513055801392,0.02496187388896942,-0.029316451400518417
-0.08287033438682556,-0.13318797945976257,-0.17797186970710754,-0.2153070569038391
-0.24370446801185608,-0.26208096742630005,-0.26979151368141174,-0.26673921942710876
-0.25344836711883545,-0.23098306357860565,-0.20073141157627106
-0.16417951881885529,-0.12278102338314056,-0.07793064415454865,-0.030984148383140564
0.016720812767744064,0.06385292857885361,0.10906969010829926,0.15098342299461365
0.18815025687217712,0.21914079785346985,0.24266992509365082,0.2576928734779358,0.2634311318397522,0.25937676429748535,0.24533100426197052,0.22148558497428894
0.18849410116672516,0.14747799932956696,0.09997953474521637,0.047904111444950104,-0.006535656750202179,-0.06090007722377777,-0.1126677393913269
-0.1594494730234146,-0.19919446110725403,-0.23028993606567383,-0.2515530586242676
-0.26222580671310425,-0.2620595097541809,-0.2514209449291229,-0.2312648445367813
-0.20293772220611572,-0.16793881356716156,-0.12776879966259003,-0.08388134837150574
-0.03767554461956024,0.00950605422258377,0.056370556354522705,0.10165159404277802
0.14407220482826233,0.18232417106628418,0.21509681642055511,0.24115225672721863
0.25940901041030884,0.268987774848938,0.26922285556793213
0.25969961285591125,0.24034488201141357,0.21151915192604065,0.17405176162719727
0.12921807169914246,0.07869745790958405,0.02453305572271347,-0.030922265723347664
-0.08511798828840256,-0.13550160825252533,-0.17975053191184998,-0.2159479409456253
-0.24264328181743622,-0.2588411271572113,-0.26403486728668213,-0.2583072781562805
-0.24237488210201263,-0.21747449040412903,-0.185133159160614,-0.14695164561271667
-0.10448682308197021,-0.05921437591314316,-0.012522883713245392
0.03427563235163689,0.07991757243871689,0.12314769625663757,0.16268302500247955
0.1972130835056305,0.22546285390853882,0.24628879129886627,0.25874459743499756
0.26210594177246094,0.25589996576309204,0.23997199535369873,0.2145703285932541
0.1803954690694809,0.1385875940322876,0.0906829684972763,0.03857550024986267
-0.015524078160524368,-0.06917178630828857,-0.11985311657190323,-0.1652115136384964
-0.20325207710266113,-0.23242026567459106,-0.2515820860862732,-0.26004451513290405
-0.25766730308532715,-0.24495314061641693,-0.2229921519756317,-0.19326069951057434
-0.15738125145435333,-0.11695122718811035,-0.07347679883241653,-0.02837367355823517
0.017020992934703827,0.06144535541534424,0.10369903594255447,0.14260059595108032
0.1769481599330902,0.2055397927761078,0.22725875675678253,0.24116724729537964
0.24654525518417358,0.24288153648376465,0.22989805042743683,0.2076464295387268,0.1766103059053421,0.13773106038570404
0.092354416847229,0.04216897487640381,-0.010815087705850601,-0.06429095566272736
-0.11576738208532333,-0.16279110312461853,-0.20319488644599915,-0.2352474480867386
-0.2576736807823181,-0.26963725686073303,-0.2707895040512085,-0.2613702714443207
-0.24223528802394867,-0.21472230553627014,-0.180410236120224,-0.1409093141555786
-0.09776574373245239,-0.05245157331228256,-0.006363697350025177,0.03919267654418945
0.08299512416124344,0.12385453283786774,0.1605701446533203
0.19193971157073975,0.21683572232723236,0.2342984527349472,0.243575781583786
0.24410492181777954,0.23551017045974731,0.2176806628704071,0.1908952295780182
0.15589681267738342,0.11387050151824951,0.06637144833803177,0.015271633863449097
-0.037273287773132324,-0.08889773488044739,-0.1371883898973465,-0.17991435527801514
-0.215216726064682,-0.24166128039360046,-0.2582056224346161,-0.2642208933830261
-0.2596088647842407,-0.2448953241109848,-0.22116965055465698
-0.18988218903541565,-0.15261535346508026,-0.1109304279088974,-0.06631714850664139
-0.020204246044158936,0.026028083637356758,0.07104555517435074,0.11354463547468185
0.15223141014575958,0.1858307421207428,0.2131444215774536,0.23313553631305695,0.24499161541461945,0.24813324213027954,0.24219349026679993,0.22704416513442993
0.2028961181640625,0.17039470374584198,0.1306331306695938,0.08509761095046997
0.03560096025466919,-0.01576372981071472,-0.0666804164648056
-0.11474238336086273,-0.15766820311546326,-0.19352084398269653,-0.22082403302192688
-0.23855306208133698,-0.2461012601852417,-0.24333074688911438,-0.23066844046115875
-0.2091066837310791,-0.18004658818244934,-0.145066037774086,-0.10573992133140564
-0.06356073915958405,-0.019913554191589355,0.023938534781336784,0.06684606522321701
0.10772715508937836,0.14550676941871643,0.1790749579668045,0.20729795098304749
0.229097381234169,0.24354694783687592,0.24991680681705475
0.24767355620861053,0.23650413751602173,0.21639780700206757,0.1877429187297821
0.15136389434337616,0.10848884284496307,0.060701996088027954,0.009911328554153442
-0.04168839380145073,-0.09171359241008759,-0.13778720796108246,-0.17777329683303833
-0.20993775129318237,-0.23298491537570953,-0.2460358589887619,-0.24865446984767914
-0.2409418523311615,-0.2235967069864273,-0.19783084094524384,-0.16516081988811493
-0.12720265984535217,-0.08554995059967041,-0.04172699898481369
0.002830319106578827,0.04679936170578003,0.08897510170936584,0.12822626531124115
0.16344808042049408,0.19356846809387207,0.2175983041524887,0.23467986285686493
0.24410992860794067,0.2453419268131256,0.2379981428384781,0.221931591629982
0.1973191201686859,0.16472585499286652,0.1251189410686493,0.07984568178653717
0.03060397505760193,-0.020583204925060272,-0.0714283362030983,-0.11952140927314758,-0.16253702342510223,-0.19844424724578857,-0.22565226256847382
-0.2430526167154312,-0.25002098083496094,-0.24647550284862518,-0.23295259475708008
-0.21057868003845215,-0.18089143931865692,-0.14558091759681702,-0.10628791153430939
-0.06452496349811554,-0.021666333079338074,0.0210409015417099,0.06244846433401108
0.1014709621667862,0.13704818487167358,0.16811814904212952,0.19363662600517273
0.21263647079467773,0.22427958250045776,0.22789661586284637,0.22303485870361328
0.20951655507087708,0.1875051110982895,0.15755832195281982
0.1206255704164505,0.0779961496591568,0.03125517815351486,-0.017735164612531662
-0.06686373800039291,-0.11386772990226746,-0.1565263271331787,-0.19288569688796997
-0.22140151262283325,-0.2409544289112091,-0.25081685185432434,-0.2506759762763977
-0.24072185158729553,-0.2216949462890625,-0.19479301571846008,-0.16148029267787933
-0.1233157366514206,-0.08184759318828583,-0.03856091946363449,0.00514819473028183
0.04798971861600876,0.08877413719892502,0.12637175619602203
0.15966947376728058,0.18757420778274536,0.20907120406627655,0.22330252826213837
0.2296156883239746,0.22756327688694,0.21690544486045837,0.19766589999198914
0.1702183037996292,0.1353396475315094,0.09419040381908417,0.04825553297996521
-0.0006839409470558167,-0.05056215077638626,-0.09910759329795837,-0.14401108026504517
-0.18313029408454895,-0.2146775722503662,-0.23731714487075806,-0.25015953183174133
-0.2527604103088379,-0.24519029259681702,-0.22810235619544983
-0.20266766846179962,-0.17037145793437958,-0.13280774652957916,-0.09155143797397614
-0.04810156673192978,-0.003871902823448181,0.03980659693479538,0.08168590813875198
0.12060734629631042,0.1555023193359375,0.18536332249641418,0.2092294842004776
0.226237952709198,0.23568691313266754,0.23705023527145386,0.22997570037841797
0.21432726085186005,0.19028320908546448,0.15842795372009277,0.11977465450763702
0.0757206380367279,0.027976468205451965,-0.021485399454832077
-0.07047313451766968,-0.11667609214782715,-0.1578536331653595,-0.19206254184246063
-0.21780622005462646,-0.23404182493686676,-0.24014881253242493,-0.23598888516426086
-0.22201775014400482,-0.199290469288826,-0.16928908228874207,-0.13367368280887604
-0.09410256147384644,-0.05214933305978775,-0.009265147149562836,0.033229753375053406
0.07413972914218903,0.11239418387413025,0.14702197909355164,0.1770901381969452
0.20167748630046844,0.21992628276348114,0.23112855851650238
0.23477256298065186,0.23051857948303223,0.21817804872989655,0.19778156280517578
0.16969384253025055,0.13468213379383087,0.09390154480934143,0.04883110523223877
0.0012285858392715454,-0.046894434839487076,-0.09334126859903336,-0.1358780860900879
-0.1724528670310974,-0.20139911770820618,-0.22150595486164093,-0.23197875916957855
-0.2324371635913849,-0.22301307320594788,-0.20443297922611237,-0.17794886231422424
-0.14513786137104034,-0.10768254101276398,-0.06721820682287216
-0.025262802839279175,0.01680516079068184,0.05774131789803505,0.096421979367733
0.1318265050649643,0.1629950851202011,0.18899300694465637,0.2089286893606186
0.2220238894224167,0.22768908739089966,0.22553907334804535,0.21536897122859955
0.19717887043952942,0.17125964164733887,0.1382734626531601,0.09927217662334442
0.055653803050518036,0.009097978472709656,-0.03847962245345116,-0.08496139943599701
-0.1281341016292572,-0.16590866446495056,-0.19654227793216705
-0.21874824166297913,-0.23169276118278503,-0.23494945466518402,-0.22852687537670135,-0.21296995878219604,-0.1893659085035324,-0.1591833531856537,-0.12404471635818481
-0.0855429619550705,-0.04515616595745087,-0.004235297441482544,0.035987406969070435
0.07439079135656357,0.10995171964168549,0.14170998334884644,0.1687394082546234,0.1901705414056778,0.20524683594703674,0.21337147057056427,0.21411597728729248
0.20720139145851135,0.19251705706119537,0.1701962947845459
0.1407022774219513,0.10487416386604309,0.06389804184436798,0.01923912763595581
-0.027387667447328568,-0.0740257203578949,-0.11853992938995361,-0.15877175331115723
-0.19276058673858643,-0.21893304586410522,-0.2361719012260437,-0.24379566311836243
-0.24155452847480774,-0.22969752550125122,-0.20904441177845,-0.18093302845954895
-0.14700791239738464,-0.10897214710712433,-0.06843461841344833,-0.026863835752010345
0.014417514204978943,0.05423172190785408,0.091527558863163
0.12534454464912415,0.15477655827999115,0.1789579689502716,0.19709913432598114
0.20853886008262634,0.21275833249092102,0.20937447249889374,0.19816388189792633
0.17913593351840973,0.15262754261493683,0.11936534941196442,0.08046173304319382
0.03735712915658951,-0.00824328139424324,-0.054408565163612366,-0.09903523325920105
-0.13997624814510345,-0.17524276673793793,-0.20319408178329468,-0.22262753546237946
-0.232768714427948,-0.23325295746326447,-0.2241753488779068
-0.20616690814495087,-0.18037578463554382,-0.14830508828163147,-0.11159875988960266
-0.07189412415027618,-0.03075532615184784,0.010374773293733597,0.050227925181388855
0.08772987872362137,0.12195724248886108,0.1520651876926422,0.17724665999412537
0.19674766063690186,0.20991477370262146,0.21623580157756805,0.21534688770771027
0.20702721178531647,0.19123153388500214,0.16816283762454987,0.13833707571029663
0.10260508954524994,0.062135688960552216,0.018387705087661743
-0.026908449828624725,-0.07177998870611191,-0.11410316824913025,-0.15178358554840088,-0.18298417329788208,-0.20628924667835236,-0.22072279453277588,-0.2256968915462494
-0.2210366278886795,-0.20709003508090973,-0.18478035926818848,-0.15549232065677643
-0.12084078788757324,-0.08246596157550812,-0.04194168746471405,-0.0007477924227714539
0.03977377712726593,0.0784594938158989,0.11430631577968597,0.14641427993774414
0.1739395558834076,0.19608166813850403,0.21211589872837067
0.22144484519958496,0.22362466156482697,0.21836845576763153,0.20555664598941803
0.1852835863828659,0.15793770551681519,0.12425267696380615,0.08529393374919891
0.04242117702960968,-0.002733953297138214,-0.04829012602567673,-0.0921822041273117
-0.1323045790195465,-0.16672135889530182,-0.19385676085948944,-0.21256709098815918
-0.2221122533082962,-0.2221422791481018,-0.21275962889194489,-0.19459328055381775
-0.16878148913383484,-0.13683170080184937,-0.1004142314195633
-0.06118351221084595,-0.020679093897342682,0.01971004158258438,0.05874514579772949
0.09531978517770767,0.128444641828537,0.1572306901216507,0.18086284399032593,0.1985936164855957,0.20977665483951569,0.21391509473323822,0.21069417893886566
0.19999179244041443,0.18189433217048645,0.15674078464508057,0.1251727193593979
0.08815738558769226,0.04697822779417038,0.003211691975593567,-0.041307102888822556,-0.0845632255077362,-0.12450376898050308,-0.15922023355960846
-0.18712101876735687,-0.20702478289604187,-0.21815125644207,-0.22009722888469696
-0.21288925409317017,-0.19706569612026215,-0.1736784130334854,-0.1441679298877716
-0.11015191674232483,-0.07323142886161804,-0.03488895297050476,0.003542128950357437
0.0408870093524456,0.07613201439380646,0.10840471088886261,0.13692185282707214
0.16092607378959656,0.17965948581695557,0.1924135833978653,0.1986163705587387
0.19787240028381348,0.18995077908039093,0.17478691041469574
0.15253955125808716,0.12367866933345795,0.08902986347675323
0.049746446311473846,0.007252782583236694,-0.03679842874407768,-0.08054375648498535
-0.12195020169019699,-0.1589614450931549,-0.189732164144516,-0.2128201127052307
-0.22723820805549622,-0.23240765929222107,-0.2281423807144165,-0.2147265076637268
-0.1929958611726761,-0.16428792476654053,-0.13023868203163147,-0.0925464928150177
-0.05282966047525406,-0.012582920491695404,0.026839282363653183,0.06425073742866516
0.09865285456180573,0.12921124696731567,0.15519338846206665,0.1759204864501953
0.19077616930007935,0.19926013052463531,0.2010304033756256,0.19588693976402283
0.1837373673915863,0.16462963819503784,0.13885363936424255,0.10703171789646149
0.07013076543807983,0.02941083163022995,-0.013624507933855057,-0.05724569410085678
-0.09951671212911606,-0.13838183879852295,-0.17185577750205994,-0.19825726747512817
-0.21634893119335175,-0.22533224523067474,-0.22480981051921844
-0.21483314037322998,-0.19600747525691986,-0.1695157289505005,-0.13698291778564453
-0.10024221241474152,-0.061109140515327454,-0.02122902125120163,0.017985694110393524
0.05535774677991867,0.08992169797420502,0.12088200449943542,0.14755955338478088
0.16934046149253845,0.18565039336681366,0.19598428905010223,0.1999649703502655
0.19736211001873016,0.18807217478752136,0.17212627828121185,0.14975900948047638
0.12149016559123993,0.08814707398414612,0.050829604268074036
0.010874941945075989,-0.03015962243080139,-0.07052194327116013,-0.10833735764026642
-0.14175404608249664,-0.16912978887557983,-0.18917322158813477,-0.20098374783992767
-0.20403367280960083,-0.19818903505802155,-0.18379758298397064,-0.16174396872520447
-0.13336285948753357,-0.10023815929889679,-0.06400462239980698,-0.026225097477436066
0.011666789650917053,0.04840287193655968,0.08290400356054306,0.11426850408315659
0.14172311127185822,0.16457045078277588,0.18217429518699646
0.1939907670021057,0.1996169239282608,0.19881421327590942,0.1914917677640915
0.17768952250480652,0.15760260820388794,0.13163995742797852,0.10047589987516403
0.06505482643842697,0.026558615267276764,-0.013618465512990952,-0.0538785383105278
-0.09245029091835022,-0.12749125063419342,-0.1572689712047577,-0.18034407496452332
-0.1956591010093689,-0.20252865552902222,-0.20063257217407227,-0.19008542597293854
-0.17151935398578644,-0.14606906473636627,-0.11522489786148071
-0.08061575144529343,-0.04383101314306259,-0.0063383206725120544,0.03054460510611534
0.06567341089248657,0.0980847179889679,0.12696748971939087,0.15161186456680298
0.1713666319847107,0.1856383979320526,0.19393905997276306,0.19593019783496857
0.19141782820224762,0.18032871186733246,0.16273179650306702,0.13891513645648956
0.1094643622636795,0.07528676092624664,0.037570178508758545,-0.002289503812789917
-0.04273664206266403,-0.08206735551357269,-0.1184747964143753
-0.15019440650939941,-0.17571181058883667,-0.1939052790403366,-0.2040424793958664
-0.20572340488433838,-0.19890470802783966,-0.18399754166603088,-0.16192036867141724
-0.13401024043560028,-0.10182231664657593,-0.06693415343761444,-0.030821003019809723
0.005195204168558121,0.03994756564497948,0.07242079824209213,0.10175538063049316
0.12722933292388916,0.14821147918701172,0.1641237884759903,0.17445111274719238
0.1787913590669632,0.17689266800880432,0.16864541172981262
0.1540711522102356,0.13336265087127686,0.10695477575063705,0.07556358724832535
0.04017769545316696,0.002029404044151306,-0.03742833063006401,-0.07654208689928055
-0.11351294815540314,-0.14651677012443542,-0.173879474401474,-0.194250226020813
-0.2066887617111206,-0.21065263450145721,-0.20597729086875916,-0.19292259216308594
-0.1722412407398224,-0.1451614648103714,-0.11323797702789307,-0.07813709229230881
-0.04145738482475281,-0.0046334825456142426,0.031091436743736267
0.06466438621282578,0.0952184647321701,0.12204909324645996,0.14455673098564148
0.162192240357399,0.17444700002670288,0.18088918924331665,0.1812097579240799
0.17523767054080963,0.16293025016784668,0.1443900614976883,0.11993177235126495
0.09014857560396194,0.055929988622665405,0.018436498939990997,-0.020944124087691307
-0.060631122440099716,-0.09887109696865082,-0.13380123674869537,-0.16361004114151
-0.1867506504058838,-0.20209038257598877,-0.2089315950870514
-0.20696856081485748,-0.1963011622428894,-0.17752328515052795,-0.15176571905612946
-0.1205778568983078,-0.08568686991930008,-0.048776596784591675,-0.011358648538589478
0.02527163177728653,0.06002005189657211,0.09196504205465317,0.12033669650554657
0.1444891095161438,0.1638692170381546,0.17800042033195496,0.18649640679359436
0.18908868730068207,0.18563060462474823,0.17608442902565002,0.1605290323495865
0.13920331001281738,0.11256583034992218,0.08133115619421005
0.04646480083465576,0.00915873795747757,-0.029185686260461807,-0.06697698682546616
-0.10248886048793793,-0.1339731067419052,-0.1598261147737503,-0.17875486612319946
-0.18985721468925476,-0.19261212646961212,-0.18687783181667328,-0.17295485734939575
-0.15165191888809204,-0.12424895167350769,-0.09232544898986816,-0.05753982067108154
-0.0214686319231987,0.014466384425759315,0.049021363258361816,0.08114263415336609
0.10997118055820465,0.1348210573196411,0.15513166785240173
0.17042291164398193,0.18028846383094788,0.18442504107952118,0.18266049027442932,0.1749548316001892,0.16138014197349548
0.0001311653759330511,0.0002338797930860892,0.0017075077630579472,0.004357581492513418,0.007876018062233925,0.011861688457429409,0.01585160568356514
0.019359644502401352,0.02191922999918461,0.023135242983698845,0.02275087498128414
0.020718513056635857,0.01724579557776451,0.01279684528708458,0.008050077594816685
0.0038170048501342535,0.0009170937119051814,1.2058098036504816e-05,0.0014402110828086734
0.005114452913403511,0.010519529692828655,0.01679694466292858,0.022889552637934685
0.02773411199450493,0.030484318733215332,0.03070392832159996,0.02844926156103611
0.024211902171373367,0.01876712404191494,0.012993467040359974
0.007709306199103594,0.003554995870217681,0.0009330646134912968,2.3526304175902624e-06
0.0007057362818159163,0.0028081329073756933,0.005939156282693148,0.009645401500165462
0.013446103781461716,0.016877027228474617,0.01951657235622406,0.021006403490900993
0.02108975127339363,0.019671248272061348,0.01686904951930046,0.013030732050538063
0.008710019290447235,0.004611343145370483,0.0014967040624469519,4.612774137058295e-05
0.0006958589074201882,0.003512253984808922,0.008149168454110622
0.01389678381383419,0.019803036004304886,0.024848531931638718,0.028152672573924065,0.02916467934846878,0.02777639403939247,0.024317212402820587,0.01944277435541153,0.013970145024359226,0.00871569849550724,0.004367092624306679,0.0014043274568393826,7.28488594177179e-05,0.0003928610240109265,0.0021869216579943895,0.005120280664414167,0.008754005655646324,0.0126060014590621,0.016204833984375,0.019121894612908363,0.02098969556391239,0.021530721336603165,0.020606685429811478
0.018270215019583702,0.014788255095481873,0.010624218732118607,0.006393407937139273
0.0027975020930171013,0.0005199615843594074,8.23543596197851e-05,0.0017049176385626197
0.005227751564234495,0.01011908333748579,0.015561200678348541,0.020596159622073174
0.02431401051580906,0.02604944258928299,0.02552923746407032,0.022917555645108223
0.018747039139270782,0.013771235011518002,0.00879608653485775,0.004538369365036488
0.0015346306608989835,0.00010378453589510173,0.00035043913521803916
0.0021845069713890553,0.005341917276382446,0.009415870532393456,0.013909276574850082,0.0182949248701334,0.022061826661229134,0.024747146293520927,0.025973547250032425,0.02550651878118515,0.02331836149096489,0.019628172740340233,0.014899560250341892,0.00979781523346901,0.005112671293318272,0.0016444131033495069,5.4164665925782174e-05,0.0007075433386489749,0.0035685368347913027,0.00818665325641632,0.013774057850241661,0.019344354048371315,0.02389238215982914,0.026595477014780045
0.026991158723831177,0.02507001906633377,0.021251525729894638,0.016260448843240738
0.01095225103199482,0.006142680998891592,0.0024848117027431726,0.0004061763174831867
9.456187399337068e-05,0.0015124903293326497,0.0044247666373848915,0.008436975069344044
0.013048358261585236,0.017713278532028198,0.02189374715089798,0.02509588561952114
0.026904232800006866,0.027029989287257195,0.02537333220243454,0.022074595093727112
0.017523212358355522,0.012322396039962769,0.0072255562990903854
0.00304342876188457,0.0005108025507070124,0.0001281909499084577,0.0020309449173510075,0.0059398626908659935,-0.10585343837738037,-0.13006365299224854,-0.14853259921073914,-0.1603611409664154,-0.16502642631530762,-0.16246215999126434,-0.15306398272514343,-0.13761134445667267,-0.11714450269937515,-0.09283880144357681,-0.0658920407295227,-0.037425361573696136,-0.008423484861850739,0.020252691581845284,0.04781144857406616,0.0735001266002655,0.096620574593544,0.11655889451503754
0.13279679417610168,0.1448925882577896,0.15243969857692719,0.15504401922225952
0.15236243605613708,0.14418160915374756,0.13047929108142853,0.11144810914993286
0.08750761300325394,0.059331513941287994,0.027884095907211304,-0.005580287426710129
-0.039593279361724854,-0.07259692251682281,-0.10305516421794891,-0.12952378392219543
-0.15070746839046478,-0.16555333137512207,-0.17336797714233398,-0.17389503121376038
-0.16732493042945862,-0.15425001084804535,-0.13557922840118408
-0.11242573708295822,-0.08599253743886948,-0.057473912835121155,-0.027981676161289215
0.001486312597990036,0.030034560710191727,0.056844547390937805,0.08116847276687622
0.10235010832548141,0.11985012143850327,0.13324376940727234,0.1421802043914795
0.14633530378341675,0.14540447294712067,0.13914692401885986,0.12745709717273712,0.11042819917201996,0.08838845789432526,0.06192011386156082,0.031874462962150574,-0.0006216093897819519,-0.03419332206249237,-0.06730984151363373
-0.09841568022966385,-0.12603551149368286,-0.14883507788181305,-0.16567572951316833
-0.17569708824157715,-0.17842310667037964,-0.17383527755737305,-0.16236189007759094
-0.1447959989309311,-0.12218646705150604,-0.09572631865739822,-0.06664447486400604
-0.03611694276332855,-0.005218923091888428,0.02507668361067772,0.053875524550676346
0.08035717904567719,0.10380195826292038,0.12361542880535126,0.13932497799396515
0.15054289996623993,0.15691617131233215,0.15810918807983398
0.15384292602539062,0.14396485686302185,0.12850689888000488,0.10771948844194412,0.08210507780313492,0.05245941877365112,0.01989264041185379,-0.014204153791069984
-0.04826007038354874,-0.08066494017839432,-0.10989168286323547,-0.13456468284130096
-0.15349972248077393,-0.1657746136188507,-0.17083247005939484,-0.1685587614774704,-0.15928833186626434,-0.14373408257961273,-0.12287066876888275
-0.09782484173774719,-0.0697796642780304,-0.0398809090256691,-0.009174700826406479,0.021392446011304855,0.050937723368406296,0.07862430065870285,0.10368429124355316
0.12545664608478546,0.14339256286621094,0.15701931715011597,0.16590124368667603
0.169630229473114,0.16785268485546112,0.16033145785331726,0.1470189243555069,0.12809979915618896,0.1040012314915657,0.07540704309940338,0.04328758269548416,0.008912023156881332,-0.026207761839032173,-0.06044601649045944,-0.09219770133495331,-0.11996705830097198,-0.1424226313829422
-0.15845739841461182,-0.1672803908586502,-0.1685200333595276,-0.16227836906909943
-0.14909888803958893,-0.1298753023147583,-0.10574830323457718,-0.07799877226352692
-0.04792921990156174,-0.016755826771259308,0.01444290205836296,0.04470549896359444
0.07314513623714447,0.09894385933876038,0.12138287723064423,0.13987107574939728
0.15394364297389984,0.16322848200798035,0.16740356385707855,0.16618652641773224
0.15938232839107513,0.14695973694324493,0.12909652292728424
0.10617656260728836,0.07878224551677704,0.04772515594959259,0.014094438403844833
-0.02075057104229927,-0.05527256801724434,-0.08788321912288666,-0.11705342680215836
-0.1413910984992981,-0.15970206260681152,-0.17107219994068146,-0.1749725043773651
-0.17133381962776184,-0.16054284572601318,-0.14336633682250977,-0.12084037065505981
-0.0941491350531578,-0.06452269852161407,-0.033176667988300323,-0.0012766644358634949
0.030081717297434807,0.05987635999917984,0.08716967701911926
0.11114388704299927,0.13114085793495178,0.14667171239852905,0.1573835015296936
0.16300582885742188,0.1633126139640808,0.15813016891479492,0.14739461243152618,0.1312153935432434,0.10989807546138763,0.08393462747335434,0.05401027202606201
0.021051481366157532,-0.013727419078350067,-0.048852868378162384,-0.08271360397338867
-0.11371557414531708,-0.14039862155914307,-0.16149571537971497,-0.1759805977344513,-0.18314872682094574,-0.1827111840248108,-0.17484433948993683
-0.16016171872615814,-0.1396256983280182,-0.11443150043487549,-0.0858810618519783
-0.05527573078870773,-0.023847848176956177,0.0072767846286296844,0.03708779811859131
0.06468464434146881,0.08928731083869934,0.11025914549827576,0.1271139681339264
0.13949455320835114,0.14712348580360413,0.14975257217884064,0.1471610963344574
0.13921797275543213,0.12595760822296143,0.10761693865060806,0.08463236689567566
0.05763130635023117,0.02745317667722702,-0.00481448695063591
-0.037849050015211105,-0.07018071413040161,-0.10031803697347641,-0.1268562525510788
-0.14853405952453613,-0.16427265107631683,-0.1732572317123413,-0.17504915595054626,-0.169659823179245,-0.15753963589668274,-0.139491468667984,-0.1165507435798645
-0.08987120538949966,-0.060635119676589966,-0.029988184571266174,0.0009948834776878357
0.03131214529275894,0.06002744659781456,0.0862777978181839,0.10929616540670395,0.12843608856201172,0.14317992329597473,0.15312549471855164
0.15795916318893433,0.15742498636245728,0.15132278203964233,0.13957014679908752
0.12229590862989426,0.09989787638187408,0.07304659485816956,0.042663656175136566
0.009898677468299866,-0.023906320333480835,-0.05729004368185997,-0.0887707993388176
-0.11693212389945984,-0.1404804289340973,-0.15829266607761383,-0.16948194801807404
-0.1734907478094101,-0.1701747179031372,-0.1598205864429474,-0.14309155941009521
-0.12094312906265259,-0.09452719241380692,-0.06508079916238785
-0.03381958603858948,-0.0018680952489376068,0.02975645661354065,0.060118433088064194
0.08833777159452438,0.11359812319278717,0.13518771529197693,0.1525353342294693
0.16519926488399506,0.17281749844551086,0.17506688833236694,0.17166931927204132
0.1624508500099182,0.14742542803287506,0.12685318291187286,0.10124554485082626
0.07135148346424103,0.03816760331392288,0.002948325127363205,-0.03282872214913368
-0.06755242496728897,-0.0996011272072792,-0.12745347619056702
-0.14976418018341064,-0.165429949760437,-0.1736721694469452,-0.17412592470645905
-0.16689583659172058,-0.15254367887973785,-0.13200818002223969,-0.10648944228887558
-0.07732899487018585,-0.04589730501174927,-0.01350441575050354,0.018648920580744743
0.049482330679893494,0.07803241163492203,0.10346587002277374,0.12511283159255981
0.14248692989349365,0.15526339411735535,0.16322001814842224,0.16617682576179504
0.16397406160831451,0.15650701522827148,0.14378848671913147
0.1259881556034088,0.10344462096691132,0.07668230682611465,0.046446070075035095,0.013738628476858139,-0.020180370658636093,-0.05386793240904808,-0.08581432700157166
-0.11454316973686218,-0.13868314027786255,-0.15703529119491577,-0.1686536967754364,-0.17294049263000488,-0.16972452402114868,-0.15927913784980774,-0.1422683298587799,-0.1196533590555191,-0.09259763360023499,-0.06238667666912079,-0.030356787145137787
0.0021849162876605988,0.03403424471616745,0.06411612033843994
0.0914694294333458,0.11524680256843567,0.13475044071674347,0.14946427941322327
0.15904349088668823,0.1632615327835083,0.16195423901081085,0.1550149917602539
0.14245149493217468,0.12445460259914398,0.10143309086561203,0.07400897145271301
0.043003253638744354,0.009443916380405426,-0.025421852245926857,-0.06016251817345619
-0.09325919300317764,-0.1232241690158844,-0.14869025349617004,-0.16846415400505066
-0.18157818913459778,-0.18736718595027924,-0.1855596899986267
-0.17633764445781708,-0.16031783819198608,-0.1384609192609787,-0.11195380985736847,-0.08209386467933655,-0.05018582195043564,-0.01746644824743271,0.01493658497929573
0.04601147398352623,0.07483905553817749,0.10057337582111359,0.12245815247297287
0.13986557722091675,0.15232422947883606,0.15950879454612732,0.1611924171447754
0.1572159379720688,0.14752089977264404,0.1322154998779297,0.11160803586244583
0.08619958907365799,0.0566888302564621,0.024008125066757202
-0.010652381926774979,-0.045874305069446564,-0.08010006695985794,-0.11175469309091568
-0.13935840129852295,-0.1616029441356659,-0.17739728093147278,-0.18592378497123718
-0.18673628568649292,-0.17985041439533234,-0.16574916243553162,-0.14530575275421143
-0.119680255651474,-0.09021437913179398,-0.05831809341907501,-0.025351352989673615
0.007466282695531845,0.039075613021850586,0.06853979825973511,0.09501983970403671
0.11780241131782532,0.13633780181407928,0.15023472905158997
0.15920570492744446,0.16300301253795624,0.1614057570695877,0.15427164733409882
0.14160983264446259,0.12363145500421524,0.10075826197862625,0.073606938123703
0.04299671947956085,0.009984660893678665,-0.02413315325975418,-0.05790092423558235
-0.08982774615287781,-0.11848580837249756,-0.1425594985485077,-0.16087955236434937
-0.17248639464378357,-0.1767301708459854,-0.17336629331111908,-0.1625979244709015
-0.1450440138578415,-0.12165176868438721,-0.0936017706990242
-0.06222393363714218,-0.02890145033597946,0.005031995475292206,0.03835544362664223
0.06996143609285355,0.09882915765047073,0.12403392791748047,0.14480748772621155
0.1605905145406723,0.17102858424186707,0.17591935396194458,0.17514973878860474
0.16866929829120636,0.1565251648426056,0.13892847299575806,0.11629512906074524
0.08924312144517899,0.05857276916503906,0.02526264637708664,-0.009517420083284378
-0.04441875219345093,-0.07798366248607635,-0.10874360054731369
-0.13530012965202332,-0.1563834249973297,-0.17091098427772522,-0.17807339131832123
-0.1774439662694931,-0.16905805468559265,-0.1534145474433899,-0.13140644133090973
-0.1042194813489914,-0.07322897017002106,-0.039892494678497314,-0.005640499293804169
0.028205934911966324,0.06047036126255989,0.0901210755109787,0.1162705197930336
0.13819533586502075,0.1553587019443512,0.1674061417579651,0.1741255223751068
0.1753906011581421,0.17112788558006287,0.16132867336273193
0.14609847962856293,0.12571370601654053,0.100645512342453,0.07155551016330719
0.0393042266368866,0.00497586652636528,-0.03012356162071228,-0.0645282045006752
-0.09671761095523834,-0.12522214651107788,-0.14870867133140564,-0.16605383157730103
-0.17641381919384003,-0.17928460240364075,-0.1745421588420868,-0.16246750950813293
-0.1437481939792633,-0.11942461133003235,-0.09078293293714523,-0.059224553406238556
-0.026142463088035583,0.007155962288379669,0.03946977108716965
0.06970599293708801,0.09689102321863174,0.12019529938697815,0.13896018266677856
0.15271034836769104,0.1611422896385193,0.1640850156545639,0.1614527404308319
0.15323804318904877,0.13955722749233246,0.12069904804229736,0.09713716059923172
0.0695168673992157,0.03864927589893341,0.005525905638933182,-0.028671417385339737
-0.0626014992594719,-0.0948372483253479,-0.12395869195461273,-0.14864635467529297
-0.16774991154670715,-0.18032732605934143,-0.1856999397277832
-0.18354672193527222,-0.1739858090877533,-0.15757739543914795,-0.13524837791919708
-0.10818881541490555,-0.07774502038955688,-0.04530841112136841,-0.01221509650349617
0.020318804308772087,0.05121147260069847,0.07949765771627426,0.10432065278291702
0.12495607137680054,0.14085152745246887,0.15164145827293396,0.15711453557014465
0.15715810656547546,0.151722252368927,0.14083239436149597,0.12464485317468643
0.10349498689174652,0.07790211588144302,0.04855894297361374
0.016349002718925476,-0.017617017030715942,-0.05200223624706268,-0.08531948924064636
-0.11605995893478394,-0.14280997216701508,-0.16431376338005066,-0.17950642108917236
-0.18756915628910065,-0.18802404403686523,-0.18082833290100098,-0.16639727354049683
-0.14553456008434296,-0.11932794749736786,-0.0890563577413559,-0.056100256741046906
-0.021846741437911987,0.012395713478326797,0.04544667899608612,0.07625361531972885
0.10387403517961502,0.12748771905899048,0.14642776548862457
0.16018718481063843,0.1684117317199707,0.17089799046516418,0.16757921874523163
0.1585114598274231,0.14389264583587646,0.12409914284944534,0.0996926799416542
0.07139326632022858,0.04005671292543411,0.006682947278022766,-0.027561865746974945
-0.061361055821180344,-0.09332101792097092,-0.12205618619918823,-0.1462509036064148
-0.16471222043037415,-0.17643672227859497,-0.1807064414024353,-0.17719322443008423
-0.1660236269235611,-0.14777922630310059,-0.12343730032444
-0.09427237510681152,-0.061738550662994385,-0.027343079447746277,0.007470559328794479
0.041398853063583374,0.07329481095075607,0.10215244442224503,0.12710830569267273
0.14747336506843567,0.1627650260925293,0.17269539833068848,0.17710943520069122
0.1759227216243744,0.16910529136657715,0.15671683847904205,0.1389651745557785
0.11624547094106674,0.0891469344496727,0.05844927579164505,0.025129377841949463
-0.009627304971218109,-0.0444449782371521,-0.077832892537117
-0.10829481482505798,-0.1344248652458191,-0.15497280657291412
-0.1689022332429886,-0.1754675805568695,-0.17430052161216736,-0.16547279059886932
-0.149502694606781,-0.12729662656784058,-0.10005418956279755,-0.06915450841188431
-0.03602984547615051,-0.0020617209374904633,0.03147447109222412,0.06342307478189468,0.0927380919456482,0.11848527193069458,0.13987991213798523,0.1563296616077423
0.16744321584701538,0.17300420999526978,0.17292176187038422,0.16718609631061554
0.15587428212165833,0.13919603824615479,0.11752719432115555,0.0914158821105957
0.06158024072647095,0.028916403651237488,-0.0054780952632427216,-0.04030434787273407
-0.07413293421268463,-0.105519600212574,-0.13309906423091888,-0.15563005208969116
-0.17201590538024902,-0.18134865164756775,-0.1830088049173355,-0.17678743600845337
-0.1629544347524643,-0.14224296808242798,-0.11577104032039642,-0.0849258154630661
-0.051236592233181,-0.01625373214483261,0.018552523106336594
0.05185220390558243,0.08247846364974976,0.10943855345249176,0.13192304968833923
0.1493145227432251,0.16119623184204102,0.1673484444618225,0.16772234439849854
0.16240191459655762,0.15156972408294678,0.13549239933490753,0.11454007774591446
0.08922474831342697,0.06022149324417114,0.028372719883918762,-0.005307577550411224
-0.03964221477508545,-0.07332731783390045,-0.1049959734082222,-0.1332978904247284
-0.15696823596954346,-0.1748800277709961,-0.18610846996307373
-0.1900142878293991,-0.18632225692272186,-0.17516829073429108,-0.15710023045539856
-0.13304561376571655,-0.10425208508968353,-0.07217712700366974,-0.03833851218223572
-0.004180040210485458,0.02900628000497818,0.06009114906191826,0.08808726817369461
0.11215396970510483,0.1316307932138443,0.14605712890625,0.1551605761051178
0.1588270664215088,0.15705573558807373,0.14991725981235504,0.13755673170089722
0.12023243308067322,0.09834819287061691,0.0724654421210289
0.04329751431941986,0.011705681681632996,-0.021280212327837944,-0.05444396287202835
-0.08642348647117615,-0.11581580340862274,-0.14128413796424866,-0.1616220474243164
-0.17580226063728333,-0.1830386221408844,-0.18285615742206573,-0.17515750229358673,-0.16026490926742554,-0.13891373574733734,-0.11218997836112976,-0.08142732083797455
-0.048087142407894135,-0.013636283576488495,0.02055339515209198,0.053251273930072784,0.08335742354393005,0.10987682640552521,0.13193336129188538
0.14883747696876526,0.16015493869781494,0.16570958495140076,0.16551417112350464
0.1596909761428833,0.14844299852848053,0.13207881152629852,0.11104704439640045
0.08593877404928207,0.057461678981781006,0.026429764926433563,-0.0062051452696323395
-0.03931320831179619,-0.07160048186779022,-0.10169771313667297,-0.12827137112617493
-0.15009404718875885,-0.16607806086540222,-0.17532086372375488,-0.1771925389766693
-0.1714467704296112,-0.15829530358314514,-0.13839538395404816
-0.11276259273290634,-0.08266331255435944,-0.04951343685388565,-0.014781340956687927
0.02010079100728035,0.0538083091378212,0.08516378700733185,0.11314557492733002
0.13688941299915314,0.1557009220123291,0.1690838485956192,0.17676588892936707
0.17868360877037048,0.17491328716278076,0.1655949354171753,0.15092016756534576
0.13119326531887054,0.10690329968929291,0.07874255627393723,0.04756597429513931
0.014354802668094635,-0.019773725420236588,-0.053556010127067566
-0.08562944084405899,-0.1146274283528328,-0.13926798105239868,-0.1584095060825348
-0.1710951328277588,-0.17661479115486145,-0.17458590865135193,-0.16502788662910461
-0.14839737117290497,-0.12556146085262299,-0.09771279245615005,-0.06624874472618103
-0.0326412096619606,0.0016745105385780334,0.03536941856145859,0.06724807620048523
0.09625423699617386,0.12147463113069534,0.14215479791164398,0.15773023664951324
0.1678491234779358,0.1723642349243164,0.17128723859786987
0.16472043097019196,0.1528225690126419,0.1358414888381958,0.11416780948638916
0.08835242688655853,0.059094786643981934,0.027242690324783325,-0.006192885339260101
-0.040031298995018005,-0.07294975966215134,-0.10356025397777557,-0.13049986958503723
-0.15248708426952362,-0.1683688759803772,-0.17720656096935272,-0.17838989198207855
-0.1717391312122345,-0.15755894780158997,-0.13661770522594452,-0.11006107926368713
-0.0792958065867424,-0.04586853086948395,-0.011346980929374695
0.022792061790823936,0.055244043469429016,0.08489274978637695,0.11077997088432312
0.13209490478038788,0.1482066810131073,0.1587064564228058,0.16342222690582275
0.1623847931623459,0.15575794875621796,0.1437867134809494,0.1267954707145691
0.10521270334720612,0.07958953082561493,0.05060076713562012,0.019041337072849274,-0.014158662408590317,-0.04790671914815903,-0.08094785362482071,-0.1119227260351181,-0.13947299122810364,-0.16234298050403595,-0.17943662405014038
-0.18984998762607574,-0.1929270327091217,-0.18834452331066132,-0.17619019746780396
-0.15699581801891327,-0.1317034214735031,-0.10157500207424164,-0.06808207184076309,-0.03279097378253937,0.002759236842393875,0.037160132080316544,0.06918628513813019
0.09780013561248779,0.12213825434446335,0.14150846004486084,0.15540795028209686
0.1635470688343048,0.16584691405296326,0.1623944789171219,0.15338264405727386,0.1390848457813263,0.11987621337175369,0.09626339375972748
0.06888546049594879,0.03849893808364868,0.005984831601381302,-0.027622679248452187,-0.06112734600901604,-0.093215212225914
0.003324490273371339,0.0024623253848403692,0.0016352125676348805,0.0009203052031807601,0.00038019850035198033,6.547423981828615e-05,1.3520138963940553e-05
0.00024106443743221462,0.0007353112450800836,0.0014501570258289576,0.0023067377042025328,0.0031946562230587006,0.0039762770757079124,0.004502604249864817,0.004645659122616053,0.0043406435288488865,0.003618664341047406,0.0026118371170014143,0.0015297449426725507,0.0006139412289485335,7.913047738838941e-05,5.8230343711329624e-05,0.0005702675553038716
0.0015218919143080711,0.0027379090897738934,0.004004815127700567,0.005114748142659664
0.005903315730392933,0.006275706458836794,0.006215400528162718
0.00577352661639452,0.005044300574809313,0.004137844312936068,0.0031610087025910616,0.0022082533687353134,0.0013581650564447045,0.0006739785894751549,0.00020806498650927097,5.533468993235147e-06,0.0001020830386551097,0.0005161796580068767,0.001237425021827221
0.002213805913925171,0.003342702751979232,0.00447075255215168,0.005408224184066057
0.005963413044810295,0.005993451923131943,0.005454452708363533,0.004427972715348005
0.0031106534879654646,0.0017709028907120228,0.0006864745519123971
8.073453500401229e-05,7.498978811781853e-05,0.0006687412387691438,0.001750512165017426
0.0031303400173783302,0.0045784637331962585,0.0058629862032830715,0.006789057981222868
0.007234055548906326,0.007164088077843189,0.0066248527728021145,0.005717461928725243
0.004576370120048523,0.0033503000158816576,0.0021810943726450205,0.0011876382632181048
0.0004602318804245442,6.252871389733627e-05,3.557384843588807e-05,0.00039665677468292415
0.0011305802036076784,0.0021790212485939264,0.0034345784224569798
0.0047431448474526405,0.0059168073348701,0.0067597441375255585,0.007107492070645094
0.00687136547639966,0.006071250885725021,0.004840421956032515,0.0033972396049648523
0.0019945609383285046,0.0008655690471641719,0.00017856538761407137,7.284283583430806e-06
0.00032423724769614637,0.0010184941347688437,0.0019272625213488936,0.0028687813319265842
0.0036732605658471584,0.00421213498339057,0.004419165663421154,0.004293111152946949
0.0038814120925962925,0.003258913289755583,0.002513074316084385
0.0017348448745906353,0.0010127719724550843,0.0004316452541388571,7.436339365085587e-05
1.9968347260146402e-05,0.0003326153673697263,0.0010439608013257384,0.002135775052011013
0.0035286317579448223,0.005078245420008898,0.006580826826393604,0.0077948737889528275,0.008486024104058743,0.008488183841109276,0.0077593945898115635,0.0064078522846102715
0.0046751792542636395,0.002882235450670123,0.0013547218404710293,0.000349170935805887
9.614390705792175e-08,0.0003025043988600373,0.001130035612732172
0.002275378443300724,0.0034955856390297413,0.004554992076009512,0.005266960244625807
0.005528707057237625,0.005334170069545507,0.00475690932944417,0.003916148561984301
0.0029463081154972315,0.001976557308807969,0.0011187599739059806,0.00046300922986119986
7.890443521318957e-05,1.8112916222889908e-05,0.00031169745489023626,0.0009610011475160718
0.0019289253978058696,0.00313587742857635,0.004458714742213488,0.005734589882194996
0.006776612717658281,0.007404640316963196,0.00748481834307313
0.006964840926229954,0.005897042341530323,0.004444197751581669,0.0028578147757798433
0.0014279630267992616,-0.020455263555049896,-0.002364702522754669,0.01558443158864975,0.032583948224782944,0.047936782240867615,0.061049073934555054,0.07144366204738617,0.07879704236984253,0.08297121524810791,0.0840197503566742,0.08215375989675522,0.07767865061759949,0.07093999534845352,0.06229191645979881,0.05207674205303192,0.040612053126096725,0.028184249997138977,0.015058424323797226
0.0015096571296453476,-0.01214614324271679,-0.025541551411151886,-0.03826550021767616
-0.04987567663192749,-0.05990361049771309,-0.06785733997821808,-0.07323774695396423,-0.07558390498161316,-0.07455119490623474,-0.06999631971120834,-0.062023673206567764
-0.05097808316349983,-0.03740929067134857,-0.022024203091859818,-0.005622869357466698
0.010978268459439278,0.027020249515771866,0.0418480709195137,0.05491505563259125
0.06577026844024658,0.07406659424304962,0.07959170639514923
0.08229484409093857,0.08227858692407608,0.07974782586097717,0.07495138049125671
0.06815121322870255,0.0596063993871212,0.049553949385881424,0.03819970414042473
0.025731146335601807,0.012347964569926262,-0.001699579879641533,-0.01607520692050457
-0.030338838696479797,-0.04395764693617821,-0.05633360892534256,-0.0668260008096695
-0.07477349042892456,-0.07954667508602142,-0.0806451141834259,-0.07779797911643982
-0.07100985944271088,-0.060556262731552124,-0.04696708917617798
-0.03099501132965088,-0.013551551848649979,0.00438845157623291,0.021895205602049828
0.038165442645549774,0.052544597536325455,0.06450624018907547,0.07364410161972046
0.07970371842384338,0.0826202929019928,0.08252343535423279,0.07970321178436279
0.07453975081443787,0.0674150139093399,0.05865428224205971,0.04851383715867996
0.03718653321266174,0.02481779083609581,0.011545982211828232,-0.0024439245462417603
-0.016875039786100388,-0.03136128932237625,-0.045429833233356476
-0.05855736881494522,-0.07018166780471802,-0.07969300448894501,-0.08645854145288467
-0.08991117775440216,-0.08965861052274704,-0.0855477824807167,-0.07767249643802643
-0.06636036187410355,-0.052165351808071136,-0.03584684804081917,-0.018305521458387375,-0.00047853775322437286,0.016766339540481567,0.032689131796360016,0.04667612537741661,0.058217309415340424,0.06691361218690872,0.0725221037864685
0.07499958574771881,0.07449677586555481,0.07129238545894623,0.06570713222026825
0.05804618448019028,0.048585593700408936,0.03758269548416138,0.025282006710767746,0.011917566880583763,-0.0022662077099084854,-0.016977068036794662,-0.031848300248384476
-0.04643755406141281,-0.06024198979139328,-0.07271194458007812,-0.0832512378692627
-0.091223806142807,-0.09600932896137238,-0.0971088707447052,-0.0942460224032402
-0.0874166339635849,-0.0768902525305748,-0.0631888210773468,-0.047048669308423996,-0.02935042604804039,-0.01101972907781601,0.0070627424865961075
0.024113114923238754,0.039463166147470474,0.052559759467840195,0.06296458840370178
0.07037879526615143,0.0746777206659317,0.07591033726930618,0.07425714284181595
0.06997431814670563,0.06334837526082993,0.05467516928911209,0.04425017535686493
0.032357923686504364,0.019277773797512054,0.005310727283358574,-0.00919460691511631
-0.02383347786962986,-0.038150496780872345,-0.05165019631385803,-0.06381247937679291
-0.07410576939582825,-0.08198991417884827,-0.0869312509894371
-0.08845654875040054,-0.08623574674129486,-0.08015578240156174,-0.070355623960495
-0.05722786486148834,-0.04140002653002739,-0.02368732914328575,-0.005011413246393204
0.013696778565645218,0.03157510608434677,0.047867223620414734,0.06193290650844574
0.07325798273086548,0.0814766064286232,0.08640720695257187,0.0880744531750679
0.08667676150798798,0.08251446485519409,0.0759308859705925,0.06727894395589828
0.056897807866334915,0.04509936645627022,0.03216541185975075
0.018353480845689774,0.00391879677772522,-0.010851232334971428,-0.02560359239578247,-0.03989659994840622,-0.053205233067274094,-0.06495518982410431,-0.07455112785100937
-0.08138898015022278,-0.08489260077476501,-0.08460170030593872,-0.08027338981628418
-0.07194353640079498,-0.05993488430976868,-0.044822391122579575,-0.027375854551792145
-0.00849512591958046,0.01086631789803505,0.029783539474010468,0.04742550104856491
0.06308473646640778,0.07617568224668503,0.08624124526977539
0.09299040585756302,0.09633183479309082,0.0963592529296875,0.0932936817407608
0.08742398768663406,0.07907572388648987,0.0686020627617836,0.05636559799313545
0.042709313333034515,0.027952086180448532,0.012418311089277267,-0.0035280082374811172
-0.019474506378173828,-0.03497695550322533,-0.049569446593523026,-0.06275154650211334
-0.0739743560552597,-0.08264662325382233,-0.0881742537021637,-0.09004326909780502
-0.08791947364807129,-0.08171426504850388,-0.07160387933254242
-0.058028675615787506,-0.041675079613924026,-0.02342001348733902,-0.004242110997438431
0.01487896591424942,0.03304460272192955,0.049475740641355515,0.06352424621582031,0.07468618452548981,0.0826290100812912,0.08723115921020508,0.08859262615442276
0.08697014302015305,0.08267149329185486,0.07598859071731567,0.06718841940164566
0.0565219447016716,0.044228170067071915,0.03054274246096611,0.015722360461950302,8.131377398967743e-05,-0.01598631776869297,-0.032017163932323456
-0.04749967157840729,-0.061878904700279236,-0.07455085217952728,-0.08487196266651154
-0.09220224618911743,-0.0959799736738205,-0.09580821543931961,-0.09152717888355255
-0.08325133472681046,-0.07136423885822296,-0.05648261308670044,-0.03940426558256149
-0.021036416292190552,-0.0023033488541841507,0.015935571864247322,0.03292775899171829
0.048030003905296326,0.06069399416446686,0.07047465443611145,0.07707245647907257
0.08036647737026215,0.08040794730186462,0.07738068699836731
0.07154587656259537,0.06319846212863922,0.05264906585216522,0.04022100940346718
0.026251722127199173,0.011096611618995667,-0.0048617031425237656,-0.02120370790362358
-0.037467822432518005,-0.05314922332763672,-0.06770595908164978,-0.08056460320949554
-0.09112562984228134,-0.09879361093044281,-0.10303600132465363,-0.10344649106264114,-0.09979681670665741,-0.09207388758659363,-0.08050744980573654,-0.06558649241924286,-0.04803702235221863,-0.028747286647558212,-0.00867321714758873
0.011241471394896507,0.03012390434741974,0.047203823924064636,0.06182070076465607
0.07343411445617676,0.08165788650512695,0.08630655705928802,0.0874202698469162
0.08523568511009216,0.08010967820882797,0.072438083589077,0.06260419636964798,0.050961580127477646,0.037837132811546326,0.023541104048490524,0.00838487222790718
-0.007291882298886776,-0.023102805018424988,-0.038623709231615067,-0.05340997129678726
-0.06698833405971527,-0.07883118093013763,-0.08834901452064514
-0.09492114186286926,-0.09796645492315292,-0.09703611582517624,-0.09189905971288681
-0.08260048925876617,-0.06948545575141907,-0.05318819731473923,-0.03457939997315407,-0.014660067856311798,0.005565619096159935,0.025179196149110794,0.04338305816054344
0.059502843767404556,0.07298294454813004,0.08340215682983398,0.09050929546356201,0.09424254298210144,0.09470774978399277,0.0921279564499855,0.0867864191532135
0.07898195832967758,0.0690079778432846,0.05714651942253113
0.04367019608616829,0.028860483318567276,0.01303691416978836,-0.0034154001623392105
-0.020026128739118576,-0.03624489903450012,-0.05147142708301544,-0.06507960706949234
-0.0764230266213417,-0.0848454087972641,-0.08972948789596558,-0.09059444069862366
-0.08719971030950546,-0.07959200441837311,-0.06808473914861679,-0.05321356654167175
-0.03569919988512993,-0.016409222036600113,0.003704298287630081,0.02369300276041031,0.042687177658081055,0.059924155473709106
0.07475100457668304,0.08663387596607208,0.0951838344335556,0.10019431263208389,0.10165618360042572,0.09972064197063446,0.09463747590780258,0.08671120554208755
0.07628100365400314,0.06370973587036133,0.04937019571661949,0.033631935715675354
0.016871578991413116,-0.0004917364567518234,-0.0179769117385149,-0.035058822482824326
-0.05119418352842331,-0.06582371890544891,-0.07835628092288971,-0.08816772699356079
-0.09464061260223389,-0.09724841266870499,-0.09565430134534836
-0.08977340161800385,-0.07977773249149323,-0.06606525927782059,-0.04923439770936966
-0.030080493539571762,-0.009567301720380783,0.011265160515904427,0.03141672909259796
0.050006527453660965,0.06630101799964905,0.07972195744514465,0.0898633822798729
0.09650860726833344,0.0996236577630043,0.0993182510137558,0.09578896313905716
0.08927595615386963,0.0800488218665123,0.0684087872505188,0.054688818752765656
0.0392446331679821,0.022448386996984482,0.0046970415860414505
-0.013571184128522873,-0.03186416253447533,-0.049634452909231186,-0.06628518551588058
-0.0811733677983284,-0.09362240135669708,-0.1029583141207695,-0.10856742411851883
-0.10997132956981659,-0.10690262913703918,-0.09935888648033142,-0.08762341737747192
-0.07224922627210617,-0.05401228368282318,-0.03384893387556076,-0.012782637029886246
0.008165672421455383,0.02806292101740837,0.04610128328204155,0.06159137934446335
0.07396894693374634,0.08283700793981552,0.08800285309553146
0.0894729495048523,0.08740796148777008,0.08207042515277863,0.07379061728715897
0.06293977797031403,0.049904387444257736,0.03507503122091293,0.01885068789124489
0.0016543753445148468,-0.016043759882450104,-0.03371836245059967,-0.0508088581264019
-0.06674231588840485,-0.08093607425689697,-0.09279179573059082,-0.10170557349920273
-0.10711037367582321,-0.10854659974575043,-0.10573043674230576,-0.09859691560268402
-0.08732560276985168,-0.07235568016767502,-0.05437644571065903
-0.0342758446931839,-0.013051137328147888,0.008287651464343071,0.0287903044372797
0.04760487377643585,0.06398898363113403,0.07731583714485168,0.08710337430238724
0.09306266903877258,0.09512154757976532,0.09339594841003418,0.08813580870628357
0.07969105988740921,0.06850015372037888,0.055062130093574524,0.03988327831029892,0.023440789431333542,0.006191164255142212,-0.011408589780330658,-0.02889995276927948,-0.04581829532980919,-0.06166874244809151,-0.07590991258621216
-0.08796121180057526,-0.09722810983657837,-0.10313843935728073,-0.10519448667764664
-0.10304667800664902,-0.09656216204166412,-0.08586147427558899,-0.07132934778928757
-0.053601570427417755,-0.033517610281705856,-0.012044355273246765,0.009814715012907982
0.031101278960704803,0.05094914883375168,0.068606436252594,0.08345410972833633
0.09501909464597702,0.1029847264289856,0.10720808804035187,0.10772882401943207
0.10474590212106705,0.09856458008289337,0.08953402936458588
0.07799974828958511,0.06429381668567657,0.048761334270238876,0.03179161250591278
0.01382821798324585,-0.004639618098735809,-0.02308369241654873,-0.040931336581707
-0.05756422132253647,-0.072336345911026,-0.08459809422492981,-0.09371836483478546
-0.09912440180778503,-0.10036302357912064,-0.09716271609067917,-0.08949261158704758
-0.07760883867740631,-0.06205609440803528,-0.04361686855554581,-0.023224450647830963
-0.0018642544746398926,0.019500695168972015,0.03997050225734711
0.05873143672943115,0.07506823539733887,0.08837921917438507,0.09821446239948273
0.10431826859712601,0.10663478821516037,0.10527410358190536,0.10046540200710297
0.09251846373081207,0.0818033218383789,0.0687355101108551,0.053748659789562225
0.037272267043590546,0.019739527255296707,0.0016088001430034637,-0.016627326607704163
-0.03444693610072136,-0.0513068325817585,-0.06664025783538818,-0.07984406501054764
-0.09028244763612747,-0.09733559936285019,-0.10048358887434006
-0.09938175231218338,-0.09390004724264145,-0.08414015173912048,-0.070450559258461
-0.053431592881679535,-0.03390798717737198,-0.012858506292104721,0.008683595806360245
0.029729729518294334,0.049405310302972794,0.06696613878011703,0.08177286386489868
0.09328222274780273,0.1010918989777565,0.10499725490808487,0.10500025749206543
0.10127117484807968,0.09409888088703156,0.08384854346513748,0.07093199342489243
0.0557904914021492,0.03888249769806862,0.020672235637903214
0.001626681536436081,-0.017767416313290596,-0.03697879612445831,-0.055426739156246185
-0.07249811291694641,-0.0875663161277771,-0.1000007838010788,-0.10917923599481583
-0.11452410370111465,-0.11556859314441681,-0.1120324656367302,-0.10388198494911194
-0.09136521816253662,-0.07501686364412308,-0.0556216686964035,-0.034142252057790756
-0.011631272733211517,0.010853808373212814,0.032319799065589905,0.05188240110874176
0.06878495961427689,0.08240380883216858,0.09226568043231964
0.09808748960494995,0.0998084545135498,0.09756907820701599,0.09164691716432571
0.08240926265716553,0.07029566168785095,0.05579531192779541,0.03941194713115692
0.021637428551912308,0.0029497556388378143,-0.016166038811206818,-0.035192664712667465
-0.05357309430837631,-0.07072155177593231,-0.08603658527135849,-0.09891282767057419
-0.10874968022108078,-0.11496110260486603,-0.11702914535999298,-0.11461124569177628
-0.10763268917798996,-0.09631063789129257,-0.08112207055091858
-0.0627545416355133,-0.04206142574548721,-0.020008672028779984
0.002400735393166542,0.02420196868479252,0.04450729116797447,0.06251704692840576
0.07754253596067429,0.08904486149549484,0.09666812419891357,0.10025850683450699
0.09985720366239548,0.09566938877105713,0.08803160488605499,0.0773741826415062
0.06417644768953323,0.048930440098047256,0.0321122445166111,0.014171205461025238
-0.004440100863575935,-0.02322247624397278,-0.04162079095840454,-0.05904345586895943
-0.07487750798463821,-0.08848857879638672,-0.09922243654727936,-0.10643882304430008
-0.10958637297153473,-0.10828303545713425,-0.10236847400665283,-0.09193215519189835
-0.07732407003641129,-0.059145860373973846,-0.03822244703769684,-0.015546280890703201
0.007807118818163872,0.03077390044927597,0.052375052124261856,0.07174603641033173
0.08814364671707153,0.1009691134095192,0.10981271415948868,0.11448632180690765
0.11501581966876984,0.11160179227590561,0.10456661880016327
0.09430355578660965,0.0812462568283081,0.06585617363452911,0.04861144721508026
0.029999785125255585,0.0105208158493042,-0.009302028454840183,-0.028903048485517502
-0.04767152667045593,-0.06497453153133392,-0.08018038421869278,-0.09266272187232971
-0.10179837793111801,-0.10699550062417984,-0.10776977986097336,-0.103835329413414
-0.09516748040914536,-0.08203113824129105,-0.06497611850500107,-0.04479455202817917,-0.022452160716056824,0.0009906850755214691,0.024457991123199463
0.04692631959915161,0.06747711449861526,0.0853291004896164,0.09985102713108063
0.11056902259588242,0.1171765923500061,0.1195455938577652,0.11773025989532471
0.11195077747106552,0.10255799442529678,0.08999387919902802,0.07475548982620239
0.0573652982711792,0.03835441544651985,0.01826777309179306,-0.002316361293196678
-0.022778034210205078,-0.04247279092669487,-0.06076648831367493,-0.07706283032894135
-0.09080010652542114,-0.10143062472343445,-0.10842747241258621
-0.11133638024330139,-0.10984572023153305,-0.1038413792848587,-0.09343289583921432
-0.07896116375923157,-0.060998134315013885,-0.04032731428742409,-0.01788698509335518
0.005320187658071518,0.028310813009738922,0.050156544893980026,0.06997878849506378
0.08694673329591751,0.10031917691230774,0.10952432453632355,0.11422919481992722
0.11436458677053452,0.1101047471165657,0.10181569308042526,0.08999481797218323
0.07521753013134003,0.05809157341718674,0.03922438248991966
0.019211824983358383,-0.0013574287295341492,-0.021896423771977425,-0.04182639345526695
-0.06059076264500618,-0.07765606790781021,-0.09249632805585861,-0.1045728474855423
-0.1133224219083786,-0.11818332225084305,-0.11867697536945343,-0.11450686305761337
-0.10562431812286377,-0.09225893765687943,-0.07492803782224655,-0.05442008376121521
-0.0317453071475029,-0.008047081530094147,0.015515683218836784,0.03786579519510269
0.05805353447794914,0.07527348399162292,0.08887897431850433
0.09840656071901321,0.10361001640558243,0.10447212308645248,0.10116827487945557
0.09400761127471924,0.08339256793260574,0.06980070471763611,0.053761549293994904
0.0358162485063076,0.01648895815014839,-0.0037013404071331024,-0.024201512336730957
-0.04439806938171387,-0.06362856924533844,-0.08121773600578308,-0.09651327133178711
-0.10890243202447891,-0.11781040579080582,-0.12271280586719513,-0.12318771332502365
-0.11899591237306595,-0.11014940589666367,-0.09693048894405365
-0.07986512780189514,-0.05968114733695984,-0.037267230451107025,-0.013625342398881912
0.010195983573794365,0.03318176418542862,0.054414406418800354,0.07309714704751968
0.08855478465557098,0.10024891793727875,0.1078149676322937,0.11109905689954758
0.11016441136598587,0.10525013506412506,0.09670844674110413,0.08496112376451492
0.07046862691640854,0.053699761629104614,0.03512977063655853,0.015271790325641632
-0.005298905074596405,-0.02594701759517193,-0.04599880799651146
-0.06478025019168854,-0.08164925873279572,-0.09600117802619934,-0.10726014524698257
-0.1148758977651596,-0.11834675073623657,-0.1172790676355362,-0.11146499216556549
-0.10094352811574936,-0.08602144569158554,-0.06725986301898956,-0.04544501006603241
-0.021551448851823807,0.0033144094049930573,0.028011176735162735,0.051469847559928894
0.07274710386991501,0.09102297574281693,0.10560035705566406,0.11594510078430176
0.12175355106592178,0.12299148738384247,0.11986181139945984
0.112724170088768,0.10202592611312866,0.08827102929353714,0.07200702279806137
0.05380559712648392,0.03423956409096718,0.013869546353816986,-0.006754344329237938
-0.02707691676914692,-0.04652515798807144,-0.06451401114463806,-0.08045786619186401
-0.09376370161771774,-0.10380994528532028,-0.10996199399232864,-0.11166220158338547
-0.10855086147785187,-0.10054503381252289,-0.08785343915224075,-0.07095397263765335
-0.05056360363960266,-0.027603324502706528,-0.0031436122953891754
0.021674744784832,0.04573139548301697,0.06799677014350891,0.0875592902302742
0.10362766683101654,0.11555004119873047,0.1228734701871872,0.1254151463508606
0.12328119575977325,0.11680521816015244,0.10645291209220886,0.09275997430086136
0.07631394267082214,0.057738982141017914,0.037661630660295486,0.016682814806699753
-0.004617856815457344,-0.025655753910541534,-0.04582933336496353,-0.0645398274064064
-0.08121253550052643,-0.09529567509889603,-0.10625054687261581
-0.11355200409889221,-0.1167193278670311,-0.11538629978895187,-0.10937800258398056,-0.09875224530696869,-0.08380453288555145
0.004596886690706015,0.0028158368077129126,0.0013805171474814415,0.0004277569823898375,1.735254227241967e-05,0.00014315175940282643,0.0007467337418347597
0.001726047950796783,0.0029419565107673407,0.004227665718644857,0.005403317976742983,0.006295525468885899,0.006760233081877232,0.0067066471092402935,0.006118233781307936,0.0050645084120333195,0.0037002190947532654,0.002251365454867482,0.0009871470974758267
0.00017729337560012937,3.7335030356189236e-05,0.0006743359845131636,0.0020517169032245874
0.003983977250754833,0.0061631277203559875,0.008215991780161858,0.009784473106265068,0.010606391355395317,0.010567514225840569,0.009709964506328106
0.008206105791032314,0.006315236911177635,0.004333131946623325,0.0025390498340129852
0.0011491612531244755,0.0002903482527472079,1.455319420529122e-07,0.0002439978561596945
0.0009368087630718946,0.0019609604496508837,0.0031787841580808163,0.00444230530411005
0.005601908080279827,0.006514223292469978,0.007053894456475973,0.0071310196071863174
0.0067089758813381195,0.00581750925630331,0.004560116678476334,0.003114063059911132
0.0017147012986242771,0.0006176696624606848,4.648065805668011e-05
0.00014135539822746068,0.0009235411416739225,0.0022839773446321487,0.0039997524581849575
0.005776605568826199,0.0073080770671367645,0.008335871621966362,0.008696668781340122
0.008346782065927982,0.007362202275544405,0.005917995702475309,0.004254101309925318
0.002630694070830941,0.0012806585291400552,0.00037471982068382204,6.729027973051416e-06
0.0001958911889232695,0.0008989013731479645,0.0020233280956745148,0.0034378094132989645
0.0049807000905275345,0.006472403649240732,0.007733677979558706
0.008605366572737694,0.008966370485723019,0.008751465007662773,0.00796730536967516
0.006699856836348772,0.005109124816954136,0.0034118781331926584,0.0018540635937824845
0.0006741120596416295,6.074759949115105e-05,0.00011407732381485403,0.0008190114749595523
0.002038419945165515,0.0035342175979167223,0.005015984643250704,0.006202428601682186
0.006877802312374115,0.006931795738637447,0.006375032011419535,0.005327153950929642
0.003985104151070118,0.0025824985932558775,0.0013464057119563222
0.00045849368325434625,3.1321163987740874e-05,0.00010421370825497434,0.0006519693997688591
0.0015977182192727923,0.0028255812358111143,0.004192254971712828,0.005538603290915489
0.006702704820781946,0.007535858545452356,0.007921005599200726,0.00779087096452713
0.007143884431570768,0.006052075885236263,0.0046547530218958855,0.003142095636576414
0.001733464770950377,0.000647544686216861,6.549531099153683e-05,9.44524144870229e-05
0.0007403296185657382,0.0018988546216860414,0.003369124373421073
0.004889975767582655,0.006193018052726984,0.007056343834847212,0.007344020996242762
0.007024845574051142,0.006168812047690153,0.0049262456595897675,0.0034989251289516687
0.0021090565714985132,0.0009662704542279243,0.00023329198302235454,7.613022035002359e-07
0.0002816404739860445,0.0010217508533969522,0.0021155637223273516,0.003420002991333604
0.004767175763845444,0.005981216207146645,0.006898535881191492,0.007386519107967615
0.0073616704903542995,0.006807842757552862,0.005787113681435585
0.0044373092241585255,0.0029561424162238836,0.001575829228386283,0.0005317729664966464
2.552123805799056e-05,-0.013625326566398144,-0.032182518392801285,-0.04978535324335098
-0.06560926139354706,-0.07889735698699951,-0.08901563286781311,-0.09551018476486206
-0.09815042465925217,-0.09693688154220581,-0.09207791090011597,-0.08394730091094971
-0.07303999364376068,-0.0599483922123909,-0.045340877026319504,-0.02990001067519188
-0.01424068957567215,0.0011338423937559128,0.015827326104044914
0.029517432674765587,0.04191553592681885,0.052737750113010406,0.06169205158948898
0.06848292052745819,0.0728282481431961,0.07447697222232819,0.07323503494262695
0.0690014511346817,0.06179111823439598,0.05174008384346962,0.039112139493227005
0.024307459592819214,0.0078620295971632,-0.009557249024510384,-0.027164891362190247
-0.044101640582084656,-0.05950736254453659,-0.07259093225002289,-0.08268816769123077
-0.08930888026952744,-0.09217396378517151,-0.09123797714710236
-0.08667439222335815,-0.07882639765739441,-0.06816652417182922,-0.05528220534324646
-0.040850818157196045,-0.025578685104846954,-0.010130144655704498,0.004923222586512566
0.019129853695631027,0.032156504690647125,0.04375467076897621,0.05371743068099022
0.06185247004032135,0.06797635555267334,0.0719141960144043,0.07349149137735367
0.07254032790660858,0.06894470751285553,0.06269297003746033,0.05389157310128212
0.042752474546432495,0.02959069237112999,0.014835827052593231
-0.0009613092988729477,-0.01714138500392437,-0.03297034651041031,-0.047689080238342285
-0.06057082861661911,-0.07097173482179642,-0.07836607098579407,-0.08237648010253906
-0.08280764520168304,-0.07967133820056915,-0.07318133115768433,-0.06371485441923141
-0.051767073571681976,-0.037918128073215485,-0.022797543555498123,-0.0070379991084337234
0.008767124265432358,0.024095650762319565,0.038513194769620895,0.05166532099246979,0.06325038522481918,0.0729897990822792,0.08060605823993683
0.0858202651143074,0.08838086575269699,0.08810405433177948,0.08489923179149628
0.07878196239471436,0.06987838447093964,0.0584229938685894,0.044761136174201965
0.029354974627494812,0.012779600918293,-0.004299009218811989,-0.021158233284950256
-0.03705277666449547,-0.051250286400318146,-0.06307512521743774,-0.07195927202701569,-0.07749582082033157,-0.07948102056980133,-0.07792799174785614
-0.07304220646619797,-0.06517095118761063,-0.054763276129961014,-0.04234912618994713
-0.028513174504041672,-0.01385575532913208,0.0010465551167726517,0.0156722292304039
0.02957531437277794,0.04238884150981903,0.0538073368370533,0.06356169283390045
0.0714094340801239,0.0771406888961792,0.08057691156864166,0.08156467974185944
0.07999037206172943,0.07581384479999542,0.0690900981426239,0.05996495857834816
0.04866116866469383,0.035477034747600555,0.02080613002181053,0.005161067470908165,-0.010829854756593704,-0.02646227553486824,-0.04100758582353592
-0.053752247244119644,-0.06403486430644989,-0.07130835950374603,-0.07521700859069824
-0.0756407231092453,-0.07267716526985168,-0.06657981872558594,-0.057709529995918274
-0.046537041664123535,-0.03365926817059517,-0.01976962760090828,-0.0055778659880161285
0.008279078640043736,0.021300315856933594,0.03313705325126648,0.04355459660291672
0.05237576737999916,0.05944760888814926,0.06463192403316498,0.06780017912387848
0.06882492452859879,0.06757915019989014,0.06396123766899109
0.057939041405916214,0.049577321857213974,0.03903375566005707,0.026554595679044724
0.012487811967730522,-0.002702699974179268,-0.018434597179293633,-0.034025806933641434
-0.04873552918434143,-0.061811961233615875,-0.07254834473133087,-0.08035482466220856
-0.08482496440410614,-0.08577170222997665,-0.08322888612747192,-0.07742616534233093
-0.06875155866146088,-0.057716529816389084,-0.04492383822798729,-0.031027425080537796
-0.016683392226696014,-0.0024975258857011795,0.011023994535207748
0.02349810115993023,0.03464750573039055,0.04425869882106781,0.052143365144729614
0.058128390461206436,0.062068235129117966,0.06384550780057907,0.06336279213428497
0.06055222451686859,0.05539701133966446,0.04795030876994133,0.03834979981184006
0.02682797610759735,0.013718778267502785,-0.0005439817905426025,-0.015439431183040142
-0.03037366271018982,-0.04469156637787819,-0.05770353972911835,-0.06873764097690582
-0.07720260322093964,-0.08264428377151489,-0.08478965610265732
-0.08356931060552597,-0.07910870015621185,-0.07169856131076813,-0.061765801161527634
-0.04984884336590767,-0.03656600043177605,-0.02256631851196289,-0.008464550599455833
0.005217378959059715,0.018074987456202507,0.02980988845229149,0.040201377123594284
0.049073707312345505,0.056264545768499374,0.061601683497428894,0.06490171700716019
0.06599898636341095,0.06478488445281982,0.061233893036842346,0.05541412532329559
0.04748082906007767,0.0376611165702343,0.026250388473272324
0.013616051524877548,0.00019584596157073975,-0.01350463181734085,-0.026918809860944748
-0.03943963348865509,-0.05045360326766968,-0.05938878655433655,-0.0657670646905899
-0.06924282014369965,-0.06962746381759644,-0.06690894067287445,-0.061258576810359955
-0.05300436168909073,-0.042581092566251755,-0.03049464151263237,-0.01730624958872795
-0.0036093052476644516,0.010020358487963676,0.0230844896286726,0.0351937860250473
0.04605221748352051,0.055415160953998566,0.06305563449859619
0.06876078248023987,0.07235469669103622,0.07371726632118225,0.07278122007846832
0.06952543556690216,0.06398317217826843,0.05625937506556511,0.04654354602098465
0.035114262253046036,0.022338692098855972,0.00866532139480114,-0.0053899576887488365
-0.019258474931120872,-0.03233831003308296,-0.044022709131240845,-0.0537346675992012
-0.0609697662293911,-0.06534600257873535,-0.06664954125881195,-0.06485556066036224
-0.06011504307389259,-0.05272267386317253,-0.043083999305963516
-0.03169725462794304,-0.019136346876621246,-0.006001243367791176,0.007149874232709408
0.019849468022584915,0.03173629194498062,0.04253576695919037,0.05202297866344452
0.05999690666794777,0.06627430021762848,0.07068895548582077,0.07308104634284973
0.07329116761684418,0.07118426263332367,0.06669542193412781,0.05986399203538895
0.05083183944225311,0.03982673957943916,0.027167581021785736,0.013280350714921951
-0.0013044998049736023,-0.015975037589669228,-0.030071746557950974
-0.042924247682094574,-0.053886108100414276,-0.06238119676709175,-0.06796976923942566,-0.07040095329284668,-0.06961560994386673,-0.06571918725967407,-0.0589681975543499,-0.04976974055171013,-0.03866653889417648,-0.026299800723791122,-0.013351678848266602
-0.0004695095121860504,0.011805722489953041,0.023072808980941772,0.03305964916944504
0.041595011949539185,0.048580482602119446,0.053960058838129044,0.057691361755132675
0.059725333005189896,0.05999618396162987,0.05842747539281845
0.05495404079556465,0.04954662173986435,0.04222395643591881,0.03305524215102196
0.022177178412675858,0.009833447635173798,-0.0035932632163167,-0.017582904547452927
-0.031504128128290176,-0.04465299844741821,-0.05630993843078613,-0.06580968201160431
-0.07260484248399734,-0.0763140395283699,-0.07675497978925705,-0.07395781576633453
-0.06815454363822937,-0.05974738299846649,-0.04926716536283493,-0.03733379393815994
-0.024615351110696793,-0.011773297563195229,0.00060279481112957
0.012048718519508839,0.022244706749916077,0.030993741005659103,0.038177575916051865
0.04371922090649605,0.04756052792072296,0.04965227097272873,0.049958743155002594
0.04846617206931114,0.04518456757068634,0.040154457092285156,0.03345924988389015
0.02522953599691391,0.01564495824277401,0.004944724962115288,-0.006558115128427744
-0.018468420952558517,-0.03031286969780922,-0.04155872017145157,-0.0516485758125782
-0.06004755198955536,-0.0662882924079895
-0.07000192254781723,-0.0709448754787445,-0.0690305233001709,-0.06434573233127594
-0.05713784322142601,-0.04778800904750824,-0.03678525611758232,-0.024695802479982376
-0.012117130681872368,0.00038206949830055237,0.01231330819427967,0.0232873372733593
0.03300963342189789,0.04126671701669693,0.04789525270462036,0.05274936556816101
0.055707819759845734,0.05671118199825287,0.055774904787540436,0.05296813324093819
0.04839233309030533,0.04217911139130592,0.034497570246458054,0.025552496314048767
0.015573684126138687,0.004820629954338074,-0.006390482187271118,-0.017667025327682495
-0.0285488273948431,-0.03853702172636986,-0.047130733728408813,-0.05386324226856232
-0.0583358071744442,-0.060259345918893814,-0.059497982263565063,-0.05609092116355896
-0.050241317600011826,-0.042279720306396484,-0.03262363374233246,-0.02174665778875351
-0.010152261704206467,0.0016511119902133942,0.013181088492274284,0.024026187136769295
0.03388194739818573,0.042544059455394745,0.04986235499382019
0.055700935423374176,0.05993163585662842,0.06244569644331932,0.06316523253917694
0.062045298516750336,0.05907266587018967,0.05427805706858635,0.04775337874889374
0.0396529920399189,0.030184414237737656,0.019610974937677383,0.00826970860362053
-0.003416622057557106,-0.014950813725590706,-0.025796806439757347,-0.03542294353246689
-0.043329622596502304,-0.04907212406396866,-0.05230866000056267,-0.05286194756627083
-0.05075033754110336,-0.04616548493504524,-0.03942054137587547
-0.030912719666957855,-0.02111300453543663,-0.010556183755397797,0.00019701197743415833
0.010626370087265968,0.020320840179920197,0.029011297971010208,0.03655078634619713
0.04286196082830429,0.04788653552532196,0.05156298354268074,0.05383068695664406
0.054637301713228226,0.05393756181001663,0.05169304832816124,0.04788556322455406
0.04254057630896568,0.035738520324230194,0.027602996677160263,0.01829344779253006
0.00803256407380104,-0.002856263890862465,-0.013944560661911964
-0.02472236193716526,-0.03463354706764221,-0.04312366619706154,-0.04968525841832161
-0.05389181524515152,-0.05543816462159157,-0.054192181676626205,-0.050227392464876175
-0.04380900040268898,-0.03535078465938568,-0.02537740394473076,-0.014493497088551521
-0.003337746486067772,0.007485491223633289,0.017476297914981842,0.026280442252755165
0.03369160741567612,0.03962419182062149,0.04407336190342903,0.04707685485482216
0.048676542937755585,0.048884663730859756,0.04767701402306557
0.04501669853925705,0.040890589356422424,0.03533358871936798,0.028420016169548035
0.020237872377038002,0.010892551392316818,0.0005524605512619019,-0.01050477847456932
-0.02188543602824211,-0.033111825585365295,-0.04366111010313034,-0.05299019068479538
-0.060567013919353485,-0.06592577695846558,-0.06872906535863876,-0.0688118115067482
-0.06619139760732651,-0.061046190559864044,-0.05368218570947647,-0.04450313374400139
-0.033986762166023254,-0.022663187235593796,-0.01108589954674244
0.00021164678037166595,0.0107644721865654,0.02021106891334057,0.02830086648464203,0.034871965646743774,0.03981751203536987,0.04306447133421898,0.04457087814807892
0.044335585087537766,0.042409565299749374,0.038893524557352066,0.03391985967755318
0.027635149657726288,0.020195581018924713,0.011775776743888855,0.0025846175849437714
-0.007119881920516491,-0.01702423021197319,-0.02676386944949627,-0.03593221306800842,-0.044095393270254135,-0.05081334710121155,-0.055664654821157455
-0.05829574912786484,-0.05849514156579971,-0.056241732090711594,-0.05169830843806267
-0.045169588178396225,-0.03705170750617981,-0.02779589220881462,-0.017885103821754456
-0.007802683860063553,0.002004791982471943,0.011159699410200119,0.01938007026910782
0.02648208662867546,0.03234846144914627,0.036899469792842865,0.04009180888533592
0.04192189499735832,0.042416974902153015,0.04161747545003891,0.03955227509140968
0.03622708469629288,0.03164519742131233,0.025841180235147476
0.018902786076068878,0.010979721322655678,0.0022884998470544815,-0.006880445405840874
-0.01616007834672928,-0.025118790566921234,-0.033286742866039276,-0.040188781917095184
-0.045381560921669006,-0.04849392548203468,-0.04926488921046257,-0.04758214205503464,-0.04350695759057999,-0.037259068340063095,-0.029180511832237244,-0.01970633864402771
-0.009337378665804863,0.0013899123296141624,0.01194392703473568,0.021853459998965263
0.03075559437274933,0.03841093182563782,0.044684797525405884
0.049509447067976,0.05285083130002022,0.05469895526766777,0.05507193133234978
0.054006729274988174,0.05154077336192131,0.047712329775094986,0.042583972215652466
0.03626396134495735,0.028898727148771286,0.02064512111246586,0.011664101853966713
0.002151705324649811,-0.007621900178492069,-0.017297668382525444,-0.02644551545381546
-0.03460123389959335,-0.0413026362657547,-0.04611990600824356,-0.04869396612048149
-0.04879101365804672,-0.0463552288711071,-0.04153069108724594
-0.03463565930724144,-0.02610025182366371,-0.016413826495409012,-0.006108568981289864
0.004256008192896843,0.0141401756554842,0.02309061586856842,0.030794255435466766
0.03708798438310623,0.041925057768821716,0.045328810811042786,0.047355856746435165
0.04807695001363754,0.04757002368569374,0.04590867832303047,0.04314582049846649
0.03931385278701782,0.034445904195308685,0.02859143726527691,0.021815545856952667
0.01420542225241661,0.005897508934140205,-0.002888706512749195
-0.011830907315015793,-0.02051313780248165
-0.028458084911108017,-0.035161782056093216,-0.04014182090759277,-0.04301651567220688
-0.043579306453466415,-0.04182853922247887,-0.037953078746795654,-0.03228288143873215
-0.025224950164556503,-0.017222829163074493,-0.00874541699886322,-0.00027063116431236267
0.007755637634545565,0.014972131699323654,0.02113712951540947,0.026127593591809273
0.029911376535892487,0.0325080081820488,0.03395707532763481,0.03430610150098801
0.033603787422180176,0.03188956528902054,0.029188966378569603,0.025520581752061844
0.020911742001771927,0.015413399785757065,0.009102381765842438,0.0020730281248688698
-0.005559073761105537,-0.013629714958369732,-0.021894266828894615,-0.030017636716365814
-0.037598684430122375,-0.04421309381723404,-0.04944479465484619,-0.05290806293487549
-0.0542888380587101,-0.05340621620416641,-0.05025641247630119,-0.04500994831323624
-0.03797616437077522,-0.02957022562623024,-0.020291076973080635
-0.01069042831659317,-0.0013195276260375977,0.007337409537285566,0.014916112646460533
0.021191401407122612,0.026063619181513786,0.02952452376484871,0.031623292714357376
0.03244160860776901,0.03207077831029892,0.030597025528550148,0.028098009526729584
0.0246440302580595,0.020309263840317726,0.015184108167886734,0.0093680489808321
0.0029561640694737434,-0.003950327634811401,-0.011210737749934196,-0.01861807517707348
-0.025899454951286316,-0.032736822962760925,-0.03879014402627945
-0.04372061789035797,-0.04721910506486893,-0.0490366593003273,-0.04901152104139328
-0.047090426087379456,-0.04333723708987236,-0.03792257606983185,-0.031109068542718887
-0.023243498057127,-0.014739511534571648,-0.00603879801928997,0.0024326276034116745
0.010290926322340965,0.017216352745890617,0.02299319952726364,0.027540545910596848
0.030888892710208893,0.033113595098257065,0.03428509831428528,0.034465134143829346
0.03371579572558403,0.03209161013364792,0.029624877497553825
0.026323379948735237,0.02218802459537983,0.01723894290626049,0.011530801653862
0.00516375619918108,-0.001696825958788395,-0.008806314319372177,-0.01584443636238575
-0.022430073469877243,-0.028144948184490204,-0.03257216885685921,-0.03535499423742294
-0.03625772148370743,-0.03519167751073837,-0.032203637063503265,-0.02745615504682064
-0.02121087908744812,-0.013812433928251266,-0.005678772926330566,0.00271528959274292
0.010883478447794914,0.018391210585832596,0.024914491921663284
0.030275896191596985,0.03443489223718643,0.03743799030780792,0.03936294466257095
0.04028074070811272,0.04023710638284683,0.03925047442317009,0.03732879087328911
0.034497857093811035,0.030816802754998207,0.026365866884589195,0.021222244948148727
0.015451844781637192,0.009127240628004074,0.002362034283578396,-0.004660166800022125
-0.011678922921419144,-0.01836474798619747,-0.024331875145435333,-0.029167797416448593
-0.03248614817857742,-0.03398805111646652,-0.03351437300443649
-0.03107140026986599,-0.02681705355644226,-0.02102159522473812,-0.014033451676368713
-0.006262646988034248,0.0018336595967411995,0.009784409776329994,0.017156481742858887
0.023606255650520325,0.028914451599121094,0.03299582749605179,0.03587813302874565
0.03765636309981346,0.038447968661785126,0.03836538642644882,0.03749307245016098
0.0358673594892025,0.03347976505756378,0.030301596969366074,0.026305753737688065,0.02147812768816948,0.015829050913453102,0.009415347129106522
0.002363758161664009,-0.005124456249177456,-0.012771794572472572,-0.020209621638059616
-0.02699214778840542,-0.03266211599111557,-0.03682323545217514,-0.039183780550956726
-0.03957778587937355,-0.03797592595219612,-0.03448840603232384,-0.02935779094696045
-0.022936001420021057,-0.015648668631911278,-0.00795808807015419,-0.00032167695462703705
0.006849193014204502,0.013215611688792706,0.018532738089561462,0.0226677767932415
0.025593403726816177,0.02735801972448826,0.02804957516491413
0.027763234451413155,0.026582632213830948,0.02458043582737446,0.02183213084936142
0.018425052985548973,0.014451395720243454,0.009992142207920551,0.0051072631031274796
-0.00015490315854549408,-0.00573768699541688,-0.011560410261154175,-0.017502950504422188
-0.023389551788568497,-0.028979256749153137,-0.0339699313044548,-0.038021378219127655
-0.04079197719693184,-0.04198649525642395,-0.04141312837600708,-0.03902828320860863
-0.034947797656059265,-0.029423164203763008,-0.022801605984568596
-0.015495838597416878,-0.007968982681632042,-0.0007086740806698799,0.005831145215779543
0.011295911855995655,0.015466945245862007,0.018267452716827393,0.019746774807572365
0.020043296739459038,0.0193399116396904,0.01782916486263275,0.01568896323442459
0.01306892279535532,0.010087678208947182,0.006831752136349678,0.003354158252477646
-0.0003216736949980259,-0.004195684567093849,-0.00827542133629322,-0.012541018426418304
-0.016914110630750656,-0.02125081792473793,-0.02534809336066246
-0.02895854227244854,-0.03181765228509903,-0.03367673233151436,-0.03433080390095711
-0.03363940864801407,-0.03154594823718071,-0.028095075860619545,-0.023434236645698547
-0.017790934070944786,-0.011445974931120872,-0.004727879539132118,0.0019823862239718437
0.00827306229621172,0.0137656070291996,0.018198862671852112,0.021481670439243317
0.0236708652228117,0.024898409843444824,0.025305306538939476,0.02500820718705654
0.02409570850431919,0.02263229712843895,0.02065456472337246
0.018177729099988937,0.015219176188111305,0.01180882565677166,0.007976106368005276,0.0037439651787281036,-0.00085071986541152
