2.901593325077556e-05,2.972710171889048e-05,2.722209319472313e-05,2.2686259399051778e-05,1.75177410710603e-05,1.28585079437471e-05
9.444947863812558e-06,7.604414349771105e-06,7.411734259221703e-06,8.954888471635059e-06
1.2389037692628335e-05,1.7724099961924367e-05,2.4671708160894923e-05,3.268621730967425e-05,4.1057563066715375e-05,4.891492426395416e-05,5.520023842109367e-05,5.890488318982534e-05
5.9481604694155976e-05,5.702796624973416e-05,5.216460340307094e-05,4.573424666887149e-05
3.858868876704946e-05,3.1580038921674713e-05,2.5503184588160366e-05,2.0914165361318737e-05
1.8036704204860143e-05,1.68100195878651e-05,1.7013577235047705e-05
1.8518485376262106e-05,2.151994704036042e-05,2.6479548978386447e-05,3.3848933526314795e-05
4.3717591324821115e-05,5.5442484153900295e-05,6.747978477505967e-05,7.774199184495956e-05
8.440754027105868e-05,8.633404650026932e-05,8.297611930174753e-05,7.4608156864997e-05
6.256969209061936e-05,4.901529973722063e-05,3.6215074942447245e-05,2.5710112822707742e-05
1.800467725843191e-05,1.2847264770243783e-05,9.672932719695382e-06,8.005446034076158e-06
7.635413567186333e-06,8.578455890528858e-06,1.0965737601509318e-05
1.4874482985760551e-05,2.0158620827714913e-05,2.6412855731905438e-05,3.297536022728309e-05
3.8900747313164175e-05,4.3091691622976214e-05,4.469539999263361e-05,4.354648262960836e-05
4.020916094304994e-05,3.55270822183229e-05,3.0105136829661205e-05,2.4241193386842497e-05
1.836999217630364e-05,1.3316265722096432e-05,9.85890619631391e-06,8.222461474360898e-06
8.168433851096779e-06,9.353932910016738e-06,1.146001977758715e-05,1.4077243577048648e-05
1.6534178939764388e-05,1.7882382962852716e-05,1.7213669707416557e-05
1.4277641639637295e-05,9.786553164303768e-06,5.048134880780708e-06,1.4346256875796826e-06
2.3184520969721234e-09,1.2958971637999639e-06,5.260824309516465e-06,1.1147329132654704e-05
1.7612323063076474e-05,2.316829159099143e-05,2.669982313818764e-05,2.7726868211175315e-05
2.640815182530787e-05,2.337648402317427e-05,1.9510336642269976e-05,1.5675524991820566e-05
1.247225191036705e-05,1.0194756214332301e-05,8.973180229077116e-06,8.868494660418946e-06
9.966816833184566e-06,1.2512195098679513e-05,1.6923517250688747e-05
2.361261795158498e-05,3.263751568738371e-05,4.3437299609649926e-05,5.500407496583648e-05
6.632104486925527e-05,7.658168760826811e-05,8.503124990966171e-05,9.07419525901787e-05
9.282139217248186e-05,9.099292219616473e-05,8.591354708187282e-05,7.886238017817959e-05
7.119165093172342e-05,6.396007665898651e-05,5.777031401521526e-05,5.293607682688162e-05
4.977013304596767e-05,4.8499598051421344e-05,4.906467074761167e-05,5.118217450217344e-05
5.446808063425124e-05,5.844883344252594e-05,6.246349221328273e-05
6.56686897855252e-05,6.732273322995752e-05,6.69572182232514e-05,6.431658403016627e-05
5.9431644331198186e-05,5.282181882648729e-05,4.5459695684257895e-05,3.832886432064697e-05
3.197705154889263e-05,2.6485826310818084e-05,2.1814337742398493e-05,1.8174469005316496e-05
1.6003485143301077e-05,1.5634968804079108e-05,1.7146523532574065e-05,2.036061414401047e-05
2.4852062779245898e-05,3.0099607101874426e-05,3.564521830412559e-05,4.094180985703133e-05,4.5126769691705704e-05,4.7295281547121704e-05,4.714885653811507e-05
4.508025085669942e-05,4.151323810219765e-05,3.649070640676655e-05,2.9977745725773275e-05
2.2391781385522336e-05,1.4737800483999308e-05,-0.0028575160540640354,-0.0018574523273855448
-0.0008968289475888014,-7.515540346503258e-06,0.0007984649273566902,0.0015094849513843656
0.0021155220456421375,0.0026213289238512516,0.0030395667999982834,0.0033767407294362783
0.00364092830568552,0.0038520158268511295,0.0040326789021492004,0.004198805429041386
0.004356871824711561,0.004505441524088383,0.004646063782274723
0.004790704697370529,0.0049561066552996635,0.0051539186388254166,0.005384728778153658
0.005639604292809963,0.005902812350541353,0.006154368165880442,0.00637298496440053
0.006530451588332653,0.006595564540475607,0.006558680906891823,0.00644008768722415
0.006275614723563194,0.006108014844357967,0.005981013644486666,0.005932338535785675
0.005992559716105461,0.006179365795105696,0.006484671030193567,0.0068640680983662605
0.007241724990308285,0.00753828976303339,0.007701423019170761
0.0077095236629247665,0.007556986063718796,0.00725920544937253,0.006868595723062754,0.006460811942815781,0.006102614104747772,0.0058339182287454605,0.005667373072355986,0.005596949253231287,0.005605792626738548,0.005670792423188686,0.005766330286860466,0.005861967336386442,0.005921791773289442,0.005919739603996277,0.005853139795362949,0.0057297698222100735,0.0055487677454948425,0.005305363330990076,0.005007321015000343
0.0046851616352796555,0.0043885549530386925,0.00416147243231535
0.004017993807792664,0.003948681987822056,0.003950528800487518,0.004048582166433334
0.0042833080515265465,0.004670490510761738,0.005172652192413807,0.005711141973733902
0.006206172052770853,0.0066020977683365345,0.006855273153632879,0.006921432912349701
0.006780350115150213,0.006458589341491461,0.006007066462188959,0.005461054854094982,0.004822877701371908,0.004082068335264921,0.0032536436337977648,0.0023898191284388304
0.0015556234866380692,0.0007977562490850687,0.0001350046368315816
-0.00042707964894361794,-0.0008842358365654945,-0.0012389066396281123,-0.0015088175423443317
-0.0017255435232073069,-0.0019235473591834307,-0.0021280103828758,-0.002352340379729867
-0.0026069460436701775,-0.002902730368077755,-0.0032430931460112333,-0.003614565823227167
-0.003983187489211559,-0.004309298470616341,-0.004574059508740902,-0.004789364989846945
-0.0049862368032336235,-0.0051895505748689175,-0.0053937118500471115,-0.0055666291154921055
-0.005682272836565971,-0.005745514761656523,-0.005783309694379568,-0.005821817554533482
-0.00587761215865612,-0.005963433999568224,-0.006100440863519907,-0.006318299565464258
-0.006638168822973967,-0.0070623732171952724,-0.007571615278720856,-0.008127152919769287
-0.008685777895152569,-0.009208761155605316,-0.009654557332396507,-0.009977297857403755
-0.010141832754015923,-0.010134114883840084,-0.009956673718988895,-0.009625050239264965
-0.009170030243694782,-0.008639706298708916,-0.008092444390058517,-0.007582898251712322
-0.007158657070249319,-0.006860842928290367
-0.006711817346513271,-0.0066987136378884315,-0.006770550739020109,-0.006856610998511314
-0.006891984958201647,-0.006825769320130348,-0.006621874403208494,-0.006273567210882902
-0.005811819341033697,-0.005291629582643509,-0.004771831911057234,-0.004302984569221735
-0.003927513025701046,-0.003681414294987917,-0.0035877462942153215,-0.0036501637659966946
-0.0038533308543264866,-0.004165295511484146,-0.0045388611033558846,-0.004922591149806976
-0.005287125241011381,-0.005639685317873955,-0.00600256584584713
-0.006375382654368877,-0.006712942384183407,-0.006932099815458059,-0.0069356756284832954
-0.006632104050368071,-0.005956427194178104,-0.0048967269249260426,-0.0035046879202127457
-0.0018862290307879448,-0.0001798621378839016,0.0014728938695043325,0.0029515465721488
0.004169359337538481,0.005074224900454283,0.00564667209982872,0.005906474310904741
0.005906826350837946,0.005711913574486971,0.005385855678468943,0.004994256421923637
0.004606782924383879,0.0042952364310622215,0.004117252305150032
0.004093949683010578,0.004212205298244953,0.0044561573304235935,0.0048292651772499084
0.005338413640856743,0.005962037481367588,0.006644588895142078,0.007318959571421146
0.007924611680209637,0.008413581177592278,0.008750972338020802,0.008908508345484734
0.008865183219313622,0.008622203953564167,0.008212472312152386,0.007696620188653469
0.0071522812359035015,0.006658758036792278,0.0062803179025650024,0.006054003722965717
0.005985071416944265,0.006041181739419699,0.006148700136691332
0.00622150581330061,0.006211417727172375,0.006126600783318281,0.0060066659934818745
0.0058901007287204266,0.0058042085729539394,0.005769158713519573,0.005797986872494221,0.005896775051951408,0.006062652450054884,0.006280172616243362,0.006525416858494282
0.006764621939510107,0.006948994006961584,0.007025892846286297,0.006953664124011993
0.006707903929054737,0.006291074678301811,0.0057437121868133545,0.0051419674418866634,0.004575368016958237,0.004116351250559092,0.0038024336099624634
0.00364119210280478,0.003623159369453788,0.003725228365510702,0.003917272202670574
0.00417347764596343,0.004469035658985376,0.004775019828230143,0.005063239485025406
0.005308961495757103,0.0054885102435946465,0.00558066600933671,0.005581258330494165
0.005508156958967447,0.005375387147068977,0.005170809105038643,0.0048559135757386684
0.004368328955024481,0.003641145769506693,0.0026495810598134995,0.0014397341292351484
0.00011237733997404575,-0.0012044825125485659,-0.0023680198937654495
-0.0032367391977459192,-0.0037030894309282303,-0.0037229745648801327,-0.003330015577375889
-0.002632301999256015,-0.00178463663905859,-0.0009535783901810646,-0.00029773067217320204
5.0724775064736605e-05,1.3068813132122159e-05,-0.00042027432937175035,-0.0011981010902673006
-0.0022375176195055246,-0.0034544505178928375,-0.004769116640090942,-0.006089948117733002
-0.007304067723453045,-0.008293320424854755,-0.008962037041783333,-0.009249582886695862
-0.009136867709457874,-0.008657291531562805,-0.007893217727541924
-0.006959639955312014,-0.0059919641353189945,-0.005132115446031094,-0.004499465227127075
-0.004160142969340086,-0.004130040295422077,-0.004406795836985111,-0.004984456580132246
-0.005839506164193153,-0.006914684548974037,-0.00811818614602089,-0.009342553094029427
-0.010487571358680725,-0.011462521739304066,-0.012173489667475224,-0.01252383179962635
-0.012444624677300453,-0.011934163980185986,-0.011062835343182087,-0.00994141772389412
-0.008688945323228836,-0.007419883273541927,-0.006244846619665623
-0.005271505564451218,-0.004592569544911385,-0.004252276849001646,-0.004224965814501047
-0.004442201927304268,-0.004834103398025036,-0.005344598088413477,-0.005914175882935524
-0.0064515406265854836,-0.006844890303909779,-0.0070069278590381145,-0.006893600337207317
-0.006491266656666994,-0.005811939015984535,-0.004905754700303078,-0.003869039937853813
-0.0028318532276898623,-0.0019244661089032888,-0.0012408050242811441,-0.0008311982965096831
-0.0007308153435587883,-0.0009793546050786972,-0.0015923145692795515
-0.002509569749236107,-0.003581839147955179,-0.004615673795342445,-0.005434454418718815
-0.0059104859828948975,-0.005973197054117918,-0.005606222897768021,-0.004832361824810505
-0.003703176509588957,-0.0022982237860560417,-0.0007169903255999088,0.0009360498515889049
0.0025628870353102684,0.004070236347615719,0.005360754206776619,0.006344572640955448
0.00696553336456418,0.007211294490844011,0.0071066077798604965,0.006700442638248205
0.006055931560695171,0.005261499434709549,0.004453821107745171
0.0038014138117432594,0.003438516054302454,0.003419184125959873,0.003733584890142083
0.00434537511318922,0.005202950444072485,0.0062246788293123245,0.007286987733095884
0.008233137428760529,0.008906271308660507,0.00919351726770401,0.009051415137946606
0.008507110178470612,0.007645514328032732,0.0065868389792740345,0.005467645358294249
0.004427463747560978,0.003590886015444994,0.0030528814531862736,0.0028710290789604187
0.00305545493029058,0.003566889790818095,0.004333774093538523
0.005276743322610855,0.006324118934571743,0.007408466190099716,0.008453655987977982
0.009376531466841698,0.010106328874826431,0.010597819462418556,0.010820752009749413
0.010736603289842606,0.010295907966792583,0.009472430683672428,0.008298154920339584
0.006860973313450813,0.00528062554076314,0.003690084908157587,0.002220503054559231
0.0009882089216262102,9.387254249304533e-05,-0.00037475425051525235,-0.00035608719917945564
0.00016001853509806097,0.001116492785513401,0.002394030336290598
0.003828148590400815,0.005228041671216488,0.006403010338544846,0.0071990005671978
0.007535290438681841,0.007426291238516569,0.0069673871621489525,0.00628825556486845,0.005509685259312391,0.004732677713036537,0.00405820831656456,0.003597727045416832
0.0034371407236903906,0.003584243357181549,0.003962049260735512,0.004447144456207752
0.004903141409158707,0.005202719010412693,0.005253269337117672,0.005012693349272013,0.004488995298743248,0.0037263804115355015,0.00278275553137064
0.0017160980496555567,0.0005784349050372839,-0.0005932149360887706,-0.0017762164352461696
-0.002944609383121133,-0.00405501201748848,-0.005053448490798473,-0.005892407149076462
-0.006542355287820101,-0.006992383860051632,-0.007240360602736473,-0.0072837150655686855
-0.0071229636669158936,-0.006775692105293274,-0.006285273935645819,-0.005716640967875719
-0.00514840567484498,-0.0046611446887254715,-0.0043159243650734425,-0.004135204944759607
-0.004104090854525566,-0.004188650753349066,-0.004347944166511297
-0.004541325382888317,-0.004746150225400925,-0.004964277148246765,-0.005209886468946934,-0.005501042120158672,-0.005853092297911644,-0.006270993035286665,-0.006750539876520634
-0.007285003084689379,-0.007866505533456802,-0.008478464558720589,-0.009085917845368385
-0.00963464193046093,-0.010064562782645226,-0.010332293808460236,-0.010423584841191769
-0.010346738621592522,-0.010124200023710728,-0.009787479415535927,-0.009366963990032673
-0.008887534961104393,-0.008378364145755768,-0.007880092598497868
-0.007431778125464916,-0.007047571241855621,-0.0067099411971867085,-0.006388060748577118
-0.006063132546842098,-0.00573929725214839,-0.005436940584331751,-0.0051780883222818375
-0.004976755008101463,-0.004845522344112396,-0.004806408192962408,-0.004877620376646519
-0.005042035132646561,-0.0052361697889864445,-0.00537629472091794,-0.005398245994001627
-0.005276382435113192,-0.005015830043703318,-0.004646594170480967,-0.0042329877614974976
-0.003870556829497218,-0.003650783095508814,-0.0036179805174469948
-0.003752844175323844,-0.003985718358308077,-0.00421918835490942,-0.00435384176671505
-0.0043188827112317085,-0.00408005528151989,-0.003613235428929329,-0.0028939987532794476
-0.0019274682272225618,-0.0007712009828537703,0.0004773783730342984,0.0017137157265096903
0.0028625698760151863,0.003893350251019001,0.004797040484845638,0.0055529167875647545
0.006125328131020069,0.006487181410193443,0.006639761850237846,0.006615437101572752
0.006464661099016666,0.006237755063921213,0.005977733060717583
0.005724330432713032,0.0055143400095403194,0.00537120783701539,0.0052956268191337585
0.0052762720733881,0.005314892623573542,0.005431714467704296,0.005644660443067551
0.0059552802704274654,0.006349971517920494,0.006801835261285305,0.007278094533830881
0.007748494390398264,0.008177679032087326,0.008520277217030525,0.008737286552786827
0.008808117359876633,0.008726527914404869,0.008499478921294212,0.008151687681674957
0.0077293342910707,0.007295904215425253,0.006916511803865433
0.006640832405537367,0.00648926105350256,0.006449816282838583,0.0064928531646728516
0.006585581693798304,0.006696983706206083,0.0068002683110535145,0.0068728127516806126
0.006894325837492943,0.006844453047960997,0.006704877596348524,0.006469099782407284
0.006149280816316605,0.0057695358991622925,0.005346817430108786,0.004881344269961119
0.004372878931462765,0.003843620652332902,0.003346244338899851,0.002950122347101569
0.002712384331971407,0.0026606267783790827,0.0027984213083982468
0.003118830965831876,0.0036074595991522074,0.004227647092193365,0.0049081346951425076
0.005553641356527805,0.00607091560959816,0.006387657020241022,0.00645323283970356
0.006245679687708616,0.005798467434942722,0.005204026587307453,0.004571223631501198
0.003980358596891165,0.0034735507797449827,0.0030718313064426184,0.002784979296848178
0.002597005106508732,0.0024542014580219984,0.002281154738739133,0.00201224978081882
0.0016167121939361095,0.001103696646168828
0.0005059415707364678,-0.00014406477566808462,-0.0008272365666925907,-0.0015328750014305115
-0.0022480704355984926,-0.002954999916255474,-0.003634262830018997,-0.004271137528121471
-0.004856160841882229,-0.005372193641960621,-0.005788950249552727,-0.006086171139031649
-0.006277641747146845,-0.006397342309355736,-0.006462534889578819,-0.006457215640693903
-0.0063528879545629025,-0.006146232597529888,-0.005877868738025427,-0.005614575929939747
-0.005417702719569206,-0.00533331697806716,-0.005397078115493059
-0.005633516237139702,-0.006051978096365929,-0.006635691970586777,-0.007334073539823294
-0.008076267316937447,-0.008789865300059319,-0.00940670445561409,-0.009864581748843193
-0.010114919394254684,-0.01012946106493473,-0.0099045904353261,-0.00947227980941534
-0.008901691995561123,-0.008270535618066788,-0.007631260901689529,-0.007007301319390535
-0.006411422044038773,-0.005860388744622469,-0.0053743356838822365,-0.0049689034931361675
-0.004658453166484833,-0.0044674938544631,-0.004429670050740242
-0.00456285011023283,-0.0048382277600467205,-0.0051858145743608475,-0.005535970441997051
-0.005847276654094458,-0.006101239938288927,-0.006283332593739033,-0.006369768641889095
-0.006335572339594364,-0.006184509489685297,-0.005963426548987627,-0.005732095800340176
-0.005528051406145096,-0.0053695859387516975,-0.005275097209960222,-0.005267270375043154
-0.005355407949537039,-0.005509532056748867,-0.005668989382684231,-0.005788602400571108
-0.005861914716660976,-0.005896913819015026,-0.005876643117517233,-0.005743865389376879
-0.005426714196801186,-0.004881071392446756,-0.00411129929125309,-0.003152915509417653
-0.0020405338145792484,-0.0008062436245381832,0.0004947048146277666,0.0017754972213879228
0.0029413930606096983,0.003921067342162132,0.004672271199524403,0.005163548048585653
0.005370910745114088,0.005298801697790623,0.004997624550014734,0.004554820712655783
0.004061238374561071,0.003584073157981038,0.003165709087625146,0.0028358399868011475
0.0026212388183921576,0.0025484059005975723
0.002640616148710251,0.0029064323753118515,0.0033252679277211428,0.0038475918117910624
0.004412365145981312,0.004962984472513199,0.005445781629532576,0.0058083427138626575
0.006022647488862276,0.006108485162258148,0.006121110171079636,0.006123716942965984
0.006172334775328636,0.006305948831140995,0.006543558090925217,0.006886839866638184
0.007316658739000559,0.00779636250808835,0.008281199261546135,0.008717851713299751
0.009049620479345322,0.009235994890332222,0.00926921796053648
0.009174162521958351,0.00898919627070427,0.008743112906813622,0.008445573970675468
0.008096473291516304,0.007703681476414204,0.007286010775715113,0.006860131863504648
0.006431293208152056,0.006000285968184471,0.005576541647315025,0.005173236131668091
0.004795754328370094,0.004448709078133106,0.004141347482800484,0.0038775845896452665
0.0036561035085469484,0.003483731299638748,0.0033779253717511892,0.003353483509272337
0.0034085200168192387,0.0035224254243075848,0.003668438410386443
0.003832297632470727,0.004020520951598883,0.004250084515661001,0.004531020298600197
0.004860461689531803,0.005228916183114052,0.005618580617010593,0.0059929233975708485
0.006307211704552174,0.006539614405483007,0.006699919700622559,0.0068037728779017925
0.006845057476311922,0.006786581128835678,0.006570686120539904,0.00614595040678978
0.0054930332116782665,0.004634115844964981,0.003623673692345619,0.0025269719772040844
0.0014018712099641562,0.00029546208679676056,-0.0007506281835958362
-0.0016971006989479065,-0.0025102575309574604,-0.0031708604656159878,-0.0036809842567890882
-0.0040597980841994286,-0.004335087724030018,-0.004539542831480503,-0.004705316387116909
-0.004858487285673618,-0.005018000490963459,-0.005192410666495562,-0.005379578564316034
-0.005574529990553856,-0.00577136967331171,-0.005955665837973356,-0.006102304905653
-0.0061857630498707294,-0.006197566632181406,-0.006154023110866547,-0.006080580409616232
-0.005995494779199362,-0.00591970095410943,-0.005895243491977453
-0.005980565212666988,-0.006222639232873917,-0.006632089149206877,-0.007181587629020214
-0.007825663313269615,-0.008520340546965599,-0.00922091118991375,-0.009867671877145767
-0.01038716733455658,-0.010710235685110092,-0.010789652355015278,-0.01060986053198576
-0.010188830085098743,-0.009571683593094349,-0.008818523027002811,-0.007996771484613419
-0.00718067167326808,-0.0064437962137162685,-0.005842719692736864,-0.00540834991261363
-0.005149759352207184,-0.005061332136392593,-0.005124970804899931
-0.005303660407662392,-0.005535744596272707,-0.005751479417085648,-0.005906789563596249
-0.0059950584545731544,-0.006022523622959852,-0.005974997766315937,-0.005816483870148659
-0.005528045352548361,-0.005135603714734316,-0.004691846203058958,-0.004242550581693649
-0.0038153433706611395,-0.003434938145801425,-0.00313946302048862,-0.0029780720360577106
-0.002990171778947115,-0.003184156259521842,-0.0035432775039225817,-0.004044395871460438
-0.0046554505825042725,-0.005320155993103981,-0.005945567507296801
-0.006402092985808849,-0.006550983991473913,-0.006287435069680214,-0.005576408933848143
-0.004460238851606846,-0.0030275145545601845,-0.0013839658349752426,0.0003455416299402714
0.00201517716050148,0.003477407619357109,0.004616373684257269,0.005375833250582218
0.0057585518807172775,0.005803330801427364,0.0055641895160079,0.0051066274754703045
0.004515405744314194,0.0038941651582717896,0.0033463577274233103,0.0029467600397765636
0.0027323653921484947,0.002719614189118147,0.0029143241699784994
0.0033053215593099594,0.0038643789011985064,0.004555963911116123,0.005340209696441889
0.006161800120025873,0.006946663837879896,0.007617407478392124,0.008106537163257599
0.008366698399186134,0.008382748812437057,0.008169533684849739,0.007762977387756109
0.007221074774861336,0.006620497442781925,0.006040174048393965,0.00554756261408329
0.00519403163343668,0.005012609995901585,0.005016723182052374,0.0052027031779289246
0.005552838556468487,0.006030297372490168,0.006575033534318209
0.007114953361451626,0.007581321522593498,0.007922433316707611,0.00811002403497696
0.008126581087708473,0.007959086447954178,0.007618793286383152,0.007157693151384592
0.006651664152741432,0.006162210367619991,0.005719460546970367,0.005336422938853502
0.005020489450544119,0.004767350386828184,0.004556053318083286,0.004363473504781723
0.0041845086961984634,0.004030067473649979,0.0039143189787864685,0.003849385306239128
0.0038397517055273056,0.003882737597450614,0.003973864484578371
0.004103317856788635,0.004258442670106888,0.004433808848261833,0.004624990746378899
0.004813739564269781,0.004970196634531021,0.005070277489721775
2.7493595553096384e-05,3.251840826123953e-05,3.8093789044069126e-05,4.430125773069449e-05,5.0938942877110094e-05
5.7467968872515485e-05,6.322478293441236e-05,6.768554885638878e-05,7.058531627990305e-05,7.19059316907078e-05,7.181905675679445e-05,7.069052662700415e-05,6.903977919137105e-05,6.737928924849257e-05,6.606581155210733e-05,6.519009912153706e-05,6.461131852120161e-05,6.419874989660457e-05,6.400724669219926e-05,6.421418220270425e-05,6.496015703305602e-05,6.629749987041578e-05,6.824028969276696e-05,7.077932241372764e-05,7.384996570181102e-05,7.719396671745926e-05,8.023943519219756e-05,8.232589607359841e-05
8.298948523588479e-05,8.190234075300395e-05,7.876052404753864e-05,7.338756404351443e-05
6.592631689272821e-05,5.6982942624017596e-05,4.7577083023497835e-05,3.879630094161257e-05
3.139306863886304e-05,2.5669640308478847e-05,2.1608315364574082e-05,1.902486474136822e-05
1.7665961422608234e-05,1.7246145944227464e-05,1.7480873793829232e-05,1.8151569747715257e-05
1.9113722373731434e-05,2.0202709492878057e-05,2.115583629347384e-05,2.1671876311302185e-05
2.1555020794039592e-05,2.0767289242940024e-05,1.934857755259145e-05
1.735793921397999e-05,1.4871205166855361e-05,1.1972396350756753e-05,8.806751793599688e-06
5.64788297197083e-06,2.8677750378847122e-06,8.726418059268326e-07,1.6180530693077344e-08
4.771027306560427e-07,2.2052274744055467e-06,4.941319730278337e-06,8.246333891293034e-06
1.1624406397459097e-05,1.4660906344943214e-05,1.7022148313117214e-05,1.846710074460134e-05
1.891195643111132e-05,1.848122337833047e-05,1.7531398043502122e-05,1.654756852076389e-05
1.597596383362543e-05,1.6133311874000356e-05,1.718436942610424e-05
1.9123732272419147e-05,2.1747177015640773e-05,2.469649007252883e-05,2.757947368081659e-05
3.0035302188480273e-05,3.1796254916116595e-05,3.280409146100283e-05,3.323945929878391e-05
3.346152152516879e-05,3.394296072656289e-05,3.516641299938783e-05,3.747024675249122e-05
4.094170071766712e-05,4.5439905079547316e-05,5.0630758778424934e-05,5.592738671111874e-05
6.052408934920095e-05,6.362962449202314e-05,6.471268716268241e-05,6.359504186548293e-05
6.0419570218073204e-05,5.5641128710703924e-05,5.002040779800154e-05
4.4475575123215094e-05,3.984358045272529e-05,3.673748506116681e-05,3.553346687112935e-05
3.637810004875064e-05,3.9177884900709614e-05,4.354737029643729e-05,4.8711513954913244e-05
5.3540541557595134e-05,5.683065683115274e-05,5.765236710431054e-05,5.564923048950732e-05
5.118468470755033e-05,4.506537152337842e-05,3.806273525697179e-05,3.0786890420131385e-05
2.3810795028111897e-05,1.764413718774449e-05,1.2623166185221635e-05,8.887047442840412e-06
6.3927345763659105e-06,4.972670467395801e-06,4.4570683712663595e-06
4.7837579586484935e-06,6.041446340532275e-06,8.431851711065974e-06,1.2134891221649013e-05
1.713005440251436e-05,2.3146778403315693e-05,2.9783599529764615e-05,3.653776366263628e-05
4.2728213884402066e-05,4.7680958232376724e-05,5.105095260660164e-05,5.2743027481483296e-05
5.252617847872898e-05,4.989894659956917e-05,4.445316517376341e-05,3.637649570009671e-05
2.662807673914358e-05,1.6759329810156487e-05,8.423646249866579e-06,2.7803550892713247e-06
2.1159422658456606e-07,4.47917415158372e-07,2.8195952381793177e-06
6.3680054154247046e-06,9.975728062272537e-06,1.2706355846603401e-05,1.4155808457871899e-05,1.4497536540147848e-05,1.4159717466100119e-05,1.350921593257226e-05,-0.0035818207543343306
-0.003523418679833412,-0.003543797880411148,-0.0036700803320854902,-0.0038991349283605814
-0.0041957120411098,-0.004506533965468407,-0.0047894734889268875,-0.005030608735978603
-0.005237771198153496,-0.005428645294159651,-0.005622559692710638,-0.005836335942149162
-0.006080747116357088,-0.006355754565447569,-0.006651883013546467
-0.0069594611413776875,-0.007273494731634855,-0.007587604224681854,-0.007887866348028183,-0.00815511029213667,-0.008373137563467026,-0.008536046370863914,-0.008643965236842632,-0.008688381873071194,-0.008652202785015106,-0.008528935723006725,-0.008328163996338844,-0.008063646964728832,-0.007749336306005716,-0.007404246833175421,-0.0070559317246079445,-0.006740000564604998,-0.006495898589491844,-0.006359311286360025,-0.006350301206111908,-0.006464546546339989,-0.006678309757262468,-0.006959143094718456
-0.007264173123985529,-0.007531787734478712,-0.0076927742920815945,-0.007697862107306719
-0.007531146518886089,-0.007205114234238863,-0.006751167122274637,-0.006211279891431332
-0.00563744967803359,-0.00509246438741684,-0.004636422265321016,-0.004306083545088768
-0.004106704145669937,-0.0040231384336948395,-0.004037800710648298,-0.004138289950788021
-0.004315502941608429,-0.004561321809887886,-0.004865662660449743,-0.005211801268160343
-0.005569357890635729,-0.00588564109057188,-0.006082699168473482
-0.006066662725061178,-0.0057515292428433895,-0.005090618971735239,-0.004098918288946152,-0.002850293181836605,-0.0014483628328889608,6.273621693253517e-06,0.001429386087693274
0.002749372972175479,0.0038977598305791616,0.004804533906280994,0.0054107531905174255
0.005691098049283028,0.0056639742106199265,0.005384331103414297,0.004927562549710274
0.0043753511272370815,0.0038137638475745916,0.003331628395244479,0.003004994709044695,0.0028810943476855755,0.0029749986715614796,0.003274428192526102
0.003743529785424471,0.004324940033257008,0.004945856519043446,0.005528334528207779
0.006002173759043217,0.006321019027382135,0.006475856527686119,0.006490675732493401
0.00640276400372386,0.00625158566981554,0.0060759251937270164,0.005906873848289251
0.005768334027379751,0.005685456097126007,0.005681432783603668,0.0057653202675282955
0.0059305462054908276,0.006164290476590395,0.006448792293667793,0.0067508104257285595,0.007019455078989267
0.007204344030469656,0.007280935999006033,0.0072613912634551525,0.007183420471847057
0.00708862254396081,0.007003340870141983,0.0069293915294110775,0.006850407924503088
0.006749152671545744,0.006618408020585775,0.006455308757722378,0.006252674385905266
0.006003041286021471,0.005709497723728418,0.005388460587710142,0.005059210117906332
0.004733892157673836,0.004420300479978323,0.0041279541328549385,0.0038697614800184965
0.0036617342848330736,0.003520806087180972,0.003462115302681923,0.0034927057567983866
0.0036003808490931988
0.0037561834324151278,0.00393825676292181,0.004152215085923672,0.004426971077919006
0.0047885822132229805,0.005232027266174555,0.005717827007174492,0.006198503542691469
0.006649073679000139,0.007065558806061745,0.0074256304651498795,0.00765873771160841
0.007665171287953854,0.007364632561802864,0.006729540415108204,0.0057829637080430984
0.004579478409141302,0.003191635012626648,0.0017084795981645584,0.00023950613103806973
-0.0010998977813869715,-0.00222425046376884,-0.0030947700142860413
-0.0037018221337348223,-0.004044916480779648,-0.004132771864533424,-0.003999090753495693
-0.0037119633052498102,-0.0033564723562449217,-0.0029995585791766644,-0.0026687094941735268
-0.0023690497037023306,-0.0021197686437517405,-0.0019664461724460125,-0.0019606987480074167
-0.00213337573222816,-0.0024903914891183376,-0.0030232788994908333,-0.00370475254021585
-0.004480068571865559,-0.005273401737213135,-0.006002025678753853,-0.0065959179773926735
-0.0070161521434783936,-0.0072606345638632774,-0.007361449301242828
-0.0073716118931770325,-0.007341081276535988,-0.007306035608053207,-0.007299491669982672
-0.007360805291682482,-0.007531691342592239,-0.007841434329748154,-0.008285952731966972
-0.008814828470349312,-0.009338470175862312,-0.009755779057741165,-0.009992219507694244,-0.0100209079682827,-0.009849926456809044,-0.009501405991613865,-0.009009720757603645
-0.008425370790064335,-0.007809627801179886,-0.007226582616567612,-0.006730278488248587,-0.006348603405058384,-0.00608241418376565,-0.005917440168559551
-0.005827877204865217,-0.005774416029453278,-0.005714002065360546,-0.005619138479232788
-0.00549212284386158,-0.005360370501875877,-0.0052505312487483025,-0.005169266369193792
-0.005113579798489809,-0.005087688565254211,-0.005101688671857119,-0.005158635322004557
-0.005244271829724312,-0.005331763532012701,-0.005396686494350433,-0.005427677650004625
-0.005438969936221838,-0.00547880120575428,-0.005604847799986601,-0.005835934076458216
-0.0061277588829398155,-0.006393438205122948,-0.0065421778708696365
-0.006498181726783514,-0.006195530295372009,-0.005580284632742405,-0.0046294680796563625
-0.0033631455153226852,-0.00184630136936903,-0.00018813530914485455,0.001476549543440342
0.0030213191639631987,0.004348111338913441,0.005387389101088047,0.006091579794883728
0.006430998910218477,0.006402274128049612,0.006046434864401817,0.005452551878988743,0.004733035806566477,0.0039948890917003155,0.0033337834756821394,0.0028354038950055838
0.002562832087278366,0.002542459173128009,0.002765347482636571
0.003197957994416356,0.003790603019297123,0.004485389683395624,0.005222748499363661
0.005941697396337986,0.006583516951650381,0.007102105766534805,0.0074671595357358456
0.007662191987037659,0.0076875705271959305,0.007561577018350363,0.007318047806620598
0.007006414700299501,0.006687548477202654,0.006420517340302467,0.006246900651603937
0.00618421146646142,0.006231408566236496,0.0063743810169398785,0.006588301155716181
0.006845671217888594,0.007125569507479668,0.007412628270685673
0.007689398247748613,0.007931483909487724,0.008107585832476616,0.008186986669898033
0.00814920011907816,0.007986638695001602,0.007703209761530161,0.007315614726394415
0.006857044063508511,0.006371862720698118,0.005899954587221146,0.005467848386615515,0.0050927624106407166,0.0047869691625237465,0.004552240017801523,0.00437669362872839,0.004248687066137791,0.004170465283095837,0.00414830818772316,0.004173844587057829,0.004224497824907303,0.004279422573745251,0.004334324039518833
0.0044045401737093925,0.004510188475251198,0.004659583326429129,0.0048448387533426285
0.005041920114308596,0.005216064862906933,0.005341009236872196,0.005426795221865177
0.005522473249584436,0.005673584062606096,0.0058799246326088905,0.0060912747867405415
0.006223207805305719,0.006180943921208382,0.005887292791157961,0.005296839401125908
0.004398063290864229,0.003216729499399662,0.0018142766784876585,0.0002777869813144207
-0.001288807368837297,-0.0027699593920260668,-0.004052621312439442
-0.005052089225500822,-0.00572237279266119,-0.006041812244802713,-0.006003743968904018
-0.005628678947687149,-0.004981156904250383,-0.0041662887670099735,-0.0033060875721275806
-0.0025204597041010857,-0.001920921728014946,-0.001599978655576706,-0.0016111352015286684
-0.0019575045444071293,-0.002601867076009512,-0.003482359927147627,-0.004512995481491089
-0.00558436568826437,-0.006585525814443827,-0.007432689890265465,-0.008076468482613564
-0.008486609905958176,-0.008647112175822258,-0.00857088714838028
-0.00830983929336071,-0.007949303835630417,-0.007585429586470127,-0.007297963369637728
-0.0071395644918084145,-0.007135296240448952,-0.007279293145984411,-0.0075384206138551235,-0.007867047563195229,-0.008219162933528423,-0.00855492427945137,-0.008846593089401722,-0.009080055169761181,-0.009248089976608753,-0.009340042248368263,-0.009335767477750778,-0.009208266623318195,-0.008936807513237,-0.00851701945066452,-0.00795447826385498,-0.007259419187903404,-0.006452964618802071,-0.005572783760726452
-0.004676404409110546
-0.003834743984043598,-0.0031151873990893364,-0.0025796338450163603,-0.0022920554038137197
-0.0023047220893204212,-0.0026291306130588055,-0.00322052207775414,-0.00398851977661252,-0.004824098199605942,-0.005622233264148235,-0.006291775032877922,-0.006761364173144102
-0.006985342595726252,-0.006951604038476944,-0.006697478704154491,-0.006313209887593985,-0.005903719458729029,-0.005535926204174757,-0.005224440712481737,-0.004951745271682739
-0.004688166081905365,-0.004398816265165806,-0.0040411027148365974,-0.003569959895685315
-0.0029591149650514126,-0.0022187293507158756,-0.001390563789755106,-0.0005251361289992929
0.00033741293009370565,0.001167390262708068,0.0019327616319060326,0.0025973767042160034
0.003140880959108472,0.003572220681235194,0.003918028902262449,0.004201926290988922
0.004430071916431189,0.004594375845044851,0.004688316024839878,0.004712443798780441
0.004672305658459663,0.004581853281706572,0.004462358541786671,0.004336584359407425
0.004232597071677446
0.004187367856502533,0.004237155430018902,0.004405012354254723,0.004694834351539612
0.005094582214951515,0.005582683254033327,0.006124447099864483,0.006668405141681433
0.007161027751863003,0.007562772836536169,0.007842794992029667,0.007969317957758904
0.007918155752122402,0.007693823426961899,0.007338894531130791,0.006915018893778324
0.006477564573287964,0.006070400588214397,0.005730797071009874,0.005489029921591282
0.0053642443381249905,0.005362341646105051,0.005477982107549906
0.005698446650058031,0.0060055069625377655,0.0063753677532076836,0.006780141033232212
0.007190105505287647,0.007574420887976885,0.007904764264822006,0.008161015808582306
0.008325867354869843,0.008370673283934593,0.00825253315269947,0.007928933948278427
0.007380868308246136,0.006625823676586151,0.005710254423320293,0.004703145008534193
0.0037019001320004463,0.0028271146584302187,0.002196878893300891,0.0018925683107227087
0.0019300577696412802,0.002259705914184451,0.0028015724383294582
0.0034795524552464485,0.0042220307514071465,0.004946267232298851,0.005557458847761154
0.005966846831142902,0.006125785876065493,0.006062240339815617,0.005873979534953833
0.005663689225912094,0.005477471277117729,0.005297594703733921,0.005075350869446993
0.00476583419367671,0.004340467043220997,0.003785480046644807,0.0031041682232171297,0.00232633831910789,0.0015143794007599354,0.0007446170784533024,7.461302448064089e-05,-0.0004667569592129439,-0.0008705138461664319,-0.0011433754116296768
-0.0013091100845485926,-0.001412103185430169,-0.0015157383168116212,-0.0016870808321982622
-0.0019743717275559902,-0.0023921628016978502,-0.0029265291523188353,-0.0035532284528017044
-0.004245743155479431,-0.004966841544955969,-0.0056577082723379135,-0.006244657561182976
-0.006669644266366959,-0.006918043829500675,-0.007016705349087715,-0.007012891583144665
-0.006956944707781076,-0.006893323268741369,-0.006854846607893705,-0.006859160494059324
-0.006910955999046564,-0.007004360668361187,-0.007121057249605656
-0.007239561527967453,-0.0073577300645411015,-0.007498520892113447,-0.007683266419917345
-0.007902304641902447,-0.008117396384477615,-0.008289415389299393,-0.008399280719459057
-0.008441758342087269,-0.008406936191022396,-0.008281398564577103,-0.008068939670920372
-0.007798987906426191,-0.007510087918490171,-0.007228819653391838,-0.006966111715883017
-0.006730233319103718,-0.0065358891151845455,-0.0064012436196208,-0.0063405404798686504
-0.006350691895931959,-0.006404526997357607,-0.00646699545904994
-0.006510043982416391,-0.006508746184408665,-0.006439485587179661,-0.006289338693022728
-0.006063772365450859,-0.00578700378537178,-0.00549443019554019,-0.005215390119701624
-0.004963547457009554,-0.004750142339617014,-0.004596300423145294,-0.004525224678218365
-0.004544798284769058,-0.004632779862731695,-0.004745917394757271,-0.004852473270148039
-0.004946079105138779,-0.00502923596650362,-0.00509298499673605,-0.005108431912958622
-0.005033220164477825,-0.00482579879462719,-0.004454315174371004
-0.003896266222000122,-0.003138803644105792,-0.0021863237489014864,-0.0010635626967996359
0.00018445088062435389,0.001484427833929658,0.002736953552812338,0.0038379239849746227
0.004696403630077839,0.005243272986263037,0.005443471483886242,0.005307429935783148
0.004890162032097578,0.0042767939157783985,0.0035641847644001245,0.0028509919065982103
0.0022324949968606234,0.0017929980531334877,0.0015930652152746916,0.0016491999849677086
0.00193187000695616,0.002395403105765581,0.0030000233091413975
0.0037112925201654434,0.004497568588703871,0.005322480574250221,0.006135095376521349
0.006875358521938324,0.007492254953831434,0.007960524410009384,0.008280138485133648
0.008458547294139862,0.008498682640492916,0.008403134532272816,0.008185286074876785
0.007872694171965122,0.007497670594602823,0.007086486555635929,0.0066559407860040665
0.006225021090358496,0.005831495858728886,0.005522983614355326,0.005337337497621775
0.005298062227666378,0.005406469572335482,0.005635055247694254
0.005936603993177414,0.006252918392419815,0.006523228250443935,0.00670164730399847
0.006774171721190214,0.006754353642463684,0.006655219476670027,0.006469109561294317
0.0061782728880643845,0.005787505768239498,0.005343148019164801,0.0049091218970716,0.004530551843345165,0.004223007708787918,0.003983194939792156,0.0038143068086355925
0.0037426352500915527,0.0038010363932698965,0.004005817696452141,0.004353114403784275,0.004822400398552418,0.005373856984078884,0.005951102823019028
0.006496770307421684,0.006959560327231884,0.007286517880856991,0.007425185292959213
0.007347585633397102,0.007078580558300018,0.006696035619825125,0.006289288867264986
0.005909182131290436,0.0055504837073385715,0.0051703620702028275,0.004721775650978088
0.0041764965280890465,0.0035305742640048265,0.002796194050461054,0.001983674243092537
0.0010999690275639296,0.00016797438729554415,-0.0007675004308111966,-0.0016493487637490034
-0.0024194831494241953,-0.003032233100384474,-0.0034603802487254143,-0.0036951082292944193
-0.0037515489384531975,-0.003672756953164935,-0.0035241665318608284,-0.003378413850441575
-0.0032939533703029156,-0.003298757132142782,-0.0033894041553139687,-0.0035470568109303713
-0.0037538805045187473,-0.0039901090785861015,-0.00422317860648036,-0.004413139540702105
-0.004533007275313139,-0.004584783688187599,-0.004597876686602831,-0.004615703597664833
-0.0046828510239720345,-0.004836429841816425,-0.005104840733110905,-0.005507417023181915
-0.006045410875231028,-0.006698466371744871
-0.007431623060256243,-0.008194825612008572,-0.008922930806875229,-0.009553908370435238
-0.010047083720564842,-0.010383455082774162,-0.01055963709950447,-0.010585082694888115
-0.010479499585926533,-0.010267459787428379,-0.00997012946754694,-0.00960016343742609
-0.009164209477603436,-0.008669385686516762,-0.008129401132464409,-0.007567207328975201
-0.007012891583144665,-0.006496082060039043,-0.006035289261490107,-0.005636773072183132
-0.0053057484328746796,-0.005050722975283861,-0.004876324906945229
-0.004779554903507233,-0.004751279950141907,-0.004777179099619389,-0.004837135784327984
-0.004907612688839436,-0.00497251795604825,-0.005033268593251705,-0.00510648638010025
-0.0052134073339402676,-0.005368092097342014,-0.005573632195591927,-0.005832008086144924
-0.006149128545075655,-0.006525298580527306,-0.006948984693735838,-0.007394764572381973
-0.00781735498458147,-0.008150121197104454,-0.008306680247187614,-0.008188188076019287
-0.007713096681982279,-0.006854642648249865,-0.005654213484376669
-0.00420188857242465,-0.002598934341222048,-0.0009361817501485348,0.0006986823864281178
0.002217316534370184,0.0035481550730764866,0.004646989516913891,0.005489541217684746
0.006067261099815369,0.0063845026306807995,0.006449997425079346,0.006277980282902718
0.005896101705729961,0.005351081024855375,0.004717174451798201,0.004091212060302496
0.0035679282154887915,0.0032240909058600664,0.003118431195616722,0.0032846301328390837,0.003710550721734762,0.004331505391746759,0.0050567518919706345
0.005807168781757355,0.006528997328132391,0.007172146812081337,0.007670821156352758
0.007962935604155064,0.008019352331757545,0.007849538698792458,0.00749563192948699
0.007024777587503195,0.006519400514662266,0.006066335830837488,0.005735721904784441
0.00556172663345933,0.005546852946281433,0.005676919128745794,0.005927771329879761
0.006264392286539078,0.006643213797360659,0.007024305872619152,0.007382902782410383
0.007707938086241484,0.007991092279553413,0.008214733563363552
0.008344614878296852,0.008340122178196907,0.008181752637028694,0.007880160585045815
0.0074537331238389015,0.0069145760498940945,0.006279423832893372,0.005584475584328175
0.004888602066785097,0.00425643939524889,0.003736299928277731,0.0033536830451339483
0.0031167450360953808,0.003029097802937031,0.003098980523645878,0.0033305080141872168
0.003707538591697812,0.00418864656239748,0.004717845935374498,0.005238240584731102
0.005697882734239101,0.006055106408894062,0.006281878333538771
0.006363730411976576,0.006305916700512171,0.006133392918854952,0.005884565878659487
0.005618763156235218,0.005410533398389816,0.005311733577400446,0.005324201192706823
0.005401690024882555,0.005462075583636761,0.005409607198089361,0.0051682437770068645
0.004705107305198908,0.004026329610496759,0.003158123465254903,0.0021354977507144213
0.0010042632929980755,-0.00017122074496001005,-0.001314844936132431,-0.0023585360031574965,-0.003247508779168129,-0.003936745226383209,-0.004399181343615055
-0.004637928679585457,-0.004687686916440725,-0.004602653905749321,-0.004439174197614193
-0.0042433650232851505,-0.004050821997225285,-0.003891903208568692,-0.00378728867508471
-0.0037418066058307886,-0.003749642986804247,-0.0038018326740711927,-0.0038900524377822876
-0.0040127309039235115,-0.004179822746664286,-0.004403774626553059,-0.00468673137947917
-0.0050242068246006966,-0.005414718762040138,-0.005859397351741791,-0.006356271915137768
-0.00689353235065937,-0.007446803618222475,-0.007988441735506058
-0.008497046306729317,-0.008952411822974682,-0.009326181374490261,-0.009582208469510078
-0.00968887098133564,-0.009635787457227707,-0.009442789480090141,-0.009158557280898094
-0.00884576328098774,-0.008555378764867783,-0.008312558755278587,-0.008122505620121956
-0.007982177659869194,-0.007882578298449516,-0.007799183018505573,-0.007692375686019659
-0.007527584210038185,-0.007292656693607569,-0.0069959829561412334,-0.006648223847150803
-0.00625146459788084,-0.005813323426991701,-0.005362310446798801
-0.004943487234413624,-0.004600072279572487,-0.0043531255796551704,-0.00420034397393465
-0.004134345334023237,-0.004152937792241573,-0.004257752560079098,-0.0044509307481348515
-0.0047262259759008884,-0.005065738223493099,-0.005450261756777763,-0.00586473336443305
-0.006294467020779848,-0.006722765043377876,-0.0071256570518016815,-0.007461796514689922
-0.007670000195503235,-0.0076784598641097546,-0.007414543069899082,-0.006818053778260946
-0.005867870058864355,-0.0046016620472073555,-0.0031068576499819756
-0.0014946369919925928,0.0001219380646944046,0.0016382674220949411,0.0029613536316901445,0.004012617748230696,0.004737819079309702,0.005122024565935135
3.840783392661251e-05,4.070923387189396e-05,4.330330921220593e-05,4.5837317884434015e-05,4.809301026398316e-05
5.015661008656025e-05,5.2312028856249526e-05,5.483120185090229e-05,5.776606121798977e-05,6.0732105339411646e-05,6.295726052485406e-05,6.363454303937033e-05,6.219428178155795e-05
5.844135012011975e-05,5.262022386887111e-05,4.534937033895403e-05,3.746824586414732e-05
2.9776922019664198e-05,2.2795811673859134e-05,1.6805712220957503e-05,1.2045939911331516e-05,8.713274837646168e-06,6.801470135542331e-06,6.114599273132626e-06,6.431944257201394e-06,7.605390237586107e-06,9.592630703991745e-06,1.2446618711692281e-05
1.618055102881044e-05,2.0614645109162666e-05,2.5377603378728963e-05,3.0038298064027913e-05,3.433729216339998e-05,3.842066143988632e-05,4.272729347576387e-05,4.7460998757742345e-05
5.216448334977031e-05,5.5860829888843e-05,5.752079960075207e-05,5.628900908050127e-05
5.157131454325281e-05,4.3371641368139535e-05,3.2624440791551024e-05,2.1127530999365263e-05
1.1008704859705176e-05,3.907458903995575e-06,4.4212148964106746e-07,3.0050929922254e-07
2.5883889520628145e-06,6.125003892520908e-06,9.763519301486667e-06
1.2684653484029695e-05,1.4484663552138954e-05,1.5115164387680124e-05,1.4796201867284253e-05,1.3861212210031226e-05,1.2559440619952511e-05,1.1011681635864079e-05,9.319472155766562e-06,7.650531188119203e-06,6.239009053388145e-06,5.31237719769706e-06,5.025517111789668e-06,5.4990837270452175e-06,6.910196589160478e-06,9.506582500762306e-06,1.3517396837414708e-05,1.9037624952034093e-05,2.5925344743882306e-05,3.379851477802731e-05,4.219685069983825e-05,5.07206168549601e-05,5.905893340241164e-05,6.690902955597267e-05
7.379734597634524e-05,7.902612560428679e-05,8.191105735022575e-05,8.219506707973778e-05,8.018365042516962e-05,7.647573511349037e-05,7.16898066457361e-05,6.633748853346333e-05
6.086898429202847e-05,5.5830012570368126e-05,5.1831910241162404e-05,4.9288479203823954e-05
4.826544318348169e-05,4.862816058448516e-05,5.024977872380987e-05,5.3072377340868115e-05
5.6976390624186024e-05,6.148575630504638e-05,6.569024844793603e-05,6.857813423266634e-05
6.939244485693052e-05,6.77824646118097e-05,6.374207441695035e-05
5.7502456911606714e-05,4.958589488524012e-05,4.081267979927361e-05,3.218348138034344e-05
2.4688853955012746e-05,1.8980827007908374e-05,1.5191379134193994e-05,1.311772757617291e-05
1.2508467989391647e-05,1.3200529792811722e-05,1.5107033505046275e-05,1.8143957277061418e-05
2.222069088020362e-05,2.735698399192188e-05,3.3729796996340156e-05,4.136274219490588e-05
4.963574247085489e-05,5.7236266002291813e-05,6.258916982915252e-05,6.415224925149232e-05
6.0660793678835034e-05,5.177524872124195e-05,3.872493471135385e-05
2.420003875158727e-05,1.1402552445360925e-05,2.912091531470651e-06,6.952014519612248e-10
2.3696634343650658e-06,8.232883374148514e-06,1.4963935427658726e-05,2.019056410063058e-05
2.269465767312795e-05,2.2526224711327814e-05,2.0470115487114526e-05,1.741773303365335e-05
1.4061919500818476e-05,1.0958618986478541e-05,8.567813893023413e-06,7.116118467820343e-06
6.552884315169649e-06,6.684632353426423e-06,7.341300715779653e-06,8.496165719407145e-06
1.0267556717735715e-05,1.2742731996695511e-05,1.577945840836037e-05
1.9055525626754388e-05,2.2337379050441086e-05,2.562566260166932e-05,2.8982512958464213e-05
3.2225190807366744e-05,3.493966141832061e-05,3.69430890714284e-05,0.006209449842572212
0.006345640867948532,0.00650109862908721,0.006661031395196915,0.0068040271289646626
0.006925069261342287,0.007035999093204737,0.007145135663449764,0.007243756670504808
0.0073123229667544365,0.007332310080528259,0.0072943721897900105,0.007199569139629602
0.007048531901091337,0.006832482293248177,0.006549442186951637
0.006232411600649357,0.005948888603597879,0.005765078589320183,0.00570830749347806
0.005761387292295694,0.005886856000870466,0.006042973604053259,0.006184784695506096
0.006275392137467861,0.006297244690358639,0.006246369332075119,0.006122891325503588
0.005929481238126755,0.005672622472047806,0.005363676231354475,0.005023900419473648
0.004687492270022631,0.004392027854919434,0.004165051970630884,0.004022295121103525,0.003970893565565348,0.00400803005322814,0.004122338257730007
0.00429688161239028,0.004506310913711786,0.004721496254205704,0.004933920688927174
0.005173472687602043,0.005484151653945446,0.005877056624740362,0.006310133263468742
0.006707004737108946,0.00698848208412528,0.007086724974215031,0.006940694060176611
0.006493375636637211,0.005706127732992172,0.0045867664739489555,0.00320468470454216
0.001676682848483324,0.00013678916729986668,-0.001290676649659872,-0.0025047704111784697
-0.00343533419072628,-0.004050613380968571,-0.004356835503131151
-0.004393402487039566,-0.0042288340628147125,-0.0039434852078557014,-0.0036036598030477762
-0.003251023590564728,-0.002909339964389801,-0.00259919255040586,-0.0023498847149312496,-0.0021948355715721846,-0.002159393858164549,-0.002258150838315487,-0.00249710981734097,-0.002869874704629183,-0.00335132353939116,-0.0039030341431498528,-0.0044936444610357285,-0.005114235915243626,-0.005766130052506924,-0.006435115821659565,-0.007091119885444641,-0.007706667762249708,-0.008259030990302563,-0.008719470351934433
-0.009049903601408005,-0.009219006635248661,-0.009227804839611053,-0.009109131060540676
-0.008899500593543053,-0.008619192987680435,-0.00827711820602417,-0.00788981281220913
-0.007490324322134256,-0.007116539869457483,-0.006798539776355028,-0.0065576061606407166
-0.006405353080481291,-0.006338074337691069,-0.0063341641798615456,-0.006359161343425512
-0.006381208077073097,-0.006388017907738686,-0.006386727560311556,-0.0063890013843774796,-0.006392923649400473
-0.006368715316057205,-0.006266218144446611,-0.006046407390385866,-0.005710279569029808
-0.005298792850226164,-0.0048656766302883625,-0.004459952004253864,-0.004131382331252098
-0.003933865111321211,-0.0039153676480054855,-0.004095793701708317,-0.004453802481293678,-0.004942638799548149,-0.005511977709829807,-0.006121711805462837,-0.006752118468284607
-0.007393715437501669,-0.008020853623747826,-0.008578530512750149,-0.008986100554466248,-0.009149466641247272,-0.008981475606560707,-0.008426245301961899,-0.00747672701254487,-0.006173600908368826
-0.004589918535202742,-0.0028170845471322536,-0.0009540750179439783,0.0008987997425720096
0.0026352170389145613,0.004139364697039127,0.005306169390678406,0.006074738688766956,0.006435998249799013,0.006418893113732338,0.0060882712714374065,0.005543279927223921,0.004900249652564526,0.004270163364708424,0.0037379893474280834,0.0033566425554454327,0.0031546298414468765,0.003134278580546379,0.0032659536227583885,0.003503495128825307,0.0038098867516964674,0.004161694087088108,0.004533963743597269
0.004887202754616737,0.0051656244322657585,0.0053130853921175,0.005304961930960417
0.005169941112399101,0.004976709373295307,0.004799861926585436,0.004698311444371939
0.0047085462138056755,0.004843240138143301,0.005095348693430424,0.0054434966295957565
0.0058586373925209045,0.00630805641412735,0.0067538246512413025,0.0071565378457307816,0.007480828557163477,0.007693077437579632,0.007762891240417957,0.007679975125938654
0.007473345845937729,0.007206963840872049,0.006947553716599941
0.006732993759214878,0.0065670437179505825,0.006436692085117102,0.006331590469926596
0.006247031502425671,0.006172306835651398,0.006087705958634615,0.005978141445666552
0.005846244748681784,0.00571267819032073,0.005601335782557726,0.005517388693988323
0.005444288719445467,0.005365394055843353,0.00527268135920167,0.005152218509465456
0.0049835387617349625,0.004755326081067324,0.004473823122680187,0.004167556297034025
0.0038842884823679924,0.0036731280852109194,0.0035733715631067753
0.0036198622547090054,0.0038443617522716522,0.0042649805545806885,0.004883339628577232
0.0056851813569664955,0.006626475602388382,0.007626581937074661,0.008574383333325386
0.009328076615929604,0.009725576266646385,0.009625883772969246,0.008962275460362434,0.007766918744891882,0.006146606989204884,0.00423638429492712,0.002171096857637167
8.432380855083466e-05,-0.0018823654390871525,-0.003584648249670863,-0.004903297871351242,-0.0057749068364501,-0.00620332732796669,-0.006247396115213633
-0.005996081978082657,-0.005543931853026152,-0.004973523784428835,-0.0043486980721354485
-0.003720475360751152,-0.003139663953334093,-0.0026614379603415728,-0.0023390434216707945
-0.002218537498265505,-0.002334596822038293,-0.002697393763810396,-0.003280013334006071,-0.004022187553346157,-0.004842884838581085,-0.005653646308928728,-0.006373414769768715
-0.006939961574971676,-0.007315292488783598,-0.0074840509332716465,-0.007448568474501371,-0.007229555398225784,-0.006874070502817631,-0.006460925564169884
-0.006086595356464386,-0.0058370549231767654,-0.005769172217696905,-0.005906837061047554
-0.006244974676519632,-0.006751265376806259,-0.007363599259406328,-0.008002088405191898
-0.008596159517765045,-0.009100808762013912,-0.00949857383966446,-0.009792853146791458
-0.009986176155507565,-0.010060932487249374,-0.009984665550291538,-0.009729637764394283,-0.009288027882575989,-0.00867532566189766,-0.007925933226943016,-0.007089314982295036,-0.006223728414624929,-0.005381929688155651,-0.004603795241564512
-0.003929950762540102,-0.0034124881494790316,-0.0030980410519987345,-0.0030040303245186806,-0.0031134358141571283,-0.0033835317008197308,-0.003758365986868739,-0.00418193731456995,-0.004609111696481705,-0.005006437189877033,-0.005346211604773998,-0.005615544971078634,-0.005835762247443199,-0.006056660320609808,-0.006321010645478964,-0.0066291047260165215,-0.0069241756573319435,-0.007108213379979134,-0.0070832050405442715,-0.006782421842217445,-0.006174543872475624,-0.005264976527541876,-0.004094000440090895
-0.0027244831435382366,-0.001241935882717371,0.0002452406333759427,0.001625963719561696,0.002804728224873543,0.003711855737492442,0.004311902914196253,0.004601765424013138,0.004608375485986471,0.004394340328872204,0.004055097233504057,0.0036943911109119654
0.0033905247692018747,0.003184287576004863,0.0030925164464861155,0.003119290806353092
0.003252738621085882,0.0034600107464939356,0.003697931068018079,0.0039372751489281654
0.004179236479103565,0.004449536092579365,0.004770646803081036
0.005137121304869652,0.0055199675261974335,0.005887492094188929,0.006221553776413202
0.0065218801610171795,0.006790822371840477,0.0070134783163666725,0.007160958368331194
0.007209633477032185,0.007155064959079027,0.007015555165708065,0.006823299452662468
0.00660913297906518,0.006397590972483158,0.006214596331119537,0.00608829315751791,0.0060339937917888165,0.006040573585778475,0.00607327139005065,0.006092808209359646
0.006075913552194834,0.006018216256052256,0.005927497986704111
0.005823375191539526,0.005735958926379681,0.005694284103810787,0.00571345305070281,0.00579311978071928,0.005921609699726105,0.006074727978557348,0.006218413822352886
0.006321663968265057,0.006366620305925608,0.006347360089421272,0.006259512156248093
0.006093303207308054,0.005843543913215399,0.0055236960761249065,0.005169429816305637
0.0048328484408557415,0.004564747679978609,0.004397868644446135,0.004345505498349667
0.004404858686029911,0.004559350199997425,0.004779191687703133
0.0050247409380972385
0.005267556756734848,0.005518252495676279,0.005823636427521706,0.006218430120497942
0.006678782869130373,0.007129622157663107,0.007481720298528671,0.0076520973816514015,0.007562096230685711,0.007137644104659557,0.006334645673632622,0.005165816750377417,0.0036979634314775467,0.0020330138504505157,0.0002885421272367239,-0.0014157898258417845,-0.002957327989861369,-0.0042119440622627735,-0.005078209564089775,-0.005508216097950935
-0.005521169397979975,-0.005188752431422472,-0.0046017905697226524,-0.0038539431989192963
-0.0030480404384434223,-0.002294956473633647,-0.0016986988484859467,-0.0013384833000600338,-0.0012564858188852668,-0.0014580608112737536,-0.0019212813349440694,-0.002604469656944275
-0.0034419619478285313,-0.004344063811004162,-0.005220366641879082,-0.006007776129990816
-0.006680205464363098,-0.007233432959765196,-0.007660542149096727,-0.007952440530061722,-0.008111746981739998,-0.00814708974212408,-0.008067510090768337,-0.007893551141023636,-0.007663192227482796
-0.0074256607331335545,-0.007234110962599516,-0.00713579123839736,-0.007161360699683428,-0.007324766367673874,-0.007627403363585472,-0.008054710924625397,-0.008567318320274353
-0.009100202471017838,-0.00958154909312725,-0.009955337271094322,-0.010188112035393715
-0.010264523327350616,-0.010181278921663761,-0.009940479882061481,-0.009545983746647835
-0.009012500755488873,-0.008373817428946495,-0.007673255167901516,-0.006949217524379492
-0.006225385703146458,-0.005510055460035801,-0.00481224013492465
-0.004158636089414358,-0.003593074856325984,-0.0031651491299271584,-0.00291461986489594,-0.002855908125638962,-0.002977092517539859,-0.003252829657867551,-0.0036542012821882963
-0.004146885126829147,-0.00468453299254179,-0.005216997116804123,-0.0057122912257909775
-0.006158468313515186,-0.0065397401340305805,-0.006819606758654118,-0.006943216547369957
-0.006851070560514927,-0.006501569878309965,-0.005888611543923616,-0.005040796939283609,-0.004010377451777458,-0.0028568427078425884,-0.0016320166178047657
-0.00038268929347395897,0.0008371680160053074,0.0019641586113721132,0.0029348924290388823,0.0036984633188694715,0.0042269183322787285,0.004520315211266279,0.004600595682859421
0.004500954411923885,0.004262360744178295,0.003932356834411621,0.003563420847058296,0.0032171227503567934,0.002962154569104314,0.002851994475349784,0.0029022556263953447
0.003094971412792802,0.0034001199528574944,0.003788324072957039,0.0042308117263019085,0.0046974169090390205,0.005156977102160454,0.005579963326454163
0.005942006129771471,0.006223612930625677,0.006410328205674887,0.006502463016659021
0.006523961201310158,0.006513318512588739,0.006506770849227905,0.006531803403049707
0.006603623740375042,0.006721307057887316,0.0068723056465387344,0.007035425864160061
0.007177984341979027,0.007261727936565876,0.007259646896272898,0.007172472309321165
0.007026053499430418,0.006845277268439531,0.0066383397206664085,0.0064085195772349834
0.006170617416501045,0.005955389700829983,0.005797434598207474
0.005714156199246645,0.005698792170733213,0.005733158905059099,0.0057983980514109135
0.0058707427233457565,0.005917112808674574,0.005903522949665785,0.005809069145470858,0.0056328801438212395,0.005384144373238087,0.005067209247499704,0.004690699744969606
0.004287321120500565,0.003906157799065113,0.0035908804275095463,0.003373781219124794
0.0032796068117022514,0.0033325334079563618,0.003559316974133253,0.003971676342189312,0.004542430862784386,0.005207960028201342,0.0058926744386553764
0.006534203886985779,0.007106315344572067,0.007616265676915646,0.008061373606324196,0.008397242985665798,0.008553195744752884,0.008463014848530293,0.008080445230007172
0.007383032701909542,0.0063763936050236225,0.005098800640553236,0.003621223848313093,0.0020347312092781067,0.0004291802179068327,-0.0011110735358670354,-0.0024968136567622423,-0.003639986738562584,-0.004475438967347145,-0.004974952898919582,-0.0051459153182804585,-0.005023999605327845,-0.00467158667743206,-0.004176880698651075
-0.0036407355219125748,-0.003154750680550933,-0.0027858284302055836,-0.002574315993115306
-0.0025383741594851017,-0.0026748543605208397,-0.0029615629464387894,-0.0033649508841335773
-0.0038429286796599627,-0.0043485127389431,-0.004843071103096008,-0.005302797071635723
-0.005709195043891668,-0.006035862024873495,-0.006248225457966328,-0.006322534754872322
-0.006270320620387793,-0.006139731965959072,-0.005982541013509035,-0.005830124020576477
-0.005713470280170441,-0.005681811831891537,-0.005782469641417265
-0.006029778625816107,-0.006393904332071543,-0.0068233017809689045,-0.007279777899384499,-0.007741115055978298,-0.008178001269698143,-0.008545318618416786,-0.008800273761153221
-0.008929355069994926,-0.008954162709414959,-0.008912966586649418,-0.008834859356284142
-0.008720209822058678,-0.00854388065636158,-0.008277099579572678,-0.007912671193480492
-0.0074746860191226006,-0.00699615990743041,-0.006499469745904207,-0.00600455841049552
-0.005535001400858164,-0.005117412656545639,-0.004781702533364296
-0.004551493097096682,-0.00443640910089016,-0.0044385152868926525,-0.004557834006845951,-0.004782802425324917,-0.005077698267996311,-0.005389017052948475,-0.005668761674314737,-0.0058965133503079414,-0.006088502239435911,-0.006285784300416708,-0.006522157695144415
-0.006792693864554167,-0.007048706524074078,-0.007216918282210827,-0.007214353419840336
-0.006956338416785002,-0.006379555910825729,-0.005464537069201469,-0.004236357286572456
-0.0027592689730226994,-0.001132868928834796,0.0005176421254873276
0.0020602114964276552,0.0033773486502468586,0.0043786135502159595,0.005011716857552528
0.005277048796415329,0.0052277822978794575,0.004949022550135851,0.004530311096459627,0.004047989845275879,0.0035570806358009577,0.0030873201321810484,0.0026529752649366856,0.0022725239396095276,0.0019756946712732315,0.0017912250477820635,0.0017337144818156958,0.0018066845368593931,0.0020143124274909496,0.002364162355661392,0.002854943973943591,0.0034635369665920734,0.0041462089866399765,0.004849656485021114,0.005524724256247282,0.006133969873189926,0.006650203838944435,0.007058460731059313,0.0073565891943871975,0.007546651642769575,0.0076341754756867886,0.0076392702758312225,0.007596366573125124,0.007534981705248356,0.007464008871465921,0.00737632205709815,0.007266991306096315,0.007143852300941944,0.007016859482973814,0.00688178138807416,0.006719628348946571,0.0065118479542434216,0.0062563433311879635,0.0059695555828511715,0.005678817164152861,0.005419607274234295,0.005231581628322601
0.005143020302057266,0.0051571400836110115,0.005254149436950684,0.005405002739280462
0.005583574064075947,0.005764316767454147,0.0059096296317875385,0.005970862228423357
0.005910426378250122,0.005717634689062834,0.005409438628703356,0.00502796983346343
0.0046264538541436195,0.004255237989127636,0.003964782226830721,0.003803632687777281
0.003802298102527857,0.003961973823606968,0.004260067827999592,0.0046664876863360405
0.005151974968612194,0.005680588074028492,0.006207881961017847
0.006708676926791668,0.007195029407739639,0.007672599982470274,0.008092613890767097
0.008366541936993599,0.008409335277974606,0.008167118765413761,0.007618919480592012
0.0067665548995137215,0.005637286230921745,0.004289108794182539,0.0028061005286872387
0.0012894426472485065,-0.000160102266818285,-0.001463013468310237,-0.0025691110640764236
-0.0034457880537956953,-0.004061599262058735,-0.0043938783928751945,-0.004451294429600239
-0.004279865883290768,-0.003946973010897636,-0.003518747165799141
-0.003053954802453518,-0.0026143635623157024,-0.002268298529088497,-0.0020793091971427202
-0.0020840205252170563,-0.002279591280966997,-0.0026405679527670145,-0.0031400746665894985
-0.0037475982680916786,-0.004415643401443958,-0.005079804919660091,-0.0056791771203279495
-0.006173586472868919,-0.006539130117744207,-0.006759854964911938,-0.0068326531909406185
-0.00678049772977829,-0.006660619284957647,-0.006555892992764711,-0.006549852900207043
-0.006694539450109005,-0.006991126574575901,-0.007405661046504974
-0.007898243144154549,-0.008423254825174809,-0.00891873985528946,-0.009322278201580048
-0.009597238153219223,-0.009741879999637604,-0.009775671176612377,-0.009714133106172085
-0.009557783603668213,-0.009303174912929535,-0.008958038873970509,-0.008539790287613869
-0.008058604784309864,-0.007517176680266857,-0.00693502789363265,-0.006357439793646336
-0.0058314562775194645,-0.005382808391004801,-0.005020270124077797,-0.004747010301798582
-0.004560669884085655,-0.004449792206287384,-0.004389490000903606
-0.004350380972027779,-0.004321247339248657,-0.004311590455472469,-0.004334562923759222
-0.004396149888634682,-0.00449189031496644,-0.004608643241226673,-0.00473544467240572
-0.004881065338850021,-0.005083717405796051,-0.005393761210143566,-0.005835008341819048
-0.00637891935184598,-0.006947735790163279,-0.007430429570376873,-0.007702401373535395
-0.007653161883354187,-0.0072186472825706005,-0.006402171216905117,-0.005267536733299494
-0.003903971053659916,-0.0023903087712824345,-0.0007989504374563694
0.0007741515291854739,0.002213231986388564,0.003420914988964796,0.0043447595089674
0.004975451156497002,0.0053265769965946674,0.005416210275143385,0.005263567436486483
0.004898037761449814,0.004373572301119566,0.0037730338517576456,0.003191434545442462
0.002712273271754384,0.002395173069089651,0.0022761747241020203,0.0023704813793301582
0.0026673830579966307,0.003125016111880541,0.003682185197249055,0.00428673904389143
0.00490985345095396,0.005522687919437885,0.006078329402953386
0.006538535468280315,0.006898854859173298,0.007171717472374439,0.007356664165854454,0.00743313180282712,0.007381484843790531,0.007211077027022839,0.006964804604649544
0.006701115518808365,0.006474285386502743,0.006315942853689194,0.006228303536772728
0.006200050935149193,0.006222464144229889,0.006291048601269722,0.006401099264621735,0.006544628646224737,0.006711150985211134,0.006887356750667095,0.007051077671349049,0.007168286480009556,0.007211065385490656,0.007184004411101341
0.007117141503840685,0.007030842360109091,0.006921427324414253,0.006778736133128405
0.0066082472912967205,0.006433245725929737,0.006274463143199682,0.006128310225903988
0.005962110590189695,0.0057319169864058495,0.005414608865976334,0.005023181904107332
0.004589507356286049,0.004144004080444574,0.003714773803949356,0.0033353634644299746
0.0030526500195264816,0.002923537278547883,0.002988683758303523,0.0032475125044584274
0.003663646522909403,0.004193315748125315,0.00481052091345191
0.005504421889781952,0.006249323487281799,0.0069814082235097885,0.007607717998325825
0.008031181991100311,0.008165774866938591,0.007941681891679764,0.007312045898288488
0.006272937171161175,0.004886074922978878,0.0032710316590964794,0.0015725791454315186
-6.93267211318016e-05,-0.001542857731692493,-0.0027712045703083277,-0.0037014801055192947
-0.004298198036849499,-0.004549755249172449,-0.004475918132811785,-0.004128703847527504
-0.003588802879676223,-0.0029532844200730324,-0.002315837424248457
-0.0017583833541721106,-0.0013564217370003462,-0.0011797476327046752,-0.0012806622544303536,-0.001675010658800602,-0.002331746742129326,-0.003182915970683098
5.291344132274389e-05,5.013789996155538e-05,4.7623565478716046e-05,4.491071740631014e-05,4.156008435529657e-05,3.7412039091577753e-05
3.2615382224321365e-05,2.7484245947562158e-05,2.244443749077618e-05,1.799631536414381e-05
1.4551870663126465e-05,1.2302281902520917e-05,1.1266292858636007e-05,1.1440059097367339e-05,1.2954399608133826e-05,1.6228790627792478e-05,2.2013189663994126e-05,3.109434328507632e-05
4.3609335989458486e-05,5.8269510191166773e-05,7.211658521555364e-05,8.144013554556295e-05
8.347855327883735e-05,7.750689110253006e-05,6.478217255789787e-05,4.789380545844324e-05,3.0075454560574144e-05,1.4671285498479847e-05,4.3453037505969405e-06
1.4643791246271576e-07,1.3601583077615942e-06,6.230011877050856e-06,1.276890452572843e-05
1.9192068066331558e-05,2.4134562409017235e-05,2.681590740394313e-05,2.7049105483456515e-05
2.516526910767425e-05,2.1909751012572087e-05,1.8195620214100927e-05,1.4782654943701345e-05
1.2111696378269698e-05,1.0369131814513821e-05,9.638358278607484e-06,1.0009431207436137e-05,1.1622018064372241e-05,1.4633906175731681e-05,1.914981476147659e-05,2.5182907847920433e-05
3.259046206949279e-05,4.0876606362871826e-05,4.902198270428926e-05
5.565182073041797e-05,5.9553258324740455e-05,6.014056270942092e-05,5.7552566431695595e-05,5.25389623362571e-05,4.62845346191898e-05,4.0065042412607e-05,3.487633875920437e-05,3.128245589323342e-05,2.9434278985718265e-05,2.9181932404753752e-05,3.0246188543969765e-05,3.232738163205795e-05,3.510828173602931e-05,3.819393532467075e-05,4.1045364923775196e-05,4.309457654017024e-05,4.409260145621374e-05,4.4316395360510796e-05,4.432215428096242e-05,4.449041443876922e-05,4.4811902625951916e-05
4.503249147091992e-05,4.494457971304655e-05,4.454783265828155e-05,4.399947647470981e-05
4.3447733332868665e-05,4.284250826458447e-05,4.189712126390077e-05,4.030486161354929e-05
3.796447708737105e-05,3.4993907320313156e-05,3.1639978260500357e-05,2.8178377760923468e-05
2.483095340721775e-05,2.1765465135104023e-05,1.9137116396450438e-05,1.7076978110708296e-05
1.5654095477657393e-05,1.4878522051731125e-05,1.4716027180838864e-05,1.5101943972695153e-05
1.5989588064257987e-05,1.7400401702616364e-05,1.9436138245509937e-05
2.228887206001673e-05,2.623131513246335e-05,3.148469841107726e-05,3.7955476727802306e-05,4.4957232603337616e-05,5.111379505251534e-05,5.459801104734652e-05,5.3694377129431814e-05,4.7645658924011514e-05,3.731346077984199e-05,2.4921191652538255e-05,1.3199344721215311e-05
4.565255494526355e-06,3.8971325011516456e-07,6.117057296251005e-07,3.897034275723854e-06
8.275988875539042e-06,1.1997473848168738e-05,1.406052615493536e-05,1.4226890016288962e-05,1.278925992664881e-05,1.0367875802330673e-05,7.709008059464395e-06
5.419483386503998e-06,3.7761769817734603e-06,2.7578516892390326e-06,2.2333115339279175e-06,2.1148191535758087e-06,2.420350483589573e-06,3.2942532470769947e-06,4.990174602426123e-06
7.808428563294001e-06,1.2037008673360106e-05,1.789823545550462e-05,2.5409301088075154e-05,3.4136453905375674e-05,4.3037176510551944e-05,5.073809006717056e-05,5.620767842628993e-05,5.917659655096941e-05,6.003120506647974e-05,5.952114952378906e-05,5.8474106481298804e-05,5.767209950136021e-05,5.783701635664329e-05,5.938603135291487e-05
6.214822496986017e-05,6.548194505739957e-05,6.871162622701377e-05,7.142522372305393e-05,7.335404370678589e-05,7.404665666399524e-05,7.284036837518215e-05,-0.00832846574485302,-0.007998669520020485,-0.007585624232888222,-0.007132420781999826,-0.006673478987067938
-0.006242917850613594,-0.00588696775957942,-0.005655101500451565,-0.005574740003794432
-0.005636798217892647,-0.005800588522106409,-0.006013905163854361,-0.00623280368745327,-0.006422350648790598,-0.006547058001160622,-0.006577585823833942
-0.006512903142720461,-0.0063822828233242035,-0.00622080871835351,-0.006052330601960421,-0.005887832026928663,-0.005731447599828243,-0.005590841639786959,-0.005477636121213436,-0.005408604629337788,-0.005419195629656315,-0.005558525677770376,-0.0058534718118608,-0.006275228690356016,-0.006738836411386728,-0.007130172569304705,-0.007337016053497791
-0.00727100670337677,-0.006877529434859753,-0.0061392891220748425,-0.005073857959359884
-0.0037241484969854355,-0.0021560098975896835,-0.0004571040626615286
0.0012784620048478246,0.002959613688290119,0.004491920117288828,0.005775424186140299
0.006715000607073307,0.007245734799653292,0.007359204348176718,0.007098612375557423,0.006530968938022852,0.005729797761887312,0.004773478023707867,0.0037504001520574093,0.002761413576081395,0.0019097868353128433,0.001279785530641675,0.0009158470202237368,0.0008248754311352968,0.0009983021300286055,0.0014190799556672573,0.0020490637980401516
0.0028216145001351833,0.003658904228359461,0.004501204006373882
0.005309644620865583,0.006045130547136068,0.006658086087554693,0.007100034970790148
0.007348010316491127,0.007418978959321976,0.007354459725320339,0.007191797252744436
0.006955245975404978,0.006672687828540802,0.006396272219717503,0.00620192801579833
0.0061577181331813335,0.006285410374403,0.006556189619004726,0.006920975632965565
0.007337548770010471,0.007767032831907272,0.008150152862071991,0.008404495194554329
0.00845485832542181,0.008264412172138691,0.007845554500818253
0.00724903866648674,0.006539660040289164,0.005777972750365734,0.005017335060983896
0.004307886119931936,0.0036940271966159344,0.003204461419954896,0.002848413772881031
0.0026211105287075043,0.0025103893131017685,0.002501747105270624,0.002581803360953927
0.002740707714110613,0.0029735772404819727,0.0032756265718489885,0.003632395761087537,0.0040193842723965645,0.004413602873682976,0.004804015159606934,0.005190076306462288,0.005567193031311035
0.005922332406044006,0.006256799213588238,0.006597892381250858,0.006972613278776407
0.007377858739346266,0.007769761607050896,0.008074024692177773,0.008215710520744324
0.00814087875187397,0.007817814126610756,0.007233576383441687,0.006391187198460102
0.005307290703058243,0.004015755373984575,0.002572715748101473,0.0010437823366373777
-0.0005144871538504958,-0.0020406898111104965,-0.00343946716748178,-0.004589231219142675
-0.005390281789004803,-0.0058084167540073395,-0.0058753881603479385,-0.00565312197431922,-0.0051997690461575985
-0.004565075039863586,-0.0038107959553599358,-0.0030212337151169777,-0.002282681642100215
-0.001662128372117877,-0.0012091833632439375,-0.0009630244458094239,-0.0009524215129204094
-0.0011894511990249157,-0.0016564661636948586,-0.002301521133631468,-0.0030540619045495987
-0.0038422169163823128,-0.004600086715072393,-0.005279960110783577,-0.005865771323442459,-0.006368119735270739,-0.006804510485380888,-0.00718647288158536,-0.007520912680774927
-0.007808918133378029,-0.00804264098405838,-0.00821799598634243
-0.008346864953637123,-0.008450143039226532,-0.008551161736249924,-0.008676616474986076
-0.008844586089253426,-0.009046406485140324,-0.00925016775727272,-0.009423000738024712
-0.009540721774101257,-0.009574523195624352,-0.009482929483056068,-0.009226424619555473
-0.008790478110313416,-0.008198074996471405,-0.007498790044337511,-0.006747165694832802
-0.005995620973408222,-0.005294629372656345,-0.004689495079219341,-0.004215899854898453
-0.003891476895660162,-0.003717942163348198,-0.0036915303207933903
-0.0037961024791002274,-0.003996049985289574,-0.004247880540788174,-0.004511072300374508,-0.004753009416162968,-0.00495569221675396,-0.0051214685663580894,-0.005279238801449537,-0.00548488600179553,-0.005795729346573353,-0.0062306225299835205,-0.006758525967597961,-0.007313909009099007,-0.00780324824154377,-0.008114097639918327,-0.008146982640028,-0.00784552376717329,-0.007205643691122532,-0.0062683275900781155,-0.005103090777993202,-0.0037886695936322212,-0.002395850606262684,-0.0009827944450080395
0.00039766845293343067,0.0016948806587606668,0.002860817825421691,0.0038505555130541325
0.004627886228263378,0.005173603072762489,0.005495122633874416,0.005625387653708458
0.005602287128567696,0.005452852696180344,0.005197768099606037,0.004864589311182499
0.004493679851293564,0.004129290580749512,0.003809169866144657,0.0035602806601673365
0.0033930581994354725,0.0033070275094360113,0.0033137176651507616,0.0034453936386853456
0.003727839794009924,0.004141041077673435,0.004616609774529934
0.005082285031676292,0.00549700390547514,0.005840552970767021,0.00609475327655673
0.006246803794056177,0.006298260763287544,0.006265535950660706,0.006175437476485968
0.006056336220353842,0.005933553911745548,0.005833668168634176,0.005780693609267473
0.005788011942058802,0.005862057209014893,0.006004327908158302,0.0062070442363619804
0.006454695947468281,0.006726646330207586,0.006993836723268032,0.007218038197606802
0.007367327343672514,0.007435782812535763,0.007443177979439497
0.007420838810503483,0.007392872590571642,0.007361309602856636,0.007309725973755121
0.007213805802166462,0.007050270214676857,0.0068067931570112705,0.00648384727537632,0.006090972572565079,0.005646511446684599,0.0051775118336081505,0.004716767463833094
0.004300056025385857,0.003962532617151737,0.0037282356061041355,0.00359927024692297
0.0035630823113024235,0.003610153216868639,0.0037319159600883722,0.0039030262269079685,0.004087130539119244,0.0042733666487038136,0.004491967149078846
0.00477888248860836,0.005136793479323387,0.005529180634766817,0.005891268141567707,0.006155046634376049,0.006275841500610113,0.006227079778909683,0.00598280830308795,0.005520415026694536,0.004833159502595663,0.003936916124075651,0.0028694598004221916
0.0016878254245966673,0.0004653607029467821,-0.0007194108911789954,-0.0018014090601354837
-0.002732721157371998,-0.003465967485681176,-0.003953468054533005,-0.004174073226749897
-0.00414874916896224,-0.003926428966224194,-0.0035628245677798986
-0.0031137047335505486,-0.002644946798682213,-0.0022384324111044407,-0.0019770150538533926
-0.0019235642394050956,-0.0021064854227006435,-0.002512718318030238,-0.0030935914255678654
-0.003780382452532649,-0.004502606112509966,-0.005200809799134731,-0.005828273948282003
-0.006351877935230732,-0.0067605567164719105,-0.0070741972886025906,-0.007329845335334539
-0.007542898412793875,-0.007694666273891926,-0.007762466557323933,-0.007745081093162298
-0.007662174757570028,-0.007537842728197575,-0.007387956604361534
-0.007224241271615028,-0.007064830977469683,-0.006938893813639879,-0.006875669118016958
-0.006885955575853586,-0.00695680221542716,-0.007059181574732065,-0.007165810558944941,-0.007267087232321501,-0.007359723094850779,-0.007425377145409584,-0.007434214930981398
-0.007364938501268625,-0.007213623262941837,-0.006987415254116058,-0.0066989511251449585,-0.0063660359010100365,-0.006013606209307909,-0.0056746769696474075,-0.0053773303516209126
-0.005128179211169481,-0.004923469852656126,-0.004775357432663441
-0.004711048677563667,-0.004745365120470524,-0.004859166219830513,-0.005004003643989563,-0.005134298466145992,-0.00524078169837594,-0.005360804032534361,-0.0055634742602705956
-0.005904958117753267,-0.006378888618201017,-0.00691517349332571,-0.0074212802574038506
-0.007810313254594803,-0.007995091378688812,-0.007878085598349571,-0.007374145090579987
-0.006455481518059969,-0.005174328573048115,-0.003645610995590687,-0.00200684554874897,-0.0003839160781353712,0.0011216826969757676,0.002427964936941862
0.0034672541078180075
0.004199391696602106,0.00462794303894043,0.004793320316821337,0.004752588924020529
0.004560469649732113,0.0042590368539094925,0.0038852335419505835,0.0034792728256434202
0.0030748634599149227,0.0026883843820542097,0.0023264631163328886,0.0020033824257552624
0.0017508770106360316,0.0016105850227177143,0.0016153035685420036,0.0017815330065786839
0.0021189460530877113,0.0026341003831475973,0.003319080453366041,0.004138586111366749
0.005025104619562626,0.0058875540271401405,0.006635876838117838,0.007208584807813168
0.007580374833196402,0.007749541662633419,0.007730401586741209,0.007561315316706896
0.007311186753213406,0.0070617650635540485,0.0068747312761843204,0.006776336580514908
0.006762926001101732,0.006813445594161749,0.006903085391968489,0.00700607942417264
0.007088764104992151,0.007113875821232796,0.007058158051222563,0.006924374029040337
0.006738864816725254,0.006537291686981916,0.006346866488456726,0.006181106902658939
0.006047576200217009
0.005947996862232685,0.005866259336471558,0.005763262044638395,0.005593149922788143
0.005331326741725206,0.00498987827450037,0.004612426273524761,0.00425757747143507
0.003982627764344215,0.003833524649962783,0.003839625744149089,0.004012415185570717
0.004340746905654669,0.004783923737704754,0.0052782343700528145,0.005753514356911182
0.006148672197014093,0.00642405916005373,0.006564157549291849,0.006572948303073645
0.0064821988344192505,0.00636214530095458,0.006293218582868576
0.0063165402971208096,0.006415743380784988,0.006529472768306732,0.006575548090040684
0.006477546412497759,0.006179087329655886,0.005646806210279465,0.004871080629527569
0.0038664452731609344,0.002678666030988097,0.0013899491168558598,9.712344035506248e-05
-0.0011209321673959494,-0.002207367680966854,-0.0031136826146394014,-0.003800534177571535
-0.004254080355167389,-0.004497192800045013,-0.0045789796859025955,-0.004545692354440689
-0.004416017793118954,-0.0041863517835736275,-0.003859854768961668
-0.0034659721422940493,-0.003052321495488286,-0.002663437742739916,-0.002333924639970064
-0.002094460651278496,-0.0019738166593015194,-0.001999691128730774,-0.0021930872462689877
-0.002554284641519189,-0.003063715063035488,-0.0036986980121582747,-0.004439705051481724
-0.005254520568996668,-0.006082606036216021,-0.006847213953733444,-0.007482708897441626
-0.007954074069857597,-0.008263367228209972,-0.008439788594841957,-0.008520465344190598
-0.008531766943633556,-0.008480923250317574,-0.008372988551855087
-0.008234318345785141,-0.008106822147965431,-0.00802379660308361,-0.007994504645466805
-0.008005227893590927,-0.008037375286221504,-0.008080694824457169,-0.008127367123961449
-0.008167526684701443,-0.008188975974917412,-0.008169982582330704,-0.008075747638940811
-0.007870489731431007,-0.007538927253335714,-0.0070963227190077305,-0.00657829362899065
-0.00602214690297842,-0.0054535819217562675,-0.004894131328910589,-0.00438006641343236
-0.003961438778787851,-0.003684526076540351,-0.003578380448743701
-0.003647994715720415,-0.0038759673479944468,-0.004230598919093609,-0.004669575951993465
-0.005142065696418285,-0.0056039560586214066,-0.0060404762625694275,-0.0064631858840584755
-0.006875565275549889,-0.007246815599501133,-0.007511802949011326,-0.007586768828332424
-0.007395126391202211,-0.006890852935612202,-0.006073458585888147,-0.0049924831837415695
-0.003731025382876396,-0.0023799408227205276,-0.0010238857939839363,0.0002612044336274266
0.0014059473760426044,0.0023488556034862995,0.00304957153275609
0.0035043898969888687,0.0037454792764037848,0.003821762278676033,0.003784417873248458
0.0036857840605080128,0.0035677370615303516,0.0034476290456950665,0.0033291166182607412
0.003218719968572259,0.0031298373360186815,0.0030815540812909603,0.003090190701186657
0.003161042695865035,0.003290118183940649,0.003463051049038768,0.0036507919430732727
0.003818497760221362,0.00394537765532732,0.004038973245769739,0.004131114110350609
0.004258595872670412,0.00444834167137742,0.004713565576821566
0.0050524016842246056,0.0054518599063158035,0.00589454360306263,0.0063587031327188015
0.006818609777837992,0.007244511507451534,0.007597762625664473,0.007835902273654938
0.007927926257252693,0.007862761616706848,0.007649487815797329,0.007317406125366688
0.0069106570445001125,0.0064704446122050285,0.006026938557624817,0.005612904671579599
0.005272201262414455,0.005052103195339441,0.004982935730367899,0.005053938832134008
0.0052192239090800285,0.005431818310171366,0.005662823561578989
0.0058931163512170315,0.006098679266870022,0.006252383813261986,0.006331880576908588,0.0063140736892819405,0.00617773924022913,0.005918536800891161,0.005549940280616283
0.005097529385238886,0.004599347710609436,0.004105717409402132,0.0036732840817421675,0.0033545768819749355,0.0031934743747115135,0.003223865060135722,0.0034624324180185795,0.0039015146903693676,0.004503368865698576,0.005205508321523666,0.0059473151341080666,0.006685602478682995,0.007377119269222021,0.007960755378007889
0.008360428735613823,0.008498450741171837,0.008312233723700047,0.007762362249195576
0.006841551512479782,0.005599473603069782,0.004143847152590752,0.002601638901978731
0.0010858876630663872,-0.00031043472699820995,-0.0015113800764083862,-0.002459465293213725
-0.0031218896619975567,-0.0034997041802853346,-0.003625706536695361,-0.00354465888813138
-0.003300098003819585,-0.0029400468338280916,-0.0025263100396841764,-0.002134146401658654
-0.0018394927028566599,-0.001693927333690226,-0.0017043822444975376
-0.001843735110014677,-0.002078886143863201,-0.0023849252611398697,-0.0027467829640954733
-0.003154574893414974,-0.0035890773870050907,-0.0040134466253221035,-0.004384116269648075,-0.004666192457079887,-0.004844003356993198,-0.004925099201500416,-0.004936285316944122
-0.0049225641414523125,-0.004942568019032478,-0.005050077103078365,-0.005281146615743637
-0.005648302845656872,-0.006130430847406387,-0.006676449440419674,-0.007227500434964895
-0.007734865415841341,-0.008166998624801636,-0.008511795662343502,-0.008766615763306618
-0.008921924978494644,-0.008961208164691925,-0.008873196318745613,-0.008658246137201786
-0.008327720686793327,-0.007910480722784996,-0.0074630677700042725,-0.007051937282085419
-0.006716214120388031,-0.006462775636464357,-0.0062898071482777596,-0.006190870422869921
-0.00614311033859849,-0.006108484230935574,-0.0060471114702522755,-0.005930969025939703
-0.005747881252318621,-0.0055008381605148315,-0.005214592907577753,-0.004935796372592449,-0.004711704794317484,-0.004563731141388416
-0.004483601078391075,-0.004457525908946991,-0.004488807171583176,-0.004593102727085352
-0.004787318408489227,-0.005094750784337521,-0.0055425334721803665,-0.00612947903573513
-0.006795547902584076,-0.007432981859892607,-0.007920164614915848,-0.008146078325808048
-0.008033748716115952,-0.0075608002953231335,-0.006759052164852619,-0.005692581180483103
-0.004432142246514559,-0.003048298414796591,-0.001617517787963152,-0.00022371788509190083
0.0010454986477270722,0.0021089762449264526,0.0029085504356771708
0.0034232446923851967,0.0036679385229945183,0.0036730002611875534,0.003474148688837886
0.0031272966880351305,0.002713385969400406,0.002321284729987383,0.002027750015258789
0.0018780602840706706,0.0018790765898302197,0.002016711048781872,0.0022773328237235546
0.002646483015269041,0.0030926831532269716,0.003567531704902649,0.004024559166282415
0.004437475465238094,0.004812920931726694,0.0051836371421813965,0.0055714016780257225
0.005961945280432701,0.00632663257420063,0.006652990356087685
0.006944676395505667,0.007205630652606487,0.007433038670569658,0.0076212044805288315
0.007766035385429859,0.007861874997615814,0.00789951253682375,0.007876190356910229,0.007798397447913885,0.007667661644518375,0.0074777863919734955,0.007228622678667307,0.006929873023182154,0.006591146811842918,0.0062185050919651985,0.005828032735735178
0.005461103282868862,0.005176205653697252,0.005016936454921961,0.004989607725292444
0.005072767846286297,0.005239955149590969,0.005469318479299545
0.005733353551477194,0.0059885503724217415,0.0061842817813158035,0.006275231949985027,0.006229056045413017,0.0060398816131055355,0.005736378952860832,0.0053703258745372295,0.004991857334971428,0.004634097218513489,0.004321435932070017,0.004081319086253643
0.003945966251194477,0.0039487299509346485,0.00410655839368701,0.004405427724123001
0.004812213126569986,0.0052890293300151825,0.005807778798043728,0.006365285255014896,0.006955589633435011,0.007531372364610434,0.00801929086446762
0.008350750431418419,0.008462019264698029,0.008288007229566574,0.007773284334689379
0.006902851164340973,0.005722947418689728,0.00430121598765254,0.002694757655262947,0.0010020327754318714,-0.0006216343026608229,-0.002049295464530587,-0.003230100031942129
-0.0041430555284023285,-0.004767825361341238,-0.005094881169497967,-0.005122805945575237
-0.004880767781287432,-0.004445017781108618,-0.003908909857273102,-0.003367152065038681
-0.0029035047627985477,-0.0025859924498945475,-0.0024716572370380163
-0.0025651128962635994,-0.002817700617015362,-0.0031824770849198103,-0.0036013550125062466,-0.003987811505794525,-0.0042815497145056725,-0.0044923629611730576,-0.004684049636125565
-0.004905779846012592,-0.005132479593157768,-0.005308309104293585,-0.005439014174044132
-0.005600655451416969,-0.005859808064997196,-0.006203648168593645,-0.006557151675224304
-0.0068555367179214954,-0.007084577810019255,-0.007263480219990015,-0.007418141700327396,-0.007577544078230858,-0.007757571060210466,-0.007944600656628609
-0.00812394730746746,-0.008288707584142685,-0.00840907171368599,-0.008435823023319244
-0.00832301750779152,-0.008044863119721413,-0.007625094614923,-0.007145644165575504
-0.006704872474074364,-0.006358403712511063,-0.006102560553699732,-0.005923132877796888
-0.005844096653163433,-0.005900260526686907,-0.006081553176045418,-0.006327186711132526
-0.006554898340255022,-0.00668932031840086,-0.006683781277388334,-0.006538407411426306
-0.0062872786074876785,-0.005959365051239729,-0.005574194714426994
-0.005162620451301336,-0.004763936623930931,-0.004407587926834822,-0.00412401370704174,-0.0039861761033535,-0.004082751926034689,-0.0044258651323616505,-0.0049462830647826195,-0.005556204356253147,-0.006163590122014284,-0.006663384381681681,-0.006945914123207331,-0.006922537460923195,-0.006550088990479708,-0.005823246669024229,-0.004772260785102844,-0.003470024559646845,-0.0020015935879200697,-0.00043654092587530613,0.0011687367223203182,0.002743526827543974,0.0041622137650847435,0.00527278333902359
0.005981742404401302,0.006268116179853678,0.006138925440609455,0.005640944465994835
0.004878463689237833,0.0039549050852656364,0.0029585640877485275,0.0020185112953186035
0.00126917683519423,0.0007722724694758654,0.0005392063176259398,0.0005736756720580161
0.0008655093843117356,0.0013928755652159452,0.0021279111970216036,0.003021699609234929
0.003999821376055479,0.004980295896530151,0.005899561569094658,0.006724814884364605
0.00744321383535862,0.008044447749853134,0.008489774540066719
0.008700963109731674,0.008631213568150997,0.008333711884915829,0.00791636761277914,0.0074556670151650906,0.006983650848269463,0.006523938849568367
2.5687686502351426e-05,2.7629050237010233e-05,2.996166585944593e-05,3.343668140587397e-05,3.8701924495399e-05,4.57142450613901e-05
5.331387365004048e-05,5.948434045421891e-05,6.216405745362863e-05,5.999736822559498e-05,5.2756211516680196e-05,4.156420982326381e-05,2.8670050596701913e-05,1.659310692048166e-05
7.3204460022679996e-06,1.8437892777001252e-06,1.479947187021935e-08,8.944823548517888e-07,3.312610260763904e-06,6.242275503609562e-06,8.961694220488425e-06,1.1117898793600034e-05,1.2647917174035683e-05,1.355599488306325e-05,1.3845852663507685e-05,1.3638090422318783e-05,1.3104578101774678e-05,1.2296995919314213e-05,1.1175437975907698e-05
9.733295883052051e-06,8.109314876492135e-06,6.612745892198291e-06,5.554255039896816e-06
5.1020888349739835e-06,5.322458036971511e-06,6.271550319070229e-06,8.067394446698017e-06
1.0899210792558733e-05,1.4865500816085842e-05,1.9764282114920206e-05,2.513781510060653e-05
3.055152774322778e-05,3.580427073757164e-05,4.081270526512526e-05,4.524355972534977e-05
4.845807052333839e-05,5.0013437430607155e-05,5.004741615266539e-05,4.910989446216263e-05
4.7808200179133564e-05,4.657106546801515e-05,4.5654986024601385e-05
4.526080738287419e-05,4.549356162897311e-05,4.634696233551949e-05,4.779552182299085e-05
4.97801520396024e-05,5.221639003138989e-05,5.50560507690534e-05,5.816445991513319e-05
6.128429231466725e-05,6.421557191060856e-05,6.673184543615207e-05,6.841300637461245e-05
6.881777517264709e-05,6.760752876289189e-05,6.45056861685589e-05,5.941757990512997e-05
5.2537503506755456e-05,4.432647619978525e-05,3.5509216104401276e-05,2.7047270123148337e-05
1.9970335415564477e-05,1.4973257748351898e-05,1.2120746760047041e-05
1.1055889444833156e-05,1.1398319657018874e-05,1.294953290198464e-05,1.5765765056130476e-05
2.0182462321827188e-05,2.6644673198461533e-05,3.5283766919746995e-05,4.54561086371541e-05
5.555976167670451e-05,6.340536492643878e-05,6.699367804685608e-05,6.512649997603148e-05
5.7756249589147046e-05,4.617173908627592e-05,3.2651372748659924e-05,1.9661985788843594e-05
9.180904271488544e-06,2.440874823150807e-06,7.752151809370389e-09,1.7491619246357004e-06
6.736536306561902e-06,1.3483392649504822e-05,2.038039565377403e-05
2.6038542273454368e-05,2.9362705390667543e-05,2.9682703825528733e-05,2.714116999413818e-05
2.2626525606028736e-05,1.7241276509594172e-05,1.1975425877608359e-05,7.5913580985798035e-06
4.508339770836756e-06,2.711828983592568e-06,1.8770721226246678e-06,1.6764373640398844e-06
1.963614522537682e-06,2.7677381240209797e-06,4.2391707211208995e-06,6.587967163795838e-06,9.955258974514436e-06,1.4292694686446339e-05,1.9375071133254096e-05,2.4913697416195646e-05
3.0689920095028356e-05,3.659231879282743e-05,4.2473293433431536e-05
4.799805174116045e-05,5.266898369882256e-05,5.59485015401151e-05,5.744327791035175e-05
5.704986324417405e-05,5.492078707902692e-05,5.146263720234856e-05,4.733599052997306e-05
4.321762025938369e-05,3.958926390623674e-05,3.675742482300848e-05,3.4873959521064535e-05
3.386166281416081e-05,3.343992284499109e-05,3.332078631501645e-05,3.336056397529319e-05
3.3505937608424574e-05,3.365883821970783e-05,3.370891499798745e-05,3.3658194297458977e-05,3.35334480041638e-05,3.325254510855302e-05,3.263856706325896e-05
3.1432595278602093e-05,2.944354673672933e-05,2.6769932446768507e-05,2.3691201931796968e-05
2.0421404769876972e-05,1.703621819615364e-05,0.003682998474687338,0.0031938795000314713
0.0027079072315245867,0.002296464517712593,0.002024165354669094,0.0019256127998232841
0.001995361875742674,0.0022070519626140594,0.0025451211258769035,0.0030085996259003878
0.0035936282947659492,0.004293263889849186,0.005103256553411484,0.006002560257911682
0.006934144999831915,0.007811157498508692,0.008531317114830017
0.008989892899990082,0.009097140282392502,0.0088020795956254,0.008107362315058708,0.007062314543873072,0.005746257025748491,0.004248753190040588,0.0026553263887763023
0.001056260196492076,-0.0004442826611921191,-0.0017473079496994615,-0.0027831874322146177
-0.003515941323712468,-0.003936422057449818,-0.004059255588799715,-0.00392446294426918,-0.00359679339453578,-0.0031600547954440117,-0.0027031144127249718,-0.002301286906003952
-0.0020039461087435484,-0.0018305169651284814,-0.0017781893257051706
-0.0018346395809203386,-0.001978358719497919,-0.0021758414804935455,-0.002391116926446557
-0.0026008491404354572,-0.002806998323649168,-0.003032046603038907,-0.0032935687340795994
-0.0035882489755749702,-0.003894480876624584,-0.00419037276878953,-0.00448134820908308
-0.004794729873538017,-0.005144897382706404,-0.0055220965296030045,-0.00590449059382081,-0.00627417117357254,-0.006625299341976643,-0.006952669937163591,-0.007245832588523626
-0.007497786544263363,-0.007707037031650543,-0.007875429466366768
-0.008003026247024536,-0.008084301836788654,-0.008114959113299847,-0.008093032985925674,-0.008016185835003853,-0.007890268228948116,-0.007730106357485056,-0.0075485119596123695,-0.007359298877418041,-0.007187538780272007,-0.007063747849315405,-0.007008204702287912,-0.0070175002329051495,-0.007060898933559656,-0.007091676350682974,-0.00705689424648881,-0.0068990308791399,-0.0065718963742256165,-0.006063510663807392,-0.005399158224463463
-0.004635817836970091,-0.0038538733497262,-0.0031388122588396072
-0.0025702971033751965,-0.0022200611419975758,-0.0021555484272539616,-0.0024513346143066883,-0.0031710504554212093,-0.004308695439249277,-0.005744579713791609,-0.007266121916472912
-0.008638221770524979,-0.009659025818109512,-0.010180322453379631,-0.010113575495779514
-0.009435176849365234,-0.008198651485145092,-0.006531111430376768,-0.0046024261973798275
-0.0025895345024764538,-0.0006398807745426893,0.0011488631134852767,0.0027132087852805853
0.003999898210167885,0.004956968128681183,0.00554471742361784,0.005759778432548046
0.005640074610710144,0.0052474928088486195,0.004654422868043184,0.0039393724873661995
0.003188071772456169,0.002490517683327198,0.0019258977845311165,0.0015511889941990376
0.0014033131301403046,0.0015012779040262103,0.0018419299740344286,0.002397132571786642
0.0031121266074478626,0.0039010378532111645,0.004656580276787281,0.005285332910716534
0.005737224593758583,0.006001907866448164,0.0060852039605379105,0.005994775332510471,0.005752455443143845,0.005415685940533876
0.005074562970548868,0.004815567284822464,0.004685526713728905,0.004695796873420477
0.004848059266805649,0.005142392124980688,0.005565617233514786,0.006073008291423321
0.006589189637452364,0.007038113661110401,0.007366687525063753,0.007547253277152777
0.007570386864244938,0.0074326349422335625,0.0071373265236616135,0.0067084673792123795
0.006191933061927557,0.0056397635489702225,0.005092990584671497,0.004579253029078245
0.004124829079955816,0.003765108296647668,0.0035437666811048985
0.0034963921643793583,0.0036301619838923216,0.003917223773896694,0.004295948427170515,0.00468456419184804,0.005010549910366535,0.005224894266575575,0.005298673640936613
0.005222213454544544,0.005008582025766373,0.00470275292173028,0.004379138816148043
0.004116639494895935,0.003975004889070988,0.0039853285998106,0.0041589378379285336
0.004510926548391581,0.005066954996436834,0.005838449113070965,0.006789588835090399
0.0078220684081316,0.008788293227553368,0.009529074653983116
0.00991215743124485,0.009847421199083328,0.00929112546145916,0.00825358647853136
0.006796296685934067,0.005023307632654905,0.0030696014873683453,0.0010774494148790836
-0.0008190642111003399,-0.002501037437468767,-0.0038757033180445433,-0.00487855076789856
-0.005472908727824688,-0.005654153414070606,-0.005445330869406462,-0.004890228156000376
-0.004058964550495148,-0.0030556863639503717,-0.0020060399547219276,-0.0010331349913030863
-0.0002469564788043499,0.00026310415705665946,0.0004424975486472249
0.00027618641615845263,-0.00021446138271130621,-0.0009753492777235806,-0.0019249198958277702
-0.002959514269605279,-0.003966735675930977,-0.004848228767514229,-0.005541131366044283
-0.006025327369570732,-0.006309486925601959,-0.0064182886853814125,-0.006395973730832338
-0.006300967186689377,-0.0061877574771642685,-0.006102769635617733,-0.006089332979172468,-0.0061796242371201515,-0.006384130567312241,-0.00669601047411561,-0.007096217013895512,-0.007549479138106108,-0.008003957569599152,-0.008400652557611465
-0.008694004267454147,-0.008870093151926994,-0.008935471996665001,-0.008888944052159786
-0.008714143186807632,-0.008398199453949928,-0.007951458916068077,-0.007409659679979086
-0.00682432297617197,-0.006252089515328407,-0.00574443070217967,-0.005343932658433914
-0.00508334394544363,-0.004974827636033297,-0.005005090031772852,-0.005147513467818499,-0.005369954742491245,-0.005631426349282265,-0.005884232930839062,-0.006086701061576605,-0.00621434859931469,-0.0062582846730947495,-0.006216088309884071
-0.006093170493841171,-0.005924062803387642,-0.005788695998489857,-0.005782719701528549
-0.005958089604973793,-0.006294767837971449,-0.0067156110890209675,-0.0071139768697321415
-0.007380613591521978,-0.007426162250339985,-0.007189092691987753,-0.006632918491959572
-0.005750122480094433,-0.004574348218739033,-0.003187812864780426,-0.0017113867215812206
-0.0002722213976085186,0.0010310043580830097,0.0021388258319348097,0.0030241769272834063
0.003683782648295164,0.004127013497054577,0.004369866568595171
0.0044403355568647385,0.004378175362944603,0.004222839139401913,0.004002479836344719,0.0037289473693817854,0.0034035327844321728,0.0030364887788891792,0.00265829311683774
0.0023066438734531403,0.0020117396488785744,0.0017976739909499884,0.0016910037957131863
0.0017251911340281367,0.0019315223908051848,0.002321150153875351,0.0028769606724381447
0.003558563068509102,0.004312179051339626,0.005082303658127785,0.005816947668790817
0.006461832206696272,0.006963969673961401
0.007292166817933321,0.0074443817138671875,0.007433747407048941,0.007278651464730501
0.007006082683801651,0.006656627636402845,0.006281306501477957,0.005932942498475313
0.005656288471072912,0.005476628430187702,0.0053961994126439095,0.005405469331890345
0.005494408309459686,0.005651073530316353,0.005858158692717552,0.006092348136007786
0.006321851629763842,0.0065138014033436775,0.0066503435373306274,0.006730485707521439
0.006760505028069019,0.006747952662408352,0.006692531984299421
0.006579757668077946,0.006394064519554377,0.006135760340839624,0.0058184522204101086
0.005451497156172991,0.005028754472732544,0.004540333058685064,0.004002098459750414
0.003469037590548396,0.0030120357405394316,0.0026888803113251925,0.0025375692639499903
0.002579286228865385,0.0028151182923465967,0.003218436613678932,0.0037424496840685606
0.004351052455604076,0.005033699795603752,0.00577943678945303,0.006551997270435095
0.007291609421372414,0.007920444011688232,0.00834638997912407
0.008477799594402313,0.008248910307884216,0.0076417517848312855,0.0066873119212687016
0.0054503073915839195,0.004016355611383915,0.0024857297539711,0.0009658294729888439
-0.0004427033709362149,-0.0016602554824203253,-0.0026356528978794813,-0.003345858072862029
-0.0037872132379561663,-0.00396747188642621,-0.003907960839569569,-0.003647030098363757
-0.0032377932220697403,-0.0027472020592540503,-0.002256493316963315,-0.0018486443441361189
-0.0015841431450098753,-0.0014879540540277958,-0.0015552175464108586
-0.0017651193775236607
-0.0020968704484403133,-0.0025345373433083296,-0.0030516446568071842,-0.0036024695727974176
-0.0041399612091481686,-0.004635654389858246,-0.005076768808066845,-0.005453822202980518,-0.005759342107921839,-0.005987824872136116,-0.00613754615187645,-0.006223422009497881
-0.006272794213145971,-0.006306332536041737,-0.00633963430300355,-0.006392707582563162
-0.00648625148460269,-0.006630490068346262,-0.006815116852521896,-0.007015473209321499
-0.007212128955870867,-0.007396720349788666,-0.007558817975223064,-0.007674555294215679
-0.007711043115705252,-0.007641728967428207,-0.007463277317583561,-0.007199778687208891,-0.0068818447180092335,-0.006529776845127344,-0.00616398174315691,-0.005813928786665201,-0.005514579825103283,-0.005295151378959417,-0.005158670246601105,-0.005077623762190342,-0.005012482404708862,-0.004930579569190741,-0.0048188744112849236,-0.004681256599724293
-0.004525292199105024,-0.00436566025018692,-0.004233253188431263,-0.004164364654570818,-0.004181316122412682
-0.00428761076182127,-0.004482407122850418,-0.004778774455189705,-0.0052013397216796875
-0.005756250582635403,-0.006401175633072853,-0.0070462157018482685,-0.007584741339087486
-0.007929893210530281,-0.008030987344682217,-0.007861858233809471,-0.007399634458124638
-0.0066237905994057655,-0.005539058241993189,-0.004191020503640175,-0.0026549617759883404,-0.0010181977413594723,0.0006244105752557516,0.002174137160181999,0.0035378632601350546
0.004635284189134836,0.0054078297689557076,0.005823910236358643
0.0058741201646625996,0.005572248250246048,0.0049636512994766235,0.004129271022975445
0.0031801434233784676,0.002236676635220647,0.001403262373059988,0.0007561360253021121
0.0003468431532382965,0.0002096453681588173,0.00035488844150677323,0.0007532512536272407
0.0013352958485484123,0.0020136097446084023,0.0027119594160467386,0.0033797957003116608
0.003989992663264275,0.004527878016233444,0.004977396689355373,0.005320969969034195
0.0055491249077022076,0.005661325994879007,0.005663002375513315
0.005562168546020985,0.0053709750063717365,0.005121591500937939,0.004870287142693996
0.004672497045248747,0.004560862667858601,0.004542510956525803,0.0046038031578063965
0.004723609425127506,0.004884616006165743,0.005073510110378265,0.0052848923951387405
0.0055175176821649075,0.0057560051791369915,0.005968597251921892,0.006124739069491625
0.00620918208733201,0.00622537499293685,0.0061904569156467915,0.006122964899986982
0.006033740937709808,0.005923944991081953,0.0057823252864181995
0.005592512898147106,0.005350358318537474,0.005068092606961727,0.004768372513353825
0.00447945948690176,0.00422840379178524,0.004038292448967695,0.003928704187273979
0.003907757345587015,0.0039636073634028435,0.004071692004799843,0.004212470725178719
0.004383237101137638,0.004595938138663769,0.004866665229201317,0.005220517050474882
0.005702518858015537,0.006351532880216837,0.007153600454330444,0.008022719994187355
0.008820815943181515,0.009407326579093933,0.009682473726570606
0.009590496309101582,0.009104951284825802,0.008225747384130955,0.006981600541621447
0.005436737090349197,0.00369973573833704,0.0019137533381581306,0.0002249102108180523
-0.0012534232810139656,-0.002457205206155777,-0.0033606800716370344,-0.003961344249546528
-0.004277478437870741,-0.004346105270087719,-0.0042139682918787,-0.003926090896129608,-0.0035218202974647284,-0.003043200122192502,-0.0025407043285667896,-0.0020694900304079056,-0.001678714994341135,-0.0014001844683662057,-0.0012532988330349326
-0.0012515723938122392,-0.0013933853479102254,-0.0016574220499023795,-0.0020123529247939587
-0.0024267591070383787,-0.0028699154499918222,-0.0033155905548483133,-0.00375043461099267
-0.004165219608694315,-0.004541296511888504,-0.004861309193074703,-0.005130364093929529
-0.005376892164349556,-0.005638923030346632,-0.005955059546977282,-0.006353507284075022
-0.006837141700088978,-0.007379752583801746,-0.007940014824271202,-0.008476177230477333
-0.008946578949689865,-0.009312240406870842,-0.009544460102915764
-0.00962402019649744,-0.009539466351270676,-0.00929333083331585,-0.008911065757274628
-0.008435468189418316,-0.00790657289326191,-0.007351701147854328,-0.0067927720956504345
-0.006256592459976673,-0.005778467748314142,-0.00539977615699172,-0.005146840121597052
-0.004998886026442051,-0.0048972805961966515,-0.004789054859429598,-0.004652388393878937
-0.004498030990362167,-0.0043523674830794334,-0.004241660237312317,-0.004197093658149242
-0.004248569253832102,-0.00440345611423254,-0.004652207251638174
-0.004995021037757397,-0.0054579260759055614,-0.0060774292796850204,-0.006852793972939253
-0.007718400098383427,-0.008564719930291176,-0.009271170012652874,-0.009726222604513168
-0.009839068166911602,-0.009554996155202389,-0.008867277763783932,-0.007805678062140942
-0.006416181568056345,-0.004761333577334881,-0.002935461699962616,-0.0010568832512944937
0.0007647757884114981,0.0024429878685623407,0.003904719138517976,0.0050811003893613815
0.005909227300435305,0.006351963616907597,0.0064183915965259075
0.00615344662219286,0.005612025037407875,0.004856653977185488,0.0039698234759271145
0.0030522900633513927,0.002209103899076581,0.001532166264951229,0.0010830794926732779
0.0008866729913279414,0.0009403649601154029,0.001227877801284194,0.0017261094180867076
0.0024025130551308393,0.003207745496183634,0.004078758880496025,0.004949937108904123
0.0057584866881370544,0.006446973420679569,0.006964471656829119,0.007272972259670496,0.0073605552315711975,0.007245050277560949,0.006971297785639763
0.00660209683701396,0.006201567593961954,0.00582836102694273,0.0055300211533904076
0.005334020126610994,0.005249395500868559,0.0052728550508618355,0.005396152846515179
0.0056055644527077675,0.005867640022188425,0.006130507215857506,0.006345651112496853
0.006483594886958599,0.006535228807479143,0.006500117480754852,0.006373987067490816
0.0061489068903028965,0.005823967047035694,0.005422172136604786,0.004992111120373011
0.004583318252116442,0.00422619329765439,0.003932147286832333,0.0037026614882051945
0.003539384575560689,0.0034506425727158785,0.0034497466403990984,0.0035428840201348066
0.003728624200448394,0.004012351389974356,0.004395281430333853,0.004847669042646885
0.005307313520461321,0.005703317932784557,0.005987100303173065,0.006141880992799997
0.006170047912746668,0.006100520957261324,0.006008666940033436,0.005991803947836161
0.006103685591369867,0.006319364067167044,0.006559852976351976,0.006733165588229895,0.0067579844035208225,0.006576682440936565
0.006162827368825674,0.005519714206457138,0.004672952461987734,0.0036612926051020622
0.00253402441740036,0.001353852916508913,0.00019050249829888344,-0.0008902359986677766
-0.001831177738495171,-0.002589819021522999,-0.00314786727540195,-0.0035086090210825205,-0.003681172151118517,-0.003676127875223756,-0.003514183685183525,-0.003230534726753831
-0.0028752568177878857,-0.0025055473670363426,-0.0021700256038457155,-0.0018993706908077002,-0.0017053711926564574,-0.0015945042250677943,-0.001588248647749424
-0.001714977901428938,-0.0019810106605291367,-0.0023617385886609554,-0.0028172601014375687
-0.0033172452822327614,-0.0038532246835529804,-0.00441691093146801,-0.004975871182978153
-0.005484302528202534,-0.005907291546463966,-0.006235190667212009,-0.006483777891844511
-0.006678398698568344,-0.00683826208114624,-0.006973047275096178,-0.00708847027271986
-0.007190638687461615,-0.0072816042229533195,-0.007354229688644409,-0.00739720044657588
-0.007409560028463602,-0.007407830562442541,-0.007413010112941265
-0.007436318788677454,-0.007480521686375141,-0.007543389685451984,-0.00761354248970747
-0.007663925178349018,-0.007649492006748915,-0.007518703117966652,-0.007236693054437637
-0.006804595235735178,-0.006263628602027893,-0.005674452055245638,-0.005085728596895933
-0.004529139958322048,-0.004037400241941214,-0.0036471530329436064,-0.0033831309992820024
-0.0032519546803086996,-0.0032527248840779066,-0.0033840760588645935,-0.0036405071150511503
-0.004005488473922014,-0.004449569154530764,-0.0049473559483885765
-0.005496680736541748,-0.006107153370976448,-0.006772968918085098,-0.0074568684212863445
-0.00808701291680336,-0.00856604240834713,-0.00879479106515646,-0.008704083040356636
-0.008268949575722218,-0.00749911880120635,-0.006430903449654579,-0.005119347479194403
-0.0036257021129131317,-0.002021821215748787,-0.0004040549974888563,0.0011123523581773043
0.0024218400940299034,0.003457535756751895,0.004191653337329626,0.004617701284587383
0.0047481730580329895,0.0046237073838710785,0.004316259641200304
0.003918935544788837,0.0035193178337067366,0.003173208562657237,0.0028983282390981913
0.0026889904402196407,0.002539954148232937,0.0024541409220546484,0.0024245528038591146
0.0024210591800510883,0.0024065703619271517,0.002366908360272646,0.0023242677561938763,0.0023228484205901623,0.0024032550863921642,0.002591746160760522,0.002909390488639474
0.003374208929017186,0.003981582820415497,0.004685981664806604,0.0054068248718976974,0.0060608577914536,0.006593210622668266,0.006979080382734537
0.007209962699562311,0.007281542290002108,0.0071966578252613544,0.006984145380556583
0.006692485883831978,0.006359713617712259,0.006006838288158178,0.005650111008435488
0.005307589191943407,0.0049998145550489426,0.004748929757624865,0.004576421808451414
0.004497479647397995,0.004520152695477009,0.004648863337934017,0.004884261637926102
0.0052239359356462955,0.005653500556945801,0.006131099537014961,0.006593915168195963
0.006973566021770239,0.007199554704129696,0.0072068688459694386
0.006957399658858776,0.006463320460170507,0.005786504130810499,0.0050145224668085575
0.004246172960847616,0.003583635203540325,0.0031162723898887634,0.002904781373217702
0.0029684172477573156,0.003285253420472145,0.0038066538982093334,0.00446635577827692
0.005191820673644543,0.005924860015511513,0.006626241374760866,0.007257813587784767
0.007769533433020115,0.008106667548418045,0.008220897987484932,0.008073845878243446
0.007641959004104137,0.0069283246994018555,0.00597474304959178
0.004857692401856184,0.0036646313965320587,0.002471689134836197,0.0013356327544897795
0.00029773125424981117,-0.0006068639922887087,-0.0013473882572725415,-0.0019075351301580667
-0.002294946229085326,-0.0025323692243546247,-0.0026356391608715057,-0.002615641802549362
-0.0025013922713696957,-0.0023431850131601095,-0.002200300805270672,-0.002127115149050951
-0.0021562445908784866,-0.002297269646078348,-0.0025457898154854774,-0.0028815199621021748
-0.0032639717683196068,-0.0036366514395922422,-0.003941328264772892
-0.004133386537432671,-0.004190589301288128,-0.004118803888559341,-0.00394428102299571
-0.003699511056765914,-0.0034241199027746916,-0.003170738462358713,-0.003007367253303528
-0.0030111537780612707,-0.0032462014351040125,-0.0037465535569936037,-0.004507726524025202
-0.005472291260957718,-0.006533256731927395,-0.007561780977994204,-0.008433880284428596
-0.009058203548192978,-0.00939992070198059,-0.009476562961935997,-0.009332326240837574
-0.009017307311296463,-0.008582741022109985,-0.008084404282271862
-0.007582023739814758,-0.007131865713745356,-0.006780046503990889,-0.006557194050401449,-0.006470589432865381,-0.00649979105219245,-0.006595584563910961
0.00022873275156598538,0.00017650792142376304,0.00021077971905469894,0.000334583455696702,0.0005478245439007878,0.0008025035494938493
0.00099958386272192,0.0010406944202259183,0.0008926205337047577,0.0006097357254475355,0.00030160375172272325,7.760101289022714e-05,3.507009349590362e-09,6.147044769022614e-05,0.00019606140267569572,0.00031914119608700275,0.00037169625284150243,0.00033952685771510005,0.00024450020282529294,0.00012734525080304593,3.340226612635888e-05,1.7412338593203458e-07
4.66670717287343e-05,0.00017007323913276196,0.0003486998029984534,0.0005453522899188101,0.0007112615276128054,0.0007964496617205441,0.0007697276305407286
0.000636391167063266,0.00043838025885634124,0.00023583656002301723,8.179118594853207e-05
6.2745616560277995e-06,1.4757986718905158e-05,9.263732499675825e-05,0.00021005103189963847
0.00032946947612799704,0.00041683416930027306,0.00045159170986153185,0.0004318500868976116
0.00037220967351458967,0.0002946266031358391,0.00021762594406027347,0.00015046905900817364,9.476789273321629e-05,5.0057031330652535e-05,1.7921158359968103e-05,1.618364080968604e-06,2.6865923246077728e-06,1.821591104089748e-05,4.0333339711651206e-05
5.821056038257666e-05,6.216463225428015e-05,4.8347737902076915e-05,2.2735444872523658e-05,1.9721837816177867e-06,8.407497261941899e-06,6.0187827330082655e-05,0.0001609401952009648,0.0002950446796603501,0.00043173489393666387,0.000535270432010293,0.0005768051487393677,0.0005449566524475813,0.0004517573397606611,0.00032922576065175235,0.00021410216868389398
0.00012989866081625223,8.054741920204833e-05,5.7892084441846237e-05,5.25519426446408e-05,5.908117236685939e-05,7.574439950985834e-05,0.0001025438032229431
0.00013855415454600006,0.00017914111958816648,0.0002151892113033682,0.00023603196314070374
0.00023463292745873332,0.00021068667410872877,0.0001693651865934953,0.000118540738185402
6.774980283807963e-05,2.72133565886179e-05,4.391951733850874e-06,7.473573191418836e-07
1.1799310414062347e-05,2.9606368116219528e-05,4.5440880057867616e-05,5.1735740271396935e-05
4.437945244717412e-05,2.5694729629321955e-05,5.967674496787367e-06,1.1127634707008838e-06
2.6355148293077946e-05,8.838197391014546e-05,0.0001798022713046521
0.00027906682225875556,0.0003567648527678102,0.0003866657498292625,0.00035650806967169046
0.00027355772908777,0.0001631892373552546,6.15578392171301e-05,4.5575297917821445e-06
1.4981436834204942e-05,9.260324441129342e-05,0.00021241308422759175,0.0003335559740662575,0.00041726886411197484,0.0004434991569723934,0.00041550392052158713,0.0003515603020787239
0.0002723438083194196,0.0001933412568178028,0.00012378153041936457,6.86656276229769e-05,3.047390782739967e-05,9.005974789033644e-06,8.663888593218871e-07
2.3105866375772166e-07,1.1084292736995849e-06,4.6510518814102397e-07,3.8617307041022286e-07
7.422913768095896e-06,2.9176066163927317e-05,7.028362597338855e-05,0.0001304429315496236
0.00020530319306999445,0.00028642118559218943,0.00035878978087566793,0.00040323796565644443
0.0004052305012010038,0.00036212237318977714,0.00028517586179077625,0.00019530244753696024
0.00011379231727914885,5.425113340606913e-05,1.9839841115754098e-05,5.1643355618580244e-06
1.1501635981403524e-06,9.946477348421467e-07,4.385788997751661e-06
1.8496790289646015e-05,5.5024120229063556e-05,0.00012355299259070307,0.00022387036005966365
0.00034209282603114843,0.00045513128861784935,-0.023237360641360283,-0.024072783067822456
-0.023752661421895027,-0.02224055305123329,-0.019605809822678566,-0.016064699739217758
-0.011958007700741291,-0.007660284638404846,-0.003485439345240593,0.0003464394249022007
0.003682816168293357,0.0063943881541490555,0.008351380936801434,0.009427662938833237
0.009522838518023491,0.00860502477735281,0.006766203790903091
0.004252233542501926,0.001439761370420456,-0.0012287264689803123,-0.0033287121914327145
-0.0045334286987781525,-0.004664498381316662,-0.0037061574403196573,-0.0017847244162112474,0.0008769948035478592,0.004002775065600872,0.007290508132427931,0.010423947125673294
0.0130789028480649,0.014965256676077843,0.01590844988822937,0.01590016856789589
0.015074080787599087,0.013634813949465752,0.011793646030128002,0.009750970639288425
0.007707743905484676,0.005849459674209356,0.004305419512093067
0.003145006485283375,0.002422210294753313,0.0022137584164738655,0.0026187743060290813
0.0037228299770504236,0.005544645246118307,0.008007128722965717,0.010949969291687012
0.014153305441141129,0.017354626208543777,0.020279396325349808,0.022688990458846092,0.02441580966114998,0.025379478931427002,0.025594959035515785,0.025163091719150543
0.024241339415311813,0.02300722524523735,0.021634593605995178,0.02029835619032383,0.019183479249477386,0.01845947653055191,0.018209315836429596
0.018350442871451378,0.018631774932146072,0.01874140277504921,0.018450621515512466
0.017690137028694153,0.016520310193300247,0.015051012858748436,0.013399820774793625
0.011719931848347187,0.010236508212983608,0.009204442612826824,0.00881216861307621
0.009124867618083954,0.010071475058794022,0.011454137042164803,0.012999461032450199
0.014428657479584217,0.015506008639931679,0.016060324385762215,0.01598479226231575
0.015230049379169941,0.01380467414855957,0.01178079005330801
0.009296109899878502,0.006542062386870384,0.003723517991602421,0.0009930138476192951,-0.0015964717604219913,-0.004080521874129772,-0.006519696209579706,-0.008918384090065956,-0.011185183189809322,-0.013163426890969276,-0.01468979474157095,-0.015645097941160202,-0.015987545251846313,-0.015752412378787994,-0.015025337226688862,-0.013914995826780796,-0.012540528550744057,-0.011042649857699871,-0.009609603323042393,-0.008478093892335892
-0.007870309986174107,-0.007884965278208256,-0.008419809862971306,-0.009194521233439445
-0.009870548732578754,-0.010200541466474533,-0.010142011567950249,-0.009896825067698956
-0.009846224449574947,-0.010404756292700768,-0.011878477409482002,-0.014376910403370857
-0.017787083983421326,-0.02181439846754074,-0.026052165776491165,-0.030030632391572
-0.03325672075152397,-0.03527538478374481,-0.03574705868959427,-0.03452296182513237
-0.031696632504463196,-0.027608906850218773,-0.022806324064731598,-0.017944978550076485,-0.013633215799927711,-0.010276065208017826
-0.008004950359463692,-0.0067089274525642395,-0.006128077395260334,-0.00595921790227294
-0.005937499925494194,-0.005868697538971901,-0.005621722433716059,-0.005134884268045425
-0.004451291635632515,-0.003733414690941572,-0.0032148289028555155,-0.0031091768760234118
-0.0035430032294243574,-0.004540389869362116,-0.006022523622959852,-0.0078095607459545135
-0.009641303680837154,-0.011198792606592178,-0.012134328484535217,-0.012155762873589993
-0.01113896630704403,-0.009192834608256817,-0.006645324639976025
-0.003965246025472879,-0.0016529778949916363,-0.00011985446326434612,0.0004214821383357048
9.607705578673631e-06,-0.0010891768615692854,-0.002464436227455735,-0.003663688199594617
-0.004255208186805248,-0.0038571201730519533,-0.0021873691584914923,0.0008584409952163696
0.005143300164490938,0.010272757150232792,0.01563098281621933,0.020468758419156075
0.024032272398471832,0.025707358494400978,0.02515779249370098,0.02248740755021572
0.018418142572045326,0.014053268358111382,0.010088440962135792
0.006512320600450039,0.003168802708387375,0.0002585975453257561,-0.0015185526572167873
-0.0012585294898599386,0.0014297424349933863,0.006063113454729319,0.011542381718754768
0.01670248992741108,0.02085714042186737,0.023894311860203743,0.025848906487226486
0.026531124487519264,0.025724006816744804,0.023649092763662338,0.021023068577051163
0.018681537359952927,0.017179688438773155,0.016568489372730255,0.016494516283273697
0.01653245836496353,0.01638171263039112,0.015891525894403458
0.014997518621385098,0.013598342426121235,0.011567585170269012,0.008925830945372581,0.005978189408779144,0.0032466594129800797,0.001201561652123928,1.636520028114319e-05
-0.0005198389990255237,-0.0009328498272225261,-0.0018607362871989608,-0.003813148709014058
-0.006960396654903889,-0.011063003912568092,-0.015614114701747894,-0.02003694325685501
-0.023794187232851982,-0.026397738605737686,-0.02741798758506775,-0.026602808386087418,-0.023997744545340538,-0.019934436306357384,-0.01490807719528675
-0.009423773735761642,-0.003918902017176151,0.0012496011331677437,0.0058533987030386925
0.00985483918339014,0.01340424083173275,0.016744136810302734,0.02005491405725479
0.023302027955651283,0.02616020292043686,0.02814076468348503,0.028858859091997147
0.028169171884655952,0.026085343211889267,0.022629301995038986,0.017812367528676987
0.011802133172750473,0.005085118114948273,-0.0015605888329446316,-0.007303645834326744
-0.011528348550200462,-0.01393388956785202,-0.014521775767207146
-0.013546021655201912,-0.011408436112105846,-0.008569632656872272,-0.005496872588992119
-0.00262669799849391,-0.00034466665238142014,0.0010664587607607245,0.0015088996151462197
0.0011340916389599442,0.00033292663283646107,-0.0003895896952599287,-0.0005793828750029206
3.9113889215514064e-05,0.0014961569104343653,0.0035935554187744856,0.005957550834864378
0.008096656762063503,0.00948951207101345,0.009692586027085781,0.00845720898360014
0.0058167255483567715,0.0020895968191325665,-0.0021914478857070208
-0.006408631801605225,-0.010029356926679611,-0.012764736078679562,-0.01463392749428749
-0.015863198786973953,-0.01669296622276306,-0.01724895089864731,-0.017529038712382317
-0.017476262524724007,-0.01707017794251442,-0.016360124573111534,-0.01541734579950571
-0.014227092266082764,-0.012615772895514965,-0.010321101173758507,-0.0071760909631848335
-0.0032747210934758186,0.0009915581904351711,0.005034494213759899,0.008234240114688873
0.010105732828378677,0.010411902330815792,0.009183832444250584
0.006650160998106003,0.003121322952210903,-0.0010605822317302227,-0.005462653934955597
-0.0095209376886487,-0.012627003714442253,-0.01430017501115799,-0.014337820000946522
-0.012856303714215755,-0.010222726501524448,-0.006961490027606487,-0.0036653000861406326
-0.0008556060492992401,0.0011626433115452528,0.0023375037126243114,0.0028320334386080503
0.00297273276373744,0.003119504312053323,0.0034666077699512243,0.003890089690685272
0.0039055682718753815,0.002804289571940899,-3.9898091927170753e-05
-0.004885765723884106,-0.011477554216980934,-0.019005419686436653,-0.02614811435341835
-0.03127111494541168,-0.033089779317379,-0.03143149986863136,-0.027015630155801773
-0.020676421001553535,-0.013160064816474915,-0.005255719646811485,0.0020796610042452812
0.0076375361531972885,0.010149107314646244,0.008748900145292282,0.0034861229360103607
-0.0045415242202579975,-0.013573055155575275,-0.02174425683915615,-0.02752271667122841,-0.029809437692165375,-0.02787470631301403,-0.021556703373789787
-0.011544127017259598,0.0006945878267288208,0.013283485546708107,0.0244199987500906
0.032842233777046204,0.03804048150777817,0.04009328410029411,0.03933602198958397
0.036144278943538666,0.030942250043153763,0.024350224062800407,0.01725052110850811
0.010612694546580315,0.005199417471885681,0.001359681598842144,-0.0010633640922605991
-0.002668024506419897,-0.004232204519212246,-0.006398187950253487,-0.009449628181755543
-0.013196397572755814,-0.016938157379627228,-0.019590063020586967
-0.020032722502946854,-0.017475277185440063,-0.011661941185593605,-0.0029745642095804214
0.007583676837384701,0.018603844568133354,0.02866978570818901,0.03673689067363739
0.04224512726068497,0.04500840604305267,0.04502769559621811,0.042289119213819504
0.03673744201660156,0.028550539165735245,0.01848103106021881,0.007909409701824188
-0.0014818273484706879,-0.008233645930886269,-0.011608552187681198,-0.011829830706119537
-0.009906155988574028,-0.007078129798173904,-0.00418361509218812
-0.001426955685019493,0.0012673132587224245,0.0037010349333286285,0.005186247173696756,0.004839886911213398,0.0021513430401682854,-0.0025348688941448927,-0.007989873178303242,-0.012654127553105354,-0.015404348261654377,-0.016012873500585556,-0.015005240216851234
-0.01301488932222128,-0.01016534585505724,-0.005962899886071682,0.0003106445074081421,0.00903793890029192,0.019837884232401848,0.03147846832871437,0.04232551530003548,0.05108172073960304,0.057150568813085556,0.060411229729652405
0.06073559448122978,0.05773799121379852,0.051024921238422394,0.040645334869623184
0.027347944676876068,0.012473180890083313,-0.002471625804901123,-0.01615387573838234
-0.02745702490210533,-0.03543762490153313,-0.03938703238964081,-0.03908895328640938
-0.03524506837129593,-0.029721107333898544,-0.025274494662880898,-0.02484218217432499
-0.030657954514026642,-0.04346782714128494,-0.062115781009197235,-0.08358962088823318
-0.10355041176080704,-0.1173383817076683,-0.1211581826210022
-0.11302101612091064,-0.09306196868419647,-0.06321148574352264,-0.026720061898231506
0.012234054505825043,0.04905538260936737,0.0794125646352768,0.10000243782997131
0.10927627235651016,0.10786586999893188,0.09834466874599457,0.0842190533876419
0.06862054020166397,0.053346186876297,0.03857463225722313,0.023378722369670868
0.00687054917216301,-0.010803984478116035,-0.028349347412586212,-0.04385363683104515,-0.05535464361310005,-0.06128630414605141
-0.060865942388772964,-0.05433093011379242,-0.042976442724466324,-0.029018349945545197,-0.015217531472444534,-0.004303475841879845,0.0016939397901296616,0.0020133438520133495,-0.00284947594627738,-0.011693306267261505,-0.023008354008197784,-0.03520018607378006
-0.04701799154281616,-0.05782279372215271,-0.06734811514616013,-0.0753755122423172
-0.08159303665161133,-0.08537547290325165,-0.08552370220422745,-0.08024849742650986,-0.06744962930679321,-0.04540599137544632,-0.013831797987222672
0.025325246155261993,0.06796776503324509,0.1089102104306221,0.14343956112861633
0.16845527291297913,0.18254387378692627,0.18527649343013763,0.1765591949224472,0.15656055510044098,0.1260402798652649,0.08662714064121246,0.040854550898075104
-0.008100885897874832,-0.05687256157398224,-0.1022755354642868,-0.14161238074302673
-0.17289641499519348,-0.19462227821350098,-0.2052685171365738,-0.20328080654144287,-0.1877262145280838,-0.1590099185705185,-0.11889930069446564
-0.06989838182926178,-0.01485857367515564,0.042742542922496796,0.09837931394577026
0.14654652774333954,0.1815110296010971,0.198562890291214,0.1952471137046814
0.17202036082744598,0.13230788707733154,0.08206024765968323,0.02868427336215973
-0.02038910984992981,-0.059205975383520126,-0.08464682102203369,-0.096738800406456
-0.0975184217095375,-0.08965056389570236,-0.07583077996969223,-0.05864744633436203
-0.04047039896249771,-0.023365169763565063,-0.008970718830823898
0.0015997234731912613,0.007693377323448658,0.00908423587679863,0.006107341032475233
-0.00016310904175043106,-0.007766508962959051,-0.013853983953595161,-0.014969012700021267
-0.007749971002340317,0.00984928384423256,0.037370625883340836,0.07167165726423264
0.10786173492670059,0.14057418704032898,0.16513106226921082,0.17841020226478577
0.17902685701847076,0.16708441078662872,0.1440727561712265,0.11265254020690918
0.0759885162115097,0.037059128284454346,-0.001621294766664505
-0.03777719661593437,-0.06873665004968643,-0.09114570170640945,-0.10190628468990326
-0.09972894191741943,-0.08588813990354538,-0.0638076514005661,-0.0378081351518631
-0.011602155864238739,0.012417182326316833,0.032757360488176346,0.04805934056639671
0.05666886642575264,0.05665678530931473,0.04625410959124565,0.024702630937099457
-0.00690745934844017,-0.04542776197195053,-0.08612102270126343,-0.12360822409391403
-0.15299448370933533,-0.17062163352966309,-0.17425453662872314
-0.1631430983543396,-0.1382322460412979,-0.1021241694688797,-0.05851348489522934
-0.011417336761951447,0.03541877865791321,0.07874323427677155,0.11570745706558228,0.14382198452949524,0.16116957366466522,0.16668251156806946,0.16021522879600525
0.1425935924053192,0.11597098410129547,0.08404488116502762,0.05153336375951767
0.023113377392292023,0.0022342167794704437,-0.009745984338223934,-0.013575127348303795
-0.01126798428595066,-0.0050002941861748695,0.0034122737124562263
0.012255702167749405,0.019573982805013657,0.023153821006417274,0.020965956151485443
0.012038031592965126,-0.002881971187889576,-0.02141619473695755,-0.04047147557139397
-0.05760800465941429,-0.07196503132581711,-0.08420844376087189,-0.0955851823091507
-0.10644989460706711,-0.11523362249135971,-0.11871308088302612,-0.11342300474643707
-0.09743907302618027,-0.0715443417429924,-0.039197199046611786,-0.005630582571029663
0.023326046764850616,0.0424308106303215,0.04807978495955467
0.03900541365146637,0.016416054219007492,-0.016480740159749985,-0.05527711659669876
-0.09490136057138443,-0.12979938089847565,-0.15430103242397308,-0.16342023015022278
-0.15385258197784424,-0.1247885525226593,-0.0781056210398674,-0.017790064215660095
0.05093943700194359,0.12210877984762192,0.1890403926372528,0.2446773797273636
0.2826142907142639,0.2984766364097595,0.29091063141822815,0.2617471218109131
0.2154502123594284,0.1581907719373703,0.09678898751735687,0.03759210556745529
-0.014444097876548767,-0.056004978716373444,-0.0852711871266365,-0.10201863944530487
-0.10781393945217133,-0.10588318109512329,-0.10050523281097412,-0.09587789326906204
-0.09484130889177322,-0.0982670709490776,-0.10537579655647278,-0.11431927233934402
-0.1225171834230423,-0.12697462737560272,-0.12485626339912415,-0.11426393687725067
-0.09490229189395905,-0.06827351450920105,-0.03738574683666229,-0.0061602964997291565
0.02132534794509411,0.04154101759195328
0.05192694067955017,0.051081929355859756,0.03888953849673271,0.016518566757440567
-0.013616116717457771,-0.04764875769615173,-0.0801977589726448,-0.1051032692193985
-0.11678481101989746,-0.1115814596414566,-0.08864832669496536,-0.05006200820207596
-9.203702211380005e-05,0.055908650159835815,0.1125180795788765,0.16499903798103333
0.20973098278045654,0.24418537318706512,0.26657018065452576,0.2755889892578125
0.2704734206199646,0.2511875331401825,0.21876782178878784
0.1754848212003708,0.12447349727153778,0.0689409077167511,0.011382333934307098
-0.04665445163846016,-0.10406072437763214,-0.1593112051486969,-0.20989513397216797
-0.25243014097213745,-0.2833050787448883,-0.29944148659706116,-0.29886406660079956
-0.2808542549610138,-0.24576616287231445,-0.19488130509853363,-0.13058693706989288
-0.05676199495792389,0.021216727793216705,0.09722048044204712,0.16542720794677734
0.22089363634586334,0.25945308804512024,0.27771681547164917
0.2737065553665161,0.24762248992919922,0.2022247016429901,0.14264456927776337
0.07547865808010101,0.007436797022819519,-0.055742740631103516,-0.10974082350730896
-0.15176592767238617,-0.1806318610906601,-0.19676336646080017,-0.20203863084316254
-0.19933651387691498,-0.19171880185604095,-0.18160466849803925,-0.17026793956756592
-0.1575414389371872,-0.14180178940296173,-0.12049258500337601,-0.09091010689735413
-0.05092561990022659,0.00027533620595932007,0.061560943722724915
0.12963025271892548,0.19932563602924347,0.2645324766635895,0.3193596601486206
0.3590325713157654,0.3803049623966217,0.3813694715499878,0.36144784092903137
0.32063013315200806,0.26015084981918335,0.18279370665550232,0.0931277722120285
-0.002627357840538025,-0.09710142761468887,-0.18260005116462708,-0.2523351311683655
-0.3018191456794739,-0.32973238825798035,-0.3376753330230713,-0.3289286196231842
-0.30689969658851624,-0.2740080952644348,-0.2315482497215271
-0.18044492602348328,-0.12229660153388977,-0.060105860233306885,0.001743912696838379
0.05836712196469307,0.1057281345129013,0.14175088703632355,0.16665023565292358
0.18252500891685486,0.19237719476222992,0.19869710505008698,0.20220287144184113,0.20156769454479218,0.194303959608078,0.17807023227214813,0.1516573429107666
0.11542104184627533,0.0712539404630661,0.022302277386188507,-0.02760070189833641,-0.07485692948102951,-0.11689388751983643,-0.15228328108787537
-0.18036293983459473,-0.20086371898651123,-0.21375919878482819,-0.2193036675453186
-0.21818077564239502,-0.21149799227714539,-0.2003423571586609,-0.18512561917304993
-0.16529694199562073,-0.13969753682613373,-0.10727374255657196,-0.0676446259021759
-0.021278835833072662,0.03062361106276512,0.08623941987752914,0.14294402301311493
0.1970970332622528,0.24429383873939514,0.2800062298774719,0.30035102367401123
0.3030627369880676,0.2883574962615967,0.25893768668174744
0.21900244057178497,0.1728663593530655,0.12383425235748291,0.0737612247467041
0.02341417968273163,-0.02668466791510582,-0.07541963458061218,-0.12069329619407654
-0.1597946137189865,-0.1902971863746643,-0.21083275973796844,-0.22127927839756012
-0.22236965596675873,-0.21515297889709473,-0.2007092833518982,-0.18011869490146637
-0.15464550256729126,-0.1260385513305664,-0.09646046906709671,-0.06779512017965317
-0.04090198129415512,-0.015485100448131561,0.009420715272426605
0.03474913537502289,0.060845207422971725,0.08716732263565063,0.11217670887708664
0.13344570994377136,0.1481318473815918,0.15379658341407776,0.14923065900802612
0.1348775029182434,0.11270588636398315,0.08559884130954742,0.05656231939792633
0.028160229325294495,0.002234242856502533,-0.02016511745750904,-0.03868331387639046
-0.053602494299411774,-0.0657465010881424,-0.07610628008842468,-0.08528561890125275
-0.0930429995059967,-0.0982666164636612,-0.0995277464389801
-0.09584502130746841,-0.08709900826215744,-0.07379288971424103,-0.05646231770515442
-0.03541365638375282,-0.011103447526693344,0.015219303779304028,0.04138186573982239
0.06495413929224014,0.0841807872056961,0.09846505522727966,0.10798294097185135
0.1127551794052124,0.11217500269412994,0.10551837831735611,0.09296363592147827
0.0762045830488205,0.058072127401828766,0.04136589169502258,0.02768619731068611
0.016983196139335632,0.007929803803563118,-0.001302969641983509
-0.012388357892632484,-0.026475857943296432,-0.04382184147834778,-0.06326507776975632,-0.08199971914291382,-0.09624260663986206,-0.10270798951387405
0.0009922486497089267,0.0001177776648546569,0.00023652479285374284,0.0019172601168975234,0.004984090104699135,0.008452927693724632
0.010979175567626953,0.011527666822075844,0.009863641113042831,0.006756241898983717
0.0035848456900566816,0.001415663049556315,0.0004151561879552901,0.00011871264723595232
7.87773824413307e-05,0.0001340145681751892,0.0002463473647367209,0.0003710934252012521
0.0004899693885818124,0.0006065703346394002,0.0006773351924493909,0.0006075864075683057,0.00036492134677246213,8.66800473886542e-05,1.0508752893656492e-05,0.00025481259217485785,0.0006833130610175431,0.0010231250198557973,0.001094683539122343
0.0009047857602126896,0.000568569463212043,0.0002181776362704113,9.080738891498186e-06
0.00011388107668608427,0.0006128574023023248,0.0013940545031800866,0.0021669925190508366,0.002577547449618578,0.0023532682098448277,0.0015219117049127817,0.0005536717362701893
2.8955413654330187e-05,0.0001429247931810096,0.0007145401323214173,0.001522217527963221
0.002432303735986352,0.0033080256544053555,0.003970093093812466,0.004289944190531969,0.004299827851355076,0.004221409093588591,0.004373292904347181
0.005063144024461508,0.0066155861131846905,0.00943887047469616,0.013939952477812767
0.020188745111227036,0.027435187250375748,0.03415319696068764,0.03907885402441025
0.04223858192563057,0.04481956735253334,0.04802001640200615,0.05174580588936806
0.05401886999607086,0.05179790407419205,0.04325762391090393,0.02976442500948906
0.015398609451949596,0.0045548672787845135,4.908556002192199e-05,0.0030145521741360426
0.013690580613911152,0.03146003559231758,0.05381536856293678
0.07561036944389343,0.08998385816812515,0.09112473577260971,0.07751227170228958
0.05342217534780502,0.02738228440284729,0.008061693049967289,0.0001827747473726049
0.0029412724543362856,0.01117648184299469,0.018331080675125122,0.019815687090158463
0.015156853012740612,0.00765151996165514,0.0017360581550747156,3.35218028340023e-05
0.0023308764211833477,0.006852320395410061,0.012006616219878197,0.017071334645152092
0.02199944667518139,0.02712230198085308,0.03302382305264473
0.040425822138786316,0.049875061959028244,0.0612357035279274,0.07331301271915436
0.08392103016376495,0.0903274267911911,0.09007975459098816,0.08217121660709381
0.06778015941381454,0.049854714423418045,0.03185826912522316,0.01664186269044876
0.005976695101708174,0.0006485742051154375,0.0005823817336931825,0.004711555317044258
0.011196437291800976,0.01825214922428131,0.024839108809828758,0.030621234327554703
0.03566299378871918,0.040490295737981796,0.04612818360328674
0.05370601639151573,0.06391201913356781,0.07637102901935577,0.08898742496967316
0.0979628935456276,0.0990636870265007,0.08980913460254669,0.07128150016069412
0.04796358942985535,0.025745654478669167,0.009529841132462025,0.0014184789033606648
0.000151503219967708,0.0021599873434752226,0.0037693814374506474,0.003172642784193158
0.0010921481298282743,1.9587288988986984e-05,0.0025135737378150225,0.009383841417729855
0.018903525546193123,0.02764478139579296,0.032357294112443924
0.03171371668577194,0.026786699891090393,0.020061617717146873,0.013872437179088593
0.0093539385125041,0.006467781960964203,0.06839033216238022,0.05897131562232971
0.05052747204899788,0.041920147836208344,0.032300230115652084,0.020283810794353485
0.003577444702386856,-0.020218633115291595,-0.052038051187992096,-0.08986783772706985
-0.1286042481660843,-0.1619376838207245,-0.18516211211681366,-0.19661596417427063
-0.1966543197631836,-0.18583951890468597,-0.1645110845565796
-0.13351482152938843,-0.09507016837596893,-0.053525395691394806,-0.015362769365310669
0.012151775881648064,0.023186776787042618,0.01524142362177372,-0.010197194293141365
-0.048083897680044174,-0.09080851823091507,-0.12967230379581451,-0.15682867169380188
-0.16713157296180725,-0.15903246402740479,-0.1343257874250412,-0.09705491364002228
-0.05231006443500519,-0.0058625563979148865,0.035902515053749084,0.0669565200805664
0.08301927149295807,0.08215302228927612,0.06460209935903549
0.03272690623998642,-0.008944403380155563,-0.05430527776479721,-0.09708783030509949
-0.1321864277124405,-0.15583771467208862,-0.16497628390789032,-0.15707319974899292
-0.13100390136241913,-0.08823531121015549,-0.033075250685214996,0.028378330171108246
0.08968693763017654,0.14520777761936188,0.1908838003873825,0.22464117407798767
0.2460339516401291,0.25518691539764404,0.2518579959869385,0.23529089987277985,0.20480328798294067,0.16041682660579681,0.10313406586647034
0.03532671928405762,-0.03890781104564667,-0.1144191324710846,-0.1863548904657364
-0.25052422285079956,-0.3025050759315491,-0.33704251050949097,-0.34890055656433105
-0.33476918935775757,-0.2946892976760864,-0.23185601830482483,-0.15159446001052856
-0.060650765895843506,0.033564142882823944,0.12391994893550873,0.2040565013885498
0.2685815691947937,0.3135058879852295,0.3366537094116211,0.33769047260284424
0.3180398643016815,0.28060364723205566,0.22920989990234375
0.16847050189971924,0.10377548635005951,0.040602222084999084,-0.01670987904071808
-0.06610254943370819,-0.1079084724187851,-0.14364439249038696,-0.17462685704231262
-0.2012813538312912,-0.2229444980621338,-0.2377944439649582,-0.24323736131191254
-0.23715518414974213,-0.21882621943950653,-0.1882619559764862,-0.14516903460025787,-0.08930797874927521,-0.022216007113456726,0.05120407044887543,0.1230093240737915
0.18462388217449188,0.22919204831123352,0.2522989511489868,0.2519894242286682
0.22883006930351257,0.18532191216945648,0.12493446469306946,0.05182303488254547
-0.028797000646591187,-0.11025938391685486,-0.18486782908439636,-0.24579286575317383
-0.28922170400619507,-0.3146440386772156,-0.32321053743362427,-0.3160761296749115
-0.29421594738960266,-0.25916799902915955,-0.2132779210805893,-0.15930446982383728
-0.10032548010349274,-0.04016435146331787,0.016640234738588333,0.06588345021009445,0.10488513112068176,0.13267782330513
0.14942175149917603,0.1562936007976532,0.15588489174842834,0.15205755829811096
0.14900659024715424,0.1499243676662445,0.15602347254753113,0.16645163297653198
0.17851752042770386,0.18803344666957855,0.19026228785514832,0.18121272325515747
0.15867197513580322,0.12263257801532745,0.07547228038311005,0.022308021783828735
-0.029469016939401627,-0.07215040922164917,-0.09997455030679703,-0.11021395027637482
-0.10264622420072556,-0.07869196683168411,-0.041698284447193146
0.0023946985602378845,0.045676201581954956,0.08044739812612534,0.10161258280277252,0.1076851636171341,0.10057143121957779,0.085171639919281,0.06837273389101028
0.05656113475561142,0.052911341190338135,0.05695575475692749,0.06646913290023804
0.07911597192287445,0.09236966818571091,0.10256589949131012,0.10467817634344101
0.09334328025579453,0.06453779339790344,0.017394818365573883,-0.044444091618061066,-0.11298692971467972,-0.17763172090053558,-0.22750890254974365
-0.25364840030670166,-0.2504282295703888,-0.2164003551006317,-0.1550855040550232
-0.07512861490249634,0.011308401823043823,0.09142439067363739,0.1545654982328415
0.19420762360095978,0.20878978073596954,0.20109321177005768,0.17623570561408997
0.1394050121307373,0.09492802619934082,0.04683642089366913,-0.00030866265296936035
-0.041703563183546066,-0.07397571951150894,-0.09674427658319473,-0.11253230273723602
-0.12513455748558044,-0.1378059983253479,-0.15235231816768646
-0.16902616620063782,-0.1868179440498352,-0.20361176133155823,-0.21606813371181488
-0.22008341550827026,-0.21167564392089844,-0.18747827410697937,-0.1454945206642151
-0.0864708423614502,-0.014689445495605469,0.06253795325756073,0.13608558475971222
0.19628110527992249,0.23436999320983887,0.24458061158657074,0.22614075243473053
0.18375934660434723,0.12609508633613586,0.06302352249622345,0.0030945315957069397
-0.04741089791059494,-0.08397439867258072,-0.10328854620456696
-0.10342131555080414,-0.08473654836416245,-0.0510021448135376,-0.009579800069332123
0.030056726187467575,0.05935036763548851,0.07375754415988922,0.07351230084896088
0.061622247099876404,0.041742414236068726,0.017901457846164703,-0.005077742040157318
-0.022134192287921906,-0.029195202514529228,-0.024207891896367073,-0.008033275604248047
0.015121805481612682,0.03849446773529053,0.054683830589056015,0.057942166924476624
0.04556494206190109,0.017870966345071793,-0.021844035014510155
-0.06693679094314575,-0.10821948945522308,-0.13643710315227509,-0.1448269784450531
-0.1302296370267868,-0.09290191531181335,-0.035894975066185,0.03559378907084465
0.11440829187631607,0.191226527094841,0.25514090061187744,0.2956055998802185
0.30509868264198303,0.2814745306968689,0.228859543800354,0.15629835426807404
0.07470786571502686,-0.0057082101702690125,-0.07625685632228851,-0.13016104698181152
-0.16361767053604126,-0.17654994130134583,-0.17238838970661163
-0.15708474814891815,-0.13783885538578033,-0.12172805517911911,-0.11407479643821716
-0.11693800985813141,-0.12829598784446716,-0.14247442781925201,-0.152452290058136
-0.15279212594032288,-0.140683114528656,-0.11503802239894867,-0.07574078440666199
-0.024300023913383484,0.0349222868680954,0.09473022073507309,0.1466679573059082
0.1829577386379242,0.19791105389595032,0.1888303905725479,0.15706415474414825,0.1087646335363388,0.05384458601474762,0.0033372268080711365
-0.03309708088636398,-0.04855034872889519,-0.03962176293134689,-0.007377076894044876
0.042185667902231216,0.09944511204957962,0.15361148118972778,0.19517162442207336
0.2179928719997406,0.22020892798900604,0.20329339802265167,0.17021459341049194
0.12409193813800812,0.06846432387828827,0.008643753826618195,-0.04806672781705856
-0.09439490735530853,-0.12583959102630615,-0.1417061984539032,-0.14427399635314941,-0.13802804052829742,-0.12932488322257996,-0.1250881552696228
-0.13023465871810913,-0.14576497673988342,-0.1693081259727478,-0.1966942846775055
-0.22255924344062805,-0.24089674651622772,-0.24633648991584778,-0.23513910174369812
-0.20594602823257446,-0.16075436770915985,-0.10527566075325012,-0.04800572991371155
0.001688539981842041,0.035790614783763885,0.04964876547455788,0.04305475205183029
0.019505556672811508,-0.015421908348798752,-0.05487125739455223,-0.09095746278762817,-0.11556562781333923,-0.12180967628955841,-0.10569797456264496
-0.06763327121734619,-0.012918993830680847,0.049642764031887054,0.11040033400058746
0.1614823043346405,0.1985597163438797,0.2208140790462494,0.22983340919017792
0.22900187969207764,0.22291335463523865,0.21609807014465332,0.2114323228597641
0.20900742709636688,0.20658935606479645,0.20098136365413666,0.18842512369155884
0.1645190566778183,0.12496134638786316,0.06685046851634979,-0.010231740772724152
-0.10370906442403793,-0.20779091119766235,-0.31322789192199707
-0.4078180193901062,-0.47833743691444397,-0.5131420493125916,-0.5043997764587402
-0.4495396614074707,-0.35201185941696167,-0.2212357521057129,-0.07103860378265381
0.08315262198448181,0.22691479325294495,0.34850919246673584,0.439777672290802
0.4966434836387634,0.5195439457893372,0.5132706165313721,0.4856151044368744
0.4450558125972748,0.39823809266090393,0.34823212027549744,0.2942514419555664
0.23281505703926086,0.15971265733242035,0.07191820442676544
-0.031127631664276123,-0.1471199095249176,-0.27108755707740784,-0.3956418037414551
-0.5115100145339966,-0.608498752117157,-0.6765206456184387,-0.7071566581726074
-0.6957321763038635,-0.6427330374717712,-0.553763210773468,-0.43786728382110596
-0.3054647147655487,-0.16735875606536865,-0.03412063419818878,0.08505476266145706
0.18383440375328064,0.25985807180404663,0.31404340267181396,0.3482370376586914
0.3637521266937256,0.3618755042552948,0.34486961364746094
0.31610170006752014,0.2792110741138458,0.23740844428539276,0.19376958906650543
0.151446133852005,0.11297044157981873,0.07965660840272903,0.05182340741157532
0.02964223176240921,0.013770677149295807,0.005237322300672531,0.005205151624977589
0.014602931216359138,0.033444974571466446,0.060812387615442276,0.09547211974859238
0.13583993911743164,0.1789487898349762,0.21986082196235657,0.2529277205467224,0.2737623155117035,0.28003638982772827,0.2709871530532837
0.2465386539697647,0.20737558603286743,0.155900776386261,0.09597210586071014
0.03114650398492813,-0.03652706369757652,-0.10612145066261292,-0.17641906440258026
-0.24496003985404968,-0.3082459568977356,-0.36215269565582275,-0.40262043476104736
-0.4272182285785675,-0.43604186177253723,-0.43042054772377014,-0.41087183356285095
-0.3770016133785248,-0.3291335999965668,-0.26913580298423767,-0.20025989413261414
-0.1269599050283432,-0.05399104952812195,0.014766156673431396
0.07632824778556824,0.1280459314584732,0.16764473915100098,0.1938018500804901
0.20638863742351532,0.20625163614749908,0.19502507150173187,0.17457152903079987
0.14613685011863708,0.11059968173503876,0.06982734799385071,0.02707395702600479
-0.014425836503505707,-0.052775874733924866,-0.08693647384643555,-0.11523622274398804
-0.13513675332069397,-0.14471673965454102,-0.1436498463153839,-0.13263607025146484
-0.1127227321267128,-0.08491376042366028,-0.04936305433511734
-0.005211241543292999,0.047690074890851974,0.10679566115140915,0.1672479212284088
0.2242538332939148,0.2747589349746704,0.3170508146286011,0.34926891326904297
0.3685757517814636,0.3716593384742737,0.35608530044555664,0.3217400908470154
0.2715362310409546,0.21076810359954834,0.14538933336734772,0.08067533373832703
0.021046429872512817,-0.02970166876912117,-0.06830950826406479,-0.09259788691997528
-0.10263986140489578,-0.10079322755336761,-0.08974888920783997
-0.07066579163074493,-0.04357026517391205,-0.009292304515838623,0.029681796208024025
0.07016710937023163,0.10946688055992126,0.14578451216220856,0.17795751988887787
0.20480835437774658,0.22423799335956573,0.2324284017086029,0.2241123765707016
0.19424207508563995,0.14029425382614136,0.0638413280248642,-0.029754318296909332
-0.13272005319595337,-0.23591016232967377,-0.3300577998161316,-0.40741100907325745
-0.46232107281684875,-0.49112409353256226,-0.49264925718307495
-0.46897226572036743,-0.4252776801586151,-0.3680228888988495,-0.3022165894508362
-0.23031830787658691,-0.15371662378311157,-0.07472966611385345,0.003254815936088562
0.07728631049394608,0.14581629633903503,0.20773530006408691,0.26065731048583984
0.30086007714271545,0.32484161853790283,0.3302431106567383,0.3155752122402191
0.27994316816329956,0.22327525913715363,0.14667680859565735,0.052721068263053894
-0.053928032517433167,-0.16551220417022705,-0.27103960514068604
-0.3582412004470825,-0.41705042123794556,-0.442526638507843,-0.43532758951187134
-0.4000513255596161,-0.34354427456855774,-0.27404266595840454,-0.2003345489501953
-0.13055483996868134,-0.07122822105884552,-0.026694029569625854,0.0017880313098430634,0.016861705109477043,0.024500103667378426,0.03187348321080208,0.044811077415943146
0.06638981401920319,0.09691853076219559,0.13396073877811432,0.17221131920814514,0.2047255039215088,0.22562415897846222,0.23202908039093018
0.22349803149700165,0.2002449780702591,0.16263598203659058,0.11254958808422089
0.05505160987377167,-0.0016019120812416077,-0.04835920035839081,-0.07882469892501831
-0.09149085730314255,-0.08962590992450714,-0.07926055788993835,-0.06669121235609055
-0.05690271034836769,-0.052864689379930496,-0.0553685687482357,-0.06354030221700668
-0.07525963336229324,-0.08732520788908005,-0.09606116265058517,-0.09816417843103409
-0.09157910943031311,-0.07581932842731476,-0.051258474588394165
-0.01875866949558258,0.01965368539094925,0.06011192128062248,0.09698079526424408
0.12381922453641891,0.1351078301668167,0.12824693322181702,0.10463978350162506
0.06882330030202866,0.026321522891521454,-0.018270622938871384,-0.06189826503396034
-0.10213328897953033,-0.13613593578338623,-0.16100162267684937,-0.17493250966072083
-0.17758017778396606,-0.16906952857971191,-0.1490214765071869,-0.11657921969890594,-0.07077150046825409,-0.010739259421825409,0.06384482234716415
0.1521664559841156,0.25178101658821106,0.35839396715164185
0.4659237861633301,0.5670656561851501,0.6543166637420654,0.7206143736839294
0.7593612670898438,0.7646016478538513,0.7315815091133118,0.6575496792793274
0.5426871180534363,0.39072853326797485,0.20893016457557678,0.007409185171127319
-0.2018272429704666,-0.4056147634983063,-0.5901102423667908,-0.7420292496681213
-0.8508428335189819,-0.9101186394691467,-0.9172596335411072,-0.8731873631477356
-0.7823855876922607,-0.6525738835334778,-0.4943495988845825,-0.32092469930648804
-0.14692264795303345,0.014312803745269775,0.15357378125190735,0.26691827178001404
0.35460618138313293,0.418467253446579,0.4591236114501953,0.4749258756637573
0.4629341959953308,0.4206877648830414,0.34770917892456055,0.24639254808425903
0.12219122052192688,-0.01674307882785797,-0.15995168685913086,-0.2950546443462372
-0.4088597297668457,-0.4892231225967407,-0.526750385761261
-0.5160235166549683,-0.4569374620914459,-0.3559397757053375,-0.22555410861968994
-0.08163100481033325,0.05972637981176376,0.18390879034996033,0.27881428599357605
0.33598339557647705,0.3516411781311035,0.32697904109954834,0.26745691895484924
0.1819821000099182,0.08223995566368103,-0.018895931541919708,-0.10964883863925934
-0.1810048222541809,-0.22775083780288696,-0.24911430478096008,-0.24841752648353577
-0.231659933924675,-0.20569275319576263,-0.17646414041519165
-0.14779061079025269,-0.12124970555305481,-0.09688929468393326,-0.07379056513309479
-0.050262048840522766,-0.023952025920152664,0.008069537580013275,0.04882703721523285
0.10003162175416946,0.1606534719467163,0.2265739142894745,0.2912085950374603
0.3469451069831848,0.38684743642807007,0.40584075450897217,0.4015313386917114
0.37466880679130554,0.32895076274871826,0.26997995376586914,0.20365574955940247
0.135395348072052,0.07043582201004028,0.013863824307918549
-0.029910726472735405,-0.05793065205216408,-0.06980215758085251,-0.06848613172769547
-0.05974885821342468,-0.05009734630584717,-0.04409210383892059,-0.0429345965385437
-0.04535476490855217,-0.049012765288352966,-0.05066695064306259,-0.046042803674936295
-0.03064153343439102,-0.001268826425075531,0.04272754117846489,0.09921866655349731
0.16363176703453064,0.22928202152252197,0.2878747582435608,0.3305594325065613
0.34952569007873535,0.33965012431144714,0.2996253967285156
0.2322981357574463,0.14425596594810486,0.044618502259254456,-0.057086359709501266
-0.15318728983402252,-0.23891915380954742,-0.3120318651199341,-0.3719579577445984
-0.41924646496772766,-0.4551152288913727,-0.48080897331237793,-0.4967597723007202
-0.5019529461860657,-0.4939477741718292,-0.4692873954772949,-0.42401695251464844
-0.3547106981277466,-0.25980323553085327,-0.14037594199180603,-0.0002560466527938843
0.1541459858417511,0.31387054920196533,0.46733373403549194
0.6010291576385498,0.7017929553985596,0.7598596811294556,0.7709106206893921
0.736081063747406,0.6606495380401611,0.5528410077095032,0.42301666736602783
0.2824268639087677,0.14132261276245117,0.007364153861999512,-0.11493935436010361
-0.2238292694091797,-0.3191032111644745,-0.40054410696029663,-0.46697312593460083
-0.5164554119110107,-0.5470019578933716,-0.5569480657577515,-0.5451772809028625
-0.5116379261016846,-0.457840234041214,-0.3870803117752075
-0.304341584444046,-0.2158140242099762,-0.12841439247131348,-0.04921318590641022
0.015598811209201813,0.0619296059012413,0.0885307565331459,0.09672869741916656
0.08976604789495468,0.07245686650276184,0.050754062831401825,0.03101758286356926
0.018916957080364227,0.01815398968756199,0.029879219830036163,0.052858199924230576
0.08392465859651566,0.11868419498205185,0.15201082825660706,0.17830020189285278
0.19223344326019287,0.1898476481437683,0.16924381256103516
0.13102461397647858,0.07851168513298035,0.017392389476299286,-0.04534865915775299
-0.10316909104585648,-0.15175288915634155,-0.18954738974571228,-0.21696102619171143
-0.23558945953845978,-0.2479911744594574,-0.2573219835758209,-0.2663065493106842
-0.27571189403533936,-0.28344789147377014,-0.2852136492729187,-0.27587711811065674
-0.25064751505851746,-0.20618301630020142,-0.14187876880168915,-0.0609779953956604
0.029595278203487396,0.12082237005233765,0.20325981080532074
0.2684444785118103,0.31033003330230713,0.3260934352874756,0.3160080313682556
0.28299686312675476,0.23207035660743713,0.16953596472740173,0.10238523781299591
0.03780725598335266,-0.017788000404834747,-0.05987938120961189,-0.0865432620048523
-0.09871996194124222,-0.09957075864076614,-0.09298328310251236,-0.08217979222536087
-0.06899404525756836,-0.0539238378405571,-0.036694690585136414,-0.016630161553621292
0.0072454530745744705,0.035672616213560104,0.06822752207517624
0.10295967757701874,0.13707217574119568,0.16794490814208984,0.19347232580184937
0.21178068220615387,0.22115427255630493,0.22037114202976227,0.20915158092975616
0.18840496242046356,0.16020013391971588,0.12760452926158905,0.09414079785346985
0.06293935328722,0.03620419651269913,0.015103980898857117,-5.4601579904556274e-05
-0.009624733589589596,-0.014563068747520447,-0.01626730151474476,-0.016461681574583054
-0.017399169504642487,-0.021844452247023582,-0.03223448246717453
-0.04935751110315323,-0.07163143157958984,-0.09557787328958511,-0.1171254962682724,-0.1329699456691742,-0.14131508767604828
0.026797505095601082,0.027612905949354172,0.02044278010725975,0.009633753448724747,0.001721455017104745,0.000205963893677108,0.0033051162026822567
0.0064703188836574554,0.006811758037656546,0.0048659746535122395,0.002714834874495864,0.00158240320160985,0.0015493540558964014,0.002644449705258012,0.005009573418647051,0.00790963601320982,0.009533333592116833,0.008538302034139633,0.005561680532991886,0.0025794291868805885,0.0009177001193165779,0.0004575384082272649,0.0007849065586924553,0.002308671595528722,0.005499950144439936,0.009347615763545036,0.011548073962330818,0.0106758251786232,0.007611244451254606,0.004464249592274427
0.0026281927712261677,0.0023027623537927866,0.0035618699621409178,0.006999976467341185
0.012844158336520195,0.019747739657759666,0.025126416236162186,0.02711554244160652
0.02597704902291298,0.023556506261229515,0.02176855318248272,0.021546000614762306
0.022544512525200844,0.02317950688302517,0.021148428320884705,0.015051952563226223
0.006541340611875057,0.000521615264005959,0.0018396649975329638,0.010980022139847279
0.02315460331737995,0.03174743428826332,0.032704878598451614
0.026532920077443123,0.016981689259409904,0.008019117638468742,0.002023400506004691
2.46160630013037e-06,0.002490983810275793,0.010032588616013527,0.023048657923936844
0.04125573858618736,0.0626298114657402,0.08248194307088852,0.09439264982938766
0.0934348925948143,0.07931920886039734,0.056939952075481415,0.0337168425321579
0.015612228773534298,0.004877585917711258,0.0005218562437221408,0.00022727128816768527
0.0021361501421779394,0.005506126210093498,0.010411801747977734
0.01724305935204029,0.026146670803427696,0.03649009019136429,0.04691571369767189
0.05594591423869133,0.06262878328561783,0.06717990338802338,0.07108967751264572
0.07627735286951065,0.08417663723230362,0.09524445235729218,0.10838749259710312
0.12067215144634247,0.12847018241882324,0.12958355247974396,0.12447726726531982
0.11587687581777573,0.10729017108678818,0.10136903077363968,0.09913842380046844
0.10014201700687408,0.10267972946166992,0.1040850356221199
0.10148117691278458,0.09301827847957611,0.07909698784351349,0.06241338700056076
0.04646463692188263,0.033802226185798645,0.025272924453020096,0.020356805995106697
0.017843687906861305,0.016228681430220604,0.013970358297228813,0.010111416690051556
0.005150339100509882,0.0010925281094387174,0.0001220781559823081,0.002981455298140645
0.008604143746197224,0.015365740284323692,0.022640302777290344,0.03131486102938652
0.04339206591248512,0.061274413019418716,0.08663105964660645
0.11868682503700256,0.15286271274089813,0.18129616975784302,0.19583794474601746
0.1922583281993866,0.1726563423871994,0.1442418098449707,0.11576054245233536
0.09394587576389313,0.08197268843650818,0.08026495575904846,0.08793455362319946
0.10326726734638214,0.1234378069639206,0.14464467763900757,0.16318953037261963
0.17665843665599823,0.18431012332439423,0.1863528937101364,0.18245214223861694
0.17104294896125793,0.15038524568080902,0.12042910605669022
0.0841655358672142,0.04772048443555832,0.0186679158359766,0.0027120134327560663
0.0006990906549617648,-0.09077750146389008,-0.1351141780614853,-0.15694236755371094
-0.1575988233089447,-0.14193081855773926,-0.11629512906074524,-0.08600657433271408
-0.05402955412864685,-0.021161265671253204,0.012997148558497429,0.048838429152965546
0.08575288951396942,0.12178823351860046,0.15380913019180298,0.1778850555419922
0.19005000591278076,0.18739883601665497
0.16934503614902496,0.13825617730617523,0.09887376427650452,0.05711926519870758
0.018524810671806335,-0.013341885060071945,-0.03739805519580841,-0.05445233732461929
-0.06625645607709885,-0.07478153705596924,-0.08154811710119247,-0.08687944710254669
-0.0898873582482338,-0.08925158530473709,-0.08411892503499985,-0.07479803264141083
-0.06284378468990326,-0.050674911588430405,-0.041144080460071564,-0.037210870534181595
-0.041940655559301376,-0.05840194225311279,-0.0890541672706604
-0.13481000065803528,-0.19395729899406433,-0.26180124282836914,-0.33158624172210693
-0.39583325386047363,-0.4474174976348877,-0.480610728263855,-0.49206918478012085
-0.48093393445014954,-0.4481302797794342,-0.39630457758903503,-0.33024969696998596
-0.25625181198120117,-0.18029484152793884,-0.10658110678195953,-0.03773249685764313
0.02370566502213478,0.07452436536550522,0.1114615947008133,0.13191159069538116
0.13449396193027496,0.11988186836242676,0.09144201874732971
0.054790981113910675,0.01604399085044861,-0.02014431171119213,-0.05153549090027809
-0.07794371247291565,-0.09999449551105499,-0.1178959533572197,-0.13072189688682556
-0.13643380999565125,-0.13310466706752777,-0.12091656774282455,-0.10328938066959381
-0.08616922795772552,-0.0760098472237587,-0.07747166603803635,-0.09168148785829544
-0.11571887135505676,-0.14369070529937744,-0.16882635653018951,-0.18541374802589417
-0.1901286393404007,-0.18273097276687622,-0.16586914658546448
-0.14412540197372437,-0.12244437634944916,-0.10409535467624664,-0.08931121975183487
-0.0756530910730362,-0.05964680016040802,-0.03846149146556854,-0.011063646525144577
0.02114393189549446,0.0544397234916687,0.08374276757240295,0.10421773046255112
0.11313963681459427,0.11116869002580643,0.10231620073318481,0.09267652034759521,0.08836144953966141,0.09306644648313522,0.10649595409631729,0.12471434473991394
0.14180555939674377,0.15199443697929382,0.15180686116218567,0.1414729654788971
0.12491322308778763,0.10816384851932526,0.09658190608024597,0.09224268049001694
0.09328987449407578,0.09533211588859558,0.09361324459314346,0.08488284796476364
0.06850820779800415,0.04672693461179733,0.024049904197454453,0.005913235247135162
-0.0033622682094573975,-0.002367679961025715,0.007240465376526117,0.021861281245946884
0.03730740398168564,0.050219859927892685,0.059193190187215805,0.06508642435073853,0.07051112502813339,0.07859359681606293
0.09103728830814362,0.10651661455631256,0.12081699073314667,0.1284571886062622
0.12458085268735886,0.10651621222496033,0.0750044658780098,0.03476191312074661
-0.0067235007882118225,-0.041895970702171326,-0.06536410003900528,-0.0748971700668335
-0.07157675921916962,-0.059113968163728714,-0.04236116260290146,-0.02551732212305069
-0.010816242545843124,0.0018050577491521835,0.01396598108112812,0.02737458609044552
0.042492687702178955,0.05801422894001007,0.07128983736038208
0.07950208336114883,0.08113885670900345,0.07705743610858917,0.07063888758420944
0.06680838763713837,0.07007807493209839,0.08275476098060608,0.1041269302368164
0.13049328327178955,0.15623170137405396,0.17535293102264404,0.18260204792022705
0.17471370100975037,0.15161451697349548,0.11626122891902924,0.07339317351579666
0.027960285544395447,-0.01654745265841484,-0.05898948013782501,-0.09989763796329498
-0.13994431495666504,-0.17863881587982178,-0.21386680006980896
-0.24258723855018616,-0.26177099347114563,-0.2688063979148865,-0.26203444600105286
-0.24153383076190948,-0.20963187515735626,-0.17080029845237732,-0.13060331344604492
-0.09415251016616821,-0.06498308479785919,-0.0443769246339798,-0.031081777065992355
-0.02215450629591942,-0.014602741226553917,-0.006674015894532204,0.0013087578117847443
0.006760879419744015,0.005745365750044584,-0.005283586215227842,-0.02749916911125183
-0.05870584025979042,-0.09399136900901794,-0.12718427181243896
-0.15264981985092163,-0.16707053780555725,-0.17022088170051575,-0.16455169022083282
-0.1539117991924286,-0.1415480524301529,-0.12843552231788635,-0.11331664770841599
-0.09394584596157074,-0.06828229874372482,-0.035633936524391174,0.0024569518864154816,0.042282767593860626,0.07886442542076111,0.10738183557987213,0.12473520636558533
0.1303439438343048,0.12597885727882385,0.11522925645112991,0.10258572548627853,0.09192855656147003,0.08538920432329178,0.08320549130439758
0.08400692045688629,0.08557964861392975,0.08628301322460175,0.08620316535234451
0.08724562078714371,0.09226974844932556,0.1037071943283081,0.12229717522859573
0.14654135704040527,0.17296373844146729,0.19714601337909698,0.2152900993824005
0.2254904806613922,0.22822169959545135,0.22614894807338715,0.2233494520187378
0.2239656150341034,0.23066505789756775,0.24348384141921997,0.2595449686050415
0.2741411328315735,0.28266382217407227,0.28202128410339355
0.2713586688041687,0.2521035671234131,0.2266681045293808,0.19684244692325592
0.1635557860136032,0.12734784185886383,0.08846962451934814,0.04694025218486786
0.0030074194073677063,-0.04207208380103111,-0.08551212400197983,-0.12339229881763458
-0.15196329355239868,-0.16913379728794098,-0.17533671855926514,-0.1734369546175003
-0.16777180135250092,-0.16264817118644714,-0.16059349477291107,-0.16120627522468567
-0.16172707080841064,-0.15882807970046997,-0.1503543257713318
-0.13641758263111115,-0.11923579126596451,-0.10203500092029572,-0.08809441328048706
-0.07988480478525162,-0.07831808924674988,-0.0829286277294159,-0.09265761077404022
-0.10617196559906006,-0.12173265218734741,-0.13713929057121277,-0.1500786542892456
-0.15904590487480164,-0.16410157084465027,-0.16638173162937164,-0.16674847900867462
-0.1646517664194107,-0.15776394307613373,-0.14306406676769257,-0.11879917234182358
-0.0854618102312088,-0.045594051480293274,-0.0031642764806747437
0.03742194175720215,0.07240483164787292,0.09938623011112213,0.117408886551857
0.1263580471277237,0.12621301412582397,0.11708071082830429,0.09978359937667847
0.07568853348493576,0.04603947699069977,0.0118408203125,-0.02588343620300293
-0.06552726775407791,-0.1040613204240799,-0.13708972930908203,-0.1604280024766922
-0.17197851836681366,-0.17265795171260834,-0.16620978713035583,-0.15782584249973297
-0.15181595087051392,-0.14989446103572845,-0.15111711621284485
-0.1526837944984436,-0.15120521187782288,-0.14416879415512085,-0.13066808879375458
-0.11154869198799133,-0.08935483545064926,-0.06763481348752975,-0.04966086894273758
-0.03713827207684517,-0.029308978468179703,-0.022875726222991943,-0.013115953654050827
0.004314416088163853,0.0318000465631485,0.06868397444486618,0.11108865588903427
0.1530931293964386,0.1887030303478241,0.21366927027702332,0.22648422420024872
0.22826910018920898,0.22179530560970306,0.2100716233253479
0.19504639506340027,0.1769871860742569,0.15465912222862244,0.12611079216003418
0.08986106514930725,0.046084895730018616,-0.002934075891971588,-0.05338475480675697
-0.10089430958032608,-0.1414681077003479,-0.1725432574748993,-0.1936594843864441
-0.20613494515419006,-0.21218839287757874,-0.21419395506381989,-0.21391473710536957
-0.21163707971572876,-0.20602180063724518,-0.19499149918556213,-0.17681652307510376
-0.15076860785484314,-0.11741934716701508,-0.07872021198272705
-0.03782311826944351,0.0015143007040023804,0.0359390527009964,0.06346458941698074
0.08376371115446091,0.09755414724349976,0.10554032772779465,0.10776256024837494
0.10364040732383728,0.09239209443330765,0.07357782870531082,0.047598689794540405
0.016065243631601334,-0.018025998026132584,-0.050662554800510406,-0.07780706137418747
-0.09634478390216827,-0.10443403571844101,-0.10142852365970612,-0.08774954825639725
-0.0647134780883789,-0.03414013236761093,0.0021837055683135986
0.04286682605743408,0.08687607198953629,0.13329830765724182,0.18118678033351898
0.22946152091026306,0.27690792083740234,0.3224640190601349,0.36564069986343384
0.4064820110797882,0.44496527314186096,0.4806022346019745,0.5124663710594177
0.5392906665802002,0.5596368312835693,0.5721514225006104,0.5759149789810181
0.5707619190216064,0.5572232007980347,0.5361484289169312,0.5083474516868591
0.47441038489341736,0.4346884489059448,0.38927778601646423
0.3379504978656769,0.28041115403175354,0.2171148657798767,0.14994758367538452
0.08179865777492523,0.0152420774102211,-0.04840632528066635,-0.1090250238776207
-0.1669839769601822,-0.22216984629631042,-0.27313315868377686,-0.3169841170310974
-0.3501465320587158,-0.3695431351661682,-0.37381309270858765,-0.3640036880970001
-0.34329915046691895,-0.316037654876709,-0.2864634394645691,-0.2576015889644623
-0.23081658780574799,-0.20635534822940826,-0.1844436228275299
-0.16603542864322662,-0.15270496904850006,-0.14608919620513916,-0.14747333526611328
-0.15749439597129822,-0.17581698298454285,-0.20098242163658142,-0.23064088821411133
-0.26211845874786377,-0.29299819469451904,-0.32141146063804626,-0.34598076343536377
-0.3656059205532074,-0.37943193316459656,-0.3869992792606354,-0.3882460296154022
-0.3832932412624359,-0.3722566068172455,-0.35525739192962646,-0.33257022500038147
-0.3047356903553009,-0.27260780334472656,-0.23744679987430573
-0.20091287791728973,-0.16476552188396454,-0.13049785792827606,-0.09912993013858795
-0.07115229964256287,-0.046662233769893646,-0.02564842626452446,-0.008191611617803574
0.005559463053941727,0.01551409624516964,0.021738125011324883,0.024523308500647545
0.02441542036831379,0.022203348577022552,0.018860086798667908,0.015369981527328491
0.01247052289545536,0.010464640334248543,0.00920936744660139,0.008277167566120625
0.007194869220256805,0.005593367386609316,0.0032089930027723312
-0.0001504030078649521,-0.004588366486132145,-0.010132438503205776,-0.016825133934617043
-0.024770379066467285,-0.034093841910362244,-0.04485376179218292,-0.056870244443416595
-0.06962516903877258,-0.08240795135498047,-0.09446418285369873,-0.10496243834495544
-0.11305157095193863,-0.11810101568698883,-0.1198444813489914,-0.11834739148616791
-0.11388503015041351,-0.10673896968364716,-0.0970628559589386,-0.08493929356336594
-0.07048016786575317,-0.05390418320894241,-0.03560933098196983
-0.016147442162036896,0.003863772377371788,0.023776989430189133,0.04294879734516144
0.06080908328294754,0.07689374685287476,0.09082894027233124,0.10230471193790436,0.11102240532636642,0.11669563502073288,0.11925041675567627,0.11905945837497711
0.11690643429756165,0.11375055462121964,0.11053634434938431,0.10806937515735626
0.10691103339195251,0.10735680907964706,0.10951948910951614,0.11342121660709381
0.11903570592403412,0.12628082931041718,0.13492882251739502
0.14451324939727783,0.15439346432685852,0.16391585767269135,0.17254212498664856
0.1799730360507965,0.1863097846508026,0.19209767878055573,0.19776397943496704
0.20241805911064148,0.2031518518924713,0.195743590593338,0.17641769349575043
0.14401791989803314,0.1017221063375473,0.057027168571949005,0.019614584743976593
-0.0019101537764072418,-0.002904774621129036,0.015868544578552246,0.04861035197973251
0.08655748516321182,0.1210508644580841,0.1462898701429367
0.16067926585674286,0.166416734457016,0.16760729253292084,0.167884960770607
0.16880297660827637,0.169514000415802,0.16757801175117493,0.1604989469051361
0.1472298800945282,0.12884695827960968,0.10815078020095825,0.08844293653964996
0.07213062047958374,0.06039143353700638,0.053918998688459396,0.0528264120221138
0.05570419132709503,0.06022173911333084,0.0650472640991211,0.07056902348995209,0.07827103137969971,0.08986342698335648,0.10598389804363251
0.12501031160354614,0.143080472946167,0.15493416786193848,0.15514875948429108
0.1399150937795639,0.10863105207681656,0.06433163583278656,0.012883849442005157
-0.03866308182477951,-0.08404318243265152,-0.11925714462995529,-0.14301609992980957
-0.156254380941391,-0.16117537021636963,-0.16027337312698364,-0.15564975142478943
-0.14875714480876923,-0.14045172929763794,-0.13116316497325897,-0.12112848460674286
-0.11062805354595184,-0.10014814883470535,-0.0904473215341568
-0.08243737369775772,-0.07691118121147156,-0.07430218160152435,-0.07447803020477295
-0.07655064761638641,-0.07894159853458405,-0.07983919978141785,-0.07782144844532013
-0.07233461737632751,-0.06383442878723145,-0.05354801565408707,-0.04294053092598915
-0.03307682275772095,-0.024283431470394135,-0.01636364869773388,-0.009067453444004059
-0.0023935306817293167,0.0034490495454519987,0.008328588679432869,0.012467040680348873
0.016506843268871307,0.02127828076481819,0.027324253693223
0.03448290377855301,0.04181697219610214,0.04790905863046646
0.05138629674911499,0.051450442522764206,0.04810715094208717,0.04196379706263542
0.033838603645563126,0.024526149034500122,0.014761649072170258,0.0052239615470170975
-0.003443080000579357,-0.010554174892604351,-0.015385442413389683,-0.017372991889715195
-0.01635640859603882,-0.012655253522098064,-0.0069806743413209915,-0.0002723308280110359
0.0065036253072321415,0.01252786349505186,0.01724371872842312,0.02043142169713974
0.022159790620207787,0.022641416639089584,0.02212599478662014,0.020755581557750702
0.018327491357922554,0.014238458126783371,0.007866921834647655,-0.0007832730188965797
-0.010765749961137772,-0.020677117630839348,-0.029578084126114845,-0.03745048865675926
-0.04495702311396599,-0.052942678332328796,-0.06195295974612236,-0.07189533114433289
-0.08202554285526276,-0.09125784784555435,-0.09860387444496155,-0.10352569818496704
-0.10605650395154953,-0.10663750022649765,-0.1057782918214798
-0.10378587990999222,-0.10066790878772736,-0.09633086621761322,-0.09100168198347092
-0.08527911454439163,-0.07978938519954681,-0.07494857162237167,-0.07088470458984375
-0.06747373938560486,-0.06441730260848999,-0.06125746667385101,-0.05745511129498482
-0.052560701966285706,-0.04634133726358414,-0.038823965936899185,-0.030278261750936508
-0.021102337166666985,-0.011632939800620079,-0.0020599178969860077,0.007512449286878109
0.017062123864889145,0.026694031432271004,0.03647647425532341
0.046144839376211166,0.055060457438230515,0.06245741993188858,0.0676456093788147
0.07011289894580841,0.06962712109088898,0.06624577194452286,0.060250960290431976
0.05209755524992943,0.04233990237116814,0.03154894337058067,0.020235680043697357
0.008827170357108116,-0.002278183586895466,-0.012715782970190048,-0.022201761603355408
-0.030466724187135696,-0.03714849054813385,-0.04182044416666031,-0.04414472356438637
-0.043985676020383835,-0.041425805538892746,-0.036732301115989685
-0.030313391238451004,-0.02267369255423546,-0.014342192560434341,-0.005814032629132271
0.00246584415435791,0.010128449648618698,0.016909504309296608,0.022645631805062294
0.0272308811545372,0.03059360198676586,0.03272951394319534,0.0337127260863781
0.033697400242090225,0.03294158726930618,0.031775593757629395,0.030525943264365196
0.029455028474330902,0.02872369810938835,0.028375592082738876,0.02832338772714138
0.0283600315451622,0.028215641155838966,0.027599086984992027
0.026214702054858208,0.0237843319773674,0.02006927691400051,0.014908809214830399
0.0082728061825037,0.0002878531813621521,-0.008758358657360077,-0.018410630524158478
-0.028077444061636925,-0.03712698817253113,-0.0449809730052948,-0.0511760488152504
-0.055417999625205994,-0.05759894847869873,-0.057775165885686874,-0.05613445118069649
-0.05295828729867935,-0.04859782010316849,-0.043457698076963425,-0.03797420486807823
-0.032591015100479126,-0.027715876698493958,-0.023647405207157135
-0.020492326468229294,-0.01812243089079857,-0.016201596707105637,-0.014279177412390709
-0.01195040438324213,-0.00898972898721695,-0.005361941643059254,-0.0012269048020243645
0.003011977532878518,0.006759772077202797,0.009411520324647427,0.01054803654551506
0.010048042982816696,0.008092131465673447,0.005102438852190971,0.001670484896749258
-0.001526014180853963,-0.003830308560281992,-0.004724059719592333,-0.003927028737962246
-0.0014256066642701626,0.0025886716321110725,0.007828068919479847
0.01400337927043438,0.02084929123520851,0.028095241636037827,0.035434506833553314
0.0425238199532032,0.04899992421269417,0.054464928805828094,0.058489907532930374
0.06068069860339165,0.060720134526491165,0.058377645909786224,0.053550396114587784
0.04632345214486122,0.03700974956154823,0.026136044412851334,0.014377035200595856
0.0024948418140411377,-0.008701548911631107,-0.018430279567837715,-0.026046115905046463
-0.03110295720398426,-0.03334106132388115,-0.03266586363315582
-0.029155222699046135,-0.023083994165062904,-0.014959633350372314,-0.005533140152692795
0.004237666260451078,0.013229591771960258,0.020170819014310837,0.02366257831454277
0.0222953911870718,0.014916324988007545,0.0009097866714000702,-0.019655372947454453
-0.045956965535879135,-0.0764172300696373,-0.10886352509260178,-0.14080069959163666
-0.16965174674987793,-0.19290879368782043,-0.20824024081230164,-0.21366237103939056
-0.20780201256275177,-0.1901148110628128,-0.16093900799751282
-0.1214030385017395,-0.07324650883674622,-0.018618300557136536,0.04008914530277252
0.10035300254821777,0.15956169366836548,0.21499954164028168,0.2638581693172455
0.30334386229515076,0.3309057354927063,0.34454283118247986,0.3430733382701874
0.3262711465358734,0.29487019777297974,0.2504858076572418,0.1954755038022995
0.13274867832660675,0.06554870307445526,-0.0027611255645751953,-0.0688742995262146
-0.1296747624874115,-0.18237614631652832,-0.22469019889831543
-0.25497010350227356,-0.2722955048084259,-0.27652066946029663,-0.26826533675193787
-0.24880728125572205,-0.21992570161819458,-0.18378175795078278,-0.14280690252780914
-0.09953963756561279,-0.05644357204437256,-0.01572471857070923,0.020841022953391075
0.05200623720884323,0.0770641639828682,0.09579211473464966,0.1083570271730423
0.11526425927877426,0.11733624339103699,0.1156328022480011,0.11131560802459717
0.10550466924905777,0.0991595983505249,0.09300737828016281
0.08751340210437775,0.08289958536624908,0.07923471182584763,0.07657290995121002,0.07501649856567383,0.07466217875480652
0.0017562301363795996,0.004728097468614578,0.0077643501572310925,0.009661927819252014,0.009884088300168514,0.008735300041735172,0.006955000106245279
0.0051755113527178764,0.0037288034800440073,0.002680465579032898,0.0019424069905653596
0.001430962234735489,0.0011247104266658425,0.001032765838317573,0.0011836118064820766
0.0015952184330672026,0.0021216494496911764,0.0022827023640275,0.0015567743685096502
0.0003144088259432465,0.0002536506508477032,0.003016760805621743,0.008055192418396473
0.012436049059033394,0.013349697925150394,0.01066854689270258,0.006668194197118282
0.003611396998167038,0.0021719648502767086,0.001964460127055645
0.002553749829530716,0.0034401724115014076,0.0038570393808186054,0.003372947918251157
0.002383696846663952,0.0016224309802055359,0.0015448210760951042,0.0025365566834807396,0.005301984027028084,0.010104489512741566,0.015396473929286003,0.018087996169924736,0.016087915748357773,0.010474189184606075,0.004582454450428486,0.0010355047415941954,1.5564204659312963e-05,0.00016418581071775407,0.00034611448063515127,0.0003113474522251636,0.0002431305474601686,0.00029472168534994125,0.0006137396558187902
0.0014285532524809241,0.0028207311406731606,0.004541359376162291,0.006293872836977243
0.008101988583803177,0.010335296392440796,0.013445742428302765,0.017567388713359833
0.022128989920020103,0.025785403326153755,0.026922157034277916,0.024497514590620995
0.018679244443774223,0.01096427533775568,0.003866857150569558,0.00015731152961961925
0.0014898275258019567,0.007081592455506325,0.013669293373823166,0.017211902886629105
0.015564468689262867,0.01002969779074192,0.004101132974028587
0.0006437065312638879,4.5911972847534344e-05,0.0006615114398300648,0.0008522397838532925,0.00037981037166900933,4.690302375820465e-06,0.0002552085497882217,0.0008471860201098025
0.001127769355662167,0.0007880560588091612,0.0001821672631194815,5.469892130349763e-05,0.000959728320594877,0.0029059911612421274,0.005468528717756271,0.0080550666898489
0.010026010684669018,0.01079589780420065,0.010022761300206184,0.007856947369873524
0.004965365398675203,0.0022267268504947424,0.000421446340624243
6.490006489912048e-05,0.0014216010458767414,0.004632666241377592,0.009743829257786274
0.01642506942152977,0.023550529032945633,0.02918669581413269,0.03125792369246483
0.028804654255509377,0.022895855829119682,0.01598748192191124,0.010240168310701847,0.006467742379754782,0.004401529207825661,0.0034378713462501764,0.0030606493819504976
0.0029495595954358578,0.002981271594762802,0.0031974411103874445,0.00376885081641376,0.004904330708086491,0.0066560679115355015,0.008698484860360622
0.010280353017151356,0.010492590256035328,0.00881896074861288,0.00569484056904912
0.0024383075069636106,0.0003944432537537068,6.68731881887652e-05,0.000943510327488184
0.0021726484410464764,0.0034093023277819157,0.0050354888662695885,0.00791279599070549
0.012975283898413181,0.020445367321372032,0.028883734717965126,0.03516383841633797
0.036015987396240234,0.03034188598394394,0.020349623635411263,0.01014616061002016
0.003085969015955925,0.00018377190281171352,0.00045657416922040284
0.002309476723894477,0.00448187068104744,0.006296124774962664,0.007549377158284187
0.00824367068707943,0.0915742889046669,0.08901605755090714,0.08296729624271393
0.07451081275939941,0.06612306833267212,0.06073593348264694,0.060368578881025314
0.06483106315135956,0.07157647609710693,0.07708775252103806,0.07827934622764587
0.07301576435565948,0.06048262491822243,0.04107246547937393,0.015447460114955902
-0.015780635178089142,-0.05149117484688759,-0.08988136798143387
-0.12888610363006592,-0.166401207447052,-0.19993868470191956,-0.22666780650615692
-0.24424029886722565,-0.2511703670024872,-0.24691563844680786,-0.23246848583221436,-0.21060121059417725,-0.18508780002593994,-0.15914583206176758,-0.13401290774345398
-0.10898128151893616,-0.08268474042415619,-0.054614536464214325,-0.02627578377723694
-0.0008919946849346161,0.018362896516919136,0.02991868369281292,0.03426593169569969
0.03379570320248604,0.0321970097720623,0.03285900130867958
0.03697715699672699,0.04288812726736069,0.04673907905817032,0.04416254907846451
0.03283049538731575,0.01459069550037384,-0.0046485234051942825,-0.017615389078855515
-0.019408535212278366,-0.009996396489441395,0.005852598696947098,0.020785002037882805
0.02778157778084278,0.02228688821196556,0.0032547730952501297,-0.026161018759012222
-0.05878543481230736,-0.08546045422554016,-0.0979989767074585,-0.09166299551725388
-0.06679412722587585,-0.029016293585300446,0.012614138424396515
0.04893132299184799,0.07377919554710388,0.08550795912742615,0.08658751845359802
0.08203168213367462,0.07759149372577667,0.07786058634519577,0.08435887098312378
0.09488305449485779,0.1049058809876442,0.10993173718452454,0.10738138109445572
0.09717053174972534,0.08114410936832428,0.062675341963768,0.046369388699531555
0.036703769117593765,0.03648117929697037,0.0461905337870121,0.0640621930360794
0.08692342042922974,0.11105560511350632,0.13230350613594055
0.14672644436359406,0.15182489156723022,0.14708440005779266,0.13379299640655518
0.11420324444770813,0.09065170586109161,0.06530006229877472,0.03993340581655502
0.015958312898874283,-0.00522845983505249,-0.022120879963040352,-0.03324350714683533
-0.037680935114622116,-0.03567621111869812,-0.02856423333287239,-0.018454575911164284,-0.0077076684683561325,0.001812404952943325,0.00904286652803421
0.013865215703845024,0.01697281002998352,0.01908009871840477,0.02047651633620262
0.02111649140715599,0.020777830854058266,0.01937849260866642,0.016903111711144447,0.013141417875885963,0.007815185002982616,0.00042686332017183304,-0.009859031066298485
-0.023619916290044785,-0.04042338579893112,-0.0584627166390419,-0.07510542869567871
-0.08786007761955261,-0.09462302923202515,-0.09407925605773926,-0.08655138313770294
-0.07381701469421387,-0.0583542138338089,-0.04284706711769104,-0.029355034232139587
-0.018901657313108444,-0.011970583349466324,-0.008650083094835281
-0.008673794567584991,-0.012060506269335747,-0.019373370334506035,-0.03133057430386543
-0.048357218503952026,-0.07009921222925186,-0.09534803032875061,-0.12239024043083191
-0.14886456727981567,-0.17167484760284424,-0.187767893075943,-0.1952052265405655,-0.19407039880752563,-0.18666784465312958,-0.17665497958660126,-0.16750304400920868
-0.1607317179441452,-0.15525825321674347,-0.14870434999465942,-0.13882091641426086,-0.12392475455999374,-0.10345126688480377,-0.07821741700172424
-0.0495414137840271,-0.018571075052022934,0.013359550386667252,0.044180579483509064
0.07086389511823654,0.08982322365045547,0.09826406836509705,0.09589508920907974
0.08553322404623032,0.07204467803239822,0.06089851260185242,0.05696946009993553
0.06306342780590057,0.07895740866661072,0.10162819176912308,0.12602171301841736
0.14639240503311157,0.15812239050865173,0.15918584167957306,0.15092484652996063
0.13764411211013794,0.12482646852731705,0.11712288856506348
0.1169094517827034,0.12356171011924744,0.13378916680812836,0.14276465773582458
0.1458636224269867,0.14058563113212585,0.12709712982177734,0.10741867870092392
0.08445648103952408,0.06092005968093872,0.03881040960550308,0.019757509231567383
0.004866953939199448,-0.005681145936250687,-0.012567375786602497,-0.017184795811772346
-0.020867545157670975,-0.023742448538541794,-0.024589935317635536,-0.02152060717344284
-0.01299327239394188,0.0008692461997270584,0.017499197274446487
0.03238113969564438,0.04100211709737778,0.04148990660905838,0.035944122821092606
0.02911532297730446,0.02520415559411049,0.02512376196682453,0.02611313760280609,0.023496510460972786,0.01320863887667656,-0.0063950782641768456,-0.03413555771112442
-0.06628147512674332,-0.09727179259061813,-0.12116099148988724,-0.13308820128440857
-0.13056522607803345,-0.1142578274011612,-0.0872449055314064,-0.053657807409763336,-0.0179683119058609,0.015392880886793137,0.042369991540908813
0.06012609228491783,0.06819367408752441,0.06828725337982178,0.06304772943258286
0.05492616817355156,0.045245084911584854,0.03412225469946861,0.021114792674779892
0.005349300801753998,-0.014132386073470116,-0.03730233013629913,-0.0626964122056961
-0.08801694214344025,-0.1108449250459671,-0.1287018358707428,-0.13895556330680847
-0.13937810063362122,-0.12907685339450836,-0.10917416214942932,-0.08251689374446869
-0.05252131074666977,-0.02251732349395752,0.004387285560369492
0.02552119269967079,0.03871703892946243,0.042760200798511505,0.038016825914382935
0.026261840015649796,0.01026500016450882,-0.006821861490607262,-0.02284194901585579
-0.03757895901799202,-0.05212190002202988,-0.06729855388402939,-0.08271925151348114
-0.09697506576776505,-0.10814740508794785,-0.11441010981798172,-0.11492853611707687
-0.11046551913022995,-0.10303840786218643,-0.0948818102478981,-0.08756456524133682
-0.08130010217428207,-0.0746728926897049,-0.06557789444923401
-0.052393704652786255,-0.034380409866571426,-0.011927429586648941,0.013393309898674488
0.03939060494303703,0.06417152285575867,0.08661756664514542,0.10590514540672302
0.12119948118925095,0.13198915123939514,0.13812515139579773,0.1398046910762787
0.1375245451927185,0.131745383143425,0.12311509996652603,0.11280614137649536
0.10224123299121857,0.09287357330322266,0.08580660074949265,0.0812172144651413
0.07833493500947952,0.07551810145378113
0.07051315903663635,0.061542898416519165,0.048123110085725784,0.03112364187836647
0.012744177132844925,-0.004243049770593643,-0.017884567379951477,-0.027746330946683884
-0.03482060134410858,-0.04077209532260895,-0.047040458768606186,-0.05474117398262024
-0.06439448893070221,-0.07501395046710968,-0.08421802520751953,-0.08927248418331146
-0.08793537318706512,-0.07953909039497375,-0.06579307466745377,-0.0499822199344635
-0.035117894411087036,-0.02253083512187004,-0.011798186227679253
-0.0016561951488256454,0.009121539071202278,0.021105147898197174,0.033814918249845505
0.045723363757133484,0.05475523695349693,0.05908922106027603,0.05761394649744034
0.04999249428510666,0.036421038210392,0.017153896391391754,-0.007080668583512306
-0.03394315019249916,-0.059319715946912766,-0.07819948345422745,-0.08607423305511475
-0.08059772849082947,-0.06216160207986832,-0.03334343433380127,0.0015209391713142395
0.03715965151786804,0.06864076107740402,0.09211089462041855
0.1054900586605072,0.10900653153657913,0.1048099547624588,0.0962027981877327,0.08661752194166183,0.07845696806907654,0.0725889652967453,0.06855661422014236
0.06541880965232849,0.0627962052822113,0.061070021241903305,0.06084243580698967
0.0622163824737072,0.06405449658632278,0.06418152153491974,0.0604812391102314
0.051706213504076004,0.038058772683143616,0.02108963206410408,0.0025292132049798965,-0.016278041526675224,-0.03409058600664139,-0.049819860607385635
-0.06255738437175751,-0.07151380181312561,-0.07613815367221832,-0.07608845829963684
-0.07157370448112488,-0.06378628313541412,-0.054425545036792755,-0.04500829428434372
-0.03649216517806053,-0.029183369129896164,-0.023404067382216454,-0.02016347460448742
-0.021047484129667282,-0.027671579271554947,-0.04058447480201721,-0.05822549760341644
-0.0771278664469719,-0.09305644035339355,-0.10230933129787445,-0.10304435342550278
-0.09616318345069885,-0.08492827415466309,-0.0736469104886055
-0.06625135242938995,-0.06486949324607849,-0.06909746676683426,-0.07630479335784912
-0.08218371123075485,-0.08200465887784958,-0.07271759957075119,-0.05433710664510727
-0.029911741614341736,-0.004115752875804901,0.01926489546895027,0.03902582824230194
0.05594395101070404,0.07135091722011566,0.0862991213798523,0.1010805144906044
0.1152743473649025,0.12798458337783813,0.13758249580860138,0.1418539583683014
0.13886773586273193,0.12773394584655762,0.10898221284151077
0.08430913835763931,0.05596313625574112,0.02632734179496765,-0.0025812238454818726
-0.0292934812605381,-0.05240257456898689,-0.07053124904632568,-0.08258897811174393
-0.0874357596039772,-0.08403465151786804,-0.07225742936134338,-0.052987053990364075
-0.02768179029226303,0.001920897513628006,0.033580683171749115,0.06384584307670593
0.08819550275802612,0.10237066447734833,0.10394198447465897,0.09359093755483627
0.07497184723615646,0.052674300968647,0.029965821653604507
0.0077528320252895355,-0.014864001423120499,-0.03871803730726242,-0.06310196220874786
-0.08581018447875977,-0.10386406630277634,-0.11452163010835648,-0.11621323972940445
-0.10861293226480484,-0.09235413372516632,-0.0687754899263382,-0.039523713290691376
-0.006599362939596176,0.026956088840961456,0.05684623867273331,0.07879142463207245
0.09017948806285858,0.09071096032857895,0.08239760249853134,0.06868656724691391
0.052812203764915466,0.037077587097883224,0.023060601204633713
0.011778665706515312,0.0038598384708166122,-0.0005661025643348694,-0.002021057065576315
-0.001339941518381238,0.0003645598189905286,0.0014168820343911648,-4.8474204959347844e-05
-0.005469443276524544,-0.015392523258924484,-0.028965765610337257,-0.04419275373220444
-0.05902201309800148,-0.07212509214878082,-0.08284972608089447,-0.09063544869422913
-0.09484201669692993,-0.09512457251548767,-0.0913480743765831,-0.08344365656375885
-0.07170473784208298,-0.05654340237379074,-0.038151051849126816
-0.017043806612491608,0.005423706024885178,0.027143552899360657,0.045707784593105316
0.059087496250867844,0.06589699536561966,0.06526590883731842,0.05688319355249405
0.04138149321079254,0.021000109612941742,-0.0005232542753219604,-0.019356049597263336
-0.03314828872680664,-0.041991330683231354,-0.04842519387602806,-0.0561457984149456
-0.06786952912807465,-0.0837625116109848,-0.10127948224544525,-0.11604166030883789
-0.12340527772903442,-0.12006289511919022,-0.10500998795032501
-0.07995662838220596,-0.04883928596973419,-0.016284100711345673,0.014038607478141785
0.039935335516929626,0.06011762470006943,0.07405909150838852,0.08236220479011536
0.08660437911748886,0.0888969674706459,0.09147655218839645,0.09623292833566666
0.10416832566261292,0.11522123217582703,0.12877827882766724,0.1439712941646576
0.1596093773841858,0.17436058819293976,0.18680600821971893,0.19541940093040466
0.1985422670841217,0.19426128268241882,0.1810550093650818
0.15886923670768738,0.12945249676704407,0.09591150283813477,0.06170269101858139
0.029766187071800232,0.002305455505847931,-0.019506700336933136,-0.036040231585502625
-0.04915957525372505,-0.061452023684978485,-0.07522010803222656,-0.09166175872087479
-0.11043989658355713,-0.12960505485534668,-0.14601820707321167,-0.15629155933856964
-0.15783876180648804,-0.14996567368507385,-0.1345386505126953,-0.11531444638967514
-0.09627515822649002,-0.08014757931232452,-0.06759397685527802
-0.05723344534635544,-0.04687661677598953,-0.03535675257444382,-0.023434411734342575
-0.013412820175290108,-0.008218375965952873,-0.010373366065323353,-0.02086801826953888
-0.03843555226922035,-0.06007876992225647,-0.08243688195943832,-0.10270093381404877
-0.11858056485652924,-0.1274951845407486,-0.12581810355186462,-0.10956452041864395
-0.0765150636434555,-0.02793305367231369,0.03129708766937256,0.09374704957008362
0.15128281712532043,0.19737385213375092,0.2289898693561554
0.24663420021533966,0.25224176049232483,0.24690118432044983,0.2302980273962021
0.2019711285829544,0.1632918417453766,0.11839164793491364,0.07304593920707703
0.03268851339817047,0.000948883593082428,-0.02123616263270378,-0.03562645614147186
-0.045263879001140594,-0.05285979062318802,-0.060514215379953384,-0.0698910653591156
-0.08144311606884003,-0.09364087879657745,-0.10341987758874893,-0.10720829665660858
-0.10228148102760315,-0.08821890503168106,-0.06676549464464188
-0.0402587428689003,-0.01064937561750412,0.020673396065831184,0.052632249891757965
0.0836489200592041,0.11132258176803589,0.13321486115455627,0.14758676290512085
0.15368153154850006,0.151764377951622,0.14241304993629456,0.12560954689979553
0.10077427327632904,0.06762527674436569,0.02738259732723236,-0.016492478549480438,-0.05897359549999237,-0.09489823877811432,-0.1202986091375351,-0.13368567824363708
-0.13647353649139404,-0.131870299577713,-0.12305575609207153
-0.1119864284992218,-0.0996132418513298,-0.08666280657052994
-0.07384627312421799,-0.061673492193222046,-0.04994702711701393,-0.0372970774769783
-0.021977294236421585,-0.0032899081707000732,0.018195953220129013,0.041325364261865616
0.06485702097415924,0.08756503462791443,0.1078324168920517,0.12350991368293762
0.1325448900461197,0.13346058130264282,0.12547993659973145,0.10854000598192215
0.08323203027248383,0.05115438997745514,0.015064455568790436,-0.02185281366109848
-0.0564982146024704,-0.08592820912599564,-0.10768678784370422,-0.12031088024377823
-0.1238623857498169,-0.11977507919073105,-0.10992756485939026,-0.09622866660356522
-0.08061438053846359,-0.06480198353528976,-0.05031994730234146,-0.038939107209444046
-0.03273563086986542,-0.03322109580039978,-0.04032839089632034,-0.05254148691892624
-0.06767642498016357,-0.08311396092176437,-0.0961543619632721,-0.10512803494930267
-0.10979792475700378,-0.11065187305212021,-0.10846730321645737
-0.10430117696523666,-0.09930431842803955,-0.0943974107503891,-0.08994533121585846
-0.08549980819225311,-0.08001570403575897,-0.07287391275167465,-0.06486237794160843
-0.057809457182884216,-0.05336675047874451,-0.05237893760204315,-0.0547228641808033
-0.059229012578725815,-0.0639476329088211,-0.06649497151374817,-0.06467022746801376
-0.05739927664399147,-0.04496542736887932,-0.028505705296993256,-0.009417805820703506
0.011084789410233498,0.03180255740880966,0.05107961967587471
0.06685180217027664,0.07728051394224167,0.08177150040864944,0.08150887489318848
0.07886303961277008,0.07680249214172363,0.07875308394432068,0.08791414648294449
0.10606600344181061,0.13257989287376404,0.16419529914855957,0.19593501091003418
0.22267954051494598,0.24078074097633362,0.24901820719242096,0.24793317914009094
0.23807770013809204,0.2189428210258484,0.18930736184120178,0.14865799248218536
0.09889087080955505,0.044730424880981445,-0.007828004658222198
-0.05326972156763077,-0.08737553656101227,-0.10815344750881195,-0.11662622541189194
-0.1160186305642128,-0.10996031761169434,-0.10113716125488281,-0.0905795767903328
-0.0776011124253273,-0.060250915586948395,-0.03588021919131279,-0.0022582150995731354
0.0406174436211586,0.08934610337018967,0.13776208460330963,0.17905056476593018
0.20796509087085724,0.22205469012260437,0.22202132642269135,0.2113543599843979
0.19474801421165466,0.17580723762512207,0.1554994136095047
0.13208723068237305,0.10219520330429077,0.062284618616104126,0.010374538600444794
-0.052186302840709686,-0.12033383548259735,-0.18686123192310333,-0.24434134364128113
-0.2867863178253174,-0.31147366762161255,-0.31985774636268616,-0.3167109489440918
-0.3080711364746094,-0.2987675070762634,-0.29078131914138794,-0.2834340035915375
-0.27473193407058716,-0.2628524899482727,-0.24726322293281555,-0.2287808656692505
-0.20860330760478973,-0.18751628696918488,-0.16565187275409698
-0.1424606740474701,-0.11711335182189941,-0.08889088034629822,-0.057072900235652924
-0.020726382732391357,0.02154245227575302,0.07145263999700546,0.12996771931648254
0.19620294868946075,0.2671859860420227,0.3381204307079315,0.4029983878135681
0.4557628333568573,0.49183130264282227,0.5094233751296997,0.5099040269851685
0.4966326951980591,0.47297242283821106,0.440974622964859,0.4014524817466736
0.35483691096305847,0.3020077645778656,0.24453794956207275
0.18426355719566345,0.1230352520942688,0.06303052604198456,0.006706118583679199
-0.04387853294610977,-0.087656669318676,-0.12477316707372665,-0.15628474950790405
-0.18349462747573853,-0.20759958028793335,-0.22956840693950653,-0.24979400634765625
-0.2677709758281708,-0.2820659577846527,-0.290737509727478,-0.2921936810016632
-0.2859431505203247,-0.27293965220451355,-0.25546663999557495,-0.2366473525762558,-0.21993552148342133,-0.20847424864768982,-0.20431560277938843
-0.20808321237564087,-0.21913492679595947,-0.23588183522224426,-0.25624632835388184
-0.2781902551651001,-0.3000461459159851,-0.32031604647636414,-0.33690038323402405
-0.34668752551078796,-0.3461899161338806,-0.33238455653190613,-0.303133100271225
-0.25760191679000854,-0.19663353264331818,-0.12272852659225464,-0.03985978662967682
0.04681912064552307,0.1316860467195511,0.20969513058662415,0.27716848254203796
0.33192694187164307,0.3729736804962158,0.4000139832496643
0.41289475560188293,0.41139698028564453,0.3956122100353241,0.36648187041282654
0.32612767815589905,0.2776719033718109,0.22462251782417297,0.17041850090026855
0.11809509992599487,0.06989552080631256,0.027273893356323242,-0.008770842105150223
-0.03748314082622528,-0.05831732600927353,-0.07112333923578262,-0.07645247876644135
-0.0755125880241394,-0.06980244070291519,-0.06089193746447563,-0.0503145307302475
-0.039431314915418625,-0.029415585100650787,-0.02131825126707554
-0.01602751575410366,-0.014181466773152351,-0.016022874042391777,-0.021066589280962944
-0.028139621019363403,-0.03611839562654495,-0.044342800974845886,-0.05237860232591629
-0.05988888442516327,-0.06636807322502136,-0.07073237746953964,-0.07177132368087769
-0.06910203397274017,-0.06346879154443741,-0.05624527856707573,-0.04856345057487488
-0.040657103061676025,-0.03159353882074356,-0.019229676574468613,-0.0008152741938829422
0.02583353966474533,0.06129075959324837,0.1038748025894165
0.14998643100261688,0.19537541270256042,0.23606151342391968,0.26867440342903137
0.2906976342201233,0.300557017326355
0.019237734377384186,0.017191633582115173,0.009979937225580215,0.0029318223241716623,3.947646473534405e-05,0.0010135757038369775
0.002744209486991167,0.002832429949194193,0.0014169923961162567,0.00016928595141507685,0.00014265658683143556,0.000943443737924099,0.0017170527717098594,0.00219009374268353,0.002713410882279277,0.003894043853506446,0.0063691046088933945,0.010382136330008507,0.015042000450193882,0.018182994797825813,0.017603309825062752,0.012999653816223145,0.006613343954086304,0.0016583557007834315,6.230482796354408e-08,0.00103592814411968,0.0026107695885002613,0.0030561997555196285,0.0023309343960136175
0.0013830064563080668,0.0009286827989853919,0.0012271724408492446,0.0028366572223603725
0.006694959010928869,0.012732935138046741,0.018722742795944214,0.021459462121129036
0.019572973251342773,0.014712749049067497,0.00982945691794157,0.006889767479151487
0.006402269471436739,0.00847554299980402,0.01327296532690525,0.02001311630010605
0.026203079149127007,0.028882529586553574,0.026980584487318993,0.02207644097507,0.016873637214303017,0.013287685811519623,0.01179626863449812
0.011819584295153618,0.01204403955489397,0.010716789402067661,0.0068267714232206345
0.0018970632227137685,0.00012263478129170835,0.0053036389872431755,0.016926854848861694
0.0295379888266325,0.036597248166799545,0.035416990518569946,0.02840411476790905
0.02003258652985096,0.013423715718090534,0.009403425268828869,0.007404613308608532
0.006459800526499748,0.005635543260723352,0.004317109938710928,0.0025596541818231344
0.0010171736357733607,0.00022431524121202528,3.8364334614016116e-05
9.470706572756171e-05,0.0006381817511282861,0.002327817492187023,0.005264579318463802
0.008632892742753029,0.011235884390771389,0.01225281972438097,0.011595196090638638
0.009838661178946495,0.007932085543870926,0.006735916715115309,0.006751780863851309
0.008250108920037746,0.011345015838742256,0.015699811279773712,0.020225288346409798
0.023240074515342712,0.02323722094297409,0.01990455575287342,0.014399287290871143
0.008560526184737682,0.003916914574801922,0.0011274516582489014
5.179691652301699e-05,0.000284532958175987,0.0016085669631138444,0.004090552683919668
0.00785735435783863,0.012692727148532867,0.01782746985554695,0.02217898517847061
0.024827217683196068,0.02546020969748497,0.02457864210009575,0.023258350789546967
0.022663366049528122,0.023690754547715187,0.026789318770170212,0.03177359327673912
0.03761805221438408,0.042459696531295776,0.044121310114860535,0.04119078814983368
0.03391993045806885,0.024115560576319695,0.014220167882740498
0.00630925502628088,0.0015167766250669956,1.1975552638432418e-07,0.0011740629561245441
0.003988637123256922,0.007233418989926577,0.009853820316493511,0.01121046207845211
0.011182683520019054,0.010084317065775394,0.008466439321637154,0.0068779271095991135
0.005682317074388266,0.005007606465369463,0.004791272338479757,0.004856073763221502,0.004982077982276678,0.004958810284733772,0.00466029392555356,0.004151243716478348
0.003671546233817935,0.0035009386483579874,0.0039014103822410107
0.005151418037712574,0.007534694392234087,0.011213577352464199,0.016031472012400627
0.021372035145759583,0.026278255507349968,-0.1727374792098999,-0.17774929106235504
-0.17827053368091583,-0.1767517775297165,-0.17624911665916443,-0.17931820452213287
-0.18709716200828552,-0.19912290573120117,-0.2138064205646515,-0.22901520133018494
-0.24261586368083954,-0.25309139490127563,-0.2598990201950073,-0.26336610317230225
-0.2643885016441345,-0.26391157507896423,-0.2622385323047638
-0.25875765085220337,-0.252256840467453,-0.241435706615448,-0.22550274431705475
-0.20470812916755676,-0.18042200803756714,-0.15479260683059692,-0.13024690747261047
-0.1088372990489006,-0.09158951044082642,-0.07825709134340286,-0.06756757944822311
-0.05775197595357895,-0.04717884957790375,-0.03484543785452843,-0.020506154745817184
-0.004496835172176361,0.012499759905040264,0.02961604855954647,0.046033959835767746
0.06131575256586075,0.07555486261844635,0.08929742872714996
0.1034056693315506,0.11882233619689941,0.13620078563690186,0.15565428137779236
0.17677906155586243,0.1987951397895813,0.22075064480304718,0.24175772070884705
0.26107364892959595,0.2780725359916687,0.2922254800796509,0.3030737638473511
0.31029820442199707,0.31386661529541016,0.3140072822570801,0.31100910902023315
0.3051265478134155,0.2966436743736267,0.28586429357528687,0.2730448842048645
0.25852257013320923,0.24291984736919403,0.22717128694057465
0.21242518723011017,0.1998470276594162,0.19021911919116974,0.18355326354503632
0.1790793538093567,0.17554086446762085,0.17162783443927765,0.16644145548343658
0.15966016054153442,0.151449516415596,0.14242300391197205,0.13349241018295288
0.12557590007781982,0.11939693242311478,0.11526121199131012,0.1128549873828888
0.11142580211162567,0.11021220684051514,0.10869616270065308,0.10664798319339752
0.10408264398574829,0.10115721821784973,0.09811804443597794
0.09531662613153458,0.09316671639680862,0.09206162393093109,0.09234514087438583,0.09426897019147873,0.0978761687874794,0.10293091088533401,0.10896454751491547
0.11531983315944672,0.12115776538848877,0.12556999921798706,0.1278671771287918,0.12785035371780396,0.12570121884346008,0.12159449607133865,0.11561000347137451
0.10781406611204147,0.09808597713708878,0.08614444732666016,0.07192428410053253
0.05573137104511261,0.03824368864297867,0.02060295268893242,0.0043361857533454895
-0.00898694433271885,-0.01823660172522068,-0.02317369543015957,-0.024697495624423027
-0.024819381535053253,-0.026159072294831276,-0.030979320406913757,-0.04037461429834366
-0.054098330438137054,-0.07088343799114227,-0.08901112526655197,-0.10700199007987976
-0.12408262491226196,-0.14019674062728882,-0.15581727027893066,-0.1716783046722412
-0.1883181929588318,-0.20570987462997437,-0.22325493395328522,-0.2400047481060028,-0.254999041557312,-0.2676512598991394
-0.277959406375885,-0.2864214777946472,-0.29375970363616943,-0.30062127113342285
-0.3073275685310364,-0.3136523365974426,-0.3186759352684021,-0.32091543078422546
-0.31878727674484253,-0.31101593375205994,-0.29673734307289124,-0.275564968585968
-0.2477201372385025,-0.21412283182144165,-0.1765305995941162,-0.137616366147995
-0.10066357254981995,-0.0689219981431961,-0.04498278349637985,-0.030340366065502167
-0.025134503841400146,-0.028125805780291557,-0.03694645315408707
-0.04863054305315018,-0.06027624011039734,-0.06955370306968689,-0.0750005841255188,-0.07616525143384933,-0.0735386461019516,-0.06825897097587585,-0.061706118285655975
-0.05522670969367027,-0.05008663982152939,-0.04739505797624588,-0.047870129346847534
-0.051661740988492966,-0.05826936289668083,-0.06643135100603104,-0.07419078052043915
-0.07932135462760925,-0.07984121143817902,-0.07447798550128937,-0.06320146471261978,-0.047496117651462555,-0.029971521347761154,-0.013532571494579315
-0.0005532857030630112,0.007756430190056562,0.0117631945759058,0.013424774631857872
0.015619737096130848,0.021042168140411377,0.03133755177259445,0.046638086438179016
0.06535836309194565,0.08446462452411652,0.10025730729103088,0.10926935821771622
0.10905971378087997,0.09884518384933472,0.07972773164510727,0.054395563900470734
0.02646958827972412,-0.0003058798611164093,-0.022765321657061577,-0.03870860114693642
-0.047134753316640854,-0.04831337183713913,-0.043382592499256134
-0.03375687450170517,-0.02079625427722931,-0.005592403933405876,0.01114927139133215
0.028934717178344727,0.04718204215168953,0.06507138907909393,0.08165892958641052
0.09617873281240463,0.10827099531888962,0.11800824850797653,0.1258399486541748
0.13246780633926392,0.1385362595319748,0.14435559511184692,0.14993774890899658
0.15516600012779236,0.15989384055137634,0.16401296854019165,0.1674249768257141
0.16986848413944244,0.1708073914051056,0.1695142537355423
0.16524866223335266,0.15746478736400604,0.1460217535495758,0.13121217489242554
0.11349901556968689,0.09323275089263916,0.07065454870462418,0.04611241817474365
0.020205512642860413,-0.006221882998943329,-0.03206980228424072,-0.05595385655760765
-0.07632355391979218,-0.09174138307571411,-0.10120938718318939,-0.10441034287214279
-0.10177437961101532,-0.09435757249593735,-0.08355656266212463,-0.07075092196464539
-0.0570225864648819,-0.04303770884871483,-0.029082641005516052
-0.015175215899944305,-0.0011311359703540802,0.01338646374642849,0.02870316058397293,0.044935598969459534,0.06188080459833145,0.07895392924547195,0.0951729491353035,0.10911650210618973,0.11881308257579803,0.12191956490278244,0.11634058505296707
0.10081763565540314,0.07525522261857986,0.04092011600732803,0.00035320594906806946
-0.04317828640341759,-0.08635514229536057,-0.12613417208194733,-0.15986181795597076
-0.18555185198783875,-0.20208020508289337,-0.20905956625938416
-0.20675958693027496,-0.19617152214050293,-0.17883706092834473,-0.156350240111351
-0.12986433506011963,-0.0999101847410202,-0.06651854515075684,-0.029468029737472534
0.011434018611907959,0.056012269109487534,0.10333280265331268,0.15142647922039032
0.19732090830802917,0.23742452263832092,0.26809078454971313,0.2861816883087158
0.28960981965065,0.2777897119522095,0.25190281867980957,0.2148665189743042
0.17085343599319458,0.12458677589893341,0.08079993724822998
0.043800294399261475,0.017040684819221497,0.0028075426816940308,0.001960420049726963
0.013662885874509811,0.03531241789460182,0.0628768801689148,0.09146039187908173
0.11580915749073029,0.13090220093727112,0.1328153908252716,0.11960731446743011
0.09179992973804474,0.052244313061237335,0.005526788532733917,-0.04283851757645607
-0.08732927590608597,-0.12329095602035522,-0.14750173687934875,-0.15833956003189087
-0.15570542216300964,-0.14077851176261902,-0.11562208831310272
-0.08287975192070007,-0.04577936232089996,-0.008324205875396729,0.024722527712583542
0.048423800617456436,0.058660998940467834,0.053023986518383026,0.03141087293624878
-0.0037615858018398285,-0.04796896129846573,-0.09547967463731766,-0.14039455354213715
-0.1776832938194275,-0.20392802357673645,-0.21749159693717957,-0.21832452714443207
-0.20752103626728058,-0.18663597106933594,-0.1571727693080902,-0.1204579770565033
-0.07781863957643509,-0.030982039868831635,0.017579179257154465
0.06452944874763489,0.10564509779214859,0.13601720333099365,0.15097440779209137
0.14752686023712158,0.12505267560482025,0.08468647301197052,0.028491370379924774
-0.040822334587574005,-0.11991268396377563,-0.20481373369693756,-0.2909448444843292
-0.3729593753814697,-0.4444608688354492,-0.4982792139053345,-0.5276647806167603
-0.5277267098426819,-0.4964841306209564,-0.43535685539245605,-0.348930299282074
-0.24411141872406006,-0.12901580333709717,-0.011736318469047546
0.10079170763492584,0.20349092781543732,0.29321396350860596,0.368233323097229
0.42751652002334595,0.4701681137084961,0.4951477348804474,0.5013920664787292
0.4884026050567627,0.45692673325538635,0.40928035974502563,0.34924477338790894
0.28161343932151794,0.21139830350875854,0.1429368108510971,0.07933464646339417
0.022389456629753113,-0.02717702090740204,-0.06936086714267731,-0.104481041431427
-0.13282689452171326,-0.15450087189674377,-0.16950064897537231
-0.17787222564220428,-0.17985986173152924,-0.17607608437538147,-0.16754600405693054
-0.1555631458759308,-0.14153611660003662,-0.12683355808258057,-0.1124752014875412,-0.09884246438741684,-0.08571980148553848,-0.07256660610437393,-0.05877818912267685
-0.04394911602139473,-0.028098832815885544,-0.011691376566886902,0.004557190462946892
0.019976314157247543,0.03422093391418457,0.04737347364425659,0.05978406220674515,0.07173430174589157,0.08311106264591217,0.09325253218412399
0.10103017836809158,0.10515109449625015,0.10458189249038696,0.09892360866069794
0.08858972042798996,0.07473129779100418,0.05898018926382065,0.04313749074935913
0.028871789574623108,0.017467863857746124,0.009676877409219742,0.005663042888045311
0.005027527920901775,0.006947262678295374,0.010424474254250526,0.014518804848194122
0.01850368268787861,0.022001754492521286,0.025019679218530655,0.02780073694884777
0.030612396076321602,0.033574387431144714,0.03659607097506523
0.039488568902015686,0.042108599096536636,0.044365983456373215,0.04617531597614288
0.047440607100725174,0.04802437871694565,0.04770733416080475,0.04619241878390312
0.043142106384038925,0.038223572075366974,0.03116479143500328,0.021837972104549408
0.010343560948967934,-0.0029292088001966476,-0.017257485538721085,-0.031607311218976974
-0.04474727064371109,-0.05549120903015137,-0.06310707330703735,-0.06762432307004929
-0.06977243721485138,-0.07068206369876862,-0.07155372202396393
-0.0733688622713089,-0.07669603824615479,-0.08159814774990082,-0.08762528747320175
-0.09390398859977722,-0.09928436577320099,-0.10248395055532455,-0.10221311450004578
-0.09729935228824615,-0.08682001382112503,-0.07023672014474869,-0.04753698408603668
-0.019314981997013092,0.013306038454174995,0.04881234094500542,0.08534926921129227
0.12074248492717743,0.15261584520339966,0.17861582338809967,0.1966893970966339
0.20536307990550995,0.2039927840232849,0.19290600717067719
0.1733449250459671,0.14726291596889496,0.11705335974693298,0.08520495146512985
0.05393679440021515,0.024910658597946167,-0.0009378902614116669,-0.02342257834970951
-0.04300530627369881,-0.06058627739548683,-0.07713368535041809,-0.09328573942184448
-0.10916221141815186,-0.12435813248157501,-0.13800504803657532,-0.14893516898155212
-0.15595000982284546,-0.15810182690620422,-0.1549188494682312,-0.1465325802564621
-0.13368773460388184,-0.11761967092752457,-0.0998091921210289
-0.0817250981926918,-0.06465256959199905,-0.04958727955818176,-0.037170760333538055
-0.02769816294312477,-0.021202286705374718,-0.017545310780405998,-0.016452033072710037
-0.017501380294561386,-0.02012947015464306,-0.02367219142615795,-0.02745549939572811
-0.030913060531020164,-0.033667054027318954,-0.03551650047302246,-0.03635372221469879
-0.036074623465538025,-0.03455514460802078,-0.031712934374809265,-0.027570903301239014
-0.022276656702160835,-0.016093945130705833,-0.009351061657071114
-0.002362656407058239,0.00462986109778285,0.011494889855384827,0.01822204701602459
0.024887721985578537,0.03158658370375633,0.03836468607187271,0.04515835642814636
0.05173725634813309,0.057683780789375305,0.06244809925556183,0.0654831975698471
0.06641410291194916,0.06517982482910156,0.06209065020084381,0.057755935937166214
0.05290839076042175,0.048210036009550095,0.04410526901483536,0.04075617343187332
0.038077011704444885,0.035841204226017,0.033813413232564926
0.03186593949794769,0.03000671975314617,0.02830917201936245,0.02685132436454296
0.02568315900862217,0.02477407641708851,0.02400904707610607,0.023262234404683113
0.022456461563706398,0.021579666063189507,0.02066427282989025,0.019726401194930077
0.01874089427292347,0.01767684519290924,0.016519661992788315,0.015277310274541378
0.01398955937474966,0.012716414406895638,0.011528534814715385,0.010508175939321518
0.009708838537335396,0.009086918085813522,0.008477316237986088
0.007631991989910603,0.006319559644907713,0.0044556306675076485,0.0021511749364435673
-0.0003643464297056198,-0.0028504261281341314,-0.005124048795551062,-0.007086235098540783
-0.008711742237210274,-0.010027313604950905,-0.011101463809609413,-0.012012777850031853
-0.012777885422110558,-0.01332075521349907,-0.013527220115065575,-0.013300031423568726
-0.012570572085678577,-0.011304744519293308,-0.0095134899020195,-0.007256493903696537
-0.004625352099537849,-0.0017085284925997257,0.001419884618371725
0.004675520583987236,0.007950539700686932,0.011140416376292706,0.01418953388929367
0.01711227372288704,0.019957605749368668,0.022744350135326385,0.025426605716347694
0.027907488867640495,0.03008871152997017,0.031917352229356766,0.03337932378053665
0.03446372598409653,0.03515924513339996,0.03547963500022888,0.035481516271829605
0.035259757190942764,0.03492233529686928,0.0345531702041626,0.034181807190179825
0.03377323970198631,0.0332246795296669,0.03235441446304321
0.030923523008823395,0.028743106871843338,0.025787988677620888
0.022191122174263,0.018163340166211128,0.013941952958703041,0.009759399108588696
0.0058199018239974976,0.0023070932365953922,-0.0006206552498042583,-0.0028874510899186134
-0.004567231051623821,-0.005910075269639492,-0.0072823166847229,-0.009008478373289108
-0.011228438466787338,-0.013880953192710876,-0.01676609367132187,-0.019614089280366898
-0.022156942635774612,-0.024191372096538544,-0.02562076225876808,-0.026479996740818024
-0.02692166157066822,-0.02714286372065544,-0.027300285175442696,-0.027483148500323296
-0.027733592316508293,-0.02807125262916088,-0.028515649959445,-0.029098430648446083
-0.02984292060136795,-0.03070823848247528,-0.03155572712421417,-0.032193172723054886
-0.03245197981595993,-0.03223864361643791,-0.031555213034152985,-0.030480673536658287
-0.029113661497831345,-0.027502508834004402,-0.025595884770154953,-0.02325422316789627
-0.02033386193215847,-0.01680661179125309,-0.012844081968069077
-0.008797643706202507,-0.005087822675704956,-0.0020713694393634796,7.667578756809235e-05
0.0014176504919305444,0.0022038768511265516,0.0027665020897984505,0.0033742780797183514
0.004105662927031517,0.004805037286132574,0.005145433824509382,0.004768047481775284
0.003467048052698374,0.00134133524261415,-0.0012021203292533755,-0.0036019631661474705
-0.005340962205082178,-0.006101629231125116,-0.005857144016772509,-0.004884921479970217
-0.0036841402761638165,-0.002795068547129631,-0.0025816704146564007
-0.003099016612395644,-0.004112384282052517,-0.005222235806286335,-0.006020183674991131
-0.006231190171092749,-0.005816539749503136,-0.005014780908823013,-0.004274582490324974
-0.004059629514813423,-0.004637010861188173,-0.005995169747620821,-0.00788063369691372
-0.009873155504465103,-0.011512009426951408,-0.012461739592254162,-0.012618550099432468
-0.012126834131777287,-0.011316545307636261,-0.010571201331913471,-0.010206108912825584
-0.010398175567388535,-0.011141536757349968,-0.012251409702003002
-0.013443676754832268,-0.0144573412835598,-0.01516688521951437,-0.01562902331352234
-0.016008079051971436,-0.01642415300011635,-0.016847699880599976,-0.017065439373254776
-0.016728591173887253,-0.015510370023548603,-0.013254093006253242,-0.01003390084952116
-0.006164303980767727,-0.002139289863407612,0.0014620262663811445,0.00404267618432641
0.005106565076857805,0.004450036678463221,0.002271606121212244,-0.0008961234707385302
-0.004368090536445379,-0.007521176245063543,-0.009963689371943474
-0.01157530490309,-0.012439942918717861,-0.01275284681469202,-0.012723212130367756
-0.012494415044784546,-0.012130127288401127,-0.011654162779450417,-0.011082296259701252
-0.010423358529806137,-0.009661942720413208,-0.008742501959204674,-0.00759543152526021
-0.006198256742209196,-0.004604460671544075,-0.0029291072860360146,-0.0013240675907582045
6.327591836452484e-05,0.0011528434697538614,0.0019785703625530005,0.0026762867346405983
0.003419901244342327,0.004353351891040802,0.005541471764445305
0.006942858919501305,0.00842101126909256,0.009791109710931778,0.010871093720197678
0.011518606916069984,0.011654885485768318,0.011280665174126625,0.010477621108293533
0.009379351511597633,0.00813386682420969,0.006878252141177654,0.005705127026885748
0.00464926240965724,0.003719567321240902,0.002923562889918685,0.0022727209143340588
0.0017920329701155424,0.0015182666247710586,0.0014939813409000635,0.0017730854451656342
0.002412236761301756,0.0034501226618885994,0.00490678520873189
0.006779880728572607,0.00902433693408966,0.011552616022527218,0.014238920994102955
0.01690712198615074,0.019341789186000824,0.021323032677173615,0.022653594613075256
0.023178955540060997,0.022819116711616516,0.021625006571412086,0.019813822582364082
0.017704708501696587,0.015586121007800102,0.013620252721011639,0.011801189742982388
0.00996609777212143,0.00791454128921032,0.005575145594775677,0.0030642906203866005
0.0006225323304533958,-0.0014808133710175753,-0.0030327150598168373
-0.003929073456674814,-0.004181185737252235,-0.0038884568493813276,-0.0031822100281715393
-0.00216235825791955,-0.000863966066390276,0.0007415192667394876,0.0027188677340745926
0.005122238304466009,0.00797343160957098,0.011292104609310627,0.015114490874111652
0.019479211419820786,0.024413393810391426,0.029896363615989685,0.03583172336220741
0.04207608848810196,0.0484611839056015,0.05477791652083397,0.06076839566230774
0.0661323294043541,0.0705367773771286,0.07365751266479492
0.07526488602161407,0.07529562711715698,0.07385615259408951,0.07117411494255066
0.06751970946788788,0.06310825049877167,0.05804198235273361,0.052334245294332504
0.045981429517269135,0.03902756795287132,0.03159598261117935,0.02389366179704666
0.016185715794563293,0.008723648265004158,0.001666804775595665,-0.004945569671690464
-0.011170739307999611,-0.017108039930462837,-0.022836696356534958,-0.02837078645825386
-0.033646076917648315,-0.03854665532708168,-0.04295717924833298
-0.04681356996297836,-0.050127483904361725,-0.05297372490167618,-0.055461425334215164
-0.05770152807235718,-0.05975918471813202,-0.06161462888121605,-0.06317649781703949
-0.06432610750198364,-0.06494513154029846,-0.06494615972042084,-0.06433422118425369
-0.06324134767055511,-0.061870113015174866,-0.06038929149508476,-0.05885748937726021
-0.05720488354563713,-0.055278122425079346,-0.05293067917227745,-0.0501212403178215
-0.046951841562986374,-0.043604858219623566,-0.04025566950440407
-0.037035100162029266,-0.03402667120099068,-0.031265489757061005,-0.028712529689073563,-0.026225803419947624,-0.023571718484163284
0.0025374244432896376,0.0033632470294833183,0.0036259107291698456,0.003280193079262972,0.002508054953068495,0.001578699448145926
0.000745966681279242,0.00020078969828318805,4.606715265254024e-06,4.569643351715058e-05,0.0001155943245976232,6.589914119103923e-05,6.506976660602959e-06,0.0004647495225071907
0.0022853503469377756,0.00629439065232873,0.012994122691452503,0.02241697907447815
0.034041400998830795,0.04665432870388031,0.05836087092757225,0.0670115053653717
0.07093866914510727,0.0695396438241005,0.0634586364030838,0.05437847971916199,0.044181857258081436,0.03406544029712677,0.024568289518356323
0.01608334295451641,0.009095416404306889,0.0040796296671032906,0.0012037724955007434
0.00011537274258444086,2.635760756675154e-05,0.00012618020991794765,6.230780854821205e-05
8.514203727827407e-06,0.00035280821612104774,0.0014232662506401539,0.0034068473614752293
0.006322760134935379,0.00990977417677641,0.013510728254914284,0.01625305414199829
0.017471948638558388,0.01693926379084587,0.01487591303884983,0.011882652528584003
0.008681712672114372,0.005851160269230604,0.0037104375660419464
0.002293388592079282,0.0014494338538497686,0.0009811262134462595,0.0007083680247887969,0.0004862049827352166,0.00023085680732037872,1.5899402569630183e-05,0.00013978697825223207
0.0009100642055273056,0.002266715280711651,0.0036815053317695856,0.00449284678325057
0.004380051512271166,0.003502122825011611,0.002287912182509899,0.0011539742117747664
0.0003514608251862228,7.96695712779183e-06,0.00016089783457573503,0.0006643513916060328
0.0011537127429619431,0.0012232845183461905,0.0007543766987510026
0.00013133930042386055,0.0001383357448503375,0.001599256182089448,0.004969041328877211
0.010061279870569706,0.016005441546440125,0.021476125344634056,0.025056064128875732
0.025679845362901688,0.02315196394920349,0.018289048224687576,0.012534679844975471
0.007365192286670208,0.003674739506095648,0.0015451801009476185,0.0005517068202607334
0.00018288884893991053,8.281711052404717e-05,9.846304601524025e-05,0.00024810785544104874
0.0006790074985474348,0.0015842175344005227,0.003040940035134554
0.0048283799551427364,0.006444344762712717,0.007394707296043634,0.00748115498572588
0.006826708558946848,0.00570700503885746,0.004411800764501095,0.0032015142496675253
0.002269108546897769,0.0016881817718967795,0.0014179119607433677,0.0013671958586201072
0.001432811957783997,0.0014869855949655175,0.0014032822800800204,0.0011549697956070304
0.0008357012993656099,0.0005600964650511742,0.0003921614261344075,0.0003473123360890895
0.00043260256643407047,0.0006824997835792601,0.0011458743829280138
0.0018182233907282352,0.002580549567937851,0.0032500214874744415,0.0037010961677879095
0.0039108372293412685,0.00392307760193944,0.003787296824157238,0.003515106625854969,0.003086973214522004,0.0024745373521000147,0.0016805767081677914,0.0008132135844789445,0.00013900233898311853,8.791479922365397e-05,0.0012013241648674011,0.003960844594985247
0.00850939005613327,0.014447054825723171,0.020858323201537132,0.02654605358839035
0.030361631885170937,0.03148100525140762,0.0295835193246603
0.025022665038704872,0.018819117918610573,0.012291445396840572,0.006597709842026234,0.0025082691572606564,0.00036773522151634097,0.009780094027519226,0.03510139882564545,0.055083613842725754,0.06824508309364319,0.07361936569213867,0.07091250270605087
0.06081753596663475,0.04503675177693367,0.025974668562412262,0.006550826132297516
-0.010437380522489548,-0.02328229323029518,-0.03159867972135544,-0.03590943291783333,-0.03709229826927185,-0.03573484718799591,-0.031745702028274536
-0.024491911754012108,-0.013354644179344177,0.001433657482266426,0.01828228496015072
0.03459024429321289,0.0475320927798748,0.05488390475511551,0.05579344928264618
0.05102461576461792,0.04242658242583275,0.031989071518182755,0.02100987732410431
0.00988767296075821,-0.0014940658584237099,-0.01329139806330204,-0.025363624095916748
-0.037200987339019775,-0.04822379723191261,-0.058267101645469666,-0.06774738430976868
-0.07716912031173706,-0.08642736822366714,-0.09461498260498047
-0.10038208961486816,-0.10244463384151459,-0.09995172172784805,-0.09270084649324417,-0.08116625994443893,-0.06620123982429504,-0.04862900823354721,-0.029011722654104233,-0.007544256746768951,0.01582314446568489,0.04078258201479912,0.06606023013591766,0.08954201638698578,0.1088314950466156,0.12171492725610733,0.12671953439712524
0.12366872280836105,0.11378724128007889,0.0992400050163269,0.08230813592672348
0.06475303322076797,0.04770125448703766,0.03171832114458084
0.016976960003376007,0.0037234611809253693,-0.007438386790454388,-0.01584005169570446
-0.021083517000079155,-0.023175524547696114,-0.022706609219312668,-0.020780038088560104
-0.018416207283735275,-0.01594667322933674,-0.012991055846214294,-0.008862466551363468
-0.002940247766673565,0.0048984019085764885,0.013826189562678337,0.022280985489487648
0.028763338923454285,0.03235050290822983,0.032868172973394394,0.030982021242380142
0.027953458949923515,0.025130370631814003,0.02359548583626747
0.02392931468784809,0.025908498093485832,0.028403809294104576,0.029735688120126724
0.028301602229475975,0.023203767836093903,0.01459924690425396,0.0034331195056438446
-0.009149204008281231,-0.02198711968958378,-0.033786918967962265,-0.04325325787067413
-0.04935979098081589,-0.05151357501745224,-0.04969925805926323,-0.04444501921534538,-0.03656348958611488,-0.02693292126059532,-0.01629139482975006,-0.0051315780729055405
0.006093453615903854,0.01672952249646187,0.025887783616781235,0.03258369490504265
0.0360979288816452,0.036421678960323334,0.03430374711751938,0.03070995584130287
0.026336371898651123,0.02161036618053913,0.016830608248710632,0.012432023882865906
0.009182805195450783,0.007809154689311981,0.00856007169932127,0.011079492047429085
0.014351741410791874,0.017055010423064232,0.018223285675048828,0.01754876598715782
0.015270344913005829,0.011897317133843899,0.007938479073345661,0.0036656176671385765,-0.0010174582712352276,-0.0063124531880021095
-0.012089503929018974,-0.01787761226296425,-0.023249488323926926,-0.028066840022802353
-0.03234527260065079,-0.03604680299758911,-0.03908056020736694,-0.04133336991071701
-0.042692631483078,-0.04319176822900772,-0.042977217584848404,-0.04193845018744469
-0.03957485035061836,-0.035413190722465515,-0.029440606012940407,-0.022261513397097588
-0.015094077214598656,-0.009330935776233673,-0.005768750794231892,-0.004369447939097881
-0.004637580830603838,-0.006007862277328968,-0.008128374814987183
-0.01088513620197773,-0.014112032018601894,-0.017462901771068573,-0.02046496421098709
-0.02249949425458908,-0.0229570921510458,-0.021481089293956757,-0.017920417711138725
-0.01229691132903099,-0.004918735474348068,0.0036756135523319244,0.01280754804611206
0.02171248197555542,0.029646646231412888,0.0358833447098732,0.039806101471185684
0.041256897151470184,0.04066535085439682,0.03884261101484299,0.036710113286972046
0.03497825190424919,0.03390304744243622,0.03329332172870636
0.032686732709407806,0.0315886065363884,0.029640166088938713,0.02662114053964615
0.022432638332247734,0.017149904742836952,0.011008309200406075,0.0043447064235806465
-0.002378275152295828,-0.008604472503066063,-0.01383835356682539,-0.017766529694199562
-0.020355328917503357,-0.021888671442866325,-0.022819828242063522,-0.023564375936985016
-0.024406787008047104,-0.025540899485349655,-0.02715478464961052,-0.029403408989310265
-0.03229042887687683,-0.0355973020195961,-0.038866810500621796
-0.04147748649120331,-0.04283495619893074,-0.042577676475048065,-0.04071634262800217
-0.03762107342481613,-0.03383951261639595,-0.029856236651539803,-0.02593565545976162
-0.022166932001709938,-0.018632791936397552,-0.015529993921518326,-0.01315302588045597
-0.011737210676074028,-0.011318755336105824,-0.011718038469552994,-0.012590535916388035
-0.013543389737606049,-0.014253048226237297,-0.014492367394268513,-0.01414814218878746
-0.013228492811322212,-0.01179199293255806,-0.009878708980977535
-0.0075013479217886925,-0.004697072319686413,-0.001618717797100544,0.001421513268724084
0.004011128097772598,0.0057878997176885605,0.006598509848117828,0.0065697915852069855
0.006090966984629631,0.005693426355719566,0.005844748113304377,0.006825089920312166
0.008722187951207161,0.011421681381762028,0.014598838984966278,0.01772420108318329
0.020096290856599808,0.020986057817935944,0.019833052530884743,0.01639769971370697
0.010849090293049812,0.0037328414618968964,-0.004170273896306753
-0.012020643800497055,-0.0190990399569273,-0.024911247193813324,-0.02915973588824272
-0.031613826751708984,-0.03194057568907738,-0.029786959290504456,-0.02522852271795273
-0.019035499542951584,-0.012417206540703773,-0.006562071852385998,-0.0022569773718714714
0.0002658553421497345,0.001194292912259698,0.0010412862757220864,0.0006436238763853908
0.0008020143141038716,0.0018867659382522106,0.003964872099459171,0.006968412548303604
0.010619407519698143,0.014440871775150299,0.017793716862797737
0.0198881346732378,0.019973333925008774,0.017617028206586838,0.012857940047979355
0.00614891666918993,-0.0017757406458258629,-0.009915795177221298,-0.017170274630188942
-0.022748436778783798,-0.026329487562179565,-0.028010103851556778,-0.028369445353746414
-0.028305428102612495,-0.028576593846082687,-0.029632236808538437,-0.03174857050180435
-0.03514394164085388,-0.04001640900969505,-0.046409450471401215,-0.05405927449464798
-0.06230892241001129,-0.07000231742858887,-0.07578297704458237
-0.0786510705947876,-0.07807799428701401,-0.07384224981069565,-0.06590841710567474
-0.05436510965228081,-0.0393504872918129,-0.021063264459371567,-0.00024372152984142303
0.02155531942844391,0.042504921555519104,0.060973890125751495,0.0758877545595169
0.0871235579252243,0.09513646364212036,0.10049323737621307,0.10411017388105392
0.10718624293804169,0.11061884462833405,0.1146344318985939,0.11887041479349136
0.12271908670663834,0.12543292343616486,0.1263766884803772
0.1257566511631012,0.12463067471981049,0.12394633144140244,0.12393829226493835
0.12418943643569946,0.12368693202733994,0.12093864381313324,0.11443822830915451
0.10331304371356964,0.08797236531972885,0.07034491002559662,0.05349716544151306
0.040908969938755035,0.03527450188994408,0.037204254418611526,0.044942304491996765
0.055115438997745514,0.06381405889987946,0.06792078167200089,0.06646881997585297
0.06100267916917801,0.054472073912620544,0.04969349876046181
0.04844200238585472,0.051042668521404266,0.05618208646774292,0.06123218312859535
0.06312106549739838,0.05916386842727661,0.047769851982593536,0.029272109270095825
0.006009183824062347,-0.018638644367456436,-0.0413634330034256,-0.05994163826107979
-0.07369785010814667,-0.08297985792160034,-0.08830657601356506,-0.08998703211545944
-0.0883488580584526,-0.08398992568254471,-0.07798346877098083,-0.07216368615627289
-0.06859402358531952,-0.06851720064878464,-0.07200655341148376
-0.07789810746908188,-0.08380591869354248,-0.08694061636924744,-0.08538122475147247
-0.07894972711801529,-0.06931702792644501,-0.05936107784509659,-0.05228882655501366
-0.050950370728969574,-0.05699773132801056,-0.06979034841060638,-0.08621370792388916
-0.10205677896738052,-0.11350810527801514,-0.11785249412059784,-0.11416058987379074
-0.10349263995885849,-0.08779561519622803,-0.06901244819164276,-0.04915075749158859
-0.02997024729847908,-0.012484367936849594,0.002829480916261673
0.01556929387152195,0.02494443580508232,0.02964213117957115,0.028543245047330856
0.021604442968964577,0.009964294731616974,-0.004828151315450668,-0.021747663617134094
-0.04053781181573868,-0.061154671013355255,-0.08282265067100525,-0.10361374914646149
-0.12084528803825378,-0.1314944326877594,-0.13283216953277588,-0.12340204417705536
-0.1035105437040329,-0.07536711543798447,-0.04275704175233841,-0.009704291820526123
0.02057783678174019,0.045540519058704376,0.06330924481153488
0.07320375740528107,0.07580526173114777,0.07259075343608856,0.06562942266464233
0.05758945643901825,0.051486022770404816,0.04956136643886566,0.05247994139790535
0.05958031117916107,0.06918402761220932,0.07906469702720642,0.0872722864151001
0.09234370291233063,0.09326580166816711,0.08948680013418198,0.08020659536123276
0.0640343502163887,0.040284909307956696,0.010307565331459045,-0.022710222750902176
-0.05459435284137726,-0.08122403919696808,-0.10006797313690186
-0.11108686029911041,-0.11603540182113647,-0.1169424057006836,-0.11502260714769363
-0.11039966344833374,-0.10221552848815918,-0.0889592245221138,-0.06932949274778366,-0.043465517461299896,-0.013376910239458084,0.017623988911509514,0.04553407430648804
0.06675086170434952,0.07961371541023254,0.08473554253578186,0.08420991897583008
0.08094076067209244,0.07786951959133148,0.07683775573968887,0.07776571065187454,0.07869807630777359,0.07705781608819962,0.07135124504566193
0.06167680025100708,0.049242496490478516,0.03590693324804306,0.023478109389543533
0.013073982670903206,0.005171319469809532,-0.0002795672044157982,-0.003900662763044238
-0.006509419530630112,-0.0086087416857481,-0.010423576459288597,-0.012171066366136074
-0.014124594628810883,-0.016577716916799545,-0.019596219062805176,-0.02272634580731392
-0.025059260427951813,-0.025401243939995766,-0.022564958781003952,-0.016149550676345825
-0.007193462923169136,0.0023090075701475143,0.010457041673362255
0.01576029323041439,0.017173059284687042,0.01454754639416933,0.008745593018829823
0.0010425662621855736,-0.007603090722113848,-0.016820618882775307,-0.026628997176885605
-0.037290044128894806,-0.04902386665344238,-0.06145774573087692,-0.07340679317712784
-0.08293001353740692,-0.0875551700592041,-0.08492602407932281,-0.073774054646492
-0.054994672536849976,-0.03184656426310539,-0.008455131202936172,0.011958436109125614
0.027878412976861,0.039760902523994446,0.04940216243267059
0.05859319120645523,0.0685180276632309,0.0797070637345314,0.09201394021511078
0.10484859347343445,0.11735743284225464,0.12855882942676544,0.13751240074634552
0.14337465167045593,0.14550065994262695,0.14333021640777588,0.13622379302978516
0.12377559393644333,0.10616771131753922,0.08445091545581818,0.060613490641117096
0.036849215626716614,0.014950592070817947,-0.0035644657909870148,-0.01762974262237549
-0.027022136375308037,-0.032188571989536285,-0.03401482105255127
-0.033734746277332306,-0.03232854604721069,-0.029875071719288826,-0.025595450773835182
-0.018405649811029434,-0.007985241711139679,0.004147776402533054,0.01468297466635704
0.019590938463807106,0.015584043227136135,0.0014752410352230072,-0.021262258291244507
-0.04867023229598999,-0.0748826265335083,-0.09331294894218445,-0.09836097061634064
-0.08733310550451279,-0.06188684701919556,-0.027907036244869232,0.006230223923921585
0.03228035941720009,0.044717609882354736,0.041781947016716
0.024880725890398026,-0.002093343064188957,-0.03361087292432785,-0.0641360655426979,-0.08930464833974838,-0.10639802366495132,-0.1147337257862091,-0.1150386705994606,-0.10811898112297058,-0.0944586992263794,-0.07445340603590012,-0.04875410348176956
-0.01878272369503975,0.01315443217754364,0.04412052407860756,0.07104965299367905
0.09149101376533508,0.10383860766887665,0.10735226422548294,0.10238350927829742,0.09013364464044571,0.07239572703838348,0.05149637907743454
0.02978496253490448,0.00926629826426506,-0.008498819544911385,-0.02257935144007206
-0.03227538242936134,-0.03678354620933533,-0.03600979223847389,-0.031293608248233795,-0.024887101724743843,-0.0189669132232666,-0.015108805149793625,-0.013992405496537685
-0.014979250729084015,-0.016219697892665863,-0.015503816306591034,-0.011458436027169228
-0.004625339061021805,0.0027772365137934685,0.008037959225475788,0.00843848567456007
0.001493009738624096,-0.014327744022011757,-0.03878968581557274
-0.06911341100931168,-0.10010077804327011,-0.12602536380290985,-0.14267230033874512
-0.1481517255306244,-0.1431903839111328,-0.1306426227092743,-0.11378411948680878
-0.09517571330070496,-0.07675492763519287,-0.05967811495065689,-0.04409264773130417
-0.029591038823127747,-0.015787504613399506,-0.003014989197254181,0.007208064664155245
0.013052979484200478,0.013685154728591442,0.009566550143063068,0.0024224426597356796
-0.004821385256946087,-0.008771946653723717,-0.00674036517739296
0.0022702692076563835,0.017437145113945007,0.0365409180521965
0.056182295083999634,0.0727439671754837,0.08392846584320068,0.08883240818977356
0.08696456998586655,0.07793059200048447,0.061758339405059814,0.03937631472945213
0.012612555176019669,-0.016525935381650925,-0.045871734619140625,-0.07243508100509644
-0.09283754974603653,-0.10420931130647659,-0.10449569672346115,-0.09299984574317932
-0.07068204879760742,-0.03958357125520706,-0.0026212595403194427,0.036292288452386856
0.07304543256759644,0.10466362535953522,0.12985634803771973,0.14828220009803772
0.15930777788162231,0.16152700781822205,0.15351524949073792,0.13508091866970062
0.10799247771501541,0.07589642703533173,0.043667979538440704,0.016255799680948257
-0.0024932585656642914,-0.01038159616291523,-0.007194262929260731,0.005125314928591251
0.023182883858680725,0.04340619221329689,0.06280931830406189,0.07928173243999481
0.09208180010318756,0.10184633731842041,0.1098012924194336
0.11715853959321976,0.12469104677438736,0.13234415650367737,0.1390230357646942
0.14240938425064087,0.1393825113773346,0.127197727560997,0.10472182929515839
0.07294625788927078,0.03423909842967987,-0.0084531269967556,-0.05143296718597412
-0.09049012511968613,-0.12187260389328003,-0.1428409069776535,-0.1519489884376526
-0.14911878108978271,-0.13552263379096985,-0.11379390954971313,-0.08763173967599869
-0.06050749123096466,-0.034817516803741455,-0.011624392122030258
0.009037286043167114,0.027216311544179916,0.04269653558731079,0.055142082273960114
0.06372785568237305,0.06721522659063339,0.06469184160232544,0.055924031883478165
0.04184367507696152,0.02509971708059311,0.009187072515487671,-0.0034496858716011047
-0.012650074437260628,-0.020485810935497284,-0.030095424503087997,-0.04431192949414253
-0.06506554037332535,-0.0929565280675888,-0.12639468908309937,-0.16129249334335327
-0.1919373869895935,-0.21274307370185852,-0.22029107809066772
-0.2145344316959381,-0.19860778748989105,-0.1776687502861023,-0.15705792605876923
-0.14005203545093536,-0.12627246975898743,-0.11197549849748611,-0.09222663938999176
-0.06378713995218277,-0.027007177472114563,0.014316059648990631,0.05444733425974846
0.0877189114689827,0.11049395799636841,0.12219753116369247,0.1249629408121109,0.12205589562654495,0.11613690853118896,0.1086442619562149,0.09997808188199997,0.08983330428600311,0.0777682512998581,0.06378589570522308
0.04856695234775543,0.03345801681280136,0.020186003297567368,0.010082969442009926,0.0036505460739135742,0.0008933162316679955,0.001545371487736702,0.005181805230677128
0.01134546473622322,0.019524427130818367,0.029208431020379066,0.039525266736745834
0.04856009781360626,0.05347786098718643,0.051267482340335846,0.0394827239215374
0.017152786254882812,-0.014713451266288757,-0.053597114980220795,-0.09583249688148499
-0.1363886296749115,-0.1691552847623825,-0.18823152780532837
-0.18950167298316956,-0.1717604696750641,-0.13718244433403015,-0.09057110548019409,-0.037574902176856995,0.016479752957820892,0.06693509221076965,0.11033369600772858,0.14478138089179993,0.16940979659557343,0.18369273841381073,0.18757030367851257
0.18164119124412537,0.16708581149578094,0.1459132432937622,0.1207880824804306
0.09445703029632568,0.06974147260189056,0.04918207973241806,0.03409479185938835
0.024262450635433197,0.018220635131001472,0.013973137363791466
0.009987708181142807,0.005745637230575085,0.0018730610609054565,-0.0003777625970542431
-0.0003525626379996538,0.0012769220629706979,0.0025272390339523554,0.0006122355116531253
-0.00653096241876483,-0.018613765016198158,-0.03303992375731468,-0.04637796804308891
-0.05592230707406998,-0.0606217235326767,-0.0610831119120121,-0.05875713378190994
-0.05490560829639435,-0.05010096728801727,-0.04420461133122444,-0.03643022105097771
-0.026089288294315338,-0.013632908463478088,-0.0004945434629917145
0.011632347479462624,0.02110905572772026,0.02672436274588108,0.027888793498277664
0.024554383009672165,0.01702789030969143,0.005408700555562973,-0.010432275012135506
-0.030221929773688316,-0.053173214197158813,-0.07792722433805466,-0.10224409401416779
-0.12311655282974243,-0.13719864189624786,-0.1416827291250229,-0.13579155504703522
-0.12186643481254578,-0.10495255142450333,-0.09100610762834549,-0.08493693172931671
-0.08926904946565628,-0.10322467982769012,-0.12287231534719467
-0.14295630156993866,-0.1584712564945221,-0.16450068354606628,-0.15622346103191376
-0.13076189160346985,-0.08913295716047287,-0.0360521599650383,0.021807026118040085
0.07788309454917908,0.12783998250961304,0.17059701681137085,0.20743221044540405
0.23975887894630432,0.2668491303920746,0.285007506608963,0.28870630264282227
0.2730986475944519,0.2368939220905304,0.18391960859298706,0.12244284152984619
0.06282734870910645,0.014148414134979248,-0.01896432414650917
-0.03730906546115875,-0.04573843628168106,-0.050473108887672424,-0.05610927939414978
-0.06391036510467529,-0.07207722216844559,-0.07728787511587143,-0.07700774073600769
-0.07149159908294678,-0.06405714154243469,-0.05962489917874336,-0.062441784888505936
-0.07436489313840866,-0.09445194900035858,-0.11911244690418243,-0.14283527433872223
-0.1601993292570114,-0.16819331049919128,-0.16727818548679352,-0.1608336716890335
-0.15356285870075226,-0.14963866770267487,-0.1510772705078125
-0.15699806809425354,-0.16450390219688416,-0.17051924765110016,-0.1732058972120285,-0.1724831610918045,-0.16978268325328827
3.671093963930616e-06,9.242720989277586e-05,0.00040909386007115245,0.000859669060446322,0.0012860840652137995,0.001490805996581912,0.0013517530169337988
0.0009201202192343771,0.00039814686169847846,4.652125062420964e-05,5.410395533544943e-05
0.00042454013600945473,0.0009709263686090708,0.0014472241746261716,0.0017016828060150146,0.0017308489186689258,0.001647476339712739,0.0015859671402722597,0.001625841367058456,0.001785595784895122,0.002024265704676509,0.002245153533294797,0.0023349695838987827,0.002210241509601474,0.0018677824409678578,0.0014094831421971321,0.0009690683800727129,0.0006184777594171464,0.0003597414761316031,0.0001692882360657677
4.006777089671232e-05,2.181653599109268e-06,0.00010344188922317699,0.0003546950174495578
0.0006804803851991892,0.0009394382941536605,0.0010170522145926952,0.0008982470026239753
0.0006700378726236522,0.0004547561693470925,0.00033050370984710753,0.0003184648812748492
0.0004204580036457628,0.0006245049298740923,0.0008720888872630894,0.001069780089892447
0.0011589942732825875,0.0011578424600884318,0.0011279990430921316,0.0011223304318264127
0.0011567363981157541,0.0012073097750544548,0.0012289833975955844
0.0011898607481271029,0.0011042660335078835,0.0010234902147203684,0.0009957968723028898
0.0010543732205405831,0.0012203488731756806,0.0014919264940544963,0.0018382285488769412
0.0022018093150109053,0.0025005964562296867,0.002648585708811879,0.0025863908231258392
0.002303980989381671,0.0018603536300361156,0.0013658773386850953,0.000922292354516685
0.0005809834692627192,0.00034436213900335133,0.00018770711903925985,8.278831228381023e-05
1.748365320963785e-05,1.7325210137641989e-06,5.114408486406319e-05
0.00016002985648810863,0.0002851929166354239,0.0003649811842478812,0.00036638614255934954
0.0003056741552427411,0.00022630525927525014,0.0001640500850044191,0.00013019378820899874
0.00011864737462019548,0.00011591677321121097,0.0001058667476172559,7.840764737920836e-05
3.933332482120022e-05,8.103553227556404e-06,4.887572231382364e-07,1.2316597349126823e-05
2.4167364244931377e-05,2.1384523279266432e-05,7.671897037653252e-06,1.0078958112558212e-08
1.0293318155163433e-05,3.4839384170481935e-05,6.248211866477504e-05
8.728044485906139e-05,0.00011454374907771125,0.00015940505545586348,0.00024194396974053234
0.00037879933370277286,0.0005652845720760524,0.0007586868014186621,0.0008904035785235465
0.0009092719992622733,0.0008196063572540879,0.0006772491033188999,0.0005482648266479373
0.00047290182556025684,0.00046081378241069615,0.0005022318800911307,0.0005734183941967785
0.0006394078955054283,0.0006671123555861413,0.0006424345192499459,0.0005736408638767898
0.0004799827584065497,0.0003787092864513397,0.0002802122035063803
0.00019161042291671038,0.0001207174573210068,7.313213427551091e-05,4.7797202569199726e-05
3.8990823668427765e-05,4.08773630624637e-05,4.7761266614543274e-05,5.198092185310088e-05
4.599358362611383e-05,2.8535781893879175e-05,8.166050065483432e-06,2.3557900874493498e-07
1.8788681700243615e-05,6.8072353315074e-05,0.00013928260887041688,0.00021407775057014078
0.00027253245934844017,0.00030119926668703556,0.0002965039457194507,0.00026349895051680505
0.00021217032917775214,0.00015365498256869614,9.847631736192852e-05
5.480472827912308e-05,2.604699147923384e-05,1.0527684935368598e-05,3.6955293580831494e-06
1.1152208116982365e-06,0.0004243187140673399,-0.00023700122255831957,-0.0011604290921241045
-0.002491750055924058,-0.00423790467903018,-0.006249984726309776,-0.008272028528153896
-0.010037511587142944,-0.011352956295013428,-0.012129230424761772,-0.012372485361993313
-0.01216704212129116,-0.011647731065750122,-0.010932940058410168,-0.010069017298519611
-0.009047996252775192,-0.00785050168633461,-0.006480616517364979
-0.005001990124583244,-0.0035398597829043865,-0.002238635905086994,-0.0012101340107619762
-0.000496326363645494,-5.797384073957801e-05,0.0002134983369614929,0.0004647839814424515
0.0008345742826350033,0.0014228698564693332,0.002288480056449771,0.0034502120688557625,0.004887038376182318,0.006543801166117191,0.008339159190654755,0.010189531370997429
0.01204119436442852,0.0138683607801795,0.01564466767013073,0.017330853268504143,0.01887909136712551,0.020237667486071587,0.021356165409088135
0.02219337411224842,0.02272597886621952,0.022951781749725342,0.022884376347064972
0.022542180493474007,0.021935926750302315,0.021063320338726044,0.019919378682971
0.01851651631295681,0.01689349114894867,0.015102073550224304,0.013187678530812263
0.011188714765012264,0.009148001670837402,0.007102339528501034,0.005051795393228531
0.0029496951028704643,0.0007291794754564762,-0.001652861712500453,-0.004183437675237656
-0.0067982301115989685,-0.009410920552909374,-0.011932341381907463
-0.014279656112194061,-0.016388490796089172,-0.0182248093187809,-0.019790537655353546
-0.021115055307745934,-0.02223586104810238,-0.023182885721325874,-0.023972488939762115
-0.024618005380034447,-0.025147682055830956,-0.02559819258749485,-0.02598828636109829
-0.02630482241511345,-0.02650974690914154,-0.026563631370663643,-0.026448603719472885
-0.02616846188902855,-0.025733238086104393,-0.025146815925836563,-0.02440826967358589,-0.02352621778845787,-0.022521795704960823,-0.021414557471871376
-0.02022331953048706,-0.018985161557793617,-0.01775883324444294,-0.016608813777565956,-0.015592029318213463,-0.014751286245882511,-0.014112444594502449,-0.013679738156497478
-0.01342599093914032,-0.013294566422700882,-0.013215893879532814,-0.013121651485562325
-0.012953972443938255,-0.012665262445807457,-0.012205295264720917,-0.011514668352901936
-0.010535405948758125,-0.009226348251104355,-0.007564608007669449
-0.005534299183636904,-0.0031245131976902485,-0.00034331344068050385,0.002754391636699438
0.006046288646757603,0.00936767179518938,0.012559019960463047,0.015493588522076607
0.01809654012322426,0.02036011964082718,0.022337861359119415,0.02411578595638275
0.02577280066907406,0.0273546501994133,0.028867404907941818,0.03027457185089588
0.031509947031736374,0.03251916170120239,0.03329341858625412,0.033871255815029144
0.034324951469898224,0.03472771495580673,0.035107165575027466,0.03543052822351456,0.035630643367767334,0.03564690425992012,0.0354682058095932
0.03514485061168671,0.03474707901477814,0.034319862723350525,0.0338740237057209
0.03338920325040817,0.0328211709856987,0.03213198482990265,0.031314387917518616
0.030377767980098724,0.029329562559723854,0.028174852952361107,0.02691248431801796
0.02553507126867771,0.024040672928094864,0.022431425750255585,0.02069717086851597
0.018799254670739174,0.016672486439347267,0.014267797581851482,0.01160293910652399
0.008765540085732937,0.005881280638277531,0.0030765817500650883
0.0004411996342241764,-0.0019896142184734344,-0.004222201183438301,-0.006275598891079426
-0.008160846307873726,-0.009879782795906067,-0.011424992233514786,-0.012773357331752777
-0.013886542990803719,-0.014720492996275425,-0.015242589637637138,-0.0154560636729002
-0.015420088544487953,-0.015242909081280231,-0.015042559243738651,-0.014903285540640354
-0.014848069287836552,-0.014831088483333588,-0.01476477924734354,-0.014569292776286602
-0.014201898127794266,-0.013662307523190975,-0.012995067983865738
-0.012281972914934158,-0.011607668362557888,-0.011014480143785477,-0.010485704988241196
-0.009969513863325119,-0.009420170448720455,-0.00882577896118164,-0.008204445242881775
-0.0075844996608793736,-0.006989417131990194,-0.0064237420447170734,-0.005870272405445576
-0.005303703248500824,-0.004705751780420542,-0.0040858737193048,-0.0034932640846818686
-0.002999668475240469,-0.0026747998781502247,-0.002560514258220792,-0.00263846549205482
-0.0028221425600349903,-0.0029888437129557133,-0.0030358268413692713
-0.0029414743185043335,-0.002791451755911112,-0.0027365880087018013,-0.0029101590625941753
-0.0033693979494273663,-0.004095909651368856,-0.005027063190937042,-0.006086958572268486
-0.007220230530947447,-0.008399009704589844,-0.009587968699634075,-0.010728619992733002
-0.01175383199006319,-0.012604793533682823,-0.013278065249323845,-0.013866023160517216
-0.014500553719699383,-0.015242678113281727,-0.016025621443986893,-0.016674846410751343
-0.016984175890684128,-0.016814015805721283,-0.016165275126695633
-0.015195712447166443,-0.014157387427985668,-0.013292046263813972,-0.012757998891174793,-0.012598853558301926,-0.012751376256346703,-0.013096354901790619,-0.01349915936589241
-0.013829278759658337,-0.014004618860781193,-0.014014002867043018,-0.013877637684345245
-0.013610153459012508,-0.013196540996432304,-0.012565292418003082,-0.011597099713981152,-0.010150320827960968,-0.008073979988694191,-0.005234123207628727,-0.0015570949763059616
0.002916493220254779,0.008000669069588184,0.013419569469988346
0.01891149953007698,0.02428753674030304,0.0294150672852993,0.03415277227759361
0.038313183933496475,0.041683584451675415,0.04406525939702988,0.04532816633582115
0.045446883887052536,0.044455379247665405,0.04237717390060425,0.03923250734806061
0.035092491656541824,0.030070098116993904,0.02427334524691105,0.01781316287815571
0.010842686519026756,0.0035977130755782127,-0.00356499245390296,-0.010168650187551975
-0.015669215470552444,-0.019557420164346695,-0.021497976034879684
-0.02140517346560955,-0.019390154629945755,-0.015701359137892723,-0.010705355554819107,-0.004827096126973629,0.0015055155381560326,0.007866907864809036,0.013827665708959103,0.01897803321480751,0.023001527413725853,0.025709323585033417,0.027005089446902275
0.02687697298824787,0.025395698845386505,0.02268085815012455,0.018863622099161148
0.014040572568774223,0.008266368880867958,0.0016129259020090103,-0.005756936967372894
-0.013517533428966999,-0.021137019619345665,-0.027936609461903572
-0.03326614201068878,-0.03668966889381409,-0.03808939456939697,-0.03771502524614334
-0.03615451604127884,-0.034123897552490234,-0.03216862678527832,-0.03051147237420082
-0.02907165326178074,-0.0275761466473341,-0.02576444111764431,-0.0235725287348032
-0.02116977609694004,-0.01889302022755146,-0.017114028334617615,-0.016065537929534912
-0.01574002578854561,-0.015929032117128372,-0.016327982768416405,-0.01660666987299919,-0.016473539173603058,-0.01577518880367279,-0.014537977054715157
-0.012920762412250042,-0.011137443594634533,-0.009345736354589462,-0.007569471374154091
-0.005750071257352829,-0.003864837810397148,-0.0019964282400906086,-0.0003278367221355438,0.0009012617520056665,0.0014794246526435018,0.001314695575274527,0.0004700765712186694
-0.0008083161083050072,-0.0021010395139455795,-0.0029452433809638023,-0.002960714977234602
-0.0018991567194461823,0.00026883650571107864,0.0032934227492660284,0.006766320671886206,0.010310536250472069,0.013679439201951027,0.016778472810983658
0.019615652039647102,0.022190377116203308,0.024413641542196274,0.026043517515063286
0.02666967175900936,0.025915922597050667,0.023686401546001434,0.020210588350892067
0.015988074243068695,0.011669371277093887,0.007876242510974407,0.005083021707832813
0.003553143236786127,0.0033160061575472355,0.004210787359625101,0.005974436644464731
0.008342886343598366,0.011087941005825996,0.014001473784446716,0.016905974596738815
0.019630491733551025,0.021948106586933136
0.023610886186361313,0.024442126974463463,0.02434445731341839,0.023288674652576447
0.021325379610061646,0.01852537877857685,0.014949321746826172,0.010749690234661102
0.0062182024121284485,0.0017026597633957863,-0.002474167151376605,-0.006096527446061373
-0.009116820991039276,-0.011605323292315006,-0.013681754469871521,-0.01549837738275528
-0.017230533063411713,-0.01907605491578579,-0.02121828868985176,-0.02372385933995247
-0.026451926678419113,-0.02903069369494915,-0.030922522768378258,-0.03155355527997017
-0.030459268018603325,-0.027424201369285583,-0.022553561255335808,-0.016238803043961525
-0.009058311581611633,-0.0016457317396998405,0.005427462514489889,0.011705164797604084
0.016839629039168358,0.02055804431438446,0.022671645507216454,0.023127980530261993
0.02201078273355961,0.019523650407791138,0.0160271804779768,0.012045334093272686
0.00820670835673809,0.005142617039382458,0.003327858168631792,0.002937395591288805
0.0037706447765231133,0.005253270268440247,0.006617694161832333
0.0071870689280331135,0.006542459595948458,0.004556203261017799,0.0013202629052102566
-0.0029796601738780737,-0.00808665156364441,-0.013595730997622013,-0.018915308639407158
-0.023346833884716034,-0.02626144327223301,-0.027258584275841713,-0.02622813545167446
-0.023313522338867188,-0.018832067027688026,-0.013184759765863419,-0.0067399535328149796
0.00020380690693855286,0.007366093806922436,0.01448117010295391,0.021267464384436607
0.027354612946510315,0.03234739601612091,0.03592882305383682
0.0378522090613842,0.03797847777605057,0.03636659309267998,0.03323766961693764
0.028883105143904686,0.023625629022717476,0.017778784036636353,0.011614851653575897
0.0053878845646977425,-0.0006226776167750359,-0.006089795380830765,-0.010672966949641705
-0.014118310064077377,-0.016363508999347687,-0.017567690461874008,-0.01803205907344818
-0.01808992773294449,-0.01805245131254196,-0.018170785158872604,-0.018627088516950607
-0.01957497000694275,-0.021117808297276497,-0.023247968405485153
-0.02582988329231739,-0.02855365350842476,-0.030893277376890182,-0.03215959295630455
-0.03160405904054642,-0.028604278340935707,-0.02291099913418293,-0.014738097786903381
-0.0046669114381074905,0.006503795273602009,0.017966989427804947,0.029088718816637993
0.039401840418577194,0.04848407208919525,0.055868327617645264,0.06103501096367836
0.06350155174732208,0.06298713386058807,0.05956774950027466,0.05371439829468727,0.04620819538831711,0.038022689521312714,0.030206911265850067
0.023732546716928482,0.01927618868649006,0.01705363392829895,0.01688355579972267
0.01835983619093895,0.020943637937307358,0.02402563951909542,0.02695707231760025
0.029054878279566765,0.029687469825148582,0.028388993814587593,0.024940423667430878
0.01943817362189293,0.012285027652978897,0.004106306470930576,-0.0043305521830916405,-0.012249973602592945,-0.019083406776189804,-0.024638067930936813,-0.0290621817111969,-0.03261208534240723,-0.035487301647663116,-0.03778846561908722
-0.039410658180713654,-0.04003344103693962,-0.03935728222131729,-0.037348825484514236
-0.034336335957050323,-0.030967693775892258,-0.028054330497980118,-0.026348808780312538
-0.02629564143717289,-0.02789497561752796,-0.03077349066734314,-0.03432464972138405
-0.03787689656019211,-0.04087940603494644,-0.04296393692493439,-0.04393282160162926
-0.04380150884389877,-0.04282502457499504,-0.04135972633957863,-0.03967076539993286
-0.03790709748864174,-0.03604476526379585,-0.033813055604696274
-0.03098549321293831,-0.02766295336186886,-0.02416476234793663,-0.02094939351081848
-0.01859932206571102,-0.01755489595234394,-0.017859969288110733,-0.01918509230017662
-0.020921122282743454,-0.0223555825650692,-0.023070773109793663,-0.023126475512981415
-0.02288166619837284,-0.022881517186760902,-0.02363690733909607,-0.02524402365088463
-0.02732783555984497,-0.029181966558098793,-0.02999122627079487,-0.02919906936585903
-0.02661486528813839,-0.022370921447873116,-0.017068324610590935
-0.011703114956617355,-0.007191529497504234,-0.00393200758844614,-0.0016769538633525372
0.00023201736621558666,0.00245346175506711,0.00543043902143836,0.009310799650847912
0.013909008353948593,0.01891610026359558,0.024130402132868767,0.029369015246629715
0.034317824989557266,0.0385722890496254,0.04169447347521782,0.043296054005622864
0.043281927704811096,0.04194839298725128,0.039817675948143005,0.037530165165662766
0.03577501326799393,0.0351119302213192,0.035775359719991684
0.03757510334253311,0.03999635577201843,0.042382948100566864,0.04407668113708496
0.04463152214884758,0.043969836086034775,0.042286280542612076,0.039891183376312256
0.037103667855262756,0.03415525332093239,0.031190965324640274,0.0283669326454401
0.025983909144997597,0.02451866678893566,0.02437344379723072,0.02558138780295849
0.027799567207694054,0.030496185645461082,0.03312472254037857,0.03523513674736023
0.03656456992030144,0.03704575449228287,0.03663425147533417
0.035191610455513,0.032591596245765686,0.028801726177334785,0.023885678499937057
0.017955932766199112,0.011015158146619797,0.0030011748895049095,-0.005901929456740618
-0.015104066580533981,-0.023689541965723038,-0.030664566904306412,-0.03522038087248802,-0.03685416281223297,-0.03553469106554985,-0.03178571164608002,-0.02637568861246109
-0.019947918131947517,-0.01297382265329361,-0.00583810918033123,0.0011441251263022423,0.0077132973819971085,0.013696245849132538,0.019174205139279366
0.024552948772907257,0.030185174196958542
0.03597258776426315,0.04161589592695236,0.047004811465740204,0.05212263762950897
0.05680323764681816,0.06067078560590744,0.06325624138116837,0.06404208391904831
0.06235538795590401,0.05760977044701576,0.04971512779593468,0.03905269503593445
0.02627868950366974,0.012098750099539757,-0.0029564090073108673,-0.018400095403194427
-0.0336310975253582,-0.0481409952044487,-0.06175292655825615,-0.074589803814888
-0.08680889010429382,-0.09825876355171204,-0.10834799706935883,-0.11627960205078125
-0.12133976817131042,-0.12308462709188461,-0.12145071476697922,-0.1166519895195961
-0.10917524248361588,-0.09988313168287277,-0.0898241400718689,-0.08014942705631256
-0.07216069102287292,-0.06694618612527847,-0.06499990820884705,-0.06617230176925659
-0.06963818520307541,-0.07397011667490005,-0.07756343483924866,-0.07919421046972275
-0.07829561829566956,-0.07496225833892822,-0.06987170875072479,-0.06386584788560867
-0.057412032037973404,-0.05045628920197487,-0.04237149655818939,-0.03214947506785393
-0.019165601581335068,-0.003759365528821945,0.012689493596553802,0.02796403504908085
0.039744533598423004,0.04671969264745712,0.049344051629304886,0.04967809468507767
0.050327423959970474,0.05308118835091591,0.05804179981350899,0.06376206874847412,0.06806090474128723,0.06906609237194061,0.06631268560886383,0.061082206666469574
0.05573117733001709,0.05290904641151428,0.054795101284980774
0.062158845365047455,0.0739734023809433,0.08795778453350067,0.10144096612930298
0.11210878938436508,0.11868079006671906,0.1212400570511818,0.12094724178314209
0.11950334161520004,0.11839526891708374,0.11802496761083603,0.11769073456525803
0.116341233253479,0.1129806637763977,0.10696781426668167,0.09852753579616547
0.08851039409637451,0.07767082750797272,0.06648382544517517,0.05508505180478096,0.04303734004497528,0.02938022091984749,0.013115059584379196
-0.00610295869410038,-0.02752901241183281,-0.049299031496047974,-0.0687704086303711
-0.08334971219301224,-0.0914570540189743,-0.0931527242064476,-0.09016510099172592
-0.08496718108654022,-0.07938233017921448,-0.07394213229417801,-0.06824143975973129
-0.061712123453617096,-0.05428971350193024,-0.046516869217157364,-0.039235979318618774
-0.03332316130399704,-0.02939470298588276,-0.027476731687784195,-0.026973696425557137
-0.027028560638427734,-0.026862680912017822,-0.02574261836707592
-0.02295045368373394,-0.0180963184684515,-0.011522220447659492,-0.004413221031427383
0.0016804151237010956,0.005542946048080921,0.006767806597054005,0.006033491343259811
0.004824095871299505,0.004702548496425152,0.00672544538974762,0.01090756244957447
0.015956303104758263,0.019774071872234344,0.020427608862519264,0.017012398689985275
0.010066350921988487,0.0013310052454471588,-0.007166328374296427,-0.01422799751162529
-0.019870638847351074,-0.02489127591252327,-0.03020225092768669
-0.03605163097381592,-0.04169994965195656,-0.04599326103925705,-0.048044752329587936
-0.04757663235068321,-0.0448824018239975,-0.040423233062028885,-0.03468893840909004
-0.02841581031680107,-0.022616274654865265,-0.018281467258930206,-0.015869522467255592
-0.015045342035591602,-0.015011332929134369,-0.015071124769747257,-0.015049785375595093
-0.015351105481386185,-0.016673073172569275,-0.01952332630753517,-0.02356620877981186
-0.027284562587738037,-0.02850041538476944,-0.02553279511630535
-0.018254918977618217,-0.008386190980672836,0.0012339651584625244,0.008027225732803345
0.010789304040372372,0.009840007871389389,0.0063803531229496,0.0017351596616208553
-0.00300420168787241,-0.006940978113561869,-0.009339655749499798,-0.009798789396882057
-0.00837850570678711,-0.005634152330458164,-0.0025191130116581917,0.00013694819062948227
0.002088335109874606,0.0034722599666565657,0.0044206902384757996,0.004947463516145945
0.005044455640017986,0.004918226040899754,0.0051513547077775
0.006661798804998398,0.010596374049782753,0.01797310821712017,0.02900078147649765
0.04274851083755493,0.05749916285276413,0.0713767260313034,0.08296728879213333,0.09155210852622986,0.09685342758893967,0.09891685843467712,0.0980367660522461
0.09450657665729523,0.08865495026111603,0.08085570484399796,0.07124662399291992
0.05959352105855942,0.045351140201091766,0.02802790328860283,0.007766645401716232
-0.01447009015828371,-0.03714185580611229,-0.05858800560235977
-0.0775686651468277,-0.09335705637931824,-0.10549329221248627,-0.11370716243982315
-0.11784588545560837,-0.1179485023021698,-0.11451483517885208,-0.10835034400224686
-0.10020977258682251,-0.09077565371990204,-0.08070459961891174,-0.07068867981433868
-0.061537571251392365,-0.053979746997356415,-0.04844929650425911,-0.0450834184885025
-0.04370814561843872,-0.04387906938791275,-0.045083194971084595,-0.046870157122612
-0.04871944710612297,-0.04990042373538017,-0.049619678407907486
-0.047319814562797546,-0.042914193123579025,-0.03679637238383293,-0.02955876663327217
-0.021706124767661095,-0.013546383008360863,-0.00509183295071125,0.003933355677872896
0.013905253261327744,0.025169838219881058,0.03776862844824791,0.05103635787963867
0.06367810815572739,0.07417801022529602,0.08117326349020004,0.08384013175964355
0.08202709257602692,0.07614967972040176,0.06708765029907227,0.055993277579545975
0.04412047564983368,0.03267388418316841,0.02256646752357483
0.014349523931741714,0.008244406431913376,0.004150420427322388,0.0018319054506719112,0.0009827029425650835
0.03120202198624611,0.03985178843140602,0.046308234333992004,0.05016583576798439,0.05135401338338852,0.049740325659513474,0.04539187252521515
0.03893229365348816,0.03138691931962967,0.02370177023112774,0.016518577933311462
0.010322709567844868,0.005514163989573717,0.00225352356210351,0.00047383495257236063,4.868760242970893e-06,0.0005444174748845398,0.0016408484661951661,0.0028758090920746326,0.004116460215300322,0.005467354319989681,0.006925016175955534,0.008244158700108528,0.009205684997141361,0.009804120287299156,0.010062451474368572,0.009806009940803051,0.008783797733485699,0.007090207654982805,0.005308856721967459
0.004122268408536911,0.0039543951861560345,0.005039465148001909,0.007418783847242594
0.010478188283741474,0.012918524444103241,0.013701862655580044,0.012751510366797447
0.010537449270486832,0.007453050930052996,0.003924479708075523,0.0009197246399708092
0.00010531173029448837,0.0031143026426434517,0.010041043162345886,0.018836256116628647
0.026888836175203323,0.03306152671575546,0.03783886879682541,0.04188177362084389
0.04474199190735817,0.044852882623672485,0.040946923196315765
0.03365882858633995,0.025321392342448235,0.018080301582813263,0.012609411031007767
0.008410889655351639,0.004808580037206411,0.0017768893158063293,9.487867646384984e-05
0.0006428433698602021,0.003465360961854458,0.00740949809551239,0.010486042127013206
0.010852317325770855,0.0081870062276721,0.004164213314652443,0.0010590412421151996
4.407419567087345e-07,0.0007397262379527092,0.0024005009327083826,0.004053623415529728
0.005148083902895451,0.005773143842816353,0.006435324903577566
0.007676761131733656,0.009847776964306831,0.012853056192398071,0.015920473262667656
0.017822420224547386,0.017562385648489,0.014964142814278603,0.010788519866764545
0.006410327274352312,0.0030920596327632666,0.0012557468144223094,0.0005163242458365858
0.00032273493707180023,0.00037325642188079655,0.0005344626260921359,0.0005978373228572309
0.0003493204712867737,1.1851779163407627e-05,0.0004166793078184128,0.0023861434310674667
0.005839011166244745,0.009790534153580666,0.013108523562550545
0.01482763048261404,0.014157028868794441,0.01101011410355568,0.00660029798746109
0.0028583374805748463,0.0008972292416729033,0.00038263711030595005,0.0008534290827810764,0.0038301292806863785,0.013234531506896019,0.03246363252401352,0.05988137796521187,0.08758530765771866,0.10542429983615875,0.10640376061201096,0.08995434641838074,0.062438562512397766,0.03397362679243088,0.0127918915823102,0.0019424976781010628,0.0003304549027234316,0.004994767252355814,0.012156130746006966
0.01798761636018753,0.01995520293712616,0.017485084012150764,0.011605807580053806
0.0046994853764772415,0.00029250196530483663,0.0017150916391983628,0.009905929677188396,0.022357672452926636,0.03452888876199722,0.042425673454999924,0.04412082955241203,0.039970461279153824,0.03195427730679512,0.02245665155351162,0.013417484238743782
0.006213557440787554,0.0016951002180576324,3.009689498867374e-05,0.0006708605214953423
0.002685526153072715,0.005345979705452919,0.008522521704435349
0.012591026723384857,0.01802416332066059,0.024737700819969177,0.03144210949540138
0.03575529158115387,0.18831875920295715,0.17352963984012604,0.14660508930683136
0.11211585998535156,0.07555271685123444,0.041305623948574066,0.012165900319814682
-0.010226085782051086,-0.025654222816228867,-0.035110048949718475,-0.0393504723906517
-0.03831283748149872,-0.03182309865951538,-0.020373784005641937,-0.005719929933547974
0.009502154774963856,0.02305867150425911,0.03352461755275726
0.040081314742565155,0.04253639280796051,0.04089270532131195,0.03515871241688728
0.025903232395648956,0.014046363532543182,0.00021636486053466797,-0.01448796596378088
-0.027321234345436096,-0.034817203879356384,-0.03531413525342941,-0.030258193612098694
-0.023271292448043823,-0.017950914800167084,-0.015975652262568474,-0.016962533816695213
-0.019421551376581192,-0.02161416970193386,-0.02235512249171734,-0.02113361656665802
-0.017664048820734024,-0.01208326406776905,-0.0052248695865273476
0.001896178349852562,0.00880182534456253,0.015765082091093063,0.023376386612653732
0.031808242201805115,0.040639761835336685,0.04960615932941437,0.05902799963951111,0.06917940080165863,0.07962394505739212,0.08944594860076904,0.09804748743772507
0.10513822734355927,0.1100672036409378,0.11233997344970703,0.11299695819616318
0.11470364779233932,0.11992932856082916,0.12881578505039215,0.1385478526353836,0.14429393410682678,0.14113181829452515,0.12653589248657227
0.10179702192544937,0.07092952728271484,0.038576945662498474,0.00923227146267891
-0.012664787471294403,-0.023488707840442657,-0.02192925289273262,-0.00962560623884201
0.00930796004831791,0.02888307347893715,0.04222937673330307,0.04364648461341858
0.03098355233669281,0.006516333669424057,-0.02497444488108158,-0.05953190475702286
-0.09582404792308807,-0.13450933992862701,-0.17641344666481018,-0.221200093626976
-0.2674834132194519,-0.3132762014865875,-0.35548701882362366
-0.38954052329063416,-0.4102916419506073,-0.4135810434818268,-0.3972128927707672
-0.3608165681362152,-0.30563586950302124,-0.2352961301803589,-0.1563790738582611
-0.07715091109275818,-0.004893682897090912,0.05591396242380142,0.10347212105989456
0.13811713457107544,0.1623995304107666,0.18044358491897583,0.19588695466518402,0.21033111214637756,0.2236013561487198,0.2342762053012848
0.23992545902729034,0.23847100138664246,0.22983908653259277,0.2155643254518509
0.19706661999225616,0.17537428438663483,0.15215088427066803,0.12945625185966492
0.10809283703565598,0.08679954707622528,0.06351765990257263,0.0375787615776062
0.010272335261106491,-0.01697363518178463,-0.04437171667814255,-0.0731130838394165
-0.1029646173119545,-0.1310725063085556,-0.15365922451019287,-0.168612539768219
-0.17599795758724213,-0.17694884538650513,-0.17264625430107117,-0.16348834335803986
-0.14900535345077515,-0.12881207466125488,-0.10352359712123871
-0.0749458521604538,-0.04541606456041336,-0.017092909663915634,0.00812055729329586
0.028873896226286888,0.04461883008480072,0.054610028862953186,0.056950319558382034
0.049794670194387436,0.03357075899839401,0.01126917451620102,-0.013123543933033943
-0.0359623059630394,-0.05447407066822052,-0.06662943214178085,-0.0711008757352829
-0.068217933177948,-0.06051383167505264,-0.05105553939938545,-0.0408947728574276
-0.028567608445882797,-0.012344319373369217,0.007312065921723843
0.028051668778061867,0.0479854978621006,0.06650225073099136,0.08274460583925247
0.09467528760433197,0.10054796189069748,0.10108652710914612,0.10001971572637558
0.10253053903579712,0.11236415058374405,0.1291046440601349,0.14782479405403137
0.16190186142921448,0.16666361689567566,0.1606520265340805,0.14462290704250336
0.12059147655963898,0.09127529710531235,0.05909091979265213,0.025393657386302948
-0.008792996406555176,-0.04153725877404213
-0.0699106752872467,-0.0907260924577713,-0.1016911119222641,-0.10283464193344116,-0.09697193652391434,-0.08859463036060333,-0.0821710079908371,-0.0809633880853653,-0.08612562716007233,-0.09592518955469131,-0.10651975870132446,-0.1139945536851883
-0.11509817838668823,-0.10651455074548721,-0.08496446907520294,-0.04913816601037979,-0.0019595474004745483,0.049322739243507385,0.09604993462562561,0.131892591714859,0.15429013967514038,0.16295406222343445,0.1578322947025299
0.13909360766410828,0.1087709590792656,0.07146824896335602,0.033180996775627136,-0.0005858391523361206,-0.02618337608873844,-0.04172930493950844,-0.04590833559632301
-0.037396140396595,-0.015826214104890823,0.016417544335126877,0.053393542766571045
0.08724907785654068,0.1114095076918602,0.12237764894962311,0.11907400190830231
0.1021256223320961,0.07427634298801422,0.03977314382791519,0.002146732062101364,-0.0370149090886116,-0.07668756693601608,-0.11410966515541077
-0.14437878131866455,-0.16252362728118896,-0.16615578532218933,-0.156751811504364,-0.13894177973270416,-0.11839251965284348,-0.0993962362408638,-0.08332672715187073
-0.06892228871583939,-0.054310984909534454,-0.03912071883678436,-0.024772334843873978
-0.01296970434486866,-0.004197476431727409,0.0023580165579915047,0.00763819320127368
0.011669442057609558,0.013684258796274662,0.012816544622182846,0.008524336852133274
0.0010493462905287743,-0.008231300860643387,-0.01757827214896679
-0.02618124894797802,-0.034103646874427795,-0.04093854874372482,-0.045047834515571594
-0.04428112506866455,-0.03735363483428955,-0.024690944701433182,-0.008305661380290985
0.008993747644126415,0.024679863825440407,0.037348538637161255,0.0467957928776741
0.05359204113483429,0.058668386191129684,0.06300219893455505,0.06755179166793823
0.07335475832223892,0.08131083846092224,0.0917116180062294,0.10393455624580383,0.1164231076836586,0.1271098256111145,0.13427720963954926
0.1372143030166626,0.1360969841480255,0.1313195377588272,0.12297549098730087
0.11097244173288345,0.09567003697156906,0.07833149284124374,0.060712866485118866,0.0441264808177948,0.028997499495744705,0.015172407031059265,0.002430075779557228
-0.009166652336716652,-0.019183168187737465,-0.026986276730895042,-0.03196492791175842
-0.03368658944964409,-0.03207311034202576,-0.027512477710843086,-0.020696574822068214,-0.012292366474866867,-0.002827085554599762,0.007123477756977081
0.0167892724275589,0.02537641115486622,0.03241239860653877,0.037928663194179535
0.042235590517520905,0.045471690595149994,0.047464434057474136,0.047909870743751526
0.04642583802342415,0.042566824704408646,0.03609912842512131,0.02727280557155609
0.016692666336894035,0.00492624007165432,-0.007673905696719885,-0.02073631063103676
-0.03354067727923393,-0.044987551867961884,-0.05388183891773224,-0.05932881310582161
-0.0610271655023098,-0.05928676202893257,-0.05489765852689743
-0.04914432764053345,-0.04383271560072899,-0.040888454765081406,-0.04177817329764366
-0.047423411160707474,-0.058096252381801605,-0.07247282564640045,-0.08700576424598694,-0.09701451659202576,-0.09830142557621002,-0.08784489333629608,-0.06429209560155869
-0.02869279682636261,0.015437886118888855,0.06294988095760345,0.10825666785240173
0.14640048146247864,0.17354440689086914,0.18701428174972534,0.18524077534675598,0.1677999347448349,0.13583163917064667,0.09248961508274078
0.042663343250751495,-0.008028671145439148,-0.05453135073184967,-0.09329630434513092,-0.12225531041622162,-0.1402595192193985,-0.14687256515026093,-0.14260965585708618,-0.12912805378437042,-0.10895354300737381,-0.08493085950613022,-0.05984587222337723
-0.03621608018875122,-0.016222722828388214,-0.0018035490065813065,0.005548826418817043
0.005302272737026215,-0.0019466737285256386,-0.014711383730173111,-0.03096103109419346
-0.04852170869708061,-0.0653771311044693,-0.07985270023345947
-0.09082712233066559,-0.09778425097465515,-0.10053549706935883,-0.09910942614078522
-0.09409661591053009,-0.08659864962100983,-0.07752067595720291,-0.06729405373334885
-0.05625380203127861,-0.044905997812747955,-0.033977679908275604,-0.02433047816157341
-0.01658361777663231,-0.010804213583469391,-0.006563226692378521,-0.003193370997905731
-0.0002371370792388916,0.00220972066745162,0.0036324826069176197,0.00335261900909245
0.0007146990392357111,-0.004541059955954552,-0.01207232940942049
-0.021334726363420486,-0.0319644920527935,-0.04339616745710373,-0.05413033813238144
-0.06151547282934189,-0.06244845315814018,-0.054694317281246185,-0.037719570100307465
-0.01242273673415184,0.01936076395213604,0.05479349195957184,0.08992849290370941
0.12031795084476471,0.14214186370372772,0.15292032063007355,0.1514175832271576
0.1372005045413971,0.11031034588813782,0.07158856838941574,0.023918278515338898
-0.026936328038573265,-0.07343485951423645,-0.10873263329267502
-0.1286686211824417,-0.13232779502868652,-0.1216239258646965,-0.10052178055047989
-0.07398742437362671,-0.04696333408355713,-0.02373722568154335,-0.007437635213136673
0.0005234424024820328,0.0006140377372503281,-0.0054544201120734215,-0.015937944874167442
-0.029752148315310478,-0.04563800245523453,-0.06085246056318283,-0.07152573764324188
-0.07458879053592682,-0.06918539106845856,-0.05646638944745064,-0.03844171017408371
-0.01697653904557228,0.006579406559467316,0.03102363459765911
0.05462126433849335,0.0750671923160553,0.09006687998771667,0.0977017804980278
0.09653420746326447,0.08585004508495331,0.06616947799921036,0.039711855351924896
0.010178398340940475,-0.018209148198366165,-0.042000662535429,-0.05958908051252365
-0.07132746279239655,-0.07887449860572815,-0.08453302830457687,-0.09042522311210632
-0.09725125133991241,-0.10338463634252548,-0.10523070394992828,-0.09865367412567139
-0.08048786967992783,-0.04962972551584244,-0.0074143484234809875
0.04280728101730347,0.09612860530614853,0.14640262722969055,0.1872217357158661
0.21349167823791504,0.22264090180397034,0.21503037214279175,0.19358022511005402
0.16264347732067108,0.12673723697662354,0.09001487493515015,0.05623628944158554
0.028175652027130127,0.006582979112863541,-0.009816193021833897,-0.023042384535074234
-0.03491396829485893,-0.04680068790912628,-0.058976393193006516,-0.06979098170995712
-0.07573054730892181,-0.0725959986448288,-0.05723267421126366
-0.028858385980129242,0.010426953434944153,0.055943164974451065,0.10170473158359528
0.14208060503005981,0.172713965177536,0.19046321511268616,0.19332097470760345
0.18115976452827454,0.1562425047159195,0.12211613357067108,0.08204060792922974
0.038758330047130585,-0.004829380661249161,-0.045513272285461426,-0.08027757704257965
-0.10660170018672943,-0.12237202376127243,-0.12594862282276154,-0.1166943609714508
-0.09562008827924728,-0.06560943275690079,-0.03097427636384964
0.0037501491606235504,0.03510072082281113,0.06088637933135033,0.07951464504003525
0.08961527049541473,0.09028148651123047,0.08150433748960495,0.06433279067277908
0.040680818259716034,0.012976687401533127,-0.016238581389188766,-0.04455486685037613
-0.069644033908844,-0.08922413736581802,-0.10131272673606873,-0.10466146469116211
-0.09910472482442856,-0.08557774126529694,-0.06591816246509552,-0.04273182153701782
-0.01909555122256279,0.0021402984857559204,0.019039176404476166
0.030809706076979637,0.037599287927150726,0.04006613790988922,0.038956791162490845
0.03485304117202759,0.02818857692182064,0.019526006653904915,0.009755274280905724
-4.569161683320999e-05,-0.008885962888598442,-0.01605505496263504,-0.02114703133702278
-0.023872753605246544,-0.023883776739239693,-0.020947476848959923,-0.015390831977128983
-0.008303297683596611,-0.0012366585433483124,0.004365198314189911,0.0076422481797635555
0.008453967049717903,0.007161738350987434,0.004242483526468277
-4.046875983476639e-05,-0.005650275852531195,-0.012379847466945648,-0.019480759277939796
-0.02589273452758789,-0.030957812443375587,-0.034728631377220154,-0.03721361607313156
-0.037331871688365936,-0.03298039734363556,-0.022272372618317604,-0.004776161164045334
0.018181273713707924,0.04408843815326691,0.0699135884642601,0.09247267246246338
0.10878701508045197,0.11653204262256622,0.11441997438669205,0.10241881757974625
0.08167945593595505,0.05413409322500229,0.02206660807132721
-0.011981938034296036,-0.04517485946416855,-0.07467722147703171,-0.09826406836509705
-0.11485064029693604,-0.12448228150606155,-0.1277151107788086,-0.12504065036773682
-0.11688439548015594,-0.10398843884468079,-0.08764906227588654,-0.06952991336584091
-0.05124722421169281,-0.0340111181139946,-0.018508102744817734,-0.00505279004573822
0.006173526868224144,0.014931699261069298,0.02095642499625683,0.024239076301455498
0.02514234371483326,0.02421189844608307,0.021983081474900246
0.018851155415177345,0.015049714595079422,0.010832239873707294,0.0065988535061478615
0.0028045736253261566,-0.0001508374698460102,-0.002015741541981697,-0.002783053321763873
-0.0026198041159659624,-0.0016932196449488401,-0.00014141877181828022,0.0018477585399523377
0.003992136102169752,0.0059434715658426285,0.007424924988299608,0.008350438438355923
0.008808452636003494,0.009014589712023735,0.009222108870744705,0.009537557139992714
0.009700817987322807,0.009109830483794212,0.007542509585618973
0.005807110574096441,0.005009732209146023,0.00541786290705204
0.0065712095238268375,0.008090532384812832,0.010012239217758179,0.012609655037522316
0.01616254821419716,0.020775441080331802,0.02615775167942047,0.03165563941001892,0.036667462438344955,0.040876101702451706,0.0440174862742424,0.0457569882273674
0.04594365134835243,0.04473492130637169,0.042326562106609344,0.038694944232702255
0.03379105031490326,0.02795248292386532,0.021909337490797043,0.016356756910681725
0.011598031967878342,0.007542084902524948,0.003962976858019829,0.0007212157361209393
-0.002204799558967352,-0.0047649503685534,-0.006901891902089119,-0.008589424192905426
-0.009783048182725906,-0.01040569320321083,-0.010444266721606255,-0.010023660026490688
-0.00940010417252779,-0.008930209092795849,-0.008986197412014008,-0.00981464609503746
-0.011440150439739227,-0.01364639401435852,-0.016058139503002167,-0.018300861120224,-0.020111188292503357,-0.0214102603495121,-0.022298797965049744
-0.02286854013800621,-0.023045994341373444,-0.02262607403099537,-0.02142559550702572
-0.019495882093906403,-0.017132021486759186,-0.014621260575950146,-0.012138428166508675
-0.009837093763053417,-0.007808866910636425,-0.005954277236014605,-0.0040500471368432045
-0.0019927434623241425,4.350370727479458e-05,0.0016636063810437918,0.002473128028213978
0.002321543637663126,0.0014000190421938896,0.00017560494598001242,-0.0008126054890453815
-0.0012455537216737866,-0.0011316570453345776,-0.0006238860078155994
0.00018286274280399084,0.001302303746342659,0.002782652387395501,0.00459557119756937
0.00655987486243248,0.008268003351986408,0.009140308015048504,0.008732415735721588
0.006992500275373459,0.004219818860292435,0.0008404804393649101,-0.002810545265674591
-0.006506749894469976,-0.010010892525315285,-0.01309070736169815,-0.015591527335345745
-0.017391573637723923,-0.018356967717409134,-0.018375374376773834,-0.017445333302021027
-0.015750586986541748,-0.013583913445472717,-0.011238520964980125
-0.00901731289923191,-0.007187786512076855,-0.0058652739971876144,-0.005051101092249155
-0.0047883023507893085,-0.005194442346692085,-0.006332735531032085,-0.008144322782754898
-0.010543931275606155,-0.013477367348968983,-0.01685244031250477,-0.020481299608945847
-0.024068083614110947,-0.027231622487306595,-0.029631780460476875,-0.03108299896121025
-0.03149646520614624,-0.030835920944809914,-0.029207047075033188,-0.026884494349360466
-0.024199601262807846,-0.02139311470091343,-0.01857191137969494
-0.015821397304534912,-0.013326182961463928,-0.011395695619285107,-0.010405119508504868
-0.010595690459012985,-0.011834803968667984,-0.013663427904248238,-0.015654876828193665
-0.0176430381834507,-0.019559551030397415,-0.02123512700200081,-0.022451577708125114
-0.022975798696279526,-0.022521959617733955,-0.0208880752325058,-0.018101032823324203
-0.014373382553458214,-0.010065876878798008,-0.005686970427632332,-0.0017332825809717178
0.0015010794159024954,0.003943253308534622,0.005681218579411507
0.006805794313549995,0.007190314121544361,0.006585023831576109,0.004983521532267332
0.0027658729813992977,0.000511683989316225,-0.001296711154282093,-0.0024609460961073637
-0.002972416579723358,-0.0028048972599208355,-0.0018798918463289738,-0.00011876574717462063
0.0024421289563179016,0.005416635889559984,0.008135202340781689,0.010071437805891037,0.011065758764743805,0.011310439556837082,0.01125310454517603,0.011325132101774216
0.011806786060333252,0.01295369304716587,0.014921920374035835
0.017545074224472046,0.020374353975057602,0.022897526621818542,0.0247042179107666
0.025506090372800827,0.02511749230325222,0.023553548380732536,0.021029124036431313
0.01776779443025589,0.013983570039272308,0.010066717863082886,0.006576309911906719
0.003983339294791222,0.00252380408346653,0.002277814084663987,0.003226259723305702
0.005195756442844868,0.00784765649586916,0.010804874822497368,0.01382458209991455
0.01682896539568901,0.01974434033036232,0.02229369804263115
0.0239344984292984,0.02404988370835781,0.022320544347167015,0.018973302096128464
0.014628004282712936,0.010008014738559723,0.00585428811609745,0.002762827090919018
0.0009504156187176704,0.00040730275213718414,0.0011941059492528439,0.0033940565772354603
0.006830727681517601,0.01091725006699562,0.01492990180850029,0.018491540104150772
0.02161826193332672,0.02436656877398491,0.026699461042881012,0.028552621603012085
0.029743798077106476,0.029960958287119865,0.029109688475728035
0.027576588094234467,0.025946080684661865,0.024608951061964035,0.023744067177176476
0.023310810327529907,0.022935764864087105,0.02215876430273056,0.020880671218037605
0.01945086382329464,0.018455544486641884,0.018503375351428986,0.019902944564819336
0.022298920899629593,0.024861732497811317,0.02704562246799469,0.028911463916301727
0.030647944658994675,0.032205045223236084,0.03351686894893646,0.0347733199596405
0.03629302978515625,0.038057878613471985,0.0394204743206501
0.03948497772216797,0.03786309063434601,0.03506655618548393,0.03214040398597717
0.029782023280858994,0.02780519798398018,0.025527827441692352,0.022586170583963394
0.01923437975347042,0.015978585928678513,0.01315608061850071,0.010748965665698051
0.008442110382020473,0.0059215836226940155,0.0031004385091364384,0.00019892863929271698
-0.0021646744571626186,-0.0031555453315377235,-0.0023545119911432266,-0.0003972745034843683,0.0010835777502506971,0.00043923596967943013,-0.0029877901542931795
-0.008795944042503834,-0.016082650050520897,-0.02391953393816948,-0.031610604375600815,-0.03874283656477928,-0.04498181864619255
0.0007354774861596525,0.0011031829053536057,0.0015609677648171782,0.0021114391274750233,0.002757335314527154,0.0034995372407138348,0.004331875126808882
0.005236244760453701,0.006180375814437866,0.0071187070570886135,0.007997514680027962
0.008764701895415783,0.009381040930747986,0.00982936192303896,0.010116834193468094
0.010264021344482899,0.010286256670951843,0.010183081030845642,0.009941887110471725
0.009550179354846478,0.009008041583001614,0.008332904428243637,0.007554651238024235
0.006707257591187954,0.005823151674121618,0.004931062925606966,0.00405631260946393
0.0032229877542704344,0.0024562333710491657,0.001781765720807016
0.0012205763487145305,0.0007818896556273103,0.0004607127921190113,0.0002413435431662947,0.000103678488812875,2.8831873351009563e-05,1.1627955700532766e-06,7.148146323743276e-06,3.428875425015576e-05,7.148212171159685e-05,0.00011016039934474975,0.00014503039710689336
0.00017376670439261943,0.00019618812075350434,0.00021337566431611776,0.0002265678922412917
0.0002362520172027871,0.0002421289391350001,0.00024364249838981777,0.00024044372548814863
0.00023285765200853348,0.00022221241670195013,0.00021058270067442209
0.00020018836949020624,0.00019271434575784951,0.0001887038815766573,0.00018752418691292405,0.00018811479094438255,0.0001902008953038603,0.00019509889534674585,0.00020531765767373145,0.00022338441340252757,0.0002507409080862999,0.0002871068427339196,0.00033059806446544826,0.00037846126360818744,0.0004278449632693082,0.00047593520139344037,0.0005193054093979299,0.0005536912940442562,0.0005748707917518914,0.000579764018766582,0.0005670107784681022,0.0005366947734728456,0.000489705940708518,0.00042791609303094447
0.00035523425322026014,0.00027806920115835965,0.00020380632486194372,0.0001384977949783206
8.570875797886401e-05,4.645805529435165e-05,1.997377330553718e-05,4.8967358452500775e-06
1.4700975992099075e-09,4.174541572865564e-06,1.5894785974523984e-05,3.2763527997303754e-05
5.166721894056536e-05,6.957422738196328e-05,8.444432023679838e-05,9.544548083795235e-05
0.0001023666191031225,0.00010500894131837413,0.00010304625902790576,9.624374797567725e-05
8.46862094476819e-05,6.886616029078141e-05,4.998577423975803e-05
3.041269155801274e-05,1.35288837554981e-05,2.7253665848547826e-06,2.1246134451757825e-07
6.622165983571904e-06,2.148045132344123e-05,4.3703053961507976e-05,7.196194201242179e-05
0.00010517693590372801,0.00014282997290138155,0.00018511476810090244,0.0002330986171728
0.00028862530598416924,0.00035382522037252784,0.0004300155269447714,0.0005163802998140454
0.0006095772841945291,0.0007044438971206546,0.0007960234070196748,0.0008819931535981596
0.0009628223488107324,0.0010401123436167836,0.0011145719327032566
0.001184025313705206,0.0012434199452400208,0.0012868173653259873,0.0013092439621686935
0.0013075746828690171,0.001280261785723269,0.0012271669693291187,0.0011501689441502094,0.0010531068546697497,0.0009413245134055614,0.00082157994620502,0.0007009539986029267
0.0005849272711202502,0.0004768932703882456,0.0003789382753893733,0.0002923342981375754
0.0002178749127779156,0.0001560475502628833,0.0001067004122887738,6.882892921566963e-05
4.086928674951196e-05,2.1154650312382728e-05,8.287733180623036e-06
1.4031882074050372e-06,2.7775311650657386e-07,5.202568445383804e-06,1.6611315004411153e-05
3.4724962461041287e-05,-0.007708434015512466,-0.00949053280055523,-0.01119912602007389
-0.01280532218515873,-0.014289268292486668,-0.015614127740263939,-0.01673174649477005
-0.017609208822250366,-0.018240544945001602,-0.018658574670553207,-0.01893514022231102
-0.01914585754275322,-0.019335482269525528,-0.019527949392795563,-0.019759416580200195
-0.020083744078874588,-0.020550226792693138,-0.021180719137191772
-0.021952221170067787,-0.02280116081237793,-0.023652493953704834,-0.02443806082010269,-0.025104500353336334,-0.02563447132706642,-0.02606252022087574,-0.0264597125351429,-0.026899071410298347,-0.027425913140177727,-0.028037678450345993,-0.028676234185695648,-0.029237069189548492,-0.029600990936160088,-0.029680421575903893,-0.029440393671393394,-0.028889872133731842,-0.028067415580153465,-0.027019621804356575,-0.025782085955142975,-0.024374669417738914,-0.02281465195119381,-0.021137988194823265
-0.019392656162381172,-0.017615938559174538,-0.015825524926185608,-0.014010962098836899,-0.012143784202635288,-0.010211407206952572,-0.0082269087433815,-0.006227333098649979
-0.004278188571333885,-0.0024383747950196266,-0.0007125507108867168,0.0009434440871700644
0.002597714541479945,0.004322918597608805,0.006157549098134041,0.008067619986832142
0.009942561388015747,0.01164426188915968,0.01307795848697424,0.014214010909199715
0.015059666708111763,0.01562570407986641,0.01591523364186287
0.015932822600007057,0.015684306621551514,0.015169848687946796,0.014392046257853508
0.013369165360927582,0.012142064049839973,0.010770614258944988,0.009318427182734013
0.007840905338525772,0.006378377787768841,0.004954795353114605,0.003595877904444933
0.0023365975357592106,0.0011990545317530632,0.00018753961194306612,-0.0006943079060874879
-0.0014408397255465388,-0.002049413975328207,-0.002519838511943817,-0.00285125570371747
-0.0030271983705461025,-0.002998148323968053,-0.002697383752092719
-0.002085976069793105,-0.0011900432873517275,-0.00011267804075032473,0.0010008886456489563
0.002037567086517811,0.00295871845446527,0.0037841813173145056,0.0045592570677399635
0.005322481505572796,0.00608049426227808,0.006794347427785397,0.007372820749878883
0.007704431191086769,0.007730057928711176,0.0074775367975234985,0.007025689817965031,0.006461340002715588,0.005869884043931961,0.005331013351678848
0.004914829973131418,0.004696700256317854,0.004749939776957035,0.005096604116261005,0.005681466311216354,0.006398772820830345,0.007138658780604601,0.007823189720511436
0.00840957835316658,0.008870577439665794,0.009168164804577827,0.009233667515218258
0.009000565856695175,0.008460687473416328,0.007674702443182468,0.006763281300663948
0.005886641796678305,0.005194137804210186,0.004791497718542814,0.004735901486128569
0.0050255050882697105,0.005600057542324066,0.006371511612087488,0.00725460285320878,0.008179784752428532,0.009100809693336487,0.009989217855036259
0.0108121857047081,0.011514215730130672,0.01201687566936016,0.012236996553838253
0.012120100669562817,0.011675396002829075,0.010981418192386627,0.01015529315918684
0.009313762187957764,0.008543522097170353,0.007885310798883438,0.007343058008700609
0.006910906173288822,0.006591341458261013,0.006401377730071545,0.006374803371727467
0.00654715858399868,0.006919152103364468,0.007432154379785061,0.007989276200532913
0.008494329638779163,0.008864153176546097,0.009036853909492493
0.008985091000795364,0.008701061829924583,0.008178524672985077,0.007411633152514696
0.006394398398697376,0.00513774249702692,0.003687264397740364,0.0021124454215168953
0.000492017949000001,-0.0010966213885694742,-0.0025892953854054213,-0.003943188115954399
-0.005150877870619297,-0.006249810568988323,-0.007308390457183123,-0.008396469056606293
-0.00955209881067276,-0.01076115295290947,-0.01196133904159069,-0.013062018901109695
-0.013979609124362469,-0.014680813066661358,-0.015194188803434372
-0.015584911219775677,-0.015922628343105316,-0.016242381185293198,-0.016523050144314766
-0.01671415939927101,-0.01677820086479187,-0.01672019064426422,-0.016585957258939743
-0.01642525941133499,-0.016267161816358566,-0.016117218881845474,-0.015950091183185577
-0.015713829547166824,-0.015350799076259136,-0.014805695973336697,-0.014023195020854473,-0.012959906831383705,-0.01160680502653122,-0.010011093690991402,-0.008284817449748516
-0.0065733520314097404,-0.005002815742045641,-0.003657823894172907
-0.0025867498479783535,-0.0018115558195859194,-0.001344210235401988,-0.0011949740583077073
-0.0013592913746833801,-0.001807511318475008,-0.0024901446886360645,-0.003342114854604006
-0.004281690344214439,-0.005217350088059902,-0.006069662049412727,-0.006795541383326054
-0.007396675646305084,-0.007912389934062958,-0.008403638377785683,-0.008930118754506111
-0.009526669979095459,-0.010191479697823524,-0.010892795398831367,-0.011584819294512272
-0.012227248400449753,-0.012791859917342663,-0.013246564194560051
-0.013553887605667114,-0.013683819212019444,-0.013614783994853497,-0.01334464643150568
-0.012900542467832565,-0.012310851365327835,-0.01157414074987173,-0.010676855221390724
-0.009636985138058662,-0.008512766100466251,-0.007369090337306261,-0.006239019334316254
-0.005105119664222002,-0.003908779006451368,-0.002584694419056177,-0.0011085316073149443
0.0004685414023697376,0.0020295558497309685,0.003440757980570197,0.004601028747856617
0.005466992035508156,0.006054452154785395,0.006421435624361038
0.0066400389187037945,0.006764939986169338,0.006810483057051897,0.006753799971193075
0.006565866060554981,0.006244737654924393,0.005819076206535101,0.005334641318768263
0.0048564341850578785,0.004464400000870228,0.004222540184855461,0.004152023233473301
0.004222135990858078,0.004356333985924721,0.004461565986275673,0.004477278329432011
0.004414038732647896,0.004345603287220001,0.004374554380774498,0.00460408441722393
0.005098303779959679,0.005846085492521524,0.006761451251804829
0.007711190730333328,0.008569177240133286,0.009276201948523521,0.009847916662693024
0.010330208577215672,0.01074727438390255,0.01106454711407423,0.011186196468770504
0.01100690197199583,0.010482215322554111,0.009660298004746437,0.008666334673762321,0.007657408714294434,0.00677830446511507,0.006140810903161764,0.00581275625154376,0.005813768599182367,0.006121388170868158,0.006680985912680626,0.007423322182148695,0.008281377144157887,0.009200694039463997,0.01013876497745514
0.011041158810257912,0.011823611333966255,0.012389649637043476,0.012668623588979244
0.01265505887567997,0.012421460822224617,0.012083927169442177,0.011751041747629642
0.01149274967610836,0.011331399902701378,0.011240638792514801,0.01115000806748867
0.010970639064908028,0.010632548481225967,0.010109931230545044,0.009434324689209461
0.008688800036907196,0.00796887744218111,0.007333955727517605,0.006783485412597656
0.006248097866773605,0.005601865239441395,0.00472057843580842
0.0035436945036053658,0.0021078528370708227,0.0005560154095292091,-0.0009082395699806511
-0.0021035652607679367,-0.002932156901806593,-0.0034041611943393946,-0.003611953230574727
-0.0036616078577935696,-0.0036121048033237457,-0.0034549301490187645,-0.003136788494884968
-0.0026104312855750322,-0.0018824019934982061,-0.0010259838309139013,-0.00015866640023887157
0.0005828303401358426,0.0010681275743991137,0.0012260886142030358,0.0010851728729903698
0.0007427393575198948,0.00030064251041039824,-0.00017785103409551084
-0.0006875873077660799,-0.0012734630145132542,-0.0020024876575917006,-0.0029362814966589212
-0.004108338616788387,-0.005517128389328718,-0.007120801135897636,-0.008814004249870777
-0.010434435680508614,-0.01182248629629612,-0.012873299419879913,-0.01354287751019001
-0.013828497380018234,-0.013746009208261967,-0.0133040901273489,-0.01249038614332676
-0.011298154480755329,-0.009765448048710823,-0.007988511584699154,-0.006121507845818996
-0.0043580359779298306,-0.0028796098195016384
-0.001798299141228199,-0.0011281769257038832,-0.0007959180511534214,-0.0006823280127719045
-0.000678124837577343,-0.0007277575205080211,-0.0008341129287146032,-0.0010308175114914775
-0.0013497666222974658,-0.001791110378690064,-0.0022994638420641422,-0.0027664261870086193
-0.0030672280117869377,-0.003106701886281371,-0.0028497695457190275,-0.0023322785273194313
-0.001648020464926958,-0.0009144190698862076,-0.00023288431111723185,0.0003359899565111846
0.000768627563957125,0.001060555106960237,0.0012114234268665314,0.0012085360940545797
0.0010216764640063047,0.000626067107077688,2.858723746612668e-05,-0.0007292974041774869
-0.001582668162882328,-0.002456279005855322,-0.0032809057738631964,-0.004007141105830669,-0.004605703055858612,-0.005062751937657595,-0.005381355993449688,-0.005574729293584824
-0.005649283528327942,-0.005601631943136454,-0.005428272765129805,-0.00513160927221179
-0.004725313279777765,-0.004234482534229755,-0.003684584517031908,-0.0031007099896669388,-0.0025208513252437115,-0.00199043657630682,-0.0015375844668596983
-0.0011613810202106833,-0.0008359492057934403,-0.0005191855016164482,-0.00016979826614260674
0.00023161698481999338,0.0006743140402249992,0.0011263503693044186,0.0015476653352379799
0.0019025001674890518,0.0021742405369877815,0.00237113144248724,0.002514492254704237
0.002621079795062542,0.0026945737190544605,0.0027316943742334843,0.002732859691604972
0.002708835294470191,0.002693974645808339,0.0027586885262280703,0.002991462592035532
0.0034574305173009634,0.004167771898210049,0.005071486346423626
0.0060654738917946815,0.007018936797976494,0.007803667336702347,0.008321886882185936
0.00852977018803358,0.00844577420502901,0.008130468428134918,0.0076528568752110004
0.007068547885864973,0.0064192237332463264,0.005745542701333761,0.005092908162623644
0.004504458513110876,0.004014100879430771,0.0036411660257726908,0.00338428420946002
0.0032207355834543705,0.0031104472000151873,0.0030055129900574684,0.0028675105422735214
0.0026759416796267033,0.0024199557956308126,0.002089160028845072
0.001673953840509057,0.0011747906683012843,0.0006134506547823548,3.045127959921956e-05
-0.0005380863440223038,-0.0010775354458019137,-0.0015847824979573488,-0.002052747178822756
-0.0024646511301398277,-0.002792219165712595,-0.003001241013407707,-0.0030642712954431772
-0.0029727970249950886,-0.002743793884292245,-0.0024128383956849575,-0.0020169175695627928
-0.0015833285870030522,-0.0011290382826700807,-0.0006689684232696891,-0.00023231864906847477
0.000130719126900658,0.00036106177140027285,0.00040474123670719564
0.00022672949125990272,-0.0001683024747762829,-0.0007284493767656386,-0.00137637322768569
-0.002037960570305586,-0.002650834619998932,-0.0031635230407118797,-0.003543263068422675
-0.003780613886192441,-0.0038846004754304886,-0.003879682859405875,-0.0038012568838894367
-0.0036826329305768013,-0.003547098021954298,-0.0034192546736449003,-0.0033358221407979727
-0.0033301168587058783,-0.00341194961220026,-0.0035699934232980013,-0.0037789386697113514
-0.003999236039817333,-0.004186129197478294,-0.004311238415539265
-0.004377393051981926,-0.004408396780490875,-0.00442297151312232,-0.004429228138178587
-0.004448706284165382,-0.004525105934590101,-0.004689453635364771,-0.0049227820709347725
-0.005158470012247562,-0.005309861619025469,-0.005299505311995745,-0.00508411368355155
-0.004659714642912149,-0.0040417686104774475,-0.003249968634918332,-0.00231567001901567
-0.0012955109123140574,-0.00027364911511540413,0.0006563512142747641,0.0014196569100022316
0.0019675488583743572,0.002266577910631895,0.002302965149283409
0.0020974120125174522,0.0017008897848427296,0.0011752609862014651,0.0005798818310722709
-3.413739614188671e-05,-0.0006283702095970511,-0.001175671350210905,-0.0016491650603711605
-0.0020135859958827496,-0.002232444006949663,-0.002286063041538,-0.002185713965445757
-0.001970402430742979,-0.0016852625412866473,-0.001360335503704846,-0.0010037070605903864
-0.0006126785883679986,-0.0001953469472937286,0.00022500925115309656,0.0006236108602024615
0.000979416654445231,0.0012728418223559856,0.0014889370650053024
0.0016232937341555953,0.0016869029495865107,0.0017113357316702604,0.0017422785749658942
0.001813353504985571,0.0019298266852274537,0.0020793075673282146,0.0022459402680397034,0.002419725526124239,0.002604156266897917,0.002814255887642503,0.0030658410396426916
0.0033586635254323483,0.0036647494416683912,0.0039451839402318,0.004183067940175533,0.00439399853348732,0.004604979418218136,0.0048279124312102795,0.005052733235061169
0.005255593452602625,0.00541171059012413,0.005509563256055117
0.005554030183702707,0.005556701682507992,0.005524348933249712,0.0054542929865419865
0.005341668613255024,0.005187832284718752,0.0049973479472100735,0.004768930375576019
0.0044905939139425755,0.004145277664065361,0.0037251682952046394,0.0032412344589829445
0.0027213352732360363,0.0022038391325622797,0.0017277358565479517,0.0013218248495832086
0.001009394763968885,0.0008248609956353903,0.000813395599834621,0.0010075513273477554
0.0014008204452693462,0.001936515560373664,0.00252208742313087
0.003055617678910494,0.0034431517124176025,0.0036114274989813566,0.0035231984220445156
0.0031821001321077347,0.0026241259183734655,0.0019110734574496746,0.0011257198639214039
0.00035734556149691343,-0.00031419011065736413,-0.00082394975470379,-0.0011272652773186564
-0.001208179397508502,-0.001075753360055387,-0.0007556439959444106,-0.00028915092116221786
0.0002716626040637493,0.0008729598484933376,0.0014607158955186605,0.001975851831957698
0.002354755997657776,0.0025451600085943937,0.0025242362171411514
0.0023002095986157656,0.0019066540990024805
0.0014003764372318983,0.0008512811036780477,0.00031935865990817547,-0.00016227277228608727
-0.0005831844173371792,-0.0009376200032420456,-0.0012098333099856973,-0.0013798534637317061
-0.0014451986644417048,-0.001430245116353035,-0.0013725421158596873,-0.0012999502941966057
-0.0012208794942125678,-0.0011368292616680264,-0.001054542837664485,-0.000985994003713131
-0.0009490637457929552,-0.0009677486959844828,-0.0010693061631172895,-0.0012816409580409527
-0.00162104784976691,-0.0020749401301145554,-0.0026089055463671684,-0.0031946199014782906
-0.0038158937823027372,-0.00444366317242384,-0.005018921568989754,-0.005470482632517815
-0.005753298755735159,-0.005872717592865229,-0.005873091984540224,-0.005805500317364931
-0.005706000607460737,-0.005593522917479277,-0.005473898258060217,-0.0053428588435053825
-0.00519581139087677,-0.005043562967330217,-0.004917099606245756,-0.0048518069088459015
-0.004864500369876623,-0.0049430374056100845,-0.005051337648183107,-0.00514633534476161
-0.005199943203479052,-0.005206368397921324,-0.005176245700567961,-0.005137024912983179
-0.0051293689757585526,-0.0051839882507920265,-0.005293004214763641,-0.005405041854828596
-0.005453139543533325,-0.005383032839745283,-0.005158288404345512,-0.00475724833086133
-0.0041738650761544704,-0.0034216572530567646,-0.002539287321269512,-0.0015875697135925293
-0.0006285395938903093,0.0002918568206951022,0.0011320840567350388,0.0018391389166936278
0.0023572968784719706,0.0026440187357366085,0.0026810900308191776
0.002487477380782366,0.0021198990289121866,0.0016512847505509853,0.0011460402747616172
0.0006490600062534213,0.00018455355893820524,-0.00023969518952071667,-0.0006185651291161776
-0.0009367226157337427,-0.001170668751001358,-0.0012978889280930161,-0.001303844852373004
-0.0011856189230456948,-0.00095061503816396,-0.0006160588236525655,-0.00021230039419606328
0.0002194788248743862,0.0006356651429086924,0.000995820970274508,0.0012670988216996193
0.0014294106513261795,0.0014778152108192444,0.0014237749855965376
0.0012934200931340456,0.001118037267588079,0.0009248011047020555,0.0007408536621369421
0.0006036257254891098,0.0005536165554076433,0.0006121917394921184,0.0007693992229178548
0.0009878608398139477,0.0012206932296976447,0.0014369925484061241,0.0016355309635400772
0.0018375765066593885,0.002065342618152499,0.002323300112038851,0.002599878003820777
0.0028848580550402403,0.0031827669590711594,0.0035105939023196697,0.003880008589476347
0.004277117550373077,0.00466444157063961,0.005005872808396816
0.0052816858515143394,0.0054861148819327354,0.0056266882456839085,0.00572179676964879
0.005789096467196941,0.005833025556057692,0.005842698272317648,0.0058052814565598965
0.005718260072171688,0.005589229054749012,0.005436662584543228,0.005287496838718653
0.005164038389921188,0.005075919907540083,0.005018578842282295,0.004979911260306835
0.004964986350387335,0.005009178537875414,0.005154386628419161,0.0054168407805264
0.005770549643784761,0.0061459047719836235,0.00644709775224328
0.006581166293472052,0.006481737829744816,0.006123122293502092,0.005521831568330526
0.004723845515400171,0.0037906551733613014,0.002795922802761197,0.0018237426411360502,0.0009529758244752884,0.00023987842723727226,-0.00028484666836448014,-0.0006174043519422412
-0.0007788150687702,-0.0008007331052795053,-0.0007177889347076416,-0.000569896656088531
-0.00040127214742824435,-0.0002531598147470504,-0.0001533344911877066,-0.00011176407861057669,-0.00012754127965308726,-0.0002030547329923138,-0.000351814494933933
-0.0005865941639058292,-0.000900162965990603,-0.001257594209164381,-0.001601767959073186
-0.0018705250695347786,-0.0020199790596961975,-0.0020364485681056976,-0.0019308115588501096
-0.0017280965112149715,-0.001458472921513021,-0.0011491556651890278,-0.0008235673885792494
-0.00050769915105775,-0.0002300306805409491,-1.1202879250049591e-05,0.00014172914961818606
0.00023264772607944906,0.00027476807008497417,0.00027998859877698123,0.00023503114061895758
9.793929348234087e-05,-0.0001703726884443313,-0.0005757499020546675
-0.0010915417224168777,-0.0016758284764364362,-0.0022824392654001713,-0.0028722952120006084
-0.0034270547330379486,-0.003942454233765602,-0.00440879724919796,-0.00481098797172308
-0.0051406314596533775,-0.005396607797592878,-0.005581459496170282,-0.005707054864615202
-0.005800205748528242,-0.005894845351576805,-0.006019826978445053,-0.006194042973220348
-0.006423661485314369,-0.006699015852063894,-0.006995863746851683,-0.007281584665179253
-0.007523169741034508,-0.00769640039652586,-0.007795045152306557
-0.007833580486476421,-0.007847398519515991,-0.007893389090895653,-0.008028492331504822
-0.00826917216181755,-0.008579157292842865,-0.008890600875020027,-0.009122166782617569
-0.009196335449814796,-0.00906626507639885,-0.008728204295039177,-0.008208092302083969
-0.007539930287748575,-0.006750816944986582,-0.0058625368401408195,-0.004911474883556366
-0.003961597569286823,-0.0030862425919622183,-0.0023357875179499388,-0.001726360758766532
-0.0012567091034725308,-0.0009312698384746909,-0.0007673546206206083
-0.0007820745813660324,-0.0009717646171338856,-0.0013014456490054727,-0.0017125520389527082
-0.0021409341134130955,-0.0025297398678958416,-0.0028342753648757935,-0.0030265613459050655,-0.003099967259913683,-0.0030661551281809807,-0.0029395075980573893,-0.002726746490225196
-0.0024388625752180815,-0.002101276535540819,-0.0017463428666815162,-0.0014044353738427162
-0.001097132102586329,-0.0008296387968584895,-0.000586804177146405,-0.00034266861621290445,-8.330933633260429e-05,0.00018338767404202372,0.0004415298462845385
0.0006916039856150746,0.0009655355243012309,0.0013052752474322915,0.0017251987010240555,0.002205591183155775
0.0011759400367736816,0.0010938076302409172,0.0008018094813451171,0.00037979084299877286,6.545257201651111e-05,1.0195233699050732e-05,0.00013497399049811065
0.00023700512247160077,0.00020307813247200102,8.43718953547068e-05,3.3281207834079396e-06,3.510120586724952e-05,0.00014650190132670105,0.0002374299947405234,0.0002520144626032561,0.000219391513383016,0.00020153532386757433,0.0002496123197488487,0.0004073666059412062,0.0006982867489568889,0.0010902911890298128,0.0015227919211611152,0.001971291843801737,0.0024585432838648558,0.003017603885382414,0.0036680009216070175,0.0044249361380934715,0.005307190585881472,0.006299387663602829,0.007268465124070644
0.007897552102804184,0.007769402116537094,0.006683244835585356,0.004915051627904177
0.0030378932133316994,0.0015287230489775538,0.0005771034630015492,0.00012772766058333218
4.0530076148570515e-06,8.786373655311763e-06,1.136907212639926e-05,4.411671028492492e-08
1.6732365111238323e-05,4.209265171084553e-05,2.1569494492723607e-05,4.7284884203691036e-06,0.00016435899306088686,0.0006195651367306709,0.0012970386305823922,0.001985074719414115,0.0024591211695224047,0.002582823857665062,0.002337397076189518
0.0017909450689330697,0.0010847453959286213,0.00042737627518363297,4.140233795624226e-05
7.110859587555751e-05,0.0004926639958284795,0.001092497375793755,0.0015699962386861444,0.0017084416467696428,0.0014834237517789006,0.0010371791431680322,0.0005657781148329377,0.00021469182684086263,3.646602272056043e-05,1.0256945870423806e-06,3.285623461124487e-05,6.012843005009927e-05,5.151182631379925e-05,2.03592444449896e-05,3.11272600583834e-07,1.3750217476626858e-05,5.16805230290629e-05,7.693572842981666e-05
5.615077679976821e-05,7.398950856440933e-06,3.283104524598457e-05,0.0003088639641646296
0.00103404198307544,0.002357433782890439,0.004315091297030449,0.00679453881457448
0.009534691460430622,0.012164892628788948,0.014280530624091625,0.015543167479336262
0.015776384621858597,0.015009228140115738,0.013447205536067486,0.01139660831540823
0.009179892018437386,0.007073599845170975,0.00527609046548605,0.0038928932044655085
0.0029392754659056664,0.0023667896166443825,0.0021040313877165318
0.0020893868058919907,0.002281269058585167,0.0026474776677787304,0.0031450530514121056,0.00370376231148839,0.004225131589919329,0.004600639455020428,0.004738286603242159,0.004585648886859417,0.004143979400396347,0.0034677614457905293,0.0026515861973166466
0.0018119513988494873,0.001063604955561459,0.0004925950197502971,0.00014003233809489757
3.837424628727604e-06,5.035190042690374e-05,0.00022764713503420353,0.0004782897303812206
0.0007523623062297702,0.0010203358251601458,0.0012784483842551708
0.0015437781112268567,0.0018470155773684382,0.002226692857220769,0.0027220502961426973
0.0033610446844249964,0.004140522796660662,0.0050080083310604095,0.005864785518497229
0.006593570113182068,0.0070951757952570915,0.007314502261579037,0.0072431303560733795
0.006908826995640993,0.006367366295307875,0.005692495033144951,0.004960980266332626
0.004240743815898895,0.0035835159942507744,0.0030194995924830437,0.0025564776733517647
0.00218518846668303,0.001888172933831811,0.0016473475843667984
0.0014476794749498367,0.0012776119401678443,0.00112708390224725,0.0009848681511357427
0.0008396525518037379,0.026171144098043442,0.022851064801216125,0.01900295540690422
0.014760265126824379,0.010411492548882961,0.006331013515591621,0.0028848890215158463
0.00035098008811473846,-0.0011389858555048704,-0.001617400092072785,-0.0012294789776206017
-0.00010315713007003069,0.0017496896907687187,0.004357561934739351,0.007608565501868725
0.011153733357787132,0.014458275400102139,0.016955578699707985
0.018218789249658585,0.01806003786623478,0.016542069613933563,0.013944013975560665,0.010705134831368923,0.0073548173531889915,0.004442448727786541,0.0024753138422966003,0.0018544537015259266,0.002806871198117733,0.005347651429474354,0.00929763913154602,0.014341183938086033,0.020086321979761124,0.026101090013980865,0.031940653920173645,0.037179507315158844,0.04143436998128891,0.04438360035419464,0.0457911491394043,0.04552462697029114,0.04358777776360512,0.04017156735062599
0.035656001418828964,0.03053990751504898,0.02536097541451454,0.020616579800844193
0.016673220321536064,0.013725006952881813,0.01181806717067957,0.010877832770347595
0.010708414949476719,0.010987969115376472,0.011311926878988743,0.011282430961728096
0.01056283712387085,0.008889579214155674,0.006105753593146801,0.0021945293992757797
-0.0027217234019190073,-0.008377214893698692,-0.01437370479106903,-0.020255833864212036
-0.025601249188184738,-0.030087711289525032,-0.03353564068675041
-0.035884544253349304,-0.03712857514619827,-0.03728555142879486,-0.0364031046628952
-0.03456324338912964,-0.03186438977718353,-0.028424637392163277,-0.02443409524857998
-0.02019178867340088,-0.01609283685684204,-0.012578479945659637,-0.010043403133749962
-0.00873501319438219,-0.008708812296390533,-0.009856047108769417,-0.011961529031395912
-0.014740793034434319,-0.017852483317255974,-0.02091573178768158,-0.023566624149680138
-0.025541191920638084,-0.02672124281525612,-0.027129894122481346
-0.02689257077872753,-0.026183482259511948,-0.02521410956978798,-0.024234523996710777
-0.023474285379052162,-0.023068910464644432,-0.023020325228571892,-0.02317798137664795
-0.023275265470147133,-0.02302398532629013,-0.02217789925634861,-0.020545653998851776
-0.018017569556832314,-0.014633610844612122,-0.010657005943357944,-0.0065744733437895775,-0.002999219112098217,-0.0004981150850653648,0.0006437669508159161
0.0005614836700260639,-0.0002856503124348819,-0.0013358552241697907,-0.0021986772771924734
-0.0028997345361858606,-0.003875727765262127,-0.005728403106331825,-0.008933916687965393
-0.013582026585936546,-0.01924171671271324,-0.025062669068574905,-0.030004126951098442
-0.03305289149284363,-0.03343169763684273,-0.030756356194615364,-0.025099314749240875
-0.017022857442498207,-0.007564883679151535,0.0019485419616103172,0.010271377861499786
0.016574054956436157,0.0205106008797884,0.022044766694307327,0.021282941102981567
0.01845504157245159,0.013952095061540604,0.008301540277898312
0.002089422196149826,-0.004132966045290232,-0.009908171370625496,-0.014825426042079926
-0.018452126532793045,-0.020417284220457077,-0.020589176565408707,-0.019128965213894844
-0.016399426385760307,-0.012865620665252209,-0.009016921743750572,-0.005288237705826759
-0.0020033884793519974,0.0006455900147557259,0.0025679939426481724,0.003726122435182333
0.0041369907557964325,0.0038845930248498917,0.0030775265768170357,0.0017637608107179403
-0.00014300132170319557,-0.002831030637025833,-0.006411159876734018
-0.010709201917052269,-0.015211454592645168,-0.019199514761567116,-0.02195606753230095
-0.02294199913740158,-0.02190347947180271,-0.018905121833086014,-0.01431841216981411
-0.008778356947004795,-0.0031120628118515015,0.0017813853919506073,0.005132351070642471
0.006499310955405235,0.005826150998473167,0.003375132568180561,-0.0003587505780160427
-0.00474240817129612,-0.009129253216087818,-0.012976204045116901,-0.015906667336821556,-0.017697399482131004,-0.018228763714432716,-0.01745859906077385
-0.015408843755722046,-0.0121690034866333,-0.007953835651278496,-0.003158699721097946
0.0016561076045036316,0.005840775556862354,0.008787615224719048,0.010095272213220596
0.009669436141848564,0.007709008641541004,0.00463214423507452,0.0010075378231704235
-0.0025070542469620705,-0.005241686478257179,-0.006613791920244694,-0.0062463670037686825
-0.004058126825839281,-0.0002681729383766651,0.004685419145971537,0.010271775536239147
0.015982162207365036,0.02140229567885399,0.02624041587114334
0.030304981395602226,0.0334501788020134,0.0355476438999176,0.036517560482025146
0.03637878596782684,0.03526797145605087,0.03341439366340637,0.031061530113220215
0.028396809473633766,0.025578197091817856,0.0227867029607296,0.02023312821984291,0.01818126253783703,0.01694238930940628,0.01676996797323227,0.017762448638677597
0.019841592758893967,0.022758187726140022,0.026136629283428192,0.029572203755378723,0.032689690589904785,0.03511001914739609,0.0364164300262928
0.03620894253253937,0.03424808382987976,0.030636347830295563,0.025889573618769646
0.020777514204382896,0.01606672815978527,0.01236301101744175,0.010050375945866108
0.009254910983145237,0.009828198701143265,0.011357762850821018,0.01320093497633934
0.014601407572627068,0.014930090866982937,0.013902310281991959,0.011618315242230892
0.008466259576380253,0.004990709945559502,0.0017797457985579967,-0.0006562503986060619
-0.002057312987744808,-0.0025387522764503956,-0.0025127879343926907
-0.002428424311801791,-0.0025103066582232714,-0.0026793768629431725,-0.0026793000288307667
-0.0022705344017595053,-0.00138639728538692,-0.00019616156350821257,0.0009600720950402319
0.0017000638181343675,0.0017022414831444621,0.0007724433671683073,-0.00111143768299371
-0.003793892916291952,-0.006980568636208773,-0.010290342383086681,-0.013296466320753098
-0.01557878591120243,-0.016820793971419334,-0.016897566616535187,-0.015864357352256775
-0.013886276632547379,-0.011192395351827145,-0.008016908541321754
-0.004538720473647118,-0.0009183627553284168,0.002637239173054695,0.005871086847037077
0.008459099568426609,0.009981578215956688,0.009959002956748009,0.007930085062980652
0.003532441332936287,-0.0033858278766274452,-0.012592276558279991,-0.023313462734222412
-0.03426096960902214,-0.04391607642173767,-0.05092335492372513,-0.05437777563929558
-0.05397852510213852,-0.0500330850481987,-0.043271660804748535,-0.034657906740903854
-0.025286346673965454,-0.016204126179218292,-0.00820877030491829
-0.001815183088183403,0.0026650468353182077,0.0050549497827887535,0.005263068713247776
0.003326838370412588,-0.00043469853699207306,-0.005363736767321825,-0.01061975583434105
-0.015419570729136467,-0.019194379448890686,-0.02159097045660019,-0.022361669689416885
-0.021259767934679985,-0.018036914989352226,-0.012553375214338303,-0.0048987120389938354
0.004590440541505814,0.015406710095703602,0.02696574293076992,0.03866678103804588
0.04989464581012726,0.05997827649116516,0.06817853450775146
0.07376568019390106,0.07614795863628387,0.07497470825910568,0.07020600885152817
0.06214494630694389,0.051394589245319366,0.03877076879143715,0.02522706612944603
0.01177104003727436,-0.0006596576422452927,-0.011327311396598816,-0.0197670366615057
-0.025800947099924088,-0.029519859701395035,-0.03120558150112629,-0.031226204708218575
-0.03000682033598423,-0.028052693232893944,-0.02591719850897789,-0.024119842797517776
-0.023082604631781578,-0.023095011711120605,-0.024290328845381737
-0.026636721566319466,-0.02997448295354843,-0.03408262878656387,-0.038682565093040466
-0.0433855839073658,-0.04770876094698906,-0.051173292100429535,-0.05341081693768501
-0.05423048511147499,-0.05359543859958649,-0.05154410004615784,-0.04813063517212868
-0.04338943213224411,-0.037366658449172974,-0.030235696583986282,-0.022458750754594803
-0.014883548021316528,-0.008535213768482208,-0.004171327687799931,-0.0020232433453202248
-0.0018697439227253199,-0.0032809311524033546
-0.005919444840401411,-0.00974448211491108,-0.014886573888361454,-0.021228209137916565
-0.028076857328414917,-0.03421609103679657,-0.03816197067499161,-0.038391612470149994
-0.03360268473625183,-0.022984810173511505,-0.006423046812415123,0.015247644856572151
0.04002053290605545,0.06487960368394852,0.08641371130943298,0.1016099750995636,0.10855536162853241,0.10684970766305923,0.09756479412317276,0.08278506249189377
0.06505837291479111,0.04696843773126602,0.030764766037464142,0.018102768808603287
0.0099620521068573,0.006619139574468136,0.007643931545317173,0.012063026428222656
0.01883081905543804,0.027374794706702232,0.03765084221959114,0.04963160306215286
0.06262277066707611,0.07476100325584412,0.08307117223739624,0.08420278877019882
0.0755554810166359,0.05631628632545471,0.02791130542755127,-0.006231121718883514
-0.04143936187028885,-0.07291914522647858,-0.09685076773166656,-0.11102548241615295,-0.114957295358181,-0.10975056886672974,-0.09780190885066986
-0.08212711662054062,-0.06545243412256241,-0.04950866848230362,-0.03491482138633728
-0.02167145162820816,-0.009686101227998734,0.0009324252605438232,0.009753953665494919
0.016325950622558594,0.02052542194724083,0.02243800275027752,0.022109538316726685
0.01943984441459179,0.014218945056200027,0.006447826512157917,-0.0032347626984119415,-0.013407322578132153,-0.022140907123684883,-0.02752506360411644,-0.028143933042883873,-0.023351449519395828,-0.01331137865781784,0.0011352989822626114
0.018608327955007553,0.03737520053982735,0.05564185231924057,0.07173018157482147
0.08414020389318466,0.09167993813753128,0.09366440773010254,0.0900365486741066
0.08110299706459045,0.06711666285991669,0.048372745513916016,0.02550875023007393
-0.0004017055034637451,-0.0276086013764143,-0.05363745242357254,-0.07588177919387817
-0.09231400489807129,-0.10199280083179474,-0.1052834689617157,-0.1035248264670372
-0.09837888926267624,-0.09123166650533676,-0.08274684101343155
-0.07282185554504395,-0.061032213270664215,-0.04726214334368706,-0.032105594873428345
-0.016780491918325424,-0.0028062593191862106,0.008388850837945938,0.01611037366092205
0.020762639120221138,0.023561958223581314,0.02633688971400261,0.03121018409729004
0.03940244019031525,0.05027495324611664,0.061547208577394485,0.06997062265872955,0.07229816913604736,0.06654879450798035,0.05281134322285652,0.03329459950327873,0.01172226294875145,-0.007667643949389458,-0.021029163151979446
-0.025604045018553734,-0.020194174721837044,-0.005337316542863846,0.01662570983171463
0.04169085994362831,0.06493231654167175,0.0816585123538971,0.08838514983654022
0.08339784294366837,0.0669785663485527,0.04127185791730881,0.009726982563734055
-0.023647701367735863,-0.05481864511966705,-0.08010107278823853,-0.09663094580173492
-0.1027873307466507,-0.09840340167284012,-0.08484391123056412,-0.06488800793886185
-0.04222580045461655,-0.020692948251962662,-0.0035756193101406097
0.0072111766785383224,0.011971625499427319,0.012930415570735931,0.012706592679023743
0.012988151051104069,0.013968388549983501,0.01437456626445055,0.012097856029868126
0.0051413364708423615,-0.007451663725078106,-0.024954333901405334,-0.04496508464217186
-0.0642293393611908,-0.07990339398384094,-0.09039925038814545,-0.09547064453363419
-0.0958428755402565,-0.09249090403318405,-0.08620540052652359,-0.07820336520671844
-0.07079290598630905,-0.06648913025856018,-0.06581401824951172
-0.06573759764432907,-0.06023072078824043,-0.04267922788858414,-0.008811797946691513
0.04143572598695755,0.10370740294456482,0.17044588923454285,0.23331013321876526
0.28521496057510376,0.3204845190048218,0.33424240350723267,0.32263851165771484
0.2839600443840027,0.21993669867515564,0.1366703361272812,0.044678568840026855
-0.042519763112068176,-0.11118228733539581,-0.15073567628860474,-0.15688776969909668
-0.1331091821193695,-0.08950554579496384,-0.039770156145095825
0.002367928624153137,0.026516761630773544,0.028359977528452873,0.010664122179150581
-0.018287964165210724,-0.04813823103904724,-0.07003618776798248,-0.07903948426246643
-0.0749199241399765,-0.06142245978116989,-0.044041696935892105,-0.02700459212064743
-0.011310085654258728,0.0048522260040044785,0.02398137003183365,0.046938613057136536
0.07153336703777313,0.09261621534824371,0.10351550579071045,0.09819529205560684
0.07351115345954895,0.03078129142522812,-0.023998048156499863
-0.08136510103940964,-0.13059042394161224,-0.162115216255188,-0.1695859730243683
-0.15123803913593292,-0.11044499278068542,-0.05504624545574188,0.004627525806427002
0.05816618353128433,0.09689363092184067,0.1149502545595169,0.10989352315664291
0.0829651728272438,0.039041876792907715,-0.01417875662446022,-0.06800729036331177,-0.11492655426263809,-0.15005508065223694,-0.17139720916748047,-0.17923685908317566
-0.17531141638755798,-0.16200435161590576,-0.14171108603477478
-0.11663402616977692,-0.08889221400022507,-0.06060183048248291,-0.03386639058589935
-0.01071615144610405,0.007144933566451073,0.018817957490682602,0.024595405906438828
0.025907140225172043,0.024780839681625366,0.023076364770531654,0.021934594959020615
0.021705660969018936,0.022235414013266563,0.023282039910554886,0.024839874356985092
0.027147201821208,0.03043859265744686,0.034751564264297485,0.039942868053913116
0.045831747353076935,0.0523233525454998,0.059395916759967804
0.0669533833861351,0.07465701550245285
0.08184535801410675,0.08762297034263611,0.09111884981393814,0.0917455330491066
0.08932121098041534,0.08415749669075012,0.07711236923933029,0.06949128210544586
0.06285004317760468,0.0585467591881752,0.057016175240278244,0.057382069528102875
0.05774829164147377,0.055926017463207245,0.05031080171465874,0.04050059616565704
0.027332928031682968,0.012423105537891388,-0.002521941438317299,-0.01621091365814209
-0.027869198471307755,-0.03716541454195976,-0.04409626126289368,-0.04878637567162514
-0.05138443782925606,-0.052099037915468216,-0.0512038990855217,-0.048981886357069016
-0.04561415687203407,-0.04102048650383949,-0.03476324304938316,-0.026279985904693604
-0.015471680089831352,-0.003017595037817955,0.009853111580014229,0.02167959325015545,0.03120313584804535,0.03788767009973526,0.04191313683986664,0.04373759776353836
0.043679654598236084,0.041548945009708405,0.03662686049938202,0.028134599328041077
0.015782933682203293,0.00021189264953136444,-0.016966404393315315,-0.03377643600106239
-0.04861370101571083,-0.06057193875312805,-0.06935609132051468,-0.07495997846126556
-0.07737569510936737,-0.07652013003826141,-0.07247878611087799,-0.06588809192180634
-0.05790797248482704,-0.04976019263267517,-0.042302973568439484,-0.03575941175222397
-0.029674619436264038,-0.02316347509622574,-0.015253793448209763,-0.005298398435115814
0.006668088957667351,0.019976820796728134,0.03372872248291969
0.04711608588695526,0.059422507882118225,0.0698559582233429,0.07733193784952164
0.08041060715913773,0.07783591747283936,0.06924460828304291,0.055135250091552734
0.036624304950237274,0.015656303614377975,-0.005229530856013298,-0.02384229376912117
-0.03889317438006401,-0.05000070482492447,-0.057626303285360336,-0.06270787119865417
-0.06601916253566742,-0.06779761612415314,-0.0678432509303093,-0.06602014601230621
-0.06272007524967194,-0.058656420558691025
-0.05417041853070259,-0.04871446266770363,-0.04081261157989502,-0.02868514508008957
-0.011320408433675766,0.010860828682780266,0.036112114787101746,0.061947476118803024
0.08585222065448761,0.10556242614984512,0.11886439472436905,0.1236616000533104
0.11851245909929276,0.10317705571651459,0.0789385661482811,0.04856666922569275
0.015768423676490784,-0.01565360650420189,-0.04250720143318176,-0.06256581097841263
-0.07454782724380493,-0.07796350121498108,-0.07320354878902435
-0.061670273542404175,-0.04551078751683235,-0.027163419872522354,-0.00901883840560913
0.006880916655063629,0.019038869068026543,0.026542911306023598,0.029018724337220192
0.02649717591702938,0.0193625595420599,0.008422622457146645,-0.005091856233775616
-0.019598305225372314,-0.03328585997223854,-0.044385191053152084,-0.05154959112405777
-0.054145120084285736,-0.05226215720176697,-0.04651076719164848,-0.03781241551041603,-0.027247782796621323,-0.015923114493489265,-0.004887206479907036
0.004911077208817005,0.012707684189081192,0.018030080944299698,0.02073991671204567
0.020991578698158264,0.019132735207676888,0.015609120950102806,0.010914881713688374
0.005560759454965591,4.728604108095169e-05,-0.005159780848771334,-0.009674396365880966
-0.013238951563835144,-0.015740279108285904,-0.01718353107571602,-0.01764095202088356
-0.0172060988843441,-0.01596883498132229,-0.014018598943948746,-0.011472862213850021
-0.00849032774567604,-0.005251147784292698,-0.001939557958394289
0.0012621814385056496,0.004187596496194601,0.006695931777358055,0.008673083037137985
0.010045130737125874,0.010795734822750092,0.010967477224767208,0.010659324005246162
0.010020419023931026,0.009221858344972134,0.008425108157098293,0.007775797042995691
0.007405558135360479,0.007421126123517752,0.007891599088907242,0.008841166272759438
0.010243820026516914,0.01201985590159893,0.014036070555448532,0.016116809099912643
0.018071740865707397,0.019731486216187477,0.02097209542989731
0.021715588867664337,0.02191401831805706,0.021538423374295235,0.0205853134393692
0.019093742594122887,0.01715221256017685,0.01488271914422512,0.012418222613632679
0.009894855320453644,0.00745147280395031,0.005220470950007439,0.0033219708129763603
0.0018742065876722336,0.000985502265393734,0.0007082928204908967,0.0010065953247249126
0.001764592481777072,0.0028097559697926044,0.003946226090192795,0.00499806459993124
0.00583395641297102,0.006366131827235222,0.006542681250721216
0.006338169332593679,0.005748366005718708,0.0048035988584160805,0.003580342046916485
0.0021798093803226948,0.0006993641145527363,-0.000763955875299871,-0.0020994467195123434,-0.003190377727150917,-0.003932633437216282,-0.0042504556477069855,-0.004108805675059557
-0.003519629593938589,-0.0025424433406442404,-0.0012926103081554174,4.597753286361694e-05
0.001248698914423585,0.0021229172125458717,0.0025500115007162094,0.0024609300307929516,0.0018014877568930387,0.000535060535185039,-0.0013226817827671766
-0.0036529169883579016,-0.006197389680892229,-0.008576805703341961,-0.010364076122641563
-0.011177167296409607,-0.01075747050344944,-0.009014271199703217,-0.006027309224009514
-0.0020084953866899014,0.002755219116806984,0.00794974435120821,0.01326929870992899
0.018437955528497696,0.023198459297418594,0.0272810235619545,0.030401377007365227
0.03229229897260666,0.03272770345211029,0.031541675329208374,0.028665361925959587
0.0241547804325819,0.018196292221546173,0.01110995002090931
0.003324231132864952,-0.004685516469180584,-0.01243958342820406,-0.019474469125270844,-0.025380223989486694,-0.029849115759134293
5.21538604516536e-05,6.349708564812317e-05,6.898800347698852e-05,6.614286394324154e-05,5.480790059664287e-05,3.761073458008468e-05,1.930755388457328e-05,5.195511221245397e-06
1.442716612842787e-08,7.217913207568927e-06,2.743945697147865e-05,5.6272965593962e-05
8.377650374313816e-05,9.905920160235837e-05,9.743549162521958e-05,8.30176068120636e-05,6.41303849988617e-05,4.677969991462305e-05,3.2505078706890345e-05,2.0516234144452028e-05,1.0327807103749365e-05,2.883682782339747e-06,1.672540328456762e-09,2.540551804486313e-06
9.042745659826323e-06,1.6220781617448665e-05,2.1039651983301155e-05,2.3094546122592874e-05
2.4722794478293508e-05,2.9327398806344718e-05,4.0164381061913446e-05
5.920208423049189e-05,8.499602699885145e-05,0.00011096640082541853,0.00012726815475616604
0.00012651197903323919,0.00010826279321918264,7.914966408861801e-05,4.9112812121165916e-05
2.5807956262724474e-05,1.1433849977038335e-05,4.080879989487585e-06,9.047403182194103e-07
2.3384167935347477e-09,6.810359423070622e-07,3.1965419111656956e-06,8.730555236979853e-06
2.0113411665079184e-05,4.3436637497507036e-05,8.900294778868556e-05,0.00016813573893159628
0.00028410914819687605,0.0004216094093862921,0.0005445063579827547
0.0006109378882683814,0.0005982193979434669,0.0005150314536876976,0.00039324225508607924,0.0002679022727534175,0.00016106919792946428,8.053738565649837e-05,2.679519275261555e-05,1.2881182556157e-06,1.0296832442691084e-05,5.872125257155858e-05,0.00013928014959674329
0.0002264118957100436,0.00028374872636049986,0.00028511552955023944,0.000232234742725268
0.00015245647227857262,7.830054528312758e-05,2.873019730031956e-05,5.30940678800107e-06
2.725915493329012e-08,4.335620815254515e-06,1.228259952767985e-05
1.897291986097116e-05,1.8757844372885302e-05,9.163926733890548e-06,5.836661287617062e-08
1.4501260011456907e-05,7.146866119001061e-05,0.00016394219710491598,0.0002604526816867292
0.00033144745975732803,0.00037209418951533735,0.00040153396548703313,0.00044436901225708425
0.0005134308012202382,0.000599220278672874,0.0006648100097663701,0.0006612017750740051
0.0005650108796544373,0.0004024968366138637,0.00023416637850459665,0.00011190962686669081,4.773664477397688e-05,2.352692899876274e-05,1.929326208482962e-05
2.520458110666368e-05,3.4800243156496435e-05,3.8636582758044824e-05,3.0452276405412704e-05
1.5066440937516745e-05,3.4084969229297712e-06,2.408054200486731e-08,3.5982793633593246e-07
7.776332466846725e-08,5.185507916394272e-07,2.7009714358428027e-06,2.9642767458426533e-06
2.654106197041983e-07,3.449159521551337e-06,2.2284059014054947e-05,5.0959817599505186e-05
6.962812040001154e-05,6.507871148642153e-05,4.368415829958394e-05,2.1775817003799602e-05,9.181513632938731e-06,5.055197561887326e-06,5.6811336435202975e-06
9.509701158094686e-06,1.463992794015212e-05,1.7326581655652262e-05,1.5591751434840262e-05
1.1367786100890953e-05,7.795221790729556e-06,6.8139574977976736e-06,9.77744821284432e-06
1.9455957954050973e-05,3.972627382609062e-05,7.194906356744468e-05,0.00011114338121842593
0.00014676830323878676,0.00016870252147782594,0.00017263865447603166,0.00016040205082390457
0.00013673237117473036,0.00010650423064362258,7.394230487989262e-05,4.3154268496437e-05
1.8882245058193803e-05,4.855814040638506e-06,2.632991424889042e-07
1.9685461438712082e-07,3.6454090945881035e-07,2.4691669153753537e-08,2.7787203293883067e-07
-0.0010503461817279458,-0.0011316393502056599,-0.0006961137987673283,9.503180626779795e-05
0.0008726418600417674,0.0012038620188832283,0.000772485276684165,-0.0005287295207381248
-0.0025619433727115393,-0.00497041130438447,-0.0072969840839505196,-0.009146787226200104
-0.010321702808141708,-0.010841879062354565,-0.010870547033846378,-0.010620540007948875
-0.010261263698339462,-0.009852956980466843,-0.009336342103779316
-0.00859815813601017,-0.007593696471303701,-0.006423620041459799,-0.005303056910634041
-0.004448454361408949,-0.003962031099945307,-0.0037838274147361517,-0.003716267878189683
-0.0035185422748327255,-0.0030342251993715763,-0.0022648207377642393,-0.0013506724499166012,-0.0004855560837313533,0.00018559524323791265,0.0006302959518507123,0.0009272884926758707
0.0012227310799062252,0.0016679333057254553,0.00234802532941103,0.0032382640056312084
0.004216688219457865,0.005110348109155893
0.005748858209699392,0.0060249497182667255,0.005951568949967623,0.005668922793120146
0.005378808826208115,0.0052496278658509254,0.005345921963453293,0.005606288090348244
0.0058724223636090755,0.00596200255677104,0.005752258468419313,0.005226558540016413
0.0044677709229290485,0.0036085438914597034,0.0027641206979751587,0.001983907073736191
0.0012430157512426376,0.00047446368262171745,-0.00038181047420948744,-0.0013417825102806091
-0.002358875935897231,-0.0033343364484608173,-0.004163459874689579
-0.004786734469234943,-0.005212731659412384,-0.0055126589722931385,-0.0057949498295784
-0.006166522391140461,-0.0066954828798770905,-0.007389203645288944,-0.008191002532839775
-0.008998350240290165,-0.00970572978258133,-0.010246556252241135,-0.010597567074000835
-0.010757005773484707,-0.010730216279625893,-0.010525703430175781,-0.010158482007682323
-0.009659209288656712,-0.00907371286302805,-0.008456239476799965,-0.007872948423027992
-0.007403712719678879,-0.007128564175218344,-0.007103145122528076
-0.00732866395264864,-0.0077415937557816505,-0.008241256698966026,-0.008724216371774673
-0.009099230170249939,-0.009296243079006672,-0.009278976358473301,-0.009049770422279835,-0.008635610342025757,-0.008060227148234844,-0.007327737752348185,-0.006434175185859203
-0.005389151629060507,-0.0042282892391085625,-0.0030108927749097347,-0.0018059154972434044,-0.0006841483991593122,0.00028559123165905476,0.0010563796386122704
0.0016231731278821826,0.002020703861489892,0.00230636028572917,0.002534815575927496
0.002734724897891283,0.0029049331787973642,0.0030296677723526955,0.0031014224514365196
0.0031388183124363422,0.0031855402048677206,0.003286841558292508,0.003461163956671953
0.003697926877066493,0.003983586560934782,0.004323861561715603,0.004742313176393509
0.005258016288280487,0.005860275588929653,0.006504582241177559,0.007129552308470011
0.007676701061427593,0.008105261251330376,0.008398596197366714,0.008563905023038387,0.008627427741885185,0.0086168572306633,0.008539887145161629
0.008382834494113922,0.008131250739097595,0.007797706872224808,0.007436380721628666
0.00712649105116725,0.006933965254575014,0.006880809552967548,0.006941774860024452
0.007063874043524265,0.007191193290054798,0.007284440565854311,0.007330272812396288
0.007337820716202259,0.007324933540076017,0.00729852169752121,0.007239324972033501
0.0071036312729120255,0.0068449415266513824,0.006442030891776085,0.00590326776728034
0.005243959836661816,0.004479503259062767,0.0036452729254961014
0.0028054360300302505,0.002041103783994913,0.001435090322047472,0.0010538925416767597,0.0009288552682846785,0.0010567342396825552,0.001420237123966217,0.00199609762057662
0.002743086777627468,0.003594587789848447,0.004463376477360725,0.005257429555058479
0.005902829580008984,0.006355908699333668,0.00660185981541872,0.006648492068052292
0.0065134684555232525,0.0062102763913571835,0.005742679815739393,0.0051106056198477745
0.0043281689286231995,0.003438121173530817,0.002502762246876955
0.001581819262355566,0.0007179935928434134,-6.381713319569826e-05,-0.000745179015211761
-0.001302960910834372,-0.0017127722967416048,-0.0019627518486231565,-0.002061298582702875
-0.002031908603385091,-0.0019033359130844474,-0.001703707268461585,-0.0014575925888493657
-0.001183974789455533,-0.0008963964646682143,-0.0006064943736419082,-0.0003323472919873893
-0.00010288151679560542,5.30329707544297e-05,0.00012142362538725138,0.00010472569556441158
1.192801573779434e-05,-0.00014852713502477854,-0.000363151979399845
-0.0006046563503332436,-0.0008383445674553514,-0.001041125855408609,-0.0012115114368498325
-0.001357928034849465,-0.0014764885418117046,-0.0015418721595779061,-0.0015193232102319598
-0.001380610978230834,-0.001110030454583466,-0.0007062411168590188,-0.0001837533200159669
0.0004321832675486803,0.001115138060413301,0.0018402718706056476,0.002576069673523307
0.003272953676059842,0.0038660902064293623,0.004299729131162167,0.004554212559014559
0.00465663056820631,0.0046687861904501915,0.004656374920159578
0.004659648053348064,0.0046769920736551285,0.004669514484703541,0.004591709468513727
0.004420696757733822,0.004170888103544712,0.003897704416885972,0.0036716721951961517
0.0035366094671189785,0.003499438753351569,0.0035582545679062605,0.0037240770179778337
0.004002230241894722,0.004363665357232094,0.004750573076307774,0.005105772987008095
0.005394237581640482,0.005603170022368431,0.0057264212518930435,0.005751627963036299
0.005654195789247751,0.005398509558290243,0.004951899405568838
0.004303298890590668,0.0034866873174905777,0.0026014000177383423,0.0017991217318922281,0.0012351765763014555,0.0010066950926557183,0.0011086277663707733,0.001437402330338955,0.0018390277400612831,0.0021778293885290623,0.002391053829342127,0.0024972339160740376,0.0025648032315075397,0.002665565349161625,0.0028335528913885355,0.003046218305826187,0.0032318977173417807,0.0033021860290318727,0.0031963754445314407,0.0029096168000251055,0.0024882734287530184,0.0019963725935667753,0.0014777693431824446
0.0009414806263521314,0.00036790187004953623,-0.00027503742603585124,-0.0010108251590281725
-0.001834744238294661,-0.0026974675711244345,-0.0035052502062171698,-0.004143006168305874
-0.004507529083639383,-0.004545715171843767,-0.004280754830688238,-0.0038044401444494724
-0.0032402987126260996,-0.002701992867514491,-0.0022737630642950535,-0.0020125648006796837
-0.0019564679823815823,-0.0021305233240127563,-0.002538350410759449,-0.0031532379798591137
-0.0039283400401473045,-0.004810847342014313,-0.00575234554708004
-0.006710717920213938,-0.007640248630195856,-0.0084915142506361,-0.009220686741173267
-0.009798864834010601,-0.01021830178797245,-0.010483494959771633,-0.010607692413032055
-0.010627951472997665,-0.010605734772980213,-0.01060615573078394,-0.010680368170142174
-0.010847201570868492,-0.011075472459197044,-0.011293817311525345,-0.01141603197902441
-0.011363939382135868,-0.011099142953753471,-0.010651305317878723,-0.010119144804775715
-0.009634681046009064,-0.009304375387728214,-0.009168392047286034
-0.009196428582072258,-0.00930362194776535,-0.009379720315337181,-0.009328480809926987,-0.009089704602956772,-0.00864571612328291,-0.008036257699131966,-0.007348523009568453
-0.006669451016932726,-0.006054767407476902,-0.005533961579203606,-0.005127049516886473
-0.0048597087152302265,-0.004762573633342981,-0.004849765449762344,-0.005101103335618973,-0.005465247668325901,-0.00587407685816288,-0.006254496518522501,-0.006540266331285238
-0.006689581088721752,-0.006694191601127386,-0.006569787859916687
-0.00634246738627553,-0.006038675084710121,-0.005673004314303398,-0.005244485102593899
-0.0047453842125833035,-0.004165552090853453,-0.0034870943054556847,-0.0026826325338333845
-0.0017273146659135818,-0.0006184324156492949,0.0006087077781558037,0.0018833002541214228
0.0031235204078257084,0.004254540894180536,0.005209245719015598,0.005935605615377426
0.006409423891454935,0.006625468377023935,0.006580284330993891,0.006288514938205481,0.005807326640933752,0.00521863391622901
0.004596613347530365,0.003996714949607849,0.0034591753501445055,0.0030131435487419367
0.0026796339079737663,0.002484031720086932,0.002456198912113905,0.0026063721161335707
0.0029192068614065647,0.003375460160896182,0.003964817151427269,0.00466221384704113
0.005396559834480286,0.006066290196031332,0.0065754130482673645,0.00685239490121603
0.00687444070354104,0.006680747959762812,0.006351292598992586,0.005987668875604868
0.0057032424956560135,0.005592233035713434,0.005686184857040644,0.005940052680671215
0.0062654591165483,0.006572434213012457,0.006794553715735674,0.00691170385107398
0.0069473846815526485,0.00693871034309268,0.006925411056727171,0.0069468761794269085
0.007031016517430544,0.0071974145248532295,0.007457539439201355,0.007797300815582275
0.008176207542419434,0.008548272773623466,0.008866939693689346,0.00907580554485321
0.009119310416281223,0.0089566670358181,0.008559467270970345,0.007919559255242348
0.007058391347527504,0.0060209715738892555,0.004878445062786341
0.003731408156454563,0.0026814292650669813,0.0017962753772735596,0.0011126240715384483
0.000633967574685812,0.00030525471083819866,3.8530153688043356e-05,-0.00023078630329109728
-0.0005249168607406318,-0.0008199346484616399,-0.001054439228028059,-0.0011722685303539038
-0.001163159729912877,-0.0010574767366051674,-0.0008879139786586165,-0.0006591491401195526
-0.00033715745666995645,0.00013127498095855117,0.0007736519910395145,0.0015581300249323249
0.0023774069268256426,0.0030790427699685097,0.003547627478837967
0.0037474450655281544,0.003717330750077963,0.0035671484656631947,0.0034408019855618477
0.0034499827306717634,0.003645331831648946,0.004028868395835161,0.004563854541629553
0.00520036555826664,0.00596391037106514,0.007051757536828518,0.008845366537570953
0.011807907372713089,0.016292249783873558,0.022358041256666183,0.02970745600759983
0.03777817636728287,0.045907460153102875,0.0534386970102787,0.05976551026105881
0.06433624029159546,0.06664508581161499,0.06628014147281647
0.06298081576824188,0.05663774907588959,0.04726716876029968,0.03500819951295853
0.020210683345794678,0.003558104857802391,-0.013935977593064308,-0.03103824332356453
-0.04641452431678772,-0.058774061501026154,-0.06702777743339539,-0.07043248414993286
-0.06876058876514435,-0.06245391070842743,-0.052587032318115234,-0.0405195988714695
-0.027414176613092422,-0.013926014304161072,-0.00016256794333457947,0.014092979021370411
0.02897060289978981,0.04426124319434166,0.059599485248327255
0.07473066449165344,0.08941128849983215,0.1030326783657074,0.11417968571186066
0.12056353688240051,0.11976519972085953,0.11023150384426117,0.09187103807926178
0.06602001935243607,0.03475379943847656,0.00033660605549812317,-0.03497924655675888
-0.06936822831630707,-0.10172922909259796,-0.1316143274307251,-0.15894082188606262
-0.18348708748817444,-0.204708069562912,-0.22211912274360657,-0.23570455610752106
-0.246010422706604,-0.2537786662578583,-0.25928378105163574
-0.26193857192993164,-0.2604290544986725,-0.25346875190734863,-0.240938201546669,-0.2243906557559967,-0.20652300119400024,-0.19023193418979645,-0.1775720864534378,-0.16911083459854126,-0.16424685716629028,-0.16184189915657043,-0.16048066318035126
-0.1585206687450409,-0.15408855676651,-0.14527228474617004,-0.13080406188964844
-0.11078355461359024,-0.08660666644573212,-0.06003473699092865,-0.03205007314682007
-0.002318691462278366,0.03021056205034256,0.06603344529867172
0.10397469252347946,0.14084702730178833,0.17233633995056152,0.19466644525527954
0.2060806304216385,0.20755554735660553,0.20230285823345184,0.19418466091156006
0.18607741594314575,0.17906157672405243,0.17265334725379944,0.1658712476491928
0.15852342545986176,0.15193331241607666,0.14856120944023132,0.15065914392471313
0.15888711810112,0.17172719538211823,0.185898557305336,0.1976649910211563
0.2043893039226532,0.20539218187332153,0.2018466740846634
0.19597528874874115,0.1899203509092331,0.18485243618488312,0.18062281608581543
0.1758686900138855,0.16869351267814636,0.15779948234558105,0.1433594673871994
0.1272464096546173,0.11243298649787903,0.10152789205312729,0.09546511620283127
0.09328372776508331,0.09292463958263397,0.09264516085386276,0.09211546182632446
0.09232351928949356,0.09457147121429443,0.09940468519926071,0.10617249459028244
0.11345227807760239,0.11982529610395432,0.12429114431142807
0.12620611488819122,0.12505298852920532,0.12016375362873077,0.11053892970085144
0.09503600746393204,0.07281927764415741,0.043754495680332184,0.008619993925094604
-0.03089011088013649,-0.0723235011100769,-0.1127125471830368,-0.14889059960842133
-0.17791599035263062,-0.19759759306907654,-0.20699399709701538,-0.20667803287506104
-0.1986287236213684,-0.18573573231697083,-0.1710226833820343,-0.15690788626670837
-0.1448020040988922,-0.13505582511425018,-0.1272009313106537
-0.12043219804763794,-0.11411593854427338,-0.10806659609079361,-0.10248934477567673
-0.09764329344034195,-0.09340790659189224,-0.08905060589313507,-0.08345208317041397
-0.0756497010588646,-0.06527771800756454,-0.052677903324365616,-0.03868654742836952
-0.024278469383716583,-0.010331228375434875,0.002406533807516098,0.013288136571645737
0.0218516755849123,0.027930598706007004,0.03154443949460983,0.032584503293037415
0.030628899112343788,0.02513033337891102,0.015949979424476624
0.0038886405527591705,-0.009382924064993858
-0.022062495350837708,-0.0329422727227211,-0.0416538268327713,-0.048517197370529175
-0.054186850786209106,-0.05931282043457031,-0.06444453448057175,-0.07009510695934296,-0.07665130496025085,-0.08417212963104248,-0.09238585829734802,-0.10089342296123505
-0.10938390344381332,-0.11770223081111908,-0.12572792172431946,-0.13317465782165527
-0.13940204679965973,-0.14336100220680237,-0.14378246665000916,-0.1394871473312378
-0.12966006994247437,-0.11410439014434814,-0.09348194301128387,-0.06940437108278275,-0.04420612007379532,-0.02037660777568817,0.000144127756357193,0.01638188026845455
0.02814934216439724,0.035503994673490524,0.038304653018713,0.036113422363996506,0.028515491634607315,0.01566159725189209,-0.0013704821467399597,-0.02058761566877365
-0.0394463948905468,-0.05544589087367058,-0.06666350364685059,-0.0719950795173645
-0.07106004655361176,-0.06394505500793457,-0.051038868725299835,-0.033058710396289825
-0.011217735707759857,0.012654188089072704,0.036294929683208466,0.057499855756759644
0.07463106513023376,0.08692106604576111,0.09444692730903625,0.09782235324382782
0.09790518134832382,0.09562262892723083,0.0918455421924591,0.08739791810512543
0.08312248438596725,0.07979035377502441,0.07788367569446564,0.07740123569965363
0.07785151153802872,0.07851962745189667,0.07880452275276184,0.07833640277385712
0.07686514407396317,0.07411639392375946,0.06972409784793854
0.06327567994594574,0.05444667488336563,0.04309972748160362,0.02934938296675682
0.01364143192768097,-0.0032113194465637207,-0.020068136975169182,-0.035610925406217575
-0.04860512912273407,-0.05814095586538315,-0.06369897723197937,-0.06501120328903198
-0.06187126412987709,-0.05407861992716789,-0.04156285896897316,-0.024595417082309723
-0.00397438183426857,0.018910974264144897,0.042227741330862045,0.06404943764209747,0.08274822682142258,0.0972478911280632,0.10704366862773895
0.11204839497804642,0.11239305138587952,0.10823535174131393,0.09968940168619156
0.08699392527341843,0.07078888267278671,0.05227610468864441,0.03314456343650818
0.015220671892166138,-3.777630627155304e-05,-0.011916768737137318,-0.020496515557169914
-0.02638418786227703,-0.030276818200945854,-0.03261887654662132,-0.033541131764650345
-0.03304597735404968,-0.031249552965164185,-0.02846388891339302,-0.02506028302013874
-0.02125522494316101,-0.01700814999639988,-0.01210586167871952
-0.006342795677483082,0.0003430768847465515,0.007845219224691391,0.01593857817351818
0.024303678423166275,0.032498639076948166,0.039976879954338074,0.046191707253456116
0.05072716623544693,0.05338754504919052,0.05416882410645485,0.05314357578754425
0.05039362981915474,0.046013202518224716,0.04013217240571976,0.032941389828920364
0.024697326123714447,0.015702376142144203,0.0062944479286670685,-0.0031608175486326218
-0.012289298698306084,-0.02072742208838463,-0.02815844491124153
-0.03432713449001312,-0.0389767587184906,-0.04178936406970024,-0.04243665933609009
-0.040732331573963165,-0.03678741306066513,-0.03103092685341835,-0.024057451635599136
-0.016458632424473763,-0.00877484492957592,-0.0015332698822021484,0.004728933330625296,0.009548375383019447,0.01272190734744072,0.01444125734269619,0.015236557461321354
0.01572272926568985,0.016267120838165283,0.016828160732984543,0.017094694077968597
0.016764990985393524,0.01574483886361122,0.014135308563709259
0.012006700970232487,0.009142795577645302,0.005026574246585369,-0.0008329334668815136,-0.008434133604168892,-0.01706881634891033,-0.02560660056769848,-0.033070698380470276
-0.03906700760126114,-0.04380115121603012,-0.04771588370203972,-0.0511031374335289
-0.05406544730067253,-0.056753892451524734,-0.059541255235672,-0.06300535053014755,-0.06776762753725052,-0.07423549890518188,-0.08237019181251526,-0.09160101413726807
-0.1009099930524826,-0.1090622991323471,-0.11490430682897568
-0.11761852353811264,-0.11682349443435669,-0.11242395639419556,-0.10433351248502731,-0.09237182885408401,-0.07639895379543304,-0.05657711625099182,-0.0336730033159256,-0.009125933051109314,0.015287344343960285,0.03794749453663826,0.057715293020009995,0.07393772155046463,0.08624443411827087,0.09432734549045563,0.09787371754646301
0.09672161191701889,0.09101235866546631,0.08114415407180786,0.06765702366828918,0.05120173096656799,0.03262116014957428,0.01308971643447876
-0.005874579772353172,-0.022642143070697784,-0.035841330885887146,-0.04465902969241142
-0.048866912722587585,-0.04859000816941261,-0.044090207666158676,-0.0357038788497448,-0.02387206256389618,-0.00922607071697712,0.007312306202948093,0.024556323885917664
0.0413169302046299,0.05679475888609886,0.07079966366291046,0.08354951441287994
0.0952027291059494,0.10557780414819717,0.11422902345657349,0.120718814432621,0.12491082400083542,0.1271144151687622,0.1279720664024353
0.12810318171977997,0.12769851088523865,0.12637589871883392,0.12331906706094742
0.11751814186573029,0.10807165503501892,0.09437094628810883,0.07599584758281708
0.05265524983406067,0.024462632834911346,-0.007723543792963028,-0.042187780141830444
-0.07658972591161728,-0.10855266451835632,-0.13628250360488892,-0.15890750288963318
-0.17643451690673828,-0.18925081193447113,-0.19747398793697357,-0.20063088834285736
-0.1977585405111313,-0.18788966536521912,-0.17078232765197754
-0.1473698616027832,-0.11958250403404236,-0.08970878273248672,-0.059683360159397125,-0.030762560665607452
2.8591404770850204e-05,0.00045016384683549404,0.0015454229433089495,0.0032889104913920164,0.005308383610099554,0.007040766067802906,0.008021028712391853
0.00811866857111454,0.007510599680244923,0.006485801190137863,0.005354353692382574,0.004344910383224487,0.0035121559631079435,0.0027923157904297113,0.0021037638653069735,0.0014235335402190685,0.0008001449168659747,0.00031117480830289423,3.792981806327589e-05,3.1186376872938126e-05,0.0002943212166428566,0.0007878337637521327,0.0014241812750697136
0.0021129888482391834,0.0027930091600865126,0.003401569789275527,0.0038545781280845404
0.0040566930547356606,0.003950899466872215,0.003558884374797344
0.002970333443954587,0.0023228235077112913,0.0017489296151325107,0.0013186903670430183
0.001036804518662393,0.0008676124271005392,0.0007651238702237606,0.0006903419271111488,0.0005929708131588995,0.00040730080218054354,0.00014637330605182797,9.205762552255692e-08,0.00025243344134651124,0.0010474063456058502,0.002225321950390935,0.00343462941236794,0.004362436011433601,0.00482623977586627,0.004749904852360487,0.004122820682823658,0.0030222111381590366,0.0016917356988415122,0.0005392043385654688
6.209893854247639e-06,0.00036350576556287706,0.0015249125426635146,0.0030704052187502384
0.004462860990315676,0.005231153219938278,0.005082113668322563,0.004022512119263411
0.0024298755452036858,0.0009180352790281177,7.291398651432246e-05,0.00017457237117923796
0.0010480451164767146,0.0022684470750391483,0.00342580652795732,0.004165363498032093
0.004223959520459175,0.0035435801837593317,0.002335342112928629,0.0010186547879129648
0.00012003109441138804,0.00017890507297124714,0.0015294846380129457
0.004089283756911755,0.007402419578284025,0.010983911342918873,0.01462216954678297
0.018280206248164177,0.021763602271676064,0.024416018277406693,0.02519620582461357
0.023326685652136803,0.01897580176591873,0.013372623361647129,0.00813889130949974
0.004289751872420311,0.0019304060842841864,0.0006937236175872386,0.00015683959645684808
3.3822113891801564e-06,4.103700121049769e-05,0.00016193222836591303,0.00029712560353800654
0.0003857727278955281,0.00038462234078906476,0.00029071004246361554
0.0001514778850832954,3.966749136452563e-05,1.8863630657506292e-08,2.752493674051948e-05
8.964614971773699e-05,0.00016369778313674033,0.0002507605531718582,0.00037354789674282074
0.0005564828170463443,0.0007687184843234718,0.0008871315512806177,0.0007650650222785771
0.00039258424658328295,3.47474888258148e-05,0.0001744363980833441,0.0013048861874267459
0.0037593687884509563,0.007527493871748447,0.012121652252972126,0.016673214733600616
0.020195117220282555,0.02188059501349926,0.021412944421172142
0.019067732617259026,0.015550718642771244,0.01175943948328495,0.00841010082513094
0.005798206198960543,0.003911141771823168,0.002627294510602951,0.0018295164918527007
0.0014146630419418216,0.0012651127763092518,0.001233855844475329,0.0011315947631374002
0.000794319377746433,0.0002808408753480762,7.489426820939116e-07,0.000525203940924257
0.002111357869580388,0.004362607374787331,0.006475868634879589,0.007793562486767769
0.008095151744782925,0.0075530014000833035,0.006464694160968065
0.0050231944769620895,0.0033904132433235645,0.0018313201144337654,0.0006502853357233107,5.714323197025806e-05,-0.009980699047446251,-0.02623671479523182,-0.03987465798854828
-0.049278758466243744,-0.05343351140618324,-0.05225059762597084,-0.04666970297694206
-0.03864783048629761,-0.030382152646780014,-0.0232428889721632,-0.01741807721555233
-0.012325938791036606,-0.0073105450719594955,-0.002154434099793434,0.0031016827560961246,0.008468587882816792,0.013813391327857971,0.018764983862638474
0.022637736052274704,0.024333937093615532,0.02289220690727234,0.018115082755684853
0.010688457638025284,0.0019084326922893524,-0.0068985032849013805,-0.01474581565707922
-0.020979367196559906,-0.024983931332826614,-0.025973225012421608,-0.02350137010216713
-0.017786148935556412,-0.009441465139389038,0.00024372804909944534,0.009108532220125198
0.014937341213226318,0.01636040210723877,0.013283382169902325,0.006839216686785221
-0.001332300715148449,-0.009841719642281532,-0.017810169607400894
-0.024790946394205093,-0.03044489026069641,-0.03439078480005264,-0.036085888743400574
-0.03451337665319443,-0.028588788583874702,-0.017730461433529854,-0.0015708375722169876
0.019942980259656906,0.04581810534000397,0.07384827733039856,0.10091491043567657
0.12379734218120575,0.1402294933795929,0.14905738830566406,0.15003851056098938
0.1437283158302307,0.13072797656059265,0.11132675409317017,0.08629649132490158
0.05723865330219269,0.0259200781583786,-0.006409585475921631
-0.039124488830566406,-0.0714859887957573,-0.10180680453777313,-0.12751516699790955
-0.14593029022216797,-0.15530598163604736,-0.15531018376350403,-0.14664003252983093
-0.1306939423084259,-0.10919179022312164,-0.08369036018848419,-0.05569087713956833
-0.026619069278240204,0.0025346577167510986,0.0311332605779171,0.05882559344172478
0.0853913202881813,0.1100722998380661,0.13161051273345947,0.14906111359596252
0.1619410514831543,0.16997388005256653,0.17305593192577362
0.1708204746246338,0.1622002124786377,0.14592531323432922,0.12139636278152466
0.08931300789117813,0.05198223143815994,0.012977860867977142,-0.02384781837463379
-0.05538776516914368,-0.0795692726969719,-0.09523200988769531,-0.10241714864969254
-0.10232818871736526,-0.09666486084461212,-0.08719891309738159,-0.07539774477481842,-0.06221117824316025,-0.04843227192759514,-0.035024628043174744
-0.023250684142112732,-0.014468012377619743,-0.00959802232682705,-0.008936449885368347
-0.0120811453089118,-0.01800338365137577,-0.0255051888525486,-0.033190928399562836
-0.03949626162648201,-0.043554119765758514,-0.04526214301586151,-0.04442721977829933
-0.040810007601976395,-0.03457513451576233,-0.026235517114400864,-0.01655574142932892
-0.006230339407920837,0.004409898072481155,0.015178287401795387,0.025809887796640396
0.03572288900613785,0.04395013302564621,0.049499161541461945,0.05149282142519951,0.04937826097011566,0.04331524670124054,0.03406178206205368
0.022858034819364548,0.011259632185101509,0.00042800791561603546,-0.009272021241486073
-0.01809740625321865,-0.02651078999042511,-0.03471328318119049,-0.042510561645030975
-0.04929172247648239,-0.05425598472356796,-0.05725487694144249,-0.059380996972322464
-0.06258787214756012,-0.06878446042537689,-0.0791124701499939,-0.09369704127311707
-0.1117057204246521,-0.1313583105802536,-0.1500762403011322,-0.16531004011631012
-0.17557591199874878,-0.18069171905517578,-0.1810164451599121
-0.17670637369155884,-0.16782765090465546,-0.1546267569065094,-0.13744932413101196
-0.1166497990489006,-0.09266090393066406,-0.06626874953508377,-0.03876737505197525
-0.011791355907917023,0.0130256786942482,0.03462494909763336,0.0529545322060585
0.06873391568660736,0.08270826935768127,0.09500962495803833,0.10518468171358109
0.11257318407297134,0.11633928120136261,0.11547313630580902,0.10932689160108566
0.09817148745059967,0.08301287144422531,0.06493369489908218
0.04480297863483429,0.023460354655981064,0.001862984150648117,-0.018907466903328896
-0.037627167999744415,-0.052988361567258835,-0.06385514885187149,-0.06948504596948624
-0.06941530108451843,-0.06346698105335236,-0.05216946080327034,-0.03684671223163605
-0.01918797567486763,-0.0008303001523017883,0.01708611100912094,0.03418555110692978
0.05056074261665344,0.06627330929040909,0.08106131851673126,0.09431804716587067
0.1052909716963768,0.1134054884314537,0.11868581920862198
0.12196967750787735,0.1245223730802536,0.12743952870368958,0.13144950568675995
0.13695752620697021,0.14407098293304443,0.15261298418045044,0.16203215718269348
0.17144052684307098,0.17991407215595245,0.18674004077911377,0.1916445940732956
0.19484762847423553,0.1966942697763443,0.197315976023674,0.19645491242408752
0.19342747330665588,0.18749569356441498,0.17827661335468292,0.1659446507692337
0.1513768434524536,0.13594499230384827,0.12101563811302185
0.10754047334194183,0.09578545391559601,0.08538483828306198,0.07570402324199677,0.06620141863822937,0.05671916902065277,0.04749660566449165,0.03892190009355545
0.03138495981693268,0.025091174989938736,0.019848965108394623,0.015150323510169983
0.010352818295359612,0.0048957644030451775,-0.0013979203067719936,-0.00824685301631689
-0.015063371509313583,-0.021191710606217384,-0.0262837503105402,-0.030531609430909157
-0.034503258764743805,-0.03880316764116287,-0.04378990828990936
-0.04940783232450485,-0.055200427770614624,-0.06053101643919945,-0.06489808857440948
-0.06818792968988419,-0.07073097676038742,-0.07307901978492737,-0.07570664584636688
-0.078913614153862,-0.08276630192995071,-0.08696866035461426,-0.09094805270433426
-0.09416354447603226,-0.09638334065675735,-0.09783948957920074,-0.09913419932126999
-0.100849449634552,-0.10312649607658386,-0.10551823675632477,-0.10724476724863052
-0.10766827315092087,-0.10664193332195282,-0.10466128587722778
-0.10276344418525696,-0.10206019133329391,-0.1031973585486412,-0.1061197891831398
-0.11019598692655563,-0.11455012112855911,-0.11835730075836182,-0.1210363581776619
-0.12238075584173203,-0.12252209335565567,-0.12176346778869629,-0.12039941549301147
-0.11855912208557129,-0.11623343080282211,-0.11345553398132324,-0.11037544906139374
-0.10721993446350098,-0.1042696088552475,-0.10182236135005951,-0.10006307810544968
-0.09894132614135742,-0.09816291928291321,-0.09721812605857849
-0.09543433040380478,-0.09211666136980057,-0.08674690127372742,-0.07913481444120407
-0.06946733593940735,-0.058298878371715546,-0.04643872752785683,-0.0347459651529789
-0.023994430899620056,-0.014790559187531471,-0.0075174421072006226,-0.0024053892120718956
0.0003466135822236538,0.0005352975567802787,-0.001955772517248988,-0.007019120268523693
-0.014267305843532085,-0.02299032360315323,-0.032172881066799164,-0.04074970632791519
-0.04785533621907234,-0.052831877022981644,-0.05520745366811752
-0.05476108565926552,-0.05157969146966934,-0.04605987295508385,-0.038838230073451996
-0.030693471431732178,-0.022446276620030403,-0.014854183420538902,-0.008514156565070152
-0.003745528869330883,-0.0005615465342998505,0.0011439942754805088,0.0014009433798491955
0.00019988237181678414,-0.0023728846572339535,-0.006099611055105925,-0.010622088797390461
-0.01545858383178711,-0.020116252824664116,-0.02416132017970085,-0.027207311242818832
-0.028884753584861755,-0.028828999027609825,-0.02676711231470108
-0.02259943261742592,-0.016376176849007607,-0.008278388530015945,0.001381504349410534
0.012213381007313728,0.02381182834506035,0.035739071667194366,0.047518134117126465
0.05871923267841339,0.0689866691827774,0.07794440537691116,0.08514362573623657
0.09015561640262604,0.09273703396320343,0.09293209761381149,0.09108887612819672
0.08782192319631577,0.08385506272315979,0.07977299392223358,0.07587914913892746
0.07221738249063492,0.06866245716810226
0.06507136672735214,0.06147347390651703,0.05813499912619591,0.05542553961277008
0.053638070821762085,0.05287695303559303,0.05300501361489296,0.05373857915401459
0.054845672100782394,0.056183405220508575,0.057619910687208176,0.05904876068234444
0.06044392287731171,0.06182984262704849,0.06313633173704147,0.06405775994062424
0.06407511234283447,0.06262862682342529,0.05935889482498169,0.05430413410067558
0.0479564443230629,0.04116151109337807,0.03478337824344635,0.02931162342429161
0.02479211799800396,0.02099289558827877,0.017651675269007683,0.014812439680099487
0.012895536608994007,0.012401223182678223,0.01366580929607153,0.016718801110982895
0.021113131195306778,0.025994591414928436,0.03047470562160015,0.03395466506481171
0.03630552440881729,0.03790275752544403,0.039318159222602844,0.04090098291635513
0.04264349490404129,0.04423798620700836,0.04517815634608269,0.044946204870939255
0.04329555481672287,0.04031989350914955,0.036056842654943466
0.03027641773223877,0.022892458364367485,0.014360027387738228,0.005719248205423355
-0.0016621742397546768,-0.006606145296245813,-0.008404737338423729,-0.006797388661652803
-0.0020094867795705795,0.005340525880455971,0.014380229637026787,0.023873642086982727
0.032255545258522034,0.03809259831905365,0.040550023317337036,0.039413854479789734
0.034872330725193024,0.02741745486855507,0.017828084528446198,0.007062910124659538
-0.003984698094427586,-0.014557449147105217,-0.023976387456059456
-0.031919240951538086,-0.0386136956512928,-0.04455724358558655,-0.050188690423965454
-0.05551597848534584,-0.05977768450975418,-0.061775561422109604,-0.06072085723280907
-0.05666592717170715,-0.050136879086494446,-0.04155169799923897,-0.031083151698112488
-0.018807176500558853,-0.004899300634860992,0.010068492963910103,0.025111611932516098
0.039216648787260056,0.05155511945486069,0.06142997741699219,0.06825244426727295,0.07147689908742905,0.07056817412376404,0.06524185836315155
0.05564478784799576,0.042290594428777695,0.02618434652686119,0.0089544877409935
-0.0076003773137927055,-0.02216782420873642,-0.0339815616607666,-0.04247773066163063,-0.04723701998591423,-0.04816902056336403,-0.04566093534231186,-0.04057714715600014
-0.03398065268993378,-0.026938609778881073,-0.02066781185567379,-0.016677251085639
-0.016771892085671425,-0.02296169474720955,-0.03720107674598694,-0.060968197882175446,-0.09481766819953918,-0.13801226019859314,-0.18822026252746582
-0.24150456488132477,-0.29296112060546875,-0.33749353885650635,-0.3699621558189392,-0.3852386772632599,-0.37879863381385803,-0.34748774766921997,-0.29026320576667786
-0.20881035923957825,-0.10769891738891602,0.005990013480186462,0.12356946617364883
0.23598995804786682,0.3349517285823822,0.4136611819267273,0.46712562441825867
0.4920409023761749,0.4867303669452667,0.45136699080467224,0.3882693946361542,0.30214565992355347,0.20008206367492676,0.09100937843322754
-0.015192940831184387,-0.10877609252929688,-0.18135057389736176,-0.2268507480621338,-0.24202600121498108,-0.22680309414863586,-0.18439950048923492,-0.12076225876808167
-0.04361985623836517,0.038456328213214874,0.1170235127210617,0.1846546083688736
0.23560550808906555,0.26631253957748413,0.275665283203125,0.2649844288825989
0.23754243552684784,0.19775786995887756,0.15062806010246277,0.10135053098201752,0.054849788546562195,0.015420757234096527,-0.013545703142881393
-0.02994096279144287,-0.03333047777414322,-0.025090904906392097,-0.007973873987793922
0.014677952975034714,0.03956609591841698,0.06387162208557129,0.08550892770290375
0.10307978093624115,0.11560641974210739,0.12237007170915604,0.12297870963811874
0.1173788383603096,0.1057591587305069,0.08853249251842499,0.06642573326826096
0.04066363722085953,0.012947067618370056,-0.014804298058152199,-0.04052890092134476
-0.062142785638570786,-0.07783514261245728,-0.08628050237894058
-0.08695092052221298,-0.08026639372110367,-0.06736178696155548,-0.04998340457677841
-0.030299395322799683,-0.010437320917844772,0.007662966847419739,0.022260213270783424
0.032100461423397064,0.03668684512376785,0.03627222776412964,0.03151959180831909
0.022992894053459167,0.010954003781080246,-0.004415854811668396,-0.02271108701825142
-0.04304657131433487,-0.06387212872505188,-0.0831289142370224,-0.09883205592632294
-0.10967455804347992,-0.11529572308063507,-0.11624441295862198
-0.11375516653060913,-0.10939434915781021,-0.10465706884860992,-0.10063299536705017,-0.09784572571516037,-0.09628202021121979,-0.09559178352355957,-0.09540379047393799
-0.0955224484205246,-0.09585924446582794,-0.09636309742927551,-0.09710981696844101
-0.09837700426578522,-0.1006278544664383,-0.10435151308774948,-0.1097608208656311
-0.11658605188131332,-0.12408959865570068,-0.13119272887706757,-0.136668398976326,-0.13941606879234314,-0.13873225450515747,-0.1344655454158783
-0.126962810754776,-0.11688370257616043,-0.10514824092388153,-0.09289485961198807
-0.08122043311595917,-0.07097883522510529,-0.06275147199630737,-0.05682333931326866
-0.053195077925920486,-0.051577117294073105,-0.05137749761343002,-0.05186394974589348
-0.052352745085954666,-0.05223187059164047,-0.05096149072051048,-0.048209432512521744
-0.044037602841854095,-0.03890729695558548,-0.03348485752940178,-0.02845231629908085
-0.02437872439622879,-0.02161911316215992,-0.020252089947462082
-0.020051028579473495,-0.020565496757626534
-0.021321257576346397,-0.021909529343247414,-0.021918250247836113,-0.020933862775564194
-0.018641825765371323,-0.014881554991006851,-0.009626057930290699,-0.0029460359364748
0.004964914172887802,0.013693132437765598,0.02249559387564659,0.030257724225521088,0.03566134721040726,0.03757142275571823,0.03541112691164017,0.029368756338953972,0.020428931340575218,0.010181492194533348,0.0003909282386302948,-0.007431589998304844
-0.012205095961689949,-0.013297323137521744,-0.010475325398147106,-0.003808789886534214
0.006309315096586943,0.01909944973886013,0.03349091112613678,0.04831577092409134
0.06254956126213074,0.07546917349100113,0.08655115962028503,0.09533701092004776
0.10146661847829819,0.10471390932798386,0.1049594059586525,0.10222290456295013
0.09678972512483597,0.08932363241910934,0.08081867545843124,0.07234390825033188
0.06471557915210724,0.05831379443407059,0.05317030847072601,0.049241483211517334
0.04660239815711975,0.045300278812646866,0.04502272233366966,0.04513992741703987
0.045094992965459824,0.044598858803510666,0.04360199719667435,0.0421910434961319
0.04040253534913063,0.03830159455537796,0.03642362356185913,0.0358155220746994
0.03745848312973976,0.0417449064552784,0.04785839468240738,0.05296335369348526
0.05237874016165733,0.04128291830420494,0.01731293275952339,-0.017266372218728065
-0.05551684647798538,-0.08809740841388702,-0.10661788284778595
-0.10689909011125565,-0.09073654562234879,-0.06519297510385513,-0.03984278440475464
-0.022976059466600418,-0.01824692264199257,-0.023717667907476425,-0.03393121808767319
-0.04331761598587036,-0.048645537346601486,-0.0498596727848053,-0.04977571591734886
-0.052890434861183167,-0.06362839043140411,-0.08452558517456055,-0.11512555181980133
-0.15239879488945007,-0.19206655025482178,-0.229624941945076,-0.2612054944038391
-0.28451651334762573,-0.2991139888763428,-0.3053750693798065
-0.3025386929512024,-0.2875625491142273,-0.2563963234424591,-0.20637083053588867
-0.13759461045265198,-0.05346657335758209,0.0394727885723114,0.132571741938591
0.21642597019672394,0.28237006068229675,0.32390737533569336,0.3374187648296356
0.32221272587776184,0.280504435300827,0.21756097674369812,0.14139986038208008
0.06135120987892151,-0.013709470629692078,-0.07641585171222687,-0.12142874300479889
-0.1455678641796112,-0.14782965183258057,-0.1295165717601776
-0.09361021965742111,-0.043686285614967346,0.01639663055539131,0.08242149651050568
0.1498604118824005,0.2142934501171112,0.27256932854652405,0.32357802987098694
0.3677965998649597,0.4065050780773163,0.44085463881492615,0.47072383761405945
0.49480193853378296,0.5121171474456787,0.5228455066680908,0.5277321338653564
0.5274406671524048,0.5223535299301147,0.5129285454750061,0.5003401637077332
0.48603227734565735,0.4700447916984558,0.45024558901786804
0.42352810502052307,0.38748857378959656,0.34153011441230774,0.28733184933662415
0.22834238409996033,0.16884751617908478,0.11334523558616638,0.06599980592727661
0.030265912413597107,0.008806716650724411,0.0032322853803634644,0.013256538659334183
0.035524651408195496,0.06343458592891693,0.08856905996799469,0.10254175215959549
0.09861932694911957,0.07299772650003433,0.02528373897075653,-0.041355207562446594
-0.1202990859746933,-0.2025533765554428,-0.2784450352191925
-0.3392601013183594,-0.37852102518081665,-0.39256149530410767,-0.3805442154407501
-0.34433087706565857,-0.2881886065006256,-0.21819046139717102,-0.14138615131378174
-0.06492725014686584,0.004702188074588776,0.06226329877972603,0.1041131541132927
0.12828251719474792,0.13424548506736755,0.12261933833360672,0.0950830727815628
0.05420652776956558,0.002876877784729004,-0.0562136210501194,-0.12067532539367676
-0.18827763199806213,-0.2567274272441864,-0.3237420320510864
-0.3874208629131317,-0.44662079215049744,-0.5013808012008667,-0.5527461767196655
-0.601396918296814,-0.6463304162025452,-0.6849629878997803,-0.7140325903892517
-0.7303650975227356,-0.7317976951599121,-0.7179372310638428,-0.6900730729103088
-0.6509552001953125,-0.6046188473701477,-0.5558698177337646,-0.509819746017456
-0.4710704982280731,-0.4422692060470581,-0.42309126257896423,-0.410314679145813
-0.3992532193660736,-0.3862612843513489,-0.37052589654922485
-0.3539651036262512,-0.33994925022125244,-0.33174800872802734,-0.3312629461288452,-0.3386167883872986,-0.35254526138305664,-0.3709726929664612,-0.3913746774196625
-0.4107690155506134,-0.42541390657424927,-0.4308859407901764,-0.4230976700782776
-0.3996281027793884,-0.3602967858314514,-0.3069319725036621,-0.24291473627090454
-0.1725175678730011,-0.09996847808361053,-0.028829127550125122,0.038089919835329056,0.09881903976202011,0.15240760147571564,0.1989424079656601
0.2394949048757553,0.2759512662887573,0.31053680181503296,0.34503647685050964
0.38006076216697693,0.41495323181152344,0.44837653636932373,0.4789382219314575
0.5055854916572571,0.527870774269104,0.5459131002426147,0.5602967739105225
0.57220458984375,0.5832895636558533,0.595288097858429,0.6094669103622437
0.6256250739097595,0.6416147947311401,0.6540805101394653,0.6596658825874329
0.6561423540115356,0.6429646015167236,0.6210775375366211
0.5927818417549133,0.5616558194160461,0.5318487286567688,0.5070978403091431,0.4901425540447235
0.0002023398847086355,2.7760852390201762e-05,0.0002417809737380594,0.0001694976381259039,1.5512918253079988e-05,0.0011711473343893886,0.005648777820169926
0.01524646021425724,0.03082207217812538,0.05162035673856735,0.0745781660079956
0.09431362897157669,0.10484776645898819,0.10282722860574722,0.08996912837028503,0.07215937227010727,0.055850863456726074,0.04513345658779144,0.04150550067424774,0.04542605206370354,0.057579755783081055,0.07865043729543686,0.10775181651115417,0.14100873470306396,0.17196251451969147,0.19352731108665466,0.2002415955066681,0.18986624479293823,0.16373836994171143,0.12647926807403564
0.08506361395120621,0.046835653483867645,0.017794277518987656,0.0020690876990556717
0.0020159611012786627,0.01831302046775818,0.04938206821680069,0.09011267870664597
0.13160182535648346,0.1632719337940216,0.17671437561511993,0.1692577302455902
0.1446090191602707,0.11032089591026306,0.0745985135436058,0.04389362782239914
0.021660273894667625,0.00833817943930626,0.002110183471813798,0.0001757005520630628
4.130423621973023e-05,0.0002048764581559226,0.00014831352746114135
1.5065045317896875e-06,0.000331989984260872,0.0021494838874787092,0.0069739180617034435
0.01675483211874962,0.03331606462597847,0.05730230733752251,0.08722680807113647
0.11930209398269653,0.14829306304454803,0.16923381388187408,0.17906832695007324
0.17712414264678955,0.16478507220745087,0.14496934413909912,0.12125793099403381,0.09709437191486359,0.0752759799361229,0.05746837332844734,0.04411177709698677
0.034840963780879974,0.029038559645414352,0.026295853778719902
0.02663288079202175,0.030488939955830574,0.03853501379489899,0.05119677260518074
0.06795968115329742,0.08677922934293747,0.10402281582355499,0.1156318411231041
0.11931166052818298,0.11581893265247345,0.10811454802751541,0.09950673580169678,0.09235615283250809,0.08759049326181412,0.0846717432141304,0.08206284046173096
0.07811049371957779,0.07193347066640854,0.06390728801488876,0.05525870621204376,0.0470755472779274,0.03980584815144539,0.03346899896860123
0.027979368343949318,0.023206960409879684,0.018908411264419556,0.014794507063925266
0.010732418857514858,0.00689473794773221,0.0037007888313382864,0.001534275826998055
0.0004401197948027402,8.297228487208486e-05,2.8318232580204494e-05,8.73306707944721e-05
0.00034349903580732644,0.0008194862748496234,0.0012424985179677606,0.0012472934322431684
0.0007795291021466255,0.00020921921532135457,4.944246484228643e-06,0.00037721003172919154
0.001264661201275885,0.002523143542930484,0.004042553715407848
0.005747228395193815,0.007520276587456465,0.009126038290560246,0.010307997465133667
0.010993888601660728,0.011300189420580864,0.011360534466803074,0.011200386099517345
0.010684413835406303,0.009543372318148613,0.0075685251504182816,0.004910279996693134
0.0022153265308588743,0.00039082608418539166,7.475905294995755e-05,0.0011781250359490514
0.002885128604248166,0.004152801353484392,0.0042994325049221516,0.0032913677860051394
0.0016943832160905004,0.0003704306436702609,3.073535117437132e-05
0.0009484045440331101,0.003033833112567663,0.006035236641764641,0.009674939326941967
0.0137401157990098,-0.13445134460926056,-0.15007126331329346,-0.16394898295402527
-0.1760278195142746,-0.18639801442623138,-0.195216566324234,-0.2026607245206833
-0.2087314873933792,-0.21292607486248016,-0.21428446471691132,-0.21183116734027863
-0.2050948292016983,-0.19455769658088684,-0.18164293467998505,-0.16818256676197052
-0.15605804324150085,-0.14693471789360046,-0.14151206612586975
-0.13906991481781006,-0.13804027438163757,-0.13670970499515533,-0.1334475874900818
-0.1270318627357483,-0.1170569658279419,-0.10375525802373886,-0.08762532472610474
-0.06950069218873978,-0.05050843209028244,-0.03177439048886299,-0.0144478939473629
0.0002061743289232254,0.010902236215770245,0.01643010787665844,0.01596243306994438
0.009424309246242046,-0.002544872462749481,-0.018871109932661057,-0.038237374275922775
-0.059047069400548935,-0.07931803166866302,-0.09682530909776688
-0.10937853157520294,-0.11527049541473389,-0.11390364170074463,-0.10589779913425446
-0.09261869639158249,-0.07560297846794128,-0.055895403027534485,-0.033955927938222885,-0.010549422353506088,0.01263606920838356,0.0333193875849247,0.049272626638412476
0.05887935310602188,0.06121077761054039,0.05583849176764488,0.04333624243736267,0.025844495743513107,0.006488703191280365,-0.011786614544689655,-0.02716303989291191
-0.03956332802772522,-0.05041907727718353,-0.06132841110229492
-0.07280697673559189,-0.08444172888994217,-0.09563227742910385,-0.10550890862941742
-0.11269935220479965,-0.11572443693876266,-0.11322484165430069,-0.10386767238378525
-0.08662133663892746,-0.0612996369600296,-0.029047638177871704,0.007332842797040939
0.04374513775110245,0.07601018995046616,0.1010465919971466,0.11750955134630203
0.1259811371564865,0.1283893585205078,0.12679331004619598,0.12238435447216034,0.11498568207025528,0.1030191108584404,0.08409848809242249
0.055917516350746155,0.016948483884334564,-0.03288146108388901,-0.09161581844091415
-0.1554921567440033,-0.2198532223701477,-0.27990299463272095,-0.33089011907577515
-0.3676875829696655,-0.3845192790031433,-0.3759945333003998,-0.33911359310150146,-0.2748487591743469,-0.18842968344688416,-0.08805200457572937,0.01740749180316925
0.12030227482318878,0.21491819620132446,0.2970985770225525
0.3633553981781006,0.4102274477481842,0.4343794584274292,0.43332237005233765
0.4063977003097534,0.35548704862594604,0.28486448526382446,0.2004748284816742
0.10942016541957855,0.019441068172454834,-0.06201281026005745,-0.12867552042007446
-0.176133394241333,-0.20229661464691162,-0.20744992792606354,-0.19394955039024353
-0.1655864268541336,-0.12664060294628143,-0.08103868365287781,-0.031906887888908386
0.018422231078147888,0.06816549599170685,0.115780308842659,0.15954391658306122,0.1976141333580017,0.228671595454216,0.25205761194229126
0.267450213432312,0.27482497692108154,0.27440446615219116,0.26643794775009155
0.2511419653892517,0.22871826589107513,0.19932077825069427,0.1631208062171936
0.12058524787425995,0.07297314703464508,0.02259127050638199,-0.02767355367541313
-0.0748380720615387,-0.11574779450893402,-0.14718297123908997,-0.16639608144760132
-0.17155611515045166,-0.16201132535934448,-0.1384500414133072,-0.10287174582481384,-0.05838209390640259,-0.00891924649477005,0.04120328277349472
0.08797521144151688,0.12808625400066376,0.15889471769332886,0.17852483689785004
0.18609820306301117,0.18161599338054657,0.16548970341682434,0.137979656457901
0.09889297187328339,0.04799320548772812,-0.013691551983356476,-0.08214281499385834
-0.14959000051021576,-0.20571714639663696,-0.24044832587242126,-0.24716128408908844
-0.22451400756835938,-0.17591172456741333,-0.10783599317073822,-0.028333738446235657
0.053897105157375336,0.1301087737083435,0.19243517518043518
0.23470473289489746,0.25299501419067383,0.24638912081718445,0.21718540787696838
0.17033441364765167,0.11272148787975311,0.052191898226737976,-0.0037145763635635376
-0.04941486567258835,-0.08317592740058899,-0.10781954973936081,-0.12917786836624146
-0.1529458463191986,-0.1817561686038971,-0.21395593881607056,-0.2442120909690857
-0.2655194401741028,-0.2717403173446655,-0.25976476073265076,-0.23079845309257507
-0.18977148830890656,-0.1429862678050995,-0.09605167806148529
-0.05300253629684448,-0.016397103667259216,0.011493461206555367,0.027420569211244583
0.027260035276412964,0.007577275857329369,-0.03189747780561447,-0.08619139343500137
-0.1452433168888092,-0.1965242177248001,-0.2288810908794403,-0.23624002933502197
-0.2195815145969391,-0.18612225353717804,-0.1460895538330078,-0.10843367874622345
-0.0776190534234047,-0.053433194756507874,-0.03341950476169586,-0.015830639749765396
-0.0012619439512491226,0.007965434342622757,0.009978705085814
0.005267634056508541,-0.0031334850937128067,-0.011599048972129822,-0.01850106008350849
-0.02516189031302929,-0.03448748588562012,-0.048159293830394745,-0.06445281952619553
-0.07875826954841614,-0.08585628122091293,-0.08157040178775787,-0.06400757282972336
-0.034968435764312744,0.00010364502668380737,0.034606948494911194,0.06415024399757385
0.08842577040195465,0.11037248373031616,0.13350212574005127,0.15960559248924255
0.18797114491462708,0.21541689336299896,0.23686940968036652
0.24713724851608276,0.24323610961437225,0.22554896771907806,0.1976902037858963
0.16585847735404968,0.13744693994522095,0.11913405358791351,0.11548218131065369
0.12828460335731506,0.1561380922794342,0.19403888285160065,0.2338903397321701,0.2663431167602539,0.28294411301612854,0.27825498580932617,0.25188538432121277,0.20890462398529053,0.15751951932907104,0.10521619021892548,0.055820539593696594,0.009154267609119415,-0.03678138926625252,-0.08259771019220352
-0.1254700869321823,-0.15967929363250732,-0.17941239476203918,-0.18210609257221222,-0.17001581192016602,-0.14877504110336304,-0.12429331243038177,-0.10025118291378021
-0.07738097757101059,-0.05485165864229202,-0.03264709189534187,-0.012970682233572006
-4.604458808898926e-05,0.0012125484645366669,-0.01304574217647314,-0.04428842291235924
-0.0908791795372963,-0.14756593108177185,-0.20568238198757172,-0.2547056972980499
-0.2846413850784302,-0.2887223958969116,-0.2656608819961548
-0.21990099549293518,-0.15972401201725006,-0.09440115094184875,-0.03174404799938202
0.022698014974594116,0.0654151663184166,0.09508906304836273,0.11285843700170517
0.1220972090959549,0.1276225447654724,0.13437999784946442,0.14587126672267914,0.1625889241695404,0.18124620616436005,0.1960240751504898,0.2016579657793045
0.19631598889827728,0.18225795030593872,0.1639556735754013,0.1454245150089264,0.1291407197713852,0.11641830950975418,0.10743313282728195
0.10109168291091919,0.09544990211725235,0.08797971904277802,0.0757189691066742
0.05572204291820526,0.02562103420495987,-0.01520240306854248,-0.06388137489557266
-0.11347085237503052,-0.15452885627746582,-0.17826306819915771,-0.18000173568725586
-0.1613127738237381,-0.12954457104206085,-0.09514164924621582,-0.06783118098974228,-0.05298823118209839,-0.049905505031347275,-0.05279100313782692,-0.053796764463186264,-0.04668612405657768,-0.029183976352214813,-0.003000594675540924
0.02750895917415619,0.0572427473962307,0.08202440291643143,0.09877270460128784,0.10471270233392715,0.09709004312753677,0.07365074753761292,0.033715516328811646,-0.020516391843557358,-0.08313189446926117,-0.1447422206401825,-0.19409732520580292,-0.22069723904132843,-0.21755599975585938,-0.18314720690250397,-0.12178100645542145
-0.04241795837879181,0.043915994465351105,0.12712593376636505,0.19915510714054108
0.25298815965652466,0.28198203444480896
0.2809116244316101,0.2482721507549286,0.18829694390296936,0.1107906699180603
0.0283060222864151,-0.04771961271762848,-0.10935057699680328,-0.15225869417190552
-0.17524917423725128,-0.18043607473373413,-0.17330670356750488,-0.16173015534877777
-0.15405023097991943,-0.1567702740430832,-0.1721792221069336,-0.19689486920833588
-0.2228206843137741,-0.2408016473054886,-0.24493613839149475,-0.23475658893585205
-0.21434274315834045,-0.18930938839912415,-0.16353245079517365,-0.13774026930332184
-0.11058545112609863,-0.08093998581171036,-0.049800656735897064,-0.02073761820793152
0.0011676251888275146,0.0112466374412179,0.0075521767139434814,-0.007251059636473656
-0.025842756032943726,-0.03853687644004822,-0.03680717200040817,-0.01654786430299282
0.02025570161640644,0.06627927720546722,0.11176015436649323,0.14841195940971375
0.1725916564464569,0.18602678179740906,0.19395749270915985,0.2017621546983719
0.21191807091236115,0.2233724445104599,0.2331014722585678
0.23819005489349365,0.23747913539409637,0.23177848756313324,0.22283202409744263,0.21231143176555634,0.20097821950912476,0.18838073313236237,0.17344318330287933,0.15505312383174896,0.132310152053833,0.10471384972333908,0.07260140776634216,0.037883393466472626,0.0039871856570243835,-0.0251004658639431,-0.045439355075359344
-0.053760260343551636,-0.04885987937450409,-0.0327867791056633,-0.010652881115674973,0.011102410964667797,0.027067527174949646,0.034576550126075745
0.034435391426086426,0.030540864914655685,0.02794608101248741,0.029907772317528725
0.03577527403831482,0.04108206927776337,0.039463117718696594,0.025286030024290085
-0.003743058070540428,-0.04491512477397919,-0.09082610160112381,-0.13140110671520233
-0.15656912326812744,-0.15910154581069946,-0.13684213161468506,-0.09309791028499603
-0.03546270728111267,0.026036690920591354,0.08142058551311493,0.12301817536354065
0.14670974016189575,0.15225614607334137,0.14232315123081207
0.12077752500772476,0.09130802750587463,0.05616915971040726,0.015515707433223724
-0.031748853623867035,-0.08582152426242828,-0.1437705159187317,-0.19895058870315552
-0.2424750179052353,-0.2657005488872528,-0.26291412115097046,-0.23328927159309387
-0.18139685690402985,-0.11630657315254211,-0.04920969903469086,0.009514935314655304
0.05251936614513397,0.07694128900766373,0.08462367951869965,0.0807584822177887
0.0716683566570282,0.06216210126876831,0.053424157202243805
0.04294062405824661,0.0266369991004467,0.0017868466675281525,-0.03132738545536995
-0.069617360830307,-0.10838582366704941,-0.14296363294124603,-0.17023402452468872
-0.18928959965705872,-0.20114752650260925,-0.20810270309448242,-0.2131274938583374
-0.21888114511966705,-0.22628435492515564,-0.23357388377189636,-0.2362939566373825
-0.22818301618099213,-0.20300695300102234,-0.15709616243839264,-0.09147438406944275
-0.012267164885997772,0.07057353854179382,0.14534848928451538
0.20094233751296997,0.22895780205726624,0.22539278864860535,0.19148041307926178
0.1332017183303833,0.0601862370967865,-0.015241347253322601,-0.07967201620340347
-0.12154310941696167,-0.13452941179275513,-0.11958951503038406,-0.08432252705097198
-0.03981391340494156,0.0037562400102615356,0.04073260724544525,0.07096616178750992
0.09801729023456573,0.12574604153633118,0.15501916408538818,0.18263816833496094
0.20337355136871338,0.21353693306446075,0.21329762041568756
0.206106498837471,0.19584718346595764,0.18393738567829132,0.16853967308998108,0.14634627103805542,0.11546860635280609,0.07726751267910004,0.03600292652845383
-0.003251582384109497,-0.03698645532131195,-0.06426569819450378,-0.08604409545660019
-0.10390190780162811,-0.11889991164207458,-0.13084670901298523,-0.13862937688827515
-0.14146801829338074,-0.1399039328098297,-0.13580471277236938,-0.1316038966178894
-0.12929362058639526,-0.12933871150016785,-0.12966808676719666
-0.12568488717079163,-0.11184938997030258,-0.08375030755996704,-0.03956408053636551
0.018795881420373917,0.08508006483316422,0.14991533756256104,0.20339716970920563
0.23768943548202515,0.24916407465934753,0.2392101138830185,0.2131928950548172
0.1783636510372162,0.14139783382415771,0.10648694634437561,0.07502426952123642
0.04644058644771576,0.019217941910028458,-0.007848137989640236,-0.034159958362579346
-0.05667997524142265,-0.07075223326683044,-0.07197385281324387
-0.05845918506383896,-0.032443419098854065,-0.00015291571617126465,0.030021147802472115
0.049817364662885666,0.052873022854328156,0.03617413714528084,0.0010763481259346008
-0.047179825603961945,-0.10116875916719437,-0.1529248058795929,-0.19539007544517517
-0.2235053926706314,-0.23485159873962402,-0.23031742870807648,-0.21417810022830963,-0.19290754199028015,-0.1732214242219925,-0.15973874926567078,-0.15279902517795563,-0.14779962599277496,-0.13692030310630798,-0.11270848661661148
-0.07170157879590988,-0.015883855521678925,0.04853300750255585,0.11393100768327713
0.17428824305534363,0.22659319639205933,0.2700134217739105,0.3039441704750061
0.32654720544815063,0.33512407541275024,0.32803234457969666,0.3063684403896332
0.2741372585296631,0.23648995161056519,0.19701828062534332,0.1563112884759903
0.11265246570110321,0.06393980979919434,0.0097765251994133,-0.04706408828496933
-0.1006699874997139,-0.1438034027814865,-0.1703217327594757
-0.17678900063037872,-0.16306625306606293
-0.13210536539554596,-0.08906786143779755,-0.04023159295320511,0.007773280143737793
0.04849783703684807,0.07648104429244995,0.08815810829401016,0.08243042230606079
0.06098049134016037,0.02812185138463974,-0.010123047977685928,-0.04732134938240051
-0.0778731107711792,-0.09796072542667389,-0.10592035204172134,-0.10207618772983551
-0.0883583351969719,-0.06786724925041199,-0.044422805309295654,-0.022166509181261063
-0.005014944821596146,0.004346748813986778,0.005299019161611795,-0.0009338867384940386
-0.012076927348971367,-0.025587107986211777,-0.039398208260536194,-0.051978155970573425
-0.06176014617085457,-0.0668930858373642,-0.06532236188650131,-0.055306144058704376
-0.03662414476275444,-0.01135161891579628,0.01670919731259346,0.04359658062458038
0.06702947616577148,0.08722467720508575,0.10589560866355896,0.12436626106500626
0.14204734563827515,0.15610092878341675,0.16281527280807495,0.1597493588924408
0.147110253572464,0.12792256474494934,0.10671520233154297,0.08701499551534653
0.0694490522146225,0.051685087382793427,0.02970823273062706,-0.00031833723187446594
-0.03996694087982178,-0.08704052865505219,-0.13542452454566956,-0.1761329174041748
-0.19923776388168335,-0.19639813899993896,-0.16329628229141235,-0.10119041800498962
-0.01699294149875641,0.07817906141281128,0.17133043706417084,0.2499123215675354
0.3036746382713318,0.32591351866722107,0.3140183091163635
0.2694763243198395,0.19752417504787445,0.10635092854499817,0.005884945392608643
-0.09359002113342285,-0.18275105953216553,-0.2542336881160736,-0.30321139097213745
-0.3275929093360901,-0.32786691188812256,-0.3067774176597595,-0.2689574062824249
-0.22038479149341583,-0.1676872819662094,-0.11741054058074951,-0.07510866224765778
-0.04430744796991348,-0.025727152824401855,-0.017238639295101166,-0.014934293925762177
-0.014836123213171959,-0.014110255055129528,-0.011463743634521961
-0.007038393057882786,-0.0019712280482053757,0.00206935266032815,0.0032915626652538776
0.00023675092961639166,-0.008080604486167431,-0.02222302556037903,-0.04198272153735161
-0.06592611223459244,-0.09124316275119781,-0.11392620205879211,-0.12973327934741974
-0.13596153259277344,-0.13269801437854767,-0.12232179939746857,-0.10792309045791626
-0.09215821325778961,-0.07644529640674591,-0.059891678392887115,-0.03898337110877037
-0.00882016122341156,0.0349288284778595,0.09414742141962051
0.1668277382850647,0.24673451483249664,0.324846088886261,0.3920621871948242
0.44134417176246643,0.46812987327575684,0.4696875810623169,0.44452807307243347
0.39241307973861694,0.31488338112831116,0.2160760760307312,0.10346384346485138
-0.01258443295955658,-0.12088020145893097,-0.21191759407520294,-0.2794787287712097
-0.320855975151062,-0.33603236079216003,-0.326835036277771,-0.2967573404312134
-0.2510805130004883,-0.1965501606464386,-0.14038357138633728
-0.08892317116260529,-0.04659195989370346,-0.015581026673316956,0.003915928304195404
0.01293139811605215,0.012468656525015831,0.002816193737089634,-0.015980979427695274
-0.04351888969540596,-0.07899700105190277,-0.12090732157230377,-0.1657528281211853
-0.2068825662136078,-0.2350841462612152,-0.24109838902950287,-0.21901486814022064
-0.16892603039741516,-0.09726330637931824,-0.014562860131263733,0.06827943027019501
0.14325390756130219,0.20598682761192322,0.254082053899765
0.28510934114456177,0.29605066776275635,0.2845211625099182,0.25086304545402527
0.19961795210838318,0.13905423879623413,0.07876384258270264,0.026710964739322662
-0.012791883200407028,-0.03932422399520874,-0.05500289052724838,-0.06267336010932922
-0.06465619057416916,-0.06253757327795029,-0.057782843708992004,-0.05222417041659355
-0.047923434525728226,-0.046585533767938614,-0.04889506474137306,-0.054362863302230835
-0.061853229999542236,-0.07032334804534912,-0.07912639528512955
-0.08752868324518204,-0.09396418184041977,-0.0958104357123375,-0.09000146389007568
-0.07439583539962769,-0.04910998046398163,-0.016925454139709473,0.01746523007750511
0.04926563799381256,0.07552823424339294,0.09577366709709167,0.1108541339635849
0.12113787233829498,0.12551501393318176,0.12197210639715195,0.1093374639749527
0.08878853917121887,0.06376011669635773,0.03833240270614624,0.015303634107112885
-0.004880545660853386,-0.023729879409074783,-0.043038446456193924
-0.06310001015663147,-0.08215473592281342,-0.09720616042613983,-0.1053743064403534
-0.10512872040271759,-0.09684738516807556,-0.08220256865024567,-0.06288843601942062
-0.04011854529380798,-0.015341956168413162,0.008984796702861786,0.029504133388400078
0.04289622604846954,0.04732479900121689,0.04324902594089508,0.03250293433666229
0.016807448118925095,-0.002683524042367935,-0.02516338787972927,-0.049638889729976654
-0.07371082901954651,-0.09256353974342346,-0.09952567517757416
-0.08825638145208359,-0.055770352482795715,-0.0048065632581710815,0.05615811049938202
0.11552614718675613,0.16278839111328125,0.19242195785045624,0.20530298352241516
0.20720185339450836,0.20554889738559723,0.20573928952217102,0.20855605602264404
0.21030426025390625,0.20574423670768738,0.1918344348669052,0.16935443878173828
0.14121104776859283,0.10943645238876343,0.07369183003902435,0.032092854380607605
-0.016385622322559357,-0.06939195096492767,-0.12053089588880539
-0.16142898797988892,-0.18536065518856049,-0.19011290371418,-0.17821040749549866
-0.15460185706615448
0.10156922787427902,0.10221390426158905,0.10534287989139557,0.10628336668014526,0.10033772885799408,0.08571118116378784,0.06508837640285492,0.04394513741135597
0.02707223780453205,0.016283486038446426,0.010623631998896599,0.008038192056119442,0.006557729560881853,0.004654096905142069,0.001941262511536479,3.8520658563356847e-05
0.0017237856518477201,0.008254804648458958,0.017470017075538635,0.02494775876402855
0.027476301416754723,0.025388948619365692,0.021605486050248146,0.019062766805291176
0.01931898668408394,0.022701064124703407,0.02843954600393772,0.034412845969200134
0.03783557564020157,0.03720571845769882,0.03354858234524727
0.02958729863166809,0.02814384177327156,0.031657908111810684,0.042876049876213074
0.06496334820985794,0.09941036254167557,0.14263786375522614,0.1848153918981552
0.21357356011867523,0.22076299786567688,0.20659556984901428,0.17795704305171967
0.14350470900535583,0.10959811508655548,0.07890315353870392,0.05159873142838478
0.027782438322901726,0.009409012272953987,0.000359607016434893,0.003836960531771183
0.01871185190975666,0.03867362439632416,0.05587086081504822
0.06545004993677139,0.06667979061603546,0.06128838658332825,0.051662806421518326
0.03974628448486328,0.026916537433862686,0.014776773750782013,0.00547927338629961,0.0006557877641171217,0.0003869703796226531,0.00351264257915318,0.008401787839829922
0.013432271778583527,0.017261438071727753,0.018942832946777344,0.018081488087773323
0.015019814483821392,0.010835925117135048,0.006944139488041401,0.004329388495534658,0.0031407643109560013,0.0030802185647189617,0.0038691656664013863
0.005242994986474514,0.006861725356429815,0.008363080210983753,0.009334854781627655
0.009319300763309002,0.0079944534227252,0.0054495083168148994,0.0024451096542179585
0.0003185851383022964,0.00029736029682680964,0.0025217002257704735,0.005606682505458593
0.007508542388677597,0.007085396442562342,0.004822287242859602,0.0022332414519041777
0.0005852212198078632,4.788602018379606e-05,2.1296862939834682e-07,4.732180605060421e-05
0.0006187731632962823,0.0025392775423824787,0.0060566929168999195
0.010291473008692265,0.013661039061844349,0.01504723634570837,0.014735412783920765
0.014218537136912346,0.0152903376147151,0.01956493966281414,0.028347155079245567,0.041803400963544846,0.05754408612847328,0.07025838643312454,0.07376902550458908,0.06495394557714462,0.04668267071247101,0.02649044618010521,0.011431406252086163,0.0037636728957295418,0.0012608487159013748,0.0010394956916570663,0.0022329071070998907,0.005081268958747387,0.008757217787206173,0.011200645007193089
0.01109132170677185,0.00912120658904314,0.007028625346720219,0.006055804435163736
0.006644506938755512,0.008857016451656818,0.012281454168260098,0.015682777389883995
0.01737298257648945,0.016285592690110207,0.012821536511182785,0.008572074584662914
0.005092857871204615,0.002955324249342084,0.0018519532168284059,0.001212446833960712,0.000598113692831248,3.895602640113793e-05,0.000554188503883779,0.004181874915957451
0.012616170570254326,0.025052638724446297,0.03744584321975708
0.044627245515584946,0.043869055807590485,0.036597076803445816,0.026830434799194336,-0.13485758006572723,-0.10998527705669403,-0.09007693827152252,-0.07160371541976929
-0.04889287054538727,-0.017459996044635773,0.023196261376142502,0.06891671568155289
0.1124100610613823,0.14601562917232513,0.16447332501411438,0.16648295521736145
0.15451587736606598,0.13342930376529694,0.10859102010726929,0.08398061245679855,0.06139998883008957,0.04102484881877899,0.02204672247171402
0.00319034606218338,-0.016395006328821182,-0.03646295145153999,-0.05589646100997925
-0.07320092618465424,-0.08679813146591187,-0.09568843990564346,-0.10024192929267883
-0.10238046199083328,-0.1051534116268158,-0.11169438064098358,-0.12372585386037827
-0.14023712277412415,-0.157261922955513,-0.169759601354599,-0.17461548745632172
-0.1721893846988678,-0.16549432277679443,-0.15810608863830566,-0.15228642523288727
-0.14798730611801147,-0.1427294760942459,-0.13264861702919006
-0.11443957686424255,-0.08678761124610901,-0.05063767731189728,-0.008860334753990173
0.034323010593652725,0.07432792335748672,0.10769703984260559,0.1333465874195099,0.1525554358959198,0.1675875186920166,0.17970851063728333,0.18786178529262543
0.1890064924955368,0.17964446544647217,0.1572883278131485,0.12162870168685913
0.07536058127880096,0.02410855144262314,-0.02438688650727272,-0.061458200216293335,-0.07935644686222076,-0.07378780841827393,-0.0461239367723465
-0.003517933189868927,0.04377978667616844,0.08615773916244507,0.11701791733503342,0.13338366150856018,0.13566824793815613,0.1267068237066269,0.1099291741847992
0.08754374086856842,0.05966401845216751,0.024796433746814728,-0.018304234370589256
-0.06848309934139252,-0.12122928351163864,-0.1692097932100296,-0.20399615168571472,-0.21895945072174072,-0.21222203969955444,-0.18769370019435883,-0.15375877916812897,-0.1206388771533966,-0.09718538820743561,-0.08776457607746124
-0.09066615998744965,-0.0990946814417839,-0.10410822927951813,-0.09824687242507935,-0.07867414504289627,-0.048376016318798065,-0.014688536524772644,0.014203669503331184,0.03314059227705002,0.042112357914447784,0.04556535929441452,0.04948697239160538,0.05780576914548874,0.07006853073835373,0.08157837390899658,0.08544255793094635,0.07545199990272522,0.04911666363477707
0.009634438902139664,-0.03456756845116615,-0.0725335031747818,-0.09452203661203384
-0.0954926535487175,-0.07674798369407654,-0.04485497623682022,-0.008547000586986542
0.024765620008111,0.05110398307442665,0.06984739005565643,0.08224819600582123
0.08950529992580414,0.09107697755098343,0.08429359644651413,0.0658431127667427
0.03449949622154236,-0.006563849747180939,-0.04964442551136017,-0.08480586111545563
-0.10353289544582367,-0.10220163315534592,-0.08355396240949631,-0.0553787499666214
-0.027097202837467194,-0.005727104842662811,0.006794441491365433,0.013631600886583328
0.021044576540589333,0.0356033630669117,0.06109492480754852,0.09619646519422531
0.13485589623451233,0.16945955157279968,0.19447271525859833,0.20839568972587585
0.21349573135375977,0.21379198133945465,0.21233271062374115,0.2094704955816269
0.20283697545528412,0.18805015087127686,0.1597336381673813,0.11310487985610962
0.04598917067050934,-0.03911197930574417,-0.13398517668247223,-0.2259165495634079
-0.3007570207118988,-0.3465834856033325,-0.35718443989753723
-0.33422011137008667,-0.28671228885650635,-0.2279743254184723,-0.17117802798748016,-0.125135600566864,-0.09219935536384583,-0.06899672001600266,-0.04899214953184128,-0.025785639882087708,0.0036579780280590057,0.037210553884506226,0.06821179389953613
0.08787167817354202,0.0882316529750824,0.06522271037101746,0.02102378010749817
-0.03580522537231445,-0.09266485273838043,-0.13640433549880981,-0.15692204236984253
-0.15024010837078094,-0.11983092129230499,-0.07535669952630997
-0.029616788029670715,0.004928864538669586,0.019489232450723648,0.0116273807361722
-0.013928605243563652,-0.0470743328332901,-0.07595282793045044,-0.09095922857522964,-0.08776059746742249,-0.0683196559548378,-0.0397380068898201,-0.011547118425369263
0.00782047025859356,0.014363942667841911,0.01002733875066042,0.0015680622309446335
-0.002297108992934227,0.006118833087384701,0.03128628805279732,0.07313057035207748,0.1265818327665329,0.1824696660041809,0.23000627756118774
0.26019471883773804,0.2687216103076935,0.2570341229438782,0.23127150535583496
0.1997678130865097,0.17028045654296875,0.14764276146888733,0.13225053250789642
0.12007592618465424,0.10433156788349152,0.07805250585079193,0.03702937066555023
-0.017694760113954544,-0.07923103868961334,-0.13687682151794434,-0.18002189695835114,-0.20219309628009796,-0.20321428775787354,-0.18853309750556946,-0.16636277735233307
-0.14415667951107025,-0.12626749277114868,-0.11384232342243195
-0.10583274066448212,-0.09944581985473633,-0.0902918204665184,-0.07339368015527725
-0.045375242829322815,-0.006839834153652191,0.03685685619711876,0.07720299810171127
0.10551299899816513,0.11565370857715607,0.10559885203838348,0.07772092521190643
0.03771975636482239,-0.00719195231795311,-0.049902331084012985,-0.08489125221967697
-0.10936480760574341,-0.12345202267169952,-0.12972012162208557,-0.1321486234664917
-0.13464656472206116,-0.1397058069705963,-0.14752840995788574
-0.15585866570472717,-0.16093392670154572,-0.15934796631336212,-0.1496669352054596
-0.13281051814556122,-0.11146460473537445,-0.08920003473758698,-0.06945490837097168
-0.05451500415802002,-0.04478119686245918,-0.03851889818906784,-0.0324242003262043
-0.02290472947061062,-0.00708136148750782,0.01668941229581833,0.048213958740234375
0.08537031710147858,0.12515124678611755,0.16491100192070007,0.20289352536201477
0.23840397596359253,0.27178674936294556,0.30384552478790283
0.33502066135406494,0.3648340106010437,0.3917137086391449,0.4131694436073303
0.4262298345565796,0.4280673563480377,0.41670161485671997,0.39163705706596375
0.35431939363479614,0.3081924319267273,0.2582600712776184,0.21014048159122467
0.16865232586860657,0.13662604987621307,0.11439915001392365,0.0997503250837326
0.08852312713861465,0.0762595608830452,0.0601215735077858,0.039823323488235474,0.017271917313337326,-0.004528585821390152,-0.02282719686627388
-0.036001116037368774,-0.04379817843437195,-0.047312408685684204,-0.04843490198254585
-0.0490105114877224,-0.05045868828892708,-0.05368465930223465,-0.05888516083359718
-0.06555195897817612,-0.07279421389102936,-0.07973068952560425,-0.08593527972698212
-0.09168179333209991,-0.0977032482624054,-0.10487451404333115,-0.11401129513978958
-0.12537610530853271,-0.1380005031824112,-0.1496967077255249,-0.1580728143453598
-0.16166506707668304,-0.16039705276489258,-0.1554178148508072
-0.14868097007274628,-0.1424061357975006,-0.13831697404384613,-0.13691852986812592
-0.13730305433273315,-0.1376243680715561,-0.1359555423259735,-0.13088983297348022
-0.12173181772232056,-0.10885483771562576,-0.09411753714084625,-0.08045805245637894
-0.0707119032740593,-0.06654118746519089,-0.0678463727235794,-0.07275727391242981
-0.078254334628582,-0.08101839572191238,-0.07829368114471436,-0.06865546852350235
-0.052180368453264236,-0.03012368083000183,-0.004707299172878265
0.021189307793974876,0.04484201595187187,0.06436274945735931,0.07855746150016785
0.086338110268116,0.08635447919368744,0.07720380276441574,0.05821697413921356
0.030232705175876617,-0.004245162010192871,-0.04123930260539055,-0.07558617740869522
-0.10177592933177948,-0.11532855033874512,-0.1141127347946167,-0.09890219569206238
-0.07264310121536255,-0.03897672891616821,-0.0011996403336524963,0.037879738956689835,0.07555869966745377
0.10899504274129868,0.135581374168396,0.15341034531593323,0.16121649742126465
0.15835139155387878,0.14495407044887543,0.12186140567064285,0.09056110680103302
0.05338045209646225,0.01352854073047638,-0.02506943978369236,-0.058145008981227875
-0.08191928267478943,-0.09424906969070435,-0.09532789885997772,-0.08752807229757309
-0.07469046860933304,-0.06099872291088104,-0.049717165529727936,-0.04252593219280243
-0.039627719670534134,-0.040192317217588425,-0.042877666652202606,-0.046401504427194595
-0.049902789294719696
-0.052954062819480896,-0.05548066645860672,-0.05760646238923073,-0.05917556211352348
-0.05924602597951889,-0.05618556961417198,-0.04802871495485306,-0.032631635665893555
-0.008060690015554428,0.026775851845741272,0.07170765101909637,0.1251034140586853
0.18395009636878967,0.24413464963436127,0.30053040385246277,0.34746527671813965
0.3799552619457245,0.3946080803871155,0.3899492919445038,0.36653053760528564
0.3264966607093811,0.2729532718658447,0.2093498408794403
0.13862240314483643,0.0627681314945221,-0.016754381358623505,-0.09839710593223572
-0.18002080917358398,-0.25863635540008545,-0.33064842224121094,-0.3925686776638031
-0.44162678718566895,-0.4756827652454376,-0.49294474720954895,-0.4922291934490204
-0.4733104407787323,-0.4371725618839264,-0.38622793555259705,-0.32411351799964905
-0.2551995813846588,-0.18405398726463318,-0.11503341794013977,-0.051953837275505066
0.00232001394033432,0.045858487486839294,0.07728719711303711
0.09584326297044754,0.10185830295085907,0.09680621325969696,0.08274253457784653
0.06213594973087311,0.038054272532463074,0.01383897289633751,-0.007456503808498383
-0.02357778325676918,-0.0334150567650795,-0.03687327355146408,-0.03456530719995499
-0.02770238183438778,-0.01808185875415802,-0.007617749273777008,0.002321038395166397
0.01089774165302515,0.0176668893545866,0.022584959864616394,0.025798315182328224
0.02768668718636036,0.028877174481749535,0.02980470471084118
0.03034493513405323,0.029720183461904526,0.02704198658466339,0.022304203361272812
0.016659284010529518,0.012041652575135231,0.010661443695425987,0.014246830716729164
0.023318350315093994,0.03686397522687912,0.05273684859275818,0.06856025755405426
0.08223570883274078,0.09226572513580322,0.09819607436656952,0.10049701482057571
0.09998131543397903,0.09739308804273605,0.09341166168451309,0.08876591175794601
0.0839247852563858,0.07886078208684921,0.07333572208881378
0.06724724918603897,0.0611281581223011,0.0565020777285099,0.055181823670864105
0.05814220756292343,0.06497655808925629,0.07399412989616394,0.08299614489078522
0.09012341499328613,0.094232939183712,0.09510376304388046,0.09308359026908875
0.08837863802909851,0.0808764100074768,0.07013390958309174,0.05562538653612137
0.03746931627392769,0.016459036618471146,-0.0064143408089876175,-0.02980685606598854
-0.05212201550602913,-0.07232796400785446,-0.09000027179718018
-0.10457755625247955,-0.11537900567054749,-0.12219521403312683,-0.12511053681373596
-0.12401571869850159,-0.11880224943161011,-0.10960345715284348,-0.09683218598365784
-0.08122709393501282,-0.06341253221035004,-0.04368031769990921,-0.0227254256606102,-0.002008359879255295,0.016669774428009987,0.031280212104320526,0.03986591100692749
0.04145852476358414,0.03630264848470688,0.025608565658330917,0.011822953820228577
-0.0016708280891180038,-0.011649741791188717,-0.015719691291451454
-0.01273049134761095,-0.0030454685911536217,0.011568574234843254,0.028094414621591568
0.043053463101387024,0.05383913964033127,0.05913574621081352,0.05850550904870033
0.052270472049713135,0.04135195538401604,0.026490408927202225,0.00795850157737732
-0.013809112831950188,-0.037707600742578506,-0.061749108135700226,-0.08319000899791718
-0.09920206665992737,-0.10757862031459808,-0.10710141062736511,-0.09770135581493378
-0.08072038739919662,-0.05885162204504013,-0.03529790788888931
-0.012805182486772537,0.006995998322963715,0.02370786853134632,0.03773947432637215
0.05000309646129608,0.06150268763303757,0.07276277244091034,0.08371182531118393
0.09365112334489822,0.1013878583908081,0.10571272671222687,0.10549972951412201
0.09988324344158173,0.08882735669612885,0.07303109765052795,0.05356571823358536
0.03208155184984207,0.01079193502664566,-0.007949873805046082,-0.022153301164507866
-0.030851678922772408,-0.03401930257678032,-0.0317302830517292
-0.023994572460651398,-0.011044645681977272,0.0066129183396697044,0.028012581169605255
0.05187885835766792,0.07710304856300354,0.10250929743051529,0.12644773721694946
0.14700087904930115,0.16236764192581177,0.1711062490940094,0.17232254147529602
0.16594785451889038,0.152642160654068,0.13332989811897278,0.10927559435367584
0.08224903047084808,0.05422697961330414,0.027143016457557678,0.002742130309343338,-0.017539022490382195,-0.03288460895419121,-0.04335575923323631
-0.049375809729099274,-0.05134743079543114,-0.049873534590005875,-0.04562672600150108
-0.03953639417886734,-0.03355057165026665,-0.030032720416784286,-0.030157726258039474
-0.03370894119143486,-0.03978356346487999,-0.04707887023687363,-0.05437491834163666
-0.060822248458862305,-0.06556397676467896,-0.06792011857032776,-0.06779755651950836
-0.06545694172382355,-0.061473384499549866,-0.056683532893657684,-0.0517447255551815,-0.047193270176649094,-0.04353533312678337,-0.040943071246147156
-0.03928165137767792
-0.03816814348101616,-0.0370657816529274,-0.03567664325237274,-0.03391558304429054
-0.03180146589875221,-0.02959275059401989,-0.027582909911870956,-0.026037463918328285
-0.02527099847793579,-0.025313496589660645,-0.025799542665481567,-0.026247285306453705
-0.026346363127231598,-0.02597030997276306,-0.024827592074871063,-0.022616364061832428
-0.019515205174684525,-0.016109207645058632,-0.013255397789180279,-0.011787118390202522
-0.011916832998394966,-0.013493848964571953,-0.016593944281339645,-0.021361008286476135
-0.02797255851328373,-0.036851607263088226,-0.04832364618778229,-0.06246007978916168
-0.07947306334972382,-0.09935812652111053,-0.12087193876504898,-0.14132124185562134
-0.15722030401229858,-0.16543367505073547,-0.16448497772216797,-0.1547059714794159
-0.13749302923679352,-0.11521099507808685,-0.09097322076559067,-0.0676271840929985
-0.047024376690387726,-0.029612675309181213,-0.014417849481105804,-5.85503876209259e-05
0.01424782071262598
0.02831309847533703,0.04060417786240578,0.04855363816022873,0.049673788249492645
0.042367082089185715,0.026687227189540863,0.0048838332295417786,-0.019174454733729362
-0.0409737154841423,-0.05629723519086838,-0.06228794530034065,-0.057809848338365555
-0.043353624641895294,-0.02099614590406418,0.006271990016102791,0.035345643758773804
0.06331872195005417,0.08777303993701935,0.10677217692136765,0.11886153370141983
0.12358351051807404,0.12152591347694397,0.11398565769195557
0.1028871163725853,0.09022190421819687,0.07732833176851273,0.06469932198524475
0.051985785365104675,0.0385567881166935,0.02423492819070816,0.00932488963007927
-0.005342109128832817,-0.01841013878583908,-0.028460552915930748,-0.03400501608848572
-0.03354684263467789,-0.02650519460439682,-0.013651696965098381,0.0033505968749523163
0.02236713469028473,0.040999677032232285,0.05670095980167389,0.06687898188829422
0.06908898800611496,0.061710137873888016,0.045158520340919495
0.022206414490938187,-0.002916581928730011,-0.02528044581413269,-0.0401284359395504
-0.04421812295913696,-0.036447182297706604,-0.017911404371261597,0.008045749738812447
0.03666713461279869,0.063307985663414,0.08434420824050903,0.0973639190196991
0.10151903331279755,0.09811687469482422,0.0901956558227539,0.0810423195362091
0.07310476899147034,0.06753598898649216,0.06433825194835663,0.06304774433374405
0.06303288042545319,0.06370211392641068,0.06496959179639816
0.06701195240020752,0.06968340277671814,0.07248722016811371,0.07471422106027603
0.07540618628263474,0.07316568493843079,0.06629929691553116,0.053898561745882034
0.03675626218318939,0.01677604764699936,-0.003995707258582115,-0.02356245368719101
-0.040218427777290344,-0.05276751145720482,-0.060242749750614166,-0.06201663985848427
-0.05791052430868149,-0.04768038168549538,-0.031418561935424805,-0.010780993849039078
0.011341461911797523,0.032320164144039154,0.050220511853694916
0.06354723870754242,0.07130295783281326,0.07309325039386749,0.06933127343654633,0.06118450686335564,0.05011928826570511,0.037662941962480545,0.025029655545949936
0.012798851355910301,0.001179458573460579,-0.009956208057701588,-0.021032754331827164
-0.03222903981804848,-0.043390363454818726,-0.05416613817214966,-0.06398145109415054
-0.07262295484542847,-0.08056211471557617,-0.08821091055870056,-0.09554576873779297
-0.10232848674058914,-0.10814408957958221
-0.11273360997438431,-0.11618678271770477,-0.11844970285892487,-0.11933539807796478
-0.11888033151626587,-0.11707262694835663,-0.11374449729919434,-0.10884571820497513
-0.1025841161608696,-0.09558485448360443,-0.0886385515332222,-0.08221915364265442
-0.07690674811601639,-0.0739741325378418,-0.07468698918819427,-0.07922978699207306
-0.08648395538330078,-0.09415582567453384,-0.09937819838523865,-0.09994582086801529
-0.09471678733825684,-0.08329659700393677,-0.06631588935852051
-0.04540693014860153,-0.02238779515028,0.0009798742830753326,0.022585846483707428
0.040265247225761414,0.05290522053837776,0.06083587557077408,0.06510469317436218
0.06660410761833191,0.06544603407382965,0.06112292781472206,0.0533110536634922,0.042191144078969955,0.02850905805826187,0.013577606528997421,-0.0011361651122570038
-0.01410213764756918,-0.02375585399568081,-0.029240721836686134,-0.03059968911111355
-0.02802741341292858,-0.021375475451350212,-0.01007438451051712
0.0063611287623643875,0.02744486555457115,0.05155818536877632,0.07631894946098328
0.09908309578895569,0.11761416494846344,0.13033396005630493,0.13644957542419434
0.13617652654647827,0.13046999275684357,0.12074219435453415,0.1086704209446907
0.09586077928543091,0.08394394814968109,0.0744892954826355,0.06841787695884705
0.06590434908866882,0.0663808286190033,0.06843182444572449,0.07030695676803589
0.0703827291727066,0.06729380041360855,0.06029372289776802
0.049339331686496735,0.03501274064183235,0.018598798662424088,0.0016460977494716644
-0.014393074437975883,-0.027995197102427483,-0.037783183157444,-0.04277133196592331
-0.042448725551366806,-0.037376705557107925,-0.02931821346282959,-0.020504659041762352
-0.013316867873072624,-0.010325947776436806,-0.013878979720175266,-0.025141339749097824
-0.043271489441394806,-0.0656147450208664,-0.08848069608211517,-0.10808517038822174
-0.12180470675230026,-0.1286551058292389,-0.12877725064754486
-0.12295500934123993,-0.11205802112817764,-0.09666763991117477,-0.07726326584815979,-0.05431045591831207
3.0896932003088295e-05,2.4374196073040366e-05,1.8305410776520148e-05,1.2794417671102565e-05,7.97283155407058e-06,4.12453300668858e-06,1.547493525322352e-06,2.9746593099844176e-07
1.4336624110100615e-09,3.657508074184079e-08,8.883914937030113e-09,1.0962741470166293e-07,1.0901283076236723e-06,3.843384547508322e-06,8.703397725184914e-06,1.4874127373332158e-05,2.059690268652048e-05,2.4038366973400116e-05,2.419090742478147e-05,2.1177522285142913e-05
1.6037258319556713e-05,1.0265114724461455e-05,5.194412551645655e-06,1.6326007425959688e-06
4.0306062487616146e-08,9.686625617177924e-07,5.337782113201683e-06,1.4246918908611406e-05,2.8307731554377824e-05,4.699393321061507e-05,6.850982026662678e-05
9.011915244627744e-05,0.00010890683915931731,0.0001229941553901881,0.00013237565872259438
0.0001387388474540785,0.00014459120575338602,0.0001518983772257343,0.0001606657897355035
0.0001687126059550792,0.00017295152065344155,0.00017101636331062764,0.00016253218927886337
0.00014953459321986884,0.0001355031708953902,0.00012385917943902314,0.00011693995475070551
0.00011544318113010377,0.00011823201202787459,0.00012271864397916943,0.0001258892734767869
0.00012550599058158696,0.00012094187695765868,0.00011341374192852527
0.00010540034418227151,9.93622379610315e-05,9.663563832873479e-05,9.714526095194742e-05
9.962249896489084e-05,0.00010196721996180713,0.00010192475019721314,9.805588342715055e-05
9.041326848091558e-05,8.041572436923161e-05,7.003265636740252e-05,6.095242133596912e-05
5.418861110229045e-05,5.0022856157738715e-05,4.80792296002619e-05,4.7454857849515975e-05
4.704916864284314e-05,4.608093877322972e-05,4.4459437049226835e-05,4.2829025915125385e-05
4.215615626890212e-05,4.305493348510936e-05,4.548270590021275e-05
4.879127664025873e-05,5.177699858904816e-05,5.2935018175048754e-05,5.095873348182067e-05
4.523817915469408e-05,3.64156294381246e-05,2.640813727339264e-05,1.7352320355712436e-05
1.0516603651922196e-05,6.072133146517444e-06,3.4776292068272596e-06,2.034350018220721e-06
1.2201769550301833e-06,7.169701348175295e-07,3.584017633784242e-07,1.079873683806909e-07
1.228874224601384e-09,7.35822922592888e-08,3.30213936194923e-07,7.232575853777234e-07
1.1435762417022488e-06,1.4755488564333064e-06,1.7064277244571713e-06
1.977687816179241e-06,2.5536953671689844e-06,3.809888539763051e-06,6.193700755829923e-06
9.997333108913153e-06,1.504132706031669e-05,2.0659144865931012e-05,2.6063225959660485e-05,3.0670045816805214e-05,3.4186588891316205e-05,3.660872607724741e-05,3.813881266978569e-05
3.9081140130292624e-05,3.9762653614161536e-05,4.0391696529695764e-05,4.100202568224631e-05
4.160406024311669e-05,4.23596975451801e-05,4.356259887572378e-05,4.5442931877914816e-05
4.808403173228726e-05,5.1442002586554736e-05
5.5155665904749185e-05,5.8440717111807317e-05,6.0399990616133437e-05,6.028719508321956e-05
5.7694654969964176e-05,5.29489443579223e-05,4.703937520389445e-05,4.091718437848613e-05
3.513442788971588e-05,3.0023222279851325e-05,2.5837833163677715e-05,2.2677064407616854e-05
2.033508826571051e-05,1.833346686908044e-05,1.6233667338383384e-05,1.3881402992410585e-05
1.13642709038686e-05,8.87157966644736e-06,6.568133358086925e-06,4.563917173072696e-06
2.9867319426557515e-06,1.955146899490501e-06,1.470795041313977e-06
1.4479625178864808e-06,1.8089072000293527e-06,2.4421606212854385e-06,3.1134657092479756e-06
3.540572834026534e-06,-0.0018777746008709073,-0.0017305921064689755,-0.0014357008039951324
-0.0010322063462808728,-0.0006030317163094878,-0.00023339333711192012,4.0018290746957064e-05
0.0002482448471710086,0.0004612634365912527,0.0007364852353930473,0.0010917610488831997
0.0015146770747378469,0.001980744767934084,0.0024596061557531357,0.002914869226515293
0.0033088214695453644,0.0036124044563621283,0.0038182870484888554
0.003941160161048174,0.003989558666944504,0.003939258866012096,0.003746303264051676
0.003382459981366992,0.00285815866664052,0.00222599389962852,0.0015684044919908047
0.0009840350830927491,0.0005800989456474781,0.0004402681952342391,0.0005727734533138573
0.0009078667499125004,0.0013532736338675022,0.0018320376984775066,0.002285958267748356,0.0026905371341854334,0.003072312567383051,0.0034937167074531317,0.004013229161500931,0.004649180918931961,0.005366825498640537,0.006093083880841732
0.006752199027687311,0.007294841576367617,0.007700338494032621,0.007967867888510227
0.008107643574476242,0.008135786280035973,0.00807646382600069,0.007960876449942589
0.007814157754182816,0.0076316948980093,0.007375044282525778,0.0070051513612270355
0.006506926845759153,0.005882534198462963,0.005148846656084061,0.0043488238006830215
0.0035514943301677704,0.002827112562954426,0.002210314152762294,0.0016827252693474293
0.001195642864331603,0.0007103505777195096,0.00021949439542368054
-0.00024816731456667185,-0.0006351321935653687,-0.0008922556880861521,-0.0010117646306753159
-0.0010198606178164482,-0.0009651666623540223,-0.0009075015550479293,-0.0008893960621207952
-0.0009270425653085113,-0.0010205789003521204,-0.001147713279351592,-0.0012572907144203782
-0.0012908492935821414,-0.0012169349938631058,-0.001054971944540739,-0.0008807505364529788
-0.000795364030636847,-0.0008673041593283415,-0.00110076111741364,-0.0014383909292519093
-0.0017746496014297009,-0.001992490142583847,-0.0020201955921947956
-0.0018654447048902512,-0.0016107754781842232,-0.0013786134077236056,-0.0012748457957059145
-0.0013413213891908526,-0.0015463707968592644,-0.0018171111587435007,-0.0020834628958255053
-0.002289668656885624,-0.002387093147262931,-0.0023495748173445463,-0.002195913577452302,-0.001981312409043312,-0.0017627079505473375,-0.0015731165185570717,-0.0014170614304021
-0.001278416602872312,-0.001136545673944056,-0.0009813235374167562
-0.0008162524318322539,-0.0006493531982414424,-0.00048443011473864317,-0.0003246883861720562
-0.00017559443949721754,-3.157477476634085e-05,0.00013424560893326998,0.00035401195054873824
0.0006398524856194854,0.0009716149652376771,0.0013024952495470643,0.0015909795183688402
0.001822550082579255,0.0019839098677039146,0.002049041446298361,0.0020049838349223137
0.0018625580705702305,0.0016500004567205906,0.0014041727408766747,0.0011467767180874944
0.0008754672016948462,0.0005807281122542918,0.0002482915297150612,-0.0001417899620719254
-0.0005887446459382772,-0.0010501304641366005,-0.001454389886930585
-0.0017259418964385986,-0.001810763613320887,-0.0017075908835977316,-0.0014871869934722781
-0.0012671416625380516,-0.0011483636917546391,-0.0011728047393262386,-0.0013366227503865957
-0.0016108988784253597,-0.0019346867920830846,-0.002225935459136963,-0.0024294028989970684
-0.002556420397013426,-0.002685229294002056,-0.0029205249156802893,-0.0033372293692082167
-0.003943148069083691,-0.004681398160755634,-0.0054685333743691444,-0.006223224103450775
-0.006867456249892712,-0.007333267945796251,-0.00757949473336339
-0.007605168502777815,-0.007450037635862827,-0.007175859995186329,-0.006846307776868343
-0.006508323363959789,-0.006183860823512077,-0.0058922069147229195,-0.005656308028846979
-0.005474800243973732,-0.005322409328073263,-0.005176425911486149,-0.00502142496407032
-0.004843678791075945,-0.0046333130449056625,-0.004375530406832695,-0.0040277582593262196
-0.0035266238264739513,-0.002842195564880967,-0.0020148318726569414,-0.0011341236531734467
-0.0003035403788089752,0.0003715945058502257,0.0007921109790913761
0.0008991663926281035,0.0007055222522467375,0.00028491305420175195,-0.00025870383251458406
-0.0008260512840934098,-0.00134912075009197,-0.0017853726167231798,-0.002109922468662262
-0.002324524102732539,-0.002453605644404888,-0.00252604391425848,-0.0025576723273843527
-0.002541975351050496,-0.0024504854809492826,-0.0022418322041630745,-0.001886132755316794
-0.0013782388996332884,-0.000720434240065515,8.746469393372536e-05,0.0010312150698155165
0.002051238901913166,0.003037187969312072,0.0038833264261484146
0.004544359631836414,0.005032719112932682,0.0053911153227090836,0.00566983874887228
0.005905072670429945,0.006105940323323011,0.0062633417546749115,0.006367684807628393
0.006410821806639433,0.006382981780916452,0.006281130015850067,0.006110267248004675
0.005878562107682228,0.005608223378658295,0.005335817113518715,0.005083245225250721
0.004848184529691935,0.004624596796929836,0.004406459629535675,0.004184724763035774
0.003971567377448082,0.0038190775085240602,0.003793389303609729
0.0039322106167674065,0.004222484305500984,0.0045951600186526775,0.0049406131729483604
0.005147833377122879,0.005139680579304695,0.004894230514764786,0.004451500717550516
0.0038926121778786182,0.0033131276722997427,0.0028116321191191673,0.0024714097380638123
0.0023235627450048923,0.002320569474250078,0.0023493231274187565,0.0022799642756581306
0.0020296622533351183,0.0016069338889792562,0.0011075412621721625,0.0006736192153766751
0.0004398610908538103,0.00048349000280722976,0.0007935676258057356
0.001264994265511632,0.0017198834102600813,0.0019567592535167933,0.001821462414227426
0.0012731676688417792,0.000400700606405735,-0.000618459889665246,-0.0015816399827599525
-0.0023199880961328745,-0.0027448113542050123,-0.0028665000572800636,-0.0027745782863348722
-0.0025954300072044134,-0.0024429087061434984,-0.0023731428664177656,-0.0023728881496936083
-0.0023858328349888325,-0.0023459955118596554,-0.0022113744635134935,-0.0020049717277288437
-0.0018263781676068902,-0.0018009014893323183,-0.0020121228881180286
-0.0024739771615713835,-0.003130238503217697,-0.003872496308758855,-0.0045830076560378075
-0.005165702663362026,-0.005559074692428112,-0.0057545192539691925,-0.005803038831800222
-0.00579906115308404,-0.0058417427353560925,-0.005988886579871178,-0.006239093840122223
-0.006541053298860788,-0.00682431785389781,-0.007041412405669689,-0.007176659535616636
-0.007227891590446234,-0.007201435975730419,-0.007119863294064999,-0.007020327728241682
-0.006923313718289137,-0.0068033188581466675,-0.006608122028410435
-0.006299401167780161,-0.005878186319023371,-0.0053900242783129215,-0.00491173192858696
-0.004527577199041843,-0.004296621307730675,-0.004233578220009804,-0.004311043303459883
-0.004454117268323898,-0.004548652097582817,-0.004483413882553577,-0.004192798864096403
-0.0036902856081724167,-0.003080115420743823,-0.002516327193006873,-0.0021299177315086126
-0.001980663975700736,-0.0020499529782682657,-0.0022473610006272793,-0.002437483984977007
-0.0024985603522509336,-0.0023734290152788162,-0.0020931963808834553
-0.0017675490817055106,-0.0015308386646211147,-0.001477887388318777,-0.0016202394617721438
-0.0018749866867437959,-0.0021077338606119156,-0.0022062789648771286,-0.0021313228644430637
-0.0019212107872590423,-0.0016522881342098117,-0.0013924655504524708,-0.00118630297947675
-0.0010464830556884408,-0.0009281234815716743,-0.000712359556928277,-0.00024145003408193588
0.0005822628154419363,0.001706605893559754,0.002931914059445262,0.0040001715533435345
0.004710795357823372,0.0049871960654854774,0.004867076873779297
0.004463938996195793,0.003928292077034712,0.0034011683892458677,0.002972987713292241
0.0026639564894139767,0.0024301819503307343,0.002194597152993083,0.0018827191088348627
0.0014573256485164165,0.0009520547464489937,0.00046742288395762444,0.0001334098051302135
7.476640166714787e-05,0.0003676064370665699,0.001004466786980629,0.0018997665029019117
0.0029080179519951344,0.0038523785769939423,0.004584318958222866,0.005041519645601511,0.005262981168925762,0.0053544240072369576
0.005436248611658812,0.005610066466033459,0.005925948265939951,0.006348942872136831
0.006774597801268101,0.007093391846865416,0.007247604429721832,0.0072484626434743404
0.007160810753703117,0.007066769991070032,0.007019357290118933,0.007013140711933374
0.006992741953581572,0.006886630784720182,0.006643613800406456,0.006260435562580824
0.0057853832840919495,0.005298391915857792,0.004896803293377161,0.004679471720010042
0.004700732883065939,0.004931550472974777,0.005268012639135122,0.005575984716415405
0.005750915966928005,0.005751142278313637,0.005593018606305122,0.0053384979255497456
0.005067267455160618,0.004837936721742153,0.004673484247177839,0.004570940043777227
0.0045111775398254395,0.004452267661690712,0.004327856469899416,0.004074172116816044
0.003661828115582466,0.0031127696856856346,0.002496353816241026,0.0018925212789326906
0.0013492880389094353,0.0008844189578667283,0.0005150389624759555,0.00025704287691041827
0.00010185575229115784,7.0807000156491995e-06,-0.00010605023271637037
-0.00034154640161432326,-0.0007777995197102427,-0.0014069158351048827,-0.00213309726677835
-0.0028336523100733757,-0.0034114327281713486,-0.003810218535363674,-0.004012318328022957
-0.004019920248538256,-0.0038382329512387514,-0.0034781836438924074,-0.002964624436572194
-0.0023434150498360395,-0.0016796125564724207,-0.0010457969037815928,-0.0005143404705449939
-0.00014893774641677737,5.929818144068122e-06,-6.552495324285701e-05,-0.00034171866718679667
-0.0007631120388396084,-0.0012414183001965284,-0.0016869017854332924
-0.002038372214883566,-0.002270966302603483,-0.002403130754828453,-0.0024947086349129677
-0.002613196149468422,-0.00279878918081522,-0.0030488811898976564,-0.0033193889539688826
-0.003538296092301607,-0.0036374893970787525,-0.0036011780612170696,-0.003481477266177535
-0.0033680780325084925,-0.0033499065320938826,-0.0034798395354300737,-0.0037579028867185116
-0.004147901199758053,-0.004601645283401012,-0.005067933350801468,-0.005498115438967943,-0.005859473720192909,-0.006141954567283392,-0.006355687044560909
-0.006531060673296452,-0.006707911845296621,-0.006903364788740873,-0.007084944285452366
-0.007182039320468903,-0.0071265059523284435,-0.006884822156280279,-0.0064673214219510555
-0.005913219414651394,-0.005265376530587673,-0.004565132316201925,-0.0038609798066318035
-0.003207141999155283,-0.0026494923513382673,-0.002208705060184002,-0.00187570764683187
-0.0016214497154578567,-0.0014217542484402657,-0.0012879441492259502,-0.0012598410248756409
-0.001359085668809712,-0.0015591394621878862,-0.0018029939383268356
-0.002039899118244648,-0.002227389719337225,-0.002310717012733221,-0.002233728766441345
-0.001970351208001375,-0.0015461323782801628,-0.001038596499711275,-0.0005480620311573148
-0.00016094936290755868,7.637403905391693e-05,0.00016835855785757303,0.00015830587653908879
0.00011971716594416648,0.00015378081297967583,0.0003590055857785046,0.0007866409723646939
0.0014112773351371288,0.0021308441646397114,0.002806407865136862,0.0033102738671004772
0.0035484270192682743,0.0034795321989804506,0.0031408346258103848
0.002636229619383812,0.0020848007407039404,0.0015814935322850943,0.001173330587334931
0.000848330557346344,0.0005635374691337347,0.0002859030500985682,4.917965270578861e-06
-0.0002697596210055053,-0.0005093297804705799,-0.0006722979596816003,-0.0007171601173467934
-0.000611836847383529,-0.0003421803121455014,7.300532888621092e-05,0.0005822712555527687
0.0011296927696093917,0.001679487875662744,0.0022185249254107475,0.0027500332798808813
0.0032908038701862097,0.003868026426061988,0.00450055580586195
0.005171393044292927,0.005826115142554045,0.006400186102837324,0.006839187815785408
0.007107413839548826,0.00720194261521101,0.007155526429414749,0.007016838062554598
0.006828321609646082,0.006604556459933519,0.006314024329185486,0.005895111244171858
0.005306334234774113,0.004563814029097557,0.0037343185395002365,0.0029106438159942627
0.002197662368416786,0.0016852901317179203,0.001414996455423534,0.0013793058460578322
0.0015356832882389426,0.0018133799312636256,0.002130544977262616
0.0024227090179920197,0.002668946050107479,0.002893300959840417,0.0031345963943749666
0.003422315465286374,0.0037650868762284517,0.004128051921725273,0.0044301217421889305
0.004578964784741402,0.004500708542764187,0.004154517315328121,0.003551038447767496
0.0027579187881201506,0.0018744522240012884,0.0009950788225978613,0.00019224558491259813
-0.00048449120367877185,-0.001012511900626123,-0.0013934960588812828,-0.0016408558003604412
-0.001781690982170403,-0.0018735378980636597,-0.0020058266818523407
-0.0022634523920714855,-0.002670715097337961,-0.0031698523089289665,-0.003657061606645584
-0.004041797947138548,-0.00428242702037096,-0.004378147888928652,-0.004346716217696667
-0.004223786294460297,-0.004062241408973932,-0.0039022290147840977,-0.0037389935459941626,-0.003529635025188327,-0.0032356635201722383,-0.0028592294547706842,-0.002441478194668889
-0.002037997590377927,-0.0016967315459623933,-0.0014386833645403385,-0.0012544365599751472,-0.0011187491472810507,-0.00098413007799536,-0.0007758296560496092
-0.00044271821388974786,-1.1182972230017185e-05,0.0004224375879857689,0.000734326895326376
0.0008216662099584937,0.0006543483468703926,0.000300510844681412,-0.00010582112008705735
-0.0004295320832170546,-0.0005871080211363733,-0.000575015670619905,-0.0004585176648106426
-0.0003222591185476631,-0.0002315520541742444,-0.0002223053015768528,-0.00030192453414201736
-0.00046168541302904487,-0.0006848410703241825,-0.0009383217548020184,-0.0011710795806720853
-0.0013272950891405344,-0.001371373888105154,-0.0013133311877027154
-0.0012058229185640812,-0.0011136727407574654
-0.0010786359198391438,-0.001099264482036233,-0.001140005188062787,-0.0011557010002434254
-0.00111568090505898,-0.0010203218553215265,-0.0008955611265264452,-0.0007729351054877043
-0.0006787054589949548,-0.0006334923673421144,-0.0006456021801568568,-0.0007022822974249721
-0.0007789957453496754,-0.000853370875120163,-0.0009042340680025518,-0.0009091433021239936
-0.000849065138027072,-0.0007119404617697,-0.0005005564307793975,-0.0002444536075927317
1.1151481885463e-05,0.00023600689019076526,0.0004246991593390703,0.0005813639145344496
0.0007023289799690247,0.0007701459107920527,0.0007686889730393887,0.0007056345930323005
0.0006098815938457847,0.0005099307163618505,0.0004306374175939709,0.0003997931198682636
0.0004412105190567672,0.000582638313062489,0.000870057032443583,0.0013443949865177274
0.00200661295093596,0.0028040376491844654,0.003635547123849392,0.004373606294393539
0.004892718978226185,0.00510117644444108,0.004960509017109871,0.004477202892303467
0.0036954456008970737,0.0026977555826306343,0.0015961648896336555,0.0005175599362701178
-0.00041878654155880213,-0.0011247628135606647,-0.0015536200953647494,-0.0016981903463602066
-0.001585625926963985,-0.0012782813282683492,-0.0008647791109979153,-0.0004290108336135745
-2.2240448743104935e-05,0.0003525920619722456,0.0007426636293530464,0.0012190926354378462
0.00183614413253963,0.002596446545794606,0.003438434563577175,0.004259723238646984
0.004952090792357922,0.00542458426207304,0.005627381149679422
0.005575106479227543,0.0053442902863025665,0.005046542268246412,0.004800379741936922
0.004692206624895334,0.004730436950922012,0.004840160720050335,0.004903099499642849
0.004814071115106344,0.004533964209258556,0.004097272641956806,0.003573756432160735
0.0030483584851026535,0.0026198644191026688,0.002372120274230838,0.0023315679281949997
0.002450916450470686,0.0026388061232864857,0.002813792321830988,0.002936597680673003
0.0030162977054715157,0.0031001269817352295,0.0032433553133159876
0.0034733954817056656,0.003764905035495758,0.00404171459376812,0.004208642058074474
0.004188753664493561,0.003956800326704979,0.0035550061147660017,0.0030658801551908255
0.0025731665082275867,0.0021476401016116142,0.0018390128389000893,0.0016612207982689142
0.0015826562885195017,0.0015304223634302616,0.0014084097929298878,0.001122531364671886
0.000618510995991528,-9.018706623464823e-05,-0.0009449748322367668,-0.0018797444645315409
-0.002836907748132944,-0.003777874633669853,-0.00467365188524127
-0.005489393137395382,-0.006202645134180784,-0.006825864315032959,-0.0073960283771157265
-0.007939120754599571,-0.008442040532827377,-0.008856352418661118,-0.009119823575019836
-0.009175647050142288,-0.008987419307231903,-0.008559280075132847,-0.007953520864248276
-0.007279200945049524,-0.0066679599694907665,-0.0062508052214980125,-0.006112962961196899
-0.006257147993892431,-0.006615291815251112,-0.007081190124154091,-0.007542055565863848
-0.007916499860584736,-0.008175395429134369,-0.008324150927364826
-0.008384745568037033,-0.008399153128266335,-0.008412393741309643,-0.008435729891061783
-0.008439576253294945,-0.008370276540517807,-0.008167455904185772,-0.007792324759066105
-0.007261289749294519,-0.006662692409008741,-0.006136036012321711,-0.005812548100948334
-0.005760928615927696,-0.0059750317595899105,-0.006384842097759247,-0.0068720183335244656
-0.007306529674679041,-0.007593297399580479,-0.007694082800298929,-0.007626810111105442
-0.007451422978192568,-0.007238778751343489,-0.007037065923213959
-0.006859628949314356,-0.006688205990940332,-0.006475013215094805,-0.006165932863950729
-0.0057448954321444035,-0.005250480026006699,-0.0047538368962705135,-0.004329125862568617
-0.004035618156194687,-0.003896616166457534,-0.0038711028173565865,-0.003861743025481701
-0.0037631194572895765,-0.0035100667737424374,-0.0031116276513785124,-0.002646973356604576
-0.002215363783761859,-0.0018871966749429703,-0.001688009244389832,-0.0015989838866516948
-0.001553630456328392,-0.0014469280140474439,-0.001174075179733336
-0.0006767620798200369,2.3630971554666758e-05,0.0008206719066947699,0.0015641623176634312
0.0021270853467285633,0.0024556778371334076,0.0025850581005215645,0.002621821127831936
0.0027041162829846144,0.0029536928050220013,0.0034365409519523382,0.004143883008509874
0.004990588873624802,0.00583296176046133,0.006519840564578772,0.006964965257793665
0.007187466137111187,0.007287973538041115,0.007387117482721806,0.007563535124063492
0.00781166460365057,0.008031230419874191,0.00805976428091526
0.00775032676756382,0.007049768231809139,0.006032420787960291,0.004891278222203255
0.0038785110227763653,0.0032052963506430387,0.0029675960540771484,0.003130944911390543
0.003551909001544118,0.004025574773550034,0.004365006927400827,0.004480518400669098
0.004400831647217274,0.0042387088760733604,0.004144709557294846,0.0042604608461260796
0.004671457223594189,0.005371956620365381,0.006260402034968138,0.007172418758273125
0.007941602729260921,0.008471636101603508,0.008772178553044796
0.008930761367082596,0.009055398404598236,0.009214932098984718,0.00940175261348486
0.009541217237710953,0.009527891874313354,0.009263121522963047,0.008682618848979473
0.007780714426189661,0.00664814468473196,0.005486714653670788,0.0045449272729456425,0.003998393192887306,0.003864265512675047,0.00400304701179266,0.004188134800642729
0.004207118414342403,0.003952379338443279,0.003449393669143319,0.002824728609994054,0.002256372245028615,0.0019131472799926996,0.0018833030480891466
0.0021373119670897722,0.0025431890971958637,0.0029099329840391874,0.00306448875926435,0.00293237017467618
1.1552267096703872e-05,1.0865948752325494e-05,1.1957582501054276e-05,1.4803892554482445e-05,1.8867236576625146e-05,2.285537266288884e-05,2.4987664801301435e-05,2.3982809580047615e-05
1.9980225260951556e-05,1.4438521247939207e-05,9.14930205908604e-06,5.278539902064949e-06,3.1074380331119755e-06,2.326160029042512e-06,2.5629601623222698e-06,3.6398305383045226e-06,5.278753178572515e-06,6.863421276648296e-06,7.869162800488994e-06,8.447316758974921e-06,9.370117368234787e-06,1.1541608728293795e-05,1.564254125696607e-05,2.1901521904510446e-05,2.9774559152428992e-05,3.77835713152308e-05,4.395263022161089e-05,4.662654100684449e-05,4.525647818809375e-05,4.079001519130543e-05,3.522482074913569e-05
3.0584746127715334e-05,2.7984906409983523e-05,2.735640919127036e-05,2.7655511075863615e-05
2.7134319680044428e-05,2.4257597033283673e-05,1.9027618691325188e-05,1.2963615517946891e-05
7.827400622772984e-06,4.532425464276457e-06,2.961010977742262e-06,2.575731286924565e-06
2.926390152424574e-06,3.5952732559962897e-06,4.037430699099787e-06,3.7718582461820915e-06,2.7431026410340564e-06,1.3963605169919902e-06,3.66225833658973e-07,3.786038593744934e-09
9.389113131419435e-08,1.7550787845266314e-07,8.519389638195207e-08
3.938944656556309e-12,1.2853094233378215e-07,4.762507330724475e-07,8.037094403334777e-07
8.558594686292054e-07,6.185221650412132e-07,2.8294482490309747e-07,5.114502243941388e-08,4.660350327867491e-09,9.554003810308132e-08,2.594117916032701e-07,5.72157887290814e-07
1.3984624729346251e-06,3.5934228890255326e-06,8.431536116404459e-06,1.672249345574528e-05,2.7568357836571522e-05,3.810413181781769e-05,4.493513552006334e-05,4.6109438699204475e-05,4.198969327262603e-05,3.4795815736288205e-05,2.7101379600935616e-05
2.0509687601588666e-05,1.5499983419431373e-05,1.1802816516137682e-05,8.849776349961758e-06
6.2482304201694205e-06,4.002659807156306e-06,2.3371396764559904e-06,1.358031568088336e-06
9.714074167277431e-07,1.0765515980892815e-06,1.7422507880837657e-06,3.182269665558124e-06
5.5774999054847285e-06,8.818239621177781e-06,1.2348587006272282e-05,1.5522287867497653e-05
1.823750790208578e-05,2.1140747776371427e-05,2.520722227927763e-05,3.110902980552055e-05
3.8717487768735737e-05,4.6891978854546323e-05,5.372953455662355e-05
5.7217424910049886e-05,5.608704668702558e-05,5.043661076342687e-05,4.174217610852793e-05
3.227701745345257e-05,2.404762381047476e-05,1.8044873286271468e-05,1.4327204553410411e-05
1.236481148225721e-05,1.131402859755326e-05,1.0291056241840124e-05,8.717245691514108e-06
6.628145911236061e-06,4.513420208240859e-06,2.8145525448053377e-06,1.7091889503717539e-06
1.1682441254379228e-06,1.0862694352908875e-06,1.4216911949915811e-06,2.190913164668018e-06
3.310590500404942e-06,4.525009899225552e-06,5.526767381525133e-06
6.1295809246075805e-06,6.38065330349491e-06,6.5612421167315915e-06,7.00896907801507e-06
7.864069630159065e-06,8.97926111065317e-06,9.975018656405155e-06,1.0311257938155904e-05,9.558993042446673e-06,7.739834472886287e-06,5.304672868078342e-06,2.9289528811204946e-06,1.200439214699145e-06,3.003334541062941e-07,1.975583074909082e-08,8.362399661621112e-09,2.9308820259643653e-08,3.224827693770749e-08,4.971638034589887e-08,1.5168426159561932e-07,5.272647172205325e-07,1.5264918147295248e-06,3.502299023239175e-06
6.535599368362455e-06,1.035300829244079e-05,1.4488429769698996e-05,1.8467037079972215e-05
-0.004674979485571384,-0.0049293432384729385,-0.005056773778051138,-0.005051062908023596
-0.004908260889351368,-0.004645399749279022,-0.004300306551158428,-0.003917173016816378
-0.0035418011248111725,-0.003227478824555874,-0.0030286472756415606,-0.0029711516108363867
-0.003031620290130377,-0.0031556463800370693,-0.003297334536910057,-0.0034415344707667828
-0.0035948154982179403,-0.003764192806556821,-0.003940867725759745
-0.004100801423192024,-0.004215848166495562,-0.004248808138072491,-0.004152395762503147
-0.003897916292771697,-0.003506440669298172,-0.0030599094461649656,-0.002676883712410927
-0.002460234798491001,-0.002459437120705843,-0.0026599562261253595,-0.0030013062059879303
-0.0034155137836933136,-0.00384349818341434,-0.004232577048242092,-0.004549352917820215
-0.004795518703758717,-0.005000066477805376,-0.005189984571188688,-0.005365472286939621
-0.005491271615028381,-0.00550614669919014,-0.005362547468394041
-0.005064168944954872,-0.0046554855071008205,-0.004182192496955395,-0.003672303631901741
-0.0031529951374977827,-0.0026694373227655888,-0.002273072022944689,-0.0019904342480003834,-0.0018059246940538287,-0.001672341488301754,-0.0015336972428485751,-0.0013512982986867428
-0.001124376431107521,-0.0008892918704077601,-0.0007080051000230014,-0.0006421318976208568
-0.0007098467904143035,-0.0008755055605433881,-0.0010805008932948112,-0.0012712429743260145,-0.0014097620733082294,-0.001471396186389029,-0.0014451105380430818
-0.001342295785434544,-0.0011896658688783646,-0.0010103982640430331,-0.0008131547947414219
-0.0005802831146866083,-0.00027531717205420136,0.0001136929786298424,0.0005515405791811645
0.00097970524802804,0.001348908874206245,0.0016517865005880594,0.0019419166492298245
0.0022976435720920563,0.002756758825853467,0.003297742223367095,0.003873256966471672
0.0044381991028785706,0.004947712644934654,0.005347432103008032,0.005580105818808079
0.005613903049379587,0.005458824802190065,0.005137643311172724
0.004657938610762358,0.0040333946235477924,0.0033157379366457462,0.002592565957456827,0.0019520947244018316,0.001451222924515605,0.0011168422643095255,0.0009567886590957642
0.000958481861744076,0.001083470182493329,0.0012760122772306204,0.0014946127776056528
0.0017308759270235896,0.0020039957016706467,0.0023552998900413513,0.0028303219005465508,0.003443263005465269,0.004145404323935509
0.004836875945329666,0.00543099083006382,0.005894159432500601,0.00623573362827301
0.006490661296993494,0.006701204460114241,0.0069084917195141315,0.007143580354750156
0.007390921004116535,0.007561748381704092,0.007526303641498089,0.007187616545706987
0.006525825709104538,0.0055972202681005,0.004524963442236185,0.0034597162157297134
0.0025162033271044493,0.0017498319502919912,0.0011701392941176891,0.000760141178034246
0.0004932922311127186,0.0003340375260449946,0.00024109086371026933,0.00019923225045204163
0.00023916640202514827,0.00041157350642606616,0.0007489239796996117,0.001241742167621851
0.0018315704073756933,0.0024242668878287077,0.0029106023721396923,0.003191611496731639
0.003213892923668027,0.0029872243758291006,0.0025751932989805937,0.002077566459774971
0.0016000920441001654,0.0012145163491368294,0.0009343201527372003,0.0007286632317118347
0.0005629248917102814,0.0004166539874859154,0.0002780306385830045,0.0001403000787831843
-7.996743079274893e-06,-0.00018126984650734812,-0.00039133234531618655,-0.0006636237958446145
-0.0010367396753281355,-0.0015429571503773332,-0.0021893461234867573
-0.002937540877610445,-0.0037089914549142122,-0.004403311759233475,-0.004926289897412062
-0.0052377269603312016,-0.005350375548005104,-0.005285371094942093,-0.005064425524324179
-0.004726607818156481,-0.004332120530307293,-0.00395220285281539,-0.0036460126284509897
-0.0034377870615571737,-0.003318072995170951,-0.0032675692345947027,-0.003274510847404599
-0.0033395448699593544,-0.0034767219331115484,-0.003693555248901248,-0.003966649994254112
-0.0042547560296952724,-0.004528028890490532,-0.004773955326527357
-0.004981083329766989,-0.005123386159539223,-0.005167306400835514,-0.005091813392937183
-0.004900322761386633,-0.0046248771250247955,-0.004317156970500946,-0.004025218077003956
-0.003771231509745121,-0.0035453529562801123,-0.003328286809846759,-0.0031150181312114
-0.002914892276749015,-0.0027493550442159176,-0.0026393209118396044,-0.002582746557891369
-0.002558903070166707,-0.002551505109295249,-0.0025614032056182623,-0.002596609527245164
-0.0026596873067319393,-0.0027583532501012087,-0.0029074728954583406
-0.003108390374109149,-0.003339598188176751,-0.0035587013699114323,-0.0037111924029886723
-0.0037533531431108713,-0.0036673382855951786,-0.003456571139395237,-0.0031423834152519703
-0.0027674841694533825,-0.0023842263035476208,-0.0020243669860064983,-0.0016863778000697494
-0.0013626952422782779,-0.0010715990792959929,-0.0008551600622013211,-0.0007581732934340835
-0.0008170968503691256,-0.0010460775811225176,-0.0014032458420842886,-0.0017791683785617352
-0.002036545192822814,-0.0020691168028861284,-0.0018543896730989218
-0.0014718800084665418,-0.0010583638213574886,-0.0007287388434633613,-0.0005251047550700605
-0.0004225281882099807,-0.0003526148502714932,-0.0002194864791817963,7.051981810946018e-05,0.0005829344736412168,0.001345310127362609,0.0023250547237694263,0.0034143889788538218
0.004461910575628281,0.005339851602911949,0.005997207947075367,0.0064543974585831165
0.0067536476999521255,0.006912252865731716,0.006908304989337921,0.006699628196656704,0.006251708138734102,0.005561775993555784,0.004666143096983433
0.003629420418292284,0.0025542855728417635,0.0015949234366416931,0.0009204300586134195
0.0006474445108324289,0.0007861786289140582,0.0012263262178748846,0.001778431935235858
0.002258250955492258,0.002564601367339492,0.002697490621358156,0.0027252614963799715
0.0027393063064664602,0.002818423556163907,0.0030152194667607546,0.003356888424605131
0.003845755709335208,0.004443301819264889,0.005061399191617966,0.005598915740847588
0.005980334244668484,0.006170438136905432,0.006187352351844311
0.0060948277823626995,0.005970130208879709,0.00586608424782753,0.005783551838248968
0.0056784204207360744,0.0054870229214429855,0.0051479646936059,0.004627155140042305
0.003941334784030914,0.0031667875591665506,0.0024209918919950724,0.0018235563766211271
0.001460782252252102,0.0013569098664447665,0.0014566866448149085,0.0016459411708638072
0.0018043561140075326,0.0018528776708990335,0.0017873493488878012,0.0016881172778084874
0.001675789593718946,0.0018400256521999836,0.0021990006789565086
0.0026994228828698397,0.0032369729597121477,0.0036883170250803232,0.0039457352831959724
0.003932727500796318,0.0036223693750798702,0.0030769119039177895,0.002438480732962489
0.0018546306528151035,0.0014141142601147294,0.0011124475859105587,0.0008561603026464581
0.0005297754541970789,7.490639109164476e-05,-0.0004822320188395679,-0.0010515317553654313
-0.0015212775906547904,-0.0018233791925013065,-0.0019902093335986137,-0.002131346147507429
-0.002361682243645191,-0.0027548386715352535,-0.0033156333956867456
-0.0039766207337379456,-0.004619613289833069,-0.005104871932417154,-0.0053253620862960815
-0.005250412970781326,-0.004932333715260029,-0.004497841466218233,-0.004097550176084042
-0.003837824333459139,-0.0037491659168154,-0.0037895471323281527,-0.003879896365106106
-0.003937168046832085,-0.0038975111674517393,-0.003751377109438181,-0.0035489818546921015
-0.0033723912201821804,-0.0033015694934874773,-0.0033768019638955593,-0.003585805417969823,-0.0038770148530602455,-0.004185151308774948,-0.004463283345103264
-0.004683062434196472,-0.004811783321201801,-0.004813462495803833,-0.0046685440465807915
-0.004400406498461962,-0.004091429058462381,-0.00384607189334929,-0.0037304465658962727
-0.0037538581527769566,-0.003879156429320574,-0.0040376633405685425,-0.004167888313531876
-0.004257060121744871,-0.004333974793553352,-0.0044366056099534035,-0.0045960345305502415
-0.00482101971283555,-0.00509099755436182,-0.005362941883504391,-0.0055643850937485695,-0.005603290628641844
-0.005415455903857946,-0.005002685356885195,-0.004441466648131609,-0.003863239660859108
-0.0034024310298264027,-0.0031350483186542988,-0.0030436499509960413,-0.0030319553334265947
-0.0029801521450281143,-0.0028016718570142984,-0.0024748777505010366,-0.002044379012659192
-0.001595571986399591,-0.0012234894093126059,-0.001011617947369814,-0.001014921348541975
-0.001234396011568606,-0.0015845766756683588,-0.0019057559547945857,-0.0020461142994463444
-0.0019351933151483536,-0.001595709123648703,-0.0011159086134284735,-0.0006055005360394716
-0.00015537807485088706,0.00019657352822832763,0.0004777813737746328,0.0007478868355974555
0.0010583823313936591,0.0014263177290558815,0.0018139658495783806,0.002144576283171773
0.002357704099267721,0.0024673212319612503,0.0025785164907574654,0.0028314650990068913
0.0033171935938298702,0.004031941760331392,0.0048781149089336395,0.005699283443391323
0.006333386525511742,0.0066530401818454266,0.006584605202078819,0.0061288801953196526
0.005375736393034458,0.004476975183933973,0.003590177744626999
0.0028343081939965487,0.0022626901045441628,0.0018608912359923124,0.0015819629188627005
0.001382485032081604,0.0012275109766051173,0.0010953149758279324,0.001004078658297658
0.001019695308059454,0.001220416510477662,0.0016540372744202614,0.0023099693935364485
0.0031082197092473507,0.003920342773199081,0.004617483355104923,0.0051171425729990005
0.005405082367360592,0.00552645418792963,0.005563730839639902,0.005612905602902174
0.005750818643718958,0.005999304354190826,0.006302726920694113
0.006539666093885899,0.006579450331628323,0.006351559888571501,0.005888631101697683
0.005322662182152271,0.004824243485927582,0.004515672102570534,0.0044189197942614555
0.004463724792003632,0.004529397003352642,0.004494582302868366,0.0042786020785570145
0.0038555071223527193,0.0032647144980728626,0.0026231075171381235,0.0020877495408058167
0.001786721870303154,0.0017675063572824001,0.0019659437239170074,0.002224930562078953
0.002376236952841282,0.0023232316598296165,0.002075561322271824
0.0017314946744590998,0.0014246198115870357,0.001266244100406766,0.0013043571962043643,0.0015128847444429994,0.0017992464127019048,0.0020216177217662334,0.0020381317008286715
0.0017642753664404154,0.0012129547540098429,0.0005018491065129638,-0.00019973848247900605
-0.0007367891957983375,-0.0010098242200911045,-0.0010112891905009747,-0.0008369986899197102
-0.0006498664733953774,-0.0006138264434412122,-0.0008332604775205255,-0.0013221720000728965
-0.0020032881293445826,-0.0027409603353589773,-0.003400722984224558
-0.003888878272846341,-0.004157385788857937,-0.004213868640363216,-0.004132955800741911
-0.00402283389121294,-0.003959366120398045,-0.003947009332478046,-0.003925451543182135
-0.0038109866436570883,-0.0035608913749456406,-0.0032188103068619967,-0.0028957717586308718
-0.002705532591789961,-0.0027153389528393745,-0.0029295114800333977,-0.0032864040695130825
-0.003678780049085617,-0.003998538013547659,-0.004175936803221703,-0.004208371974527836
-0.004161280579864979,-0.004127240739762783,-0.004185311961919069
-0.004374420270323753,-0.004680030979216099,-0.005044767167419195,-0.005379272159188986
-0.005583916325122118,-0.005589853506535292,-0.005385478492826223,-0.005031002685427666
-0.004641707055270672,-0.0043306490406394005,-0.004170195199549198,-0.004174723289906979
-0.004291643854230642,-0.004426490515470505,-0.004489528015255928,-0.004442128818482161
-0.004304160363972187,-0.004114300943911076,-0.003912316635251045,-0.003736934857442975
-0.003604803467169404,-0.003501992905512452,-0.003394303610548377
-0.0032455066684633493,-0.0030290037393569946,-0.0027311216108500957,-0.0023652471136301756
-0.001982869813218713,-0.0016665757866576314,-0.0014976335223764181,-0.0015123181510716677
-0.0016894269501790404,-0.0019596724305301905,-0.0022222213447093964,-0.0023751533590257168
-0.002339561004191637,-0.0020878310315310955,-0.001666535041294992,-0.0011750382836908102
-0.0007391136605292559,-0.00047557923244312406,-0.0004207366146147251,-0.0005105570890009403
-0.0006312929326668382,-0.0006736490176990628,-0.0005701984628103673
-0.000302464934065938,0.00010059159831143916,0.0005641371826641262,0.0009882677113637328
0.0012748996959999204,0.0013691445346921682,0.0012852594954892993,0.0010984453838318586
0.0009389912011101842,0.0009542760089971125,0.0012439654674381018,0.0018202586797997355
0.0026016009505838156,0.0034603849053382874,0.0042767273262143135,0.004955830052495003
0.005444086156785488,0.0057248142547905445,0.005797438323497772,0.005668257363140583
0.00534476712346077,0.004853739868849516,0.004248441196978092
0.0035794314462691545,0.002891561947762966,0.0022421993780881166,0.0017063131090253592
0.001368052908219397,0.0012905335752293468,0.0014840326039120555,0.001889276085421443
0.0023866319097578526,0.002849474549293518,0.0031975454185158014,0.0034058454912155867
0.003487778129056096,0.0034772390499711037,0.0034239927772432566,0.0033970708027482033
0.003477717051282525,0.0037293871864676476,0.0041518788784742355,0.004675447009503841
0.00520752277225256,0.005669593345373869,0.0060101901181042194
0.006208459381014109,0.0062658777460455894,0.0061918869614601135,0.005995797924697399
0.005704703740775585,0.0053734369575977325,0.0050563509576022625,0.004790084436535835
0.004583131521940231,0.004400742705911398,0.004194853361696005,0.003944859839975834
0.0036539596039801836,0.0033381253015249968,0.003030305728316307,0.0027653612196445465
0.0025484212674200535,0.002353822346776724,0.0021500415168702602,0.0019172760657966137
0.0016611424507573247,0.001418413477949798,0.001254300237633288
0.001248985412530601,0.0014489797176793218
0.0018195806769654155,0.002248717937618494,0.002589748241007328,0.0027091526426374912,0.0025275324005633593,0.0020726274233311415,0.0014931787736713886,0.0009715702617540956
0.000622978899627924,0.0004646873567253351,0.00042656419100239873,0.0003829195920843631
0.00020801322534680367,-0.0001707180927041918,-0.0007519750506617129,-0.001467170543037355
-0.0022018253803253174,-0.002848820062354207,-0.00336849526502192,-0.003792600240558386
-0.004186208359897137,-0.004609439987689257,-0.005070791579782963,-0.005489222705364227
-0.005720118060708046,-0.005640899296849966,-0.005220575258135796,-0.004537045024335384
-0.0037533515132963657,-0.0030495687387883663,-0.0025587885174900293,-0.0023474139161407948
-0.0024045819882303476,-0.0026498939841985703,-0.0029669422656297684,-0.003244125982746482
-0.003421991365030408,-0.0035057663917541504,-0.0035442931111902,-0.0035999170504510403
-0.003703745547682047,-0.0038441752549260855,-0.003994465339928865,-0.004136906936764717
-0.004269456025213003,-0.00438764039427042,-0.004480462521314621,-0.004549569450318813
-0.004610656760632992,-0.004678784869611263,-0.004751722328364849,-0.0048109362833201885,-0.004836499225348234,-0.004815054126083851,-0.004758850205689669,-0.004708823747932911
-0.00470048189163208,-0.004743239842355251,-0.004818110726773739,-0.004883702844381332
-0.004895533435046673,-0.004817711189389229,-0.0046221124939620495,-0.004280112683773041,-0.003779804799705744,-0.003166887443512678,-0.002533955732360482
-0.001980497734621167,-0.0015909727662801743,-0.0014115860685706139,-0.001447757356800139
-0.001672239974141121,-0.0020193213131278753,-0.0023984527215361595,-0.0027262596413493156
-0.002950320253148675,-0.0030539962463080883,-0.0030544360633939505,-0.003001912496984005
-0.0029453537426888943,-0.002889051102101803,-0.002806614385917783,-0.002676063682883978
-0.002490052254870534,-0.002250195713713765,-0.001958938781172037,-0.001633126987144351
-0.0013105643447488546,-0.0010242282878607512,-0.000793624552898109
-0.0006320662796497345,-0.0005343101220205426,-0.0004566990537568927,-0.0003294639172963798
-0.00011279407772235572,0.0001691877841949463,0.00045890151523053646,0.0007310002110898495
0.0010421698680147529,0.001498103141784668,0.0021698526106774807,0.0030594009440392256
0.004114305600523949,0.005246847402304411,0.006333719938993454,0.007219724822789431
0.00776414480060339,0.007883291691541672,0.007569619920104742,0.006908338982611895
0.006048397161066532,0.005139415618032217,0.004290740936994553
0.00355537049472332,0.0029472610913217068,0.002477773930877447,0.002164136851206422
0.00201080902479589,0.0020026988349854946,0.002124302089214325,0.0023577886167913675
0.0026542763225734234,0.0029430196154862642,0.0031686234287917614,0.0033175840508192778
0.003426828421652317,0.003562943311408162,0.0037915329448878765,0.004144027829170227
0.004596862010657787,0.005088633857667446,0.005539207719266415,0.0058691129088401794
0.006022984161973,0.0059706224128603935,0.005722244270145893
0.005344501230865717,0.004942232742905617,0.004625887610018253,0.0044518131762743
0.004392498172819614,0.00437993835657835,0.004343558102846146,0.004234291147440672
0.00404291320592165,0.0037952223792672157,0.003544222330674529,0.0033404272980988026
0.003207338508218527,0.0031461878679692745,0.003114498220384121,0.003026292659342289
0.0028103662189096212,0.0024477439001202583,0.0019711365457624197,0.0014508384047076106
0.0009841796709224582,0.0006804611766710877,0.0006095708231441677
0.0007646343437954783,0.0010747264605015516,0.0014288309030234814,0.001714229118078947
0.0018645087257027626,0.00187782128341496,0.001792805502191186,0.0016520493663847446
0.0014966840390115976,0.0013570724986493587,0.0012205266393721104,0.0010389541275799274
0.0007605071295984089,0.0003479564911685884,-0.0002009160234592855,-0.0008537519024685025
-0.0015710711013525724,-0.0023231618106365204,-0.00308441836386919,-0.003824817482382059
-0.004514910280704498,-0.0051279617473483086,-0.005633208900690079
-0.005992456339299679,-0.006155310198664665,-0.006063822656869888,-0.005672983359545469
-0.004974984563887119,-0.004027027171105146,-0.0029629035852849483,-0.001965086907148361
-0.001211391994729638,-0.0008249001111835241,-0.00083665840793401,-0.0011664396151900291
-0.001655954634770751,-0.0021492186933755875,-0.0025524930097162724,-0.002842071931809187
-0.0030473971273750067,-0.003241376718506217,-0.003518532495945692,-0.003943316638469696
-0.004509398713707924,-0.00513073243200779,-0.005666377488523722
-0.005981001537293196,-0.006004416383802891,-0.005762138403952122,-0.005374648608267307
-0.005012793000787497,-0.004806220531463623,-0.004771709907799959,-0.004836125299334526
-0.004901017062366009,-0.004879487678408623,-0.004724648781120777,-0.004449424799531698
-0.004120226949453354,-0.0038282640744000673,-0.0036445772275328636,-0.0035863355733454227
-0.0036165714263916016,-0.003661311697214842,-0.0036255735903978348,-0.0034274004865437746
-0.0030544863548129797,-0.0025848252698779106,-0.002145851030945778
-0.0018588753882795572,-0.0017968425527215004,-0.00195709359832108,-0.0022597145289182663
-0.0025695275980979204,-0.002737240167334676,-0.002664367202669382,-0.002362244762480259
-0.001948859542608261,-0.001577217597514391,-0.0013556248741224408,-0.0013135768240317702
-0.001408565673045814,-0.0015479036374017596,-0.001621787901967764,-0.0015420310664922
-0.0012693986063823104,-0.000831151963211596,-0.0003203700762242079,0.00014672311954200268
0.0004831741680391133,0.0006548519595526159,0.0006900941370986402
0.0006625931127928197,0.000641011109109968,0.0006603922229260206,0.000730188621673733,0.0008400117512792349
2.4861545171006583e-05,3.259025470470078e-05,3.9561520679853857e-05,4.359485683380626e-05,4.322886161389761e-05,3.889539584633894e-05,3.285094499005936e-05,2.7647503884509206e-05
2.4719756765989587e-05,2.4231991119449958e-05,2.547368421801366e-05,2.70620257651899e-05
2.734512418101076e-05,2.527773722249549e-05,2.103170845657587e-05,1.5755369531689212e-05,1.0847440535144415e-05,7.2725988502497785e-06,5.232695002632681e-06,4.392972641653614e-06
4.286247531126719e-06,4.457624527276494e-06,4.533248556981562e-06,4.391676611703588e-06
4.19234538640012e-06,4.2135006879107095e-06,4.716934654425131e-06,5.926674930378795e-06,8.025096576602664e-06,1.0965171895804815e-05,1.4195715266396292e-05
1.6765288819442503e-05,1.7857482816907577e-05,1.7254616977879778e-05,1.5386633094749413e-05
1.3065107850707136e-05,1.103428985516075e-05,9.582089660398196e-06,8.538453585060779e-06
7.473972345906077e-06,5.9336284721212e-06,3.7990519103914266e-06,1.55373686538951e-06
1.3614159399821801e-07,3.3098061180680816e-07,2.0819547899009194e-06,4.476017693377798e-06
6.525439403048949e-06,7.859492143325042e-06,8.724877261556685e-06,9.67630239756545e-06
1.1290765542071313e-05,1.3886297892895527e-05,1.7220045265275985e-05
2.0342933567008004e-05,2.198322363256011e-05,2.130824032064993e-05,1.837998024711851e-05
1.4114144505583681e-05,9.851956747297663e-06,6.634784313064301e-06,4.788177193404408e-06
4.163438916293671e-06,4.52372159998049e-06,5.6177336773544084e-06,7.082175216055475e-06,8.545285709260497e-06,9.859006240731105e-06,1.118463205784792e-05,1.2917782441945747e-05
1.5476185581064783e-05,1.90045411727624e-05,2.3174070520326495e-05,2.7268697522231378e-05
3.042104799533263e-05,3.176228710799478e-05,3.079448651988059e-05
2.7847489036503248e-05,2.3844640963943675e-05,1.9717146642506123e-05,1.6142006643349305e-05
1.3453082829073537e-05,1.1690494829963427e-05,1.0784364349092357e-05,1.0641439075698145e-05
1.1148212252010126e-05,1.2163971405243501e-05,1.3521613254852127e-05,1.511960999778239e-05
1.698403684713412e-05,1.9186796635040082e-05,2.177405622205697e-05,2.4704808311071247e-05
2.774031599983573e-05,3.0363051337189972e-05,3.1818170100450516e-05,3.149786061840132e-05
2.9418521080515347e-05,2.6100058676092885e-05,2.2116002583061345e-05
1.795253047021106e-05,1.4038071640243288e-05,1.0719590136432089e-05,8.20075274532428e-06
6.465335900429636e-06,5.294637503538979e-06,4.4034250095137395e-06,3.583169018384069e-06
2.796087073875242e-06,2.1492376163223526e-06,1.750657588672766e-06,1.636031470297894e-06
1.8109936945620575e-06,2.299304469488561e-06,3.137421117571648e-06,4.266827090759762e-06
5.377109573601047e-06,5.958906967862276e-06,5.640922154270811e-06,4.498591806623153e-06
3.0205917482817313e-06,1.7411740600437042e-06,9.048036417880212e-07
4.572592331442138e-07,2.3858146391830815e-07,1.197934835772685e-07,3.6827959348784134e-08
4.2968659186293223e-10,9.752746876756646e-08,4.7301807626354275e-07,1.3145091770638828e-06
2.8115800887462683e-06,5.096350832900498e-06,8.24553171696607e-06,1.2336129657342099e-05
1.745865483826492e-05,2.352578485442791e-05,2.9938430088805035e-05,3.560296681826003e-05
3.9329355786321685e-05,4.009502299595624e-05,3.733516132342629e-05,3.1517254683421925e-05
2.4283801394631155e-05,1.755409721226897e-05,1.2412853720888961e-05
8.94655840966152e-06,6.800524261052487e-06,5.579640401265351e-06,4.9007530833478086e-06
0.0020935009233653545,0.0019343591993674636,0.0017080978723242879,0.001437503146007657
0.0011903357226401567,0.001065912889316678,0.0011647350620478392,0.0015469987411051989
0.0022070063278079033,0.0030697719193995,0.00401068152859807,0.00490069855004549
0.005641985684633255,0.006176880095154047,0.006504297722131014,0.006686022970825434
0.006801308132708073,0.006892410572618246,0.00694820424541831
0.0069172196090221405,0.006735682487487793,0.006361224688589573,0.005803143139928579,0.00512753427028656,0.004432382062077522,0.0038081593811511993,0.0032978227827697992,0.00289565185084939,0.002580744680017233,0.0023395726457238197,0.002165840473026037
0.002041698433458805,0.0019432357512414455,0.0018754731863737106,0.0018750234739854932
0.001979995984584093,0.002193828346207738,0.0024689030833542347,0.0027334378100931644,0.0029291745740920305,0.003033284330740571,0.0030575410928577185
0.0030293245799839497,0.002979648532345891,0.00292984745465219,0.002878307830542326
0.0028081396594643593,0.0027010401245206594,0.002542138798162341,0.002313069999217987
0.0019952673465013504,0.001596909831278026,0.0011509718606248498,0.0006808191537857056
0.0001976338098756969,-0.0002852055768016726,-0.0007653348729945719,-0.0012615870218724012
-0.0017933237832039595,-0.0023523541167378426,-0.002892126329243183,-0.003346807789057493
-0.0036744324024766684,-0.0038855723105371,-0.004026751033961773
-0.00413637887686491,-0.004213365726172924,-0.004223264753818512,-0.004129494074732065
-0.0039113485254347324,-0.0035651945509016514,-0.003109575482085347,-0.002589577343314886
-0.002081084530800581,-0.001695524901151657,-0.0015566330403089523,-0.0017467850120738149
-0.0022621951065957546,-0.0030056769028306007,-0.0038169045001268387,-0.004530044272542
-0.005039195995777845,-0.005326145328581333,-0.005428839009255171,-0.005399798043072224
-0.005294750444591045,-0.005169276613742113,-0.005064277444034815
-0.004987926222383976,-0.004908811300992966,-0.004774545785039663,-0.0045418404042720795,-0.004199998453259468,-0.0037904460914433002,-0.003396576037630439,-0.003091147867962718
-0.002903751563280821,-0.0028354476671665907,-0.002872294746339321,-0.0029880907386541367
-0.0031534533482044935,-0.00334305502474308,-0.003538665361702442,-0.0037347895558923483,-0.0039496952667832375,-0.004219511523842812
-0.004557340405881405,-0.004923192784190178,-0.005238632671535015,-0.005415504798293114
-0.005385603755712509,-0.005130790639668703,-0.004687083885073662,-0.004129630513489246
-0.003560092533007264,-0.0030825696885585785,-0.0027646557427942753,-0.002603319939225912,-0.002522215945646167,-0.002406665589660406,-0.0021542690228670835,-0.0017343509243801236
-0.0012245815014466643,-0.0007781113963574171,-0.000547781412024051,-0.000614966091234237
-0.0009491274831816554,-0.0014192942762747407,-0.0018460663268342614,-0.0020698579028248787
-0.002008111448958516,-0.0016796308336779475,-0.0011997586116194725,-0.000731536652892828
-0.00040608143899589777,-0.00027198431780561805,-0.0002820919035002589,-0.0003084946656599641,-0.00019004040223080665,0.0002094616647809744,0.0009466520277783275,0.0019622209947556257
0.0030954754911363125,0.004152123816311359,0.004981917329132557,0.005518049001693726
0.005776943638920784,0.005839922931045294,0.005811520852148533,0.005762665998190641
0.005689886398613453,0.00551178865134716,0.00512257544323802,0.004475444555282593
0.0036248485557734966,0.002714731963351369,0.0019393975380808115
0.001476034987717867,0.0014051038306206465,0.0016813712427392602,0.0021717059426009655
0.002704518148675561,0.003114346181973815,0.0032864040695130825,0.003180318046361208
0.0028415550477802753,0.002401473233476281,0.0020337679889053106,0.0018807864980772138
0.002007325878366828,0.002403024584054947,0.00300596933811903,0.0037232707254588604
0.004446689039468765,0.0050717126578092575,0.005525972228497267,0.005794769152998924
0.005921901669353247,0.005979809910058975,0.0060239071026444435
0.006059166043996811,0.006045928690582514,0.005936189088970423,0.005697956308722496
0.005318630952388048,0.004811820574104786,0.0042218612506985664,0.003611175809055567
0.0030436899978667498,0.002571509685367346,0.0022210951428860426,0.001988393487408757
0.0018462279113009572,0.001758106634952128,0.001694443984888494,0.0016430850373581052
0.00161701999604702,0.0016550874570384622,0.0017985365120694041,0.0020609814673662186
0.0024174852296710014,0.0028140731155872345,0.0031931623816490173
0.003507600398734212,0.003708830801770091,0.0037479966413229704,0.0035983966663479805
0.003268592990934849,0.00280710868537426,0.002292909426614642,0.0017990830820053816,0.001361655886285007,0.0009777961531654,0.0006173034198582172,0.00024090538499876857
-0.00017421192023903131,-0.0006296440260484815,-0.0011284620268270373,-0.0016849297098815441
-0.0023005246184766293,-0.002930857241153717,-0.0034892261028289795,-0.003894512075930834,-0.004111833870410919,-0.004159094765782356,-0.00408733868971467
-0.003943911753594875,-0.003753696335479617,-0.003532050410285592,-0.003298934316262603
-0.0030805591959506273,-0.002897178055718541,-0.002753186970949173,-0.0026539687532931566
-0.0026219619903713465,-0.002688405802473426,-0.0028825311455875635,-0.003218084340915084
-0.0036641675978899,-0.0041272700764238834,-0.004484671168029308,-0.004648028872907162
-0.004594864323735237,-0.00437078345566988,-0.00408278638496995,-0.0038577825762331486,-0.003788202302530408,-0.003905710531398654,-0.0041686915792524815
-0.004465854726731777,-0.004658825229853392,-0.004644338041543961,-0.004398630931973457
-0.003989594057202339,-0.0035566571168601513,-0.0032646183390170336,-0.003243690822273493
-0.0035306864883750677,-0.004046431742608547,-0.004637163132429123,-0.005142025649547577
-0.0054406835697591305,-0.005490405485033989,-0.00534539669752121,-0.005125449970364571
-0.004951491020619869,-0.004889738745987415,-0.0049251895397901535,-0.004970728885382414
-0.004909025505185127,-0.004649152513593435,-0.0041677034460008144
-0.0035298310685902834,-0.0028826005291193724,-0.0023931681644171476,-0.0021668418776243925
-0.002202996052801609,-0.002397383563220501,-0.0025844210758805275,-0.002598416991531849
-0.002331692259758711,-0.0017815707251429558,-0.0010562665993347764,-0.00033137365244328976
0.00020623666932806373,0.00042150309309363365,0.00030170194804668427,-2.1335406927391887e-05,-0.0003366715391166508,-0.00046581384958699346,-0.0003428446943871677,-2.2914347937330604e-05
0.0003610719577409327,0.0006650566356256604,0.0007995544583536685
0.0007513745804317296,0.0005652399268001318,0.00032869610004127026,0.00015595473814755678
0.00016145032714121044,0.00043118023313581944,0.0009876982076093554,0.0017664380138739944,0.0026316684670746326,0.0034345719031989574,0.004075667820870876,0.004525736439973116
0.004810909740626812,0.004981096833944321,0.005070186220109463,0.005076021421700716
0.004977928940206766,0.00476703979074955,0.0044503239914774895,0.004028919618576765,0.0034891958348453045,0.0028296310920268297,0.0021040558349341154
0.0014362959191203117,0.0009785423753783107,0.0008337093750014901,0.0009998768800869584
0.0013780316803604364,0.001826137420721352,0.002216643886640668,0.002474783454090357
0.002601837506517768,0.0026810462586581707,0.0028417175635695457,0.003192742122337222
0.003768938360735774,0.004505072254687548,0.005246375687420368,0.005805938038975
0.006046751048415899,0.005945546552538872,0.005605525802820921,0.00521298311650753
0.004948743619024754,0.004893381614238024,0.005002993158996105
0.005161178298294544,0.005236655939370394,0.005131821613758802,0.004827026277780533
0.004390497226268053,0.003941875882446766,0.0035910913720726967,0.0033882572315633297
0.0033070645295083523,0.0032721003517508507,0.0032082386314868927,0.0030694149900227785
0.0028534471057355404,0.002609190298244357,0.0024085738696157932,0.00229816441424191
0.0022800154983997345,0.002332869451493025,0.002434132620692253,0.0025564739480614662,0.0026630060747265816
0.0027221364434808493,0.0027212128043174744,0.0026628230698406696,0.0025556222535669804
0.0024044846650213003,0.002208172809332609,0.0019738408736884594,0.001726142829284072
0.0014906434807926416,0.001267175772227347,0.0010231868363916874,0.0007115211337804794,0.00029200525023043156,-0.00025276062660850585,-0.0009140311740338802,-0.0016687323804944754
-0.0024847565218806267,-0.0033125425688922405,-0.004082322586327791,-0.004719558171927929
-0.0051780748181045055,-0.005463561043143272,-0.0056178271770477295,-0.005685278680175543,-0.0056844111531972885
-0.005584233906120062,-0.005319545045495033,-0.004847060423344374,-0.004179288633167744,-0.0033807335421442986,-0.0025512820575386286,-0.0018006283789873123,-0.0012277406640350819
-0.000911330571398139,-0.00088736810721457,-0.0011252595577389002,-0.0015439448179677129
-0.0020521017722785473,-0.002569501753896475,-0.0030396394431591034,-0.0034408746287226677
-0.0037733721546828747,-0.004041382111608982,-0.00425233319401741,-0.004416991025209427
-0.004546208307147026,-0.004643654450774193,-0.004698299802839756
-0.0046879942528903484,-0.004588616546243429,-0.004391539376229048,-0.004126725718379021
-0.0038603092543780804,-0.0036598837468773127,-0.0035587907768785954,-0.0035536575596779585
-0.003624730510637164,-0.0037399649154394865,-0.0038542775437235832,-0.00392740685492754
-0.0039508407935500145,-0.003963181748986244,-0.00403016060590744,-0.004201031289994717
-0.0044663455337285995,-0.004736326634883881,-0.0048753609880805016,-0.004774979315698147
-0.0044053238816559315,-0.0038261180743575096
-0.0031661037355661392,-0.0025794736575335264,-0.0021928048226982355,-0.002066902117803693
-0.0021739474032074213,-0.00238814577460289,-0.0025361618027091026,-0.0024945572949945927
-0.002248847857117653,-0.0018848555628210306,-0.0015332192415371537,-0.0013130642473697662
-0.0013036670861765742,-0.0015177823370322585,-0.0018816819647327065,-0.002250668127089739,-0.002454017288982868,-0.002358000725507736,-0.001929646823555231,-0.0012620165944099426
-0.0005316328024491668,8.220318704843521e-05,0.00046085374196991324
0.0005815257900394499,0.0005214326665736735,0.0004217108653392643,0.00044088612776249647
0.0007209368632175028,0.0013435006840154529,0.002275202190503478,0.003356418339535594
0.004370009060949087,0.005147718824446201,0.005638355389237404,0.005900474265217781
0.006039676256477833,0.0061375233344733715,0.006202213931828737,0.006159287877380848
0.005894070491194725,0.005316035822033882,0.004410325549542904,0.0032776123844087124
0.0021336874924600124,0.0012297641951590776,0.0007439079927280545
0.0007233916549012065,0.0010901624336838722,0.0016826472710818052,0.002309122821316123
0.002801007591187954,0.003058923874050379,0.003072598949074745,0.0029099788516759872,0.0026834486052393913,0.0024985908530652523,0.0024243562947958708,0.0025026758667081594
0.002746491227298975,0.003124454291537404,0.003579376731067896,0.0040555233135819435
0.004504646174609661,0.00489322654902935,0.00520874559879303,0.005454000551253557,0.0056438203901052475,0.005803019739687443,0.005955108441412449
0.006109577137976885,0.006250226404517889,0.0063249352388083935,0.006261518690735102
0.006013860460370779,0.005596487782895565,0.005074925255030394,0.00452605914324522
0.004003413487225771,0.003525104373693466,0.003089346457272768,0.0026999744586646557
0.0023730318062007427,0.002135573187842965,0.0020227234344929457,0.002057989127933979
0.002234760206192732,0.002512850798666477,0.0028286240994930267,0.0031140062492340803
0.0033076468389481306,0.0033604188356548548,0.003240330144762993
0.0029399206396192312,0.002489378908649087,0.0019517107866704464,0.0014002262614667416
0.000903510837815702,0.0005102264694869518,0.00022737152175977826,1.8861377611756325e-05
-0.00016003972268663347,-0.00032974156783893704,-0.0004931469447910786,-0.0006602314533665776
-0.0008631027303636074,-0.0011578493285924196,-0.0015976501163095236,-0.0021917950361967087
-0.002895331010222435,-0.003627719357609749,-0.004299280233681202,-0.0048431213945150375
-0.005231604911386967,-0.005460637621581554,-0.0055247824639081955
-0.005407637916505337,-0.005096576176583767,-0.004608319606631994,-0.003989762160927057
-0.0033015136141330004,-0.002615421311929822,-0.00201447494328022,-0.0015881552826613188,-0.001422442146576941,-0.0015700611984357238,-0.0020201029255986214,-0.00269221980124712
-0.00346109620295465,-0.0041976263746619225,-0.004801751114428043,-0.005226688459515572
-0.005485852248966694,-0.005634545814245939,-0.005738596431910992,-0.005836769472807646,-0.005923436488956213,-0.005955628585070372,-0.0058700875379145145
-0.005621237680315971,-0.005216383375227451,-0.004724250640720129,-0.004261820111423731,-0.003951791673898697,-0.0038659560959786177,-0.003990144468843937,-0.004238887690007687
-0.0045043230056762695,-0.004695698153227568,-0.004776481539011002,-0.004776214249432087
-0.004750406369566917,-0.004750146996229887,-0.004800501279532909,-0.004864506423473358
-0.004850513301789761,-0.004663598258048296,-0.004256542306393385,-0.0036593491677194834
-0.0029708852525800467,-0.0023228367790579796,-0.0018334458582103252
-0.0015709736617282033,-0.0015439486596733332,-0.0017030673334375024,-0.001949397032149136
-0.002161695621907711,-0.0022386061027646065,-0.002133154310286045,-0.0018627796089276671
-0.0014972538920119405,-0.0011237645521759987,-0.00080259726382792,-0.0005528376204892993
-0.00037759734550490975,-0.0002870480821002275,-0.0002795297186821699,-0.0003131220582872629
-0.00032407380058430135,-0.00026449456345289946,-0.00011806428665295243,9.149569814326242e-05
0.00030831951880827546,0.000483353971503675,0.0006042990135028958
0.0006804636213928461,0.0007101143128238618
0.0006871596560813487,0.0006403184379450977,0.000644258689135313,0.0007901890203356743
0.0011426277924329042,0.0017078237142413855,0.002438892610371113,0.0032640108838677406
0.0041009970009326935,0.00485770870000124,0.005440571345388889,0.005777448415756226
0.005839125253260136,0.005641926545649767,0.00523716676980257,0.004706489387899637
0.0041533117182552814,0.0036708556581288576,0.0033110035583376884,0.00308084674179554
0.0029549631290137768,0.002895308891311288,0.002871036995202303,0.0028676509391516447
0.0028902064077556133,0.0029531202744692564,0.0030671979766339064,0.003235859563574195
0.003447755007073283,0.0036831360775977373,0.0039224280044436455,0.004138102754950523
0.004305918235331774,0.004423701670020819,0.004517300054430962,0.00463932054117322
0.004836730659008026,0.005113944411277771,0.005426337476819754,0.005690818652510643
0.0058214096352458,0.005775683559477329,0.005575966089963913,0.005299760494381189
0.005043385084718466,0.004877667408436537,0.004813773091882467,0.004791673272848129,0.004708639811724424,0.004470477811992168,0.00403129868209362,0.0034095810260623693
0.0026837477926164865,0.001975270686671138,0.0014212792739272118,0.0011345683597028255
0.0011509399628266692,0.0013968118000775576,0.0017269409727305174,0.0020021945238113403
0.0021400004625320435,0.0021312590688467026,0.002036981750279665,0.0019632475450634956,0.002008727751672268,0.002203500596806407,0.0024919863790273666
0.0027678082697093487,0.0029190126806497574,0.0028639978263527155,0.0025812170933932066
0.002126626903191209,0.0016089638229459524,0.0011259389575570822,0.0007219371618703008
0.0003892754903063178,8.702516788616776e-05,-0.00023814025917090476,-0.0006396353710442781
-0.00116081559099257,-0.0018127674702554941,-0.002557967323809862,-0.003321983153000474
-0.004020652733743191,-0.004580850712954998,-0.004959631711244583,-0.005163728259503841
-0.005244609899818897,-0.0052588568069040775,-0.005222066771239042
-0.005100483540445566,-0.004843480419367552,-0.00441717030480504,-0.003829833585768938
-0.0031485992949455976,-0.002485882956534624,-0.00196854374371469,-0.0017057601362466812
-0.001743449131026864,-0.0020340564660727978,-0.00246432120911777,-0.0029137623496353626
-0.0032949945889413357,-0.0035709396470338106,-0.0037603238597512245,-0.003920882008969784
-0.0041085584089159966,-0.0043493653647601604,-0.0046369340270757675,-0.004936773329973221
-0.005197061691433191,-0.005368390120565891,-0.00542543176561594
-0.005375740583986044,-0.005251079332083464,-0.005094305146485567,-0.004935325589030981
-0.004769785795360804,-0.0045738834887743,-0.004332476295530796,-0.004055848345160484
-0.0037857317365705967,-0.0035756633151322603,-0.003460802836343646,-0.003449216950684786
-0.0035296345595270395,-0.003677467117086053,-0.0038525681011378765,-0.004000063985586166
-0.004065232817083597,-0.004009021446108818,-0.0038163927383720875,-0.0035017081536352634
-0.0031060550827533007,-0.0026899161748588085,-0.0023215082474052906
-0.002058455254882574,-0.0019353401148691773,-0.0019512822618708014,-0.002060631290078163
-0.002192508429288864,-0.002279463689774275,-0.0022709514014422894,-0.0021520929876714945
-0.001956208609044552,-0.0017376434989273548,-0.0015382238198071718,-0.0013873790157958865
-0.001306238118559122,-0.0012958684237673879,-0.0013345907209441066,-0.0013852774864062667
-0.0014049357268959284,-0.0013670445187017322,-0.0012702117674052715,-0.0011142498115077615
-0.0008866781136021018,-0.0005719398031942546,-0.00016527215484529734
0.00030349293956533074,0.0007665168959647417,0.0011628230568021536,0.0014805826358497143
0.001752251060679555,0.002021828666329384,0.0023208479396998882,0.0026725889183580875
0.003099061083048582,0.003604848636314273,0.0041646151803433895,0.0047241137363016605
0.0052005834877491,0.005497800186276436,0.005545321386307478,0.005339680705219507
0.004949165042489767,0.00448162155225873,0.004052495118230581,0.0037519214674830437
0.0036078167613595724,0.0035741212777793407,0.0035599125549197197
0.0034870340023189783,0.003335010726004839,0.0031459650490432978,0.0029972814954817295
0.0029549472965300083,0.003035277361050248,0.0032038267236202955,0.0033984093461185694
0.003555457340553403,0.0036453634966164827,0.0036945492029190063,0.0037656163331121206
0.003928611055016518,0.004250513389706612,0.004772049840539694,0.0054631480015814304
0.0062090372666716576,0.006851477082818747,0.007250409573316574,0.00733382860198617
0.007117436267435551,0.00669004675000906,0.00617181183770299
0.005656102206557989,0.00517531530931592,0.004711505491286516,0.004219623748213053
0.003652577055618167,0.002993512200191617,0.0022749747149646282,0.0015728496946394444
0.0009769836906343699,0.000550050288438797,0.0003021990414708853,0.00020517854136414826
0.00023442352539859712,0.000385561230359599,0.0006476433482021093,0.0009797612437978387
0.0013220661785453558,0.0016318806447088718,0.0019087252439931035,0.0021768154110759497
0.002445794176310301,0.0026889080181717873,0.0028518422041088343
0.0028856273274868727,0.002780200680717826,0.0025624327827244997,0.0022585804108530283
0.001882442506030202,0.001466097659431398,0.0010665489826351404,0.0007268572226166725
0.00044662097934633493,0.00018937821732833982,-0.0001041992218233645,-0.000508973142132163
-0.0010889917612075806,-0.0018631241982802749,-0.002790082013234496,-0.0037653157487511635
-0.0046370020136237144,-0.005258613266050816,-0.005540171638131142,-0.005465719383209944
-0.005096523556858301,-0.004555114079266787,-0.003972141072154045
-0.003432233352214098,-0.002962920581921935,-0.0025556283071637154,-0.002189922844991088,-0.0018585952930152416
3.007264604093507e-05,2.522860449971631e-05,1.9813569451798685e-05,1.5103846635611262e-05
1.1571237337193452e-05,9.035787115863059e-06,7.070755145832663e-06,5.294711627357174e-06
3.556109732016921e-06,1.990072860280634e-06,8.601292051935161e-07,2.7203597596781037e-07
7.642702115617794e-08,5.9399773988388915e-08,1.7881706071420922e-07,5.798522693112318e-07,1.392953436152311e-06,2.5468311832810286e-06,3.761052312256652e-06,4.7345283746835776e-06,5.29109820490703e-06,5.36430206921068e-06,5.003462774766376e-06,4.364079813967692e-06,3.6140136216999963e-06,2.873697440008982e-06,2.2266001451498596e-06,1.71980195773358e-06,1.3358302339838701e-06,1.0137076742466888e-06,7.098949481587624e-07
4.281273504602723e-07,1.9951704643972334e-07,4.577507439762485e-08,6.285142628570384e-09
2.310212039446924e-07,1.0378940942246118e-06,2.849638576662983e-06,6.013213351252489e-06
1.0614367965899874e-05,1.6387291907449253e-05,2.27329528570408e-05,2.877367296605371e-05
3.346502489876002e-05,3.5917899367632344e-05,3.5787794331554323e-05,3.345828008605167e-05
2.9845477911294438e-05,2.5914088837453164e-05,2.2328651539282873e-05,1.939199682965409e-05
1.7103458958445117e-05,1.5227364201564342e-05,1.3446819139062427e-05
1.1621438716247212e-05,9.865725587587804e-06,8.387991329072975e-06,7.359551091212779e-06
6.864770512038376e-06,6.900029347889358e-06,7.421022019116208e-06,8.355274076166097e-06
9.589291039446834e-06,1.1086127415183e-05,1.3098498129693326e-05,1.6134359611896798e-05
2.064092223008629e-05,2.6760619221022353e-05,3.426072726142593e-05,4.25169309892226e-05
5.0422120693838224e-05,5.634989065583795e-05,5.877898365724832e-05,5.7274242863059044e-05
5.26930634805467e-05,4.659959449782036e-05,4.039652048959397e-05
3.467523129074834e-05,2.935258271463681e-05,2.4236258468590677e-05,1.9285753296571784e-05
1.4624023606302217e-05,1.0515347639739048e-05,7.228925369417993e-06,4.905787136522122e-06
3.5417974686424714e-06,3.0323126338771544e-06,3.2512593861611094e-06,4.044938123115571e-06
5.109456651553046e-06,6.04204387855134e-06,6.639524144702591e-06,7.040234777377918e-06
7.5210164141026326e-06,8.226341378758661e-06,9.054976544575766e-06,9.667436643212568e-06
9.650332685851026e-06,8.811961379251443e-06,7.286748314072611e-06
5.421195055532735e-06,3.6541650842991658e-06,2.3431105091731297e-06,1.5941557194310008e-06
1.2907759128211183e-06,1.239004291164747e-06,1.2346295079623815e-06,1.092266757041216e-06
7.416454650410742e-07,3.057910475945391e-07,2.0301433423242088e-08,1.3146434696409415e-07
9.61300429480616e-07,2.9862733299523825e-06,6.748105079168454e-06,1.2569037608045619e-05
2.0083709387108684e-05,2.7928679628530517e-05,3.405816823942587e-05,3.657241177279502e-05
3.467707210802473e-05,2.922864405263681e-05,2.2175279809744097e-05
1.5390611224574968e-05,9.962176591216121e-06,6.114222742326092e-06,3.561309995347983e-06
1.9366868855286157e-06,9.733971637615468e-07,4.883921747023123e-07,3.415715639221162e-07
5.006455126022047e-07,1.2197441492389771e-06,3.095938609476434e-06,6.807734280300792e-06
1.2695842997345608e-05,2.047926864179317e-05,2.919015423685778e-05,3.737001316039823e-05
4.364984852145426e-05,4.737700510304421e-05,4.8654546844772995e-05,4.78840884170495e-05
4.548923243419267e-05,4.191300831735134e-05,3.750006726477295e-05
3.2445972465211526e-05,2.704644612094853e-05,2.1845045921509154e-05,1.7441112504457124e-05
-0.003773970063775778,-0.003524910192936659,-0.0034643227700144053,-0.0035854685120284557
-0.0038403882645070553,-0.00416302727535367,-0.00449009845033288,-0.00477604940533638
-0.004994935356080532,-0.005133934319019318,-0.005203472916036844,-0.005251660477370024
-0.005344613455235958,-0.005514815915375948,-0.005732670426368713,-0.005917854607105255
-0.005957926157861948,-0.005746894050389528,-0.005244486965239048
-0.004498320631682873,-0.003616791218519211,-0.0027272088918834925,-0.0019358925055712461
-0.0013020394835621119,-0.0008322857320308685,-0.0004974966868758202,-0.00026225479086861014
-9.72689304035157e-05,2.3930930183269083e-05,0.00012401652929838747,0.00021103618200868368
0.00025807114434428513,0.00020368583500385284,-5.542126018553972e-06,-0.000361712125595659
-0.0007797940634191036,-0.001136826816946268,-0.0013292727526277304,-0.001306491089053452
-0.001076764427125454,-0.0006962968036532402,-0.0002485228469595313
0.0001855548471212387,0.0005670303944498301,0.000919975689612329,0.0013010455295443535
0.0017574424855411053,0.002316561993211508,0.002972558606415987,0.0036642453633248806
0.004286818206310272,0.004733667243272066,0.004942980594933033,0.004922457970678806
0.004737443756312132,0.004483569413423538,0.004246015101671219,0.00405531283468008
0.003884587436914444,0.0036852697376161814,0.003424758091568947,0.0031089952681213617
0.002781141782179475,0.0025041012559086084,0.0023439759388566017
0.002358336467295885,0.002570867305621505,0.00293557345867157,0.003348870435729623
0.0037060780450701714,0.003933715634047985,0.003993901889771223,0.0038896130863577127
0.0036766929551959038,0.0034551741555333138,0.0033215039875358343,0.003340336261317134
0.003551624482497573,0.003961606416851282,0.004532692953944206,0.005191156640648842
0.005841972306370735,0.006391020957380533,0.006761977914720774,0.006923258770257235,0.006911718752235174,0.0068007358349859715,0.006650473922491074
0.0064846789464354515,0.00628171069547534,0.005983905866742134,0.005528080742806196
0.004886880051344633,0.004090696107596159,0.0032182394061237574,0.00238384073600173,0.001709319418296218,0.0012770664179697633,0.0011043737176805735,0.0011403069365769625
0.001280146068893373,0.001414956757798791,0.0014924440765753388,0.0015370678156614304
0.001623603980988264,0.0018324896227568388
0.0022072196006774902,0.0027289558202028275,0.003305076854303479,0.0037750841584056616
0.0039629749953746796,0.00375945633277297,0.003176978323608637,0.0023514723870903254
0.001488568028435111,0.0007751403609290719,0.00031430006492882967,0.00011412566527724266
0.00010025408118963242,0.0001329508377239108,4.52562962891534e-05,-0.0003000068536493927
-0.0009650746360421181,-0.0019143320387229323,-0.003010638291016221,-0.004051686730235815
-0.004849164746701717,-0.005300406366586685,-0.005407574586570263,-0.0052505433559417725
-0.00493638077750802,-0.004548770375549793,-0.004130140878260136,-0.003699232591316104
-0.0032749930396676064,-0.0028816231060773134,-0.0025312365032732487,-0.0022203170228749514
-0.0019559157080948353,-0.0017718711169436574,-0.0017201353330165148,-0.0018459376879036427
-0.0021496424451470375,-0.0025741667486727238,-0.003036770736798644,-0.003465274116024375
-0.0038140523247420788,-0.0040598404593765736,-0.004196148365736008,-0.004234527237713337
-0.004190554842352867,-0.004084915854036808,-0.003971767611801624,-0.003922592382878065
-0.0039676157757639885,-0.004068656824529171,-0.004146164283156395
-0.004133668728172779,-0.004019314423203468,-0.0038528828881680965,-0.003712338861078024
-0.0036595608107745647,-0.0037292572669684887,-0.0039251092821359634,-0.004209652077406645
-0.004515813197940588,-0.004762505646795034,-0.004873870871961117,-0.004814533516764641
-0.004609484225511551,-0.00433166790753603,-0.004062166437506676,-0.0038537783548235893
-0.003731165546923876,-0.003696947591379285,-0.003719415981322527,-0.0037265836726874113
-0.003630255814641714,-0.003378964029252529,-0.0029895419720560312
-0.0025297533720731735,-0.002090261783450842,-0.0017572587821632624,-0.0015867841430008411
-0.0015949037624523044,-0.001752918353304267,-0.0019893052522093058,-0.0022062521893531084
-0.002315663266927004,-0.0022860271856188774,-0.0021483884193003178,-0.0019569864962249994
-0.0017537433886900544,-0.0015497788554057479,-0.0013298362027853727,-0.0010805085767060518
-0.0008089866023510695,-0.0005364916869439185,-0.0002882239641621709,-9.560794569551945e-05
5.802532541565597e-06,-2.889508323278278e-06,-9.875416435534135e-05
-0.0001980463566724211,-0.0001685273164184764,0.00010389782255515456,0.0006508847582153976
0.0014140072744339705,0.0022724070586264133,0.0030826525762677193,0.0037215915508568287
0.00411739107221365,0.004259656183421612,0.004187627229839563,0.003972477279603481
0.0037035977002233267,0.0034690755419433117,0.00333208916708827,0.0033112415112555027
0.0033699925988912582,0.003427306190133095,0.003396454965695739,0.0032341796904802322
0.0029616104438900948,0.002644921652972698,0.002366519533097744
0.00220154644921422,0.0021903144661337137,0.002319551073014736,0.0025338586419820786
0.0027687251567840576,0.0029734140262007713,0.0031192537862807512,0.003217186313122511
0.003327072598040104,0.003521199803799391,0.0038320731837302446,0.004239159636199474
0.00468444311991334,0.005090651102364063,0.005389614962041378,0.005543988198041916
0.005543813109397888,0.005413510370999575,0.005227061454206705,0.005078762769699097
0.005031950771808624,0.005092546809464693,0.005201257299631834
0.0052594272419810295,0.005187885835766792,0.004957681056112051,0.004578400403261185
0.004087523091584444,0.0035460705403238535,0.003023844677954912,0.0025884879287332296
0.002292352495715022,0.0021461101714521646,0.0021156813018023968,0.002150811953470111
0.0022168620489537716,0.0023121931590139866,0.002453383058309555,0.0026496476493775845
0.0028965699020773172,0.0031725105363875628,0.003436662955209613,0.0036360942758619785
0.0037137754261493683,0.0036260043270885944,0.003367434488609433
0.002981322119012475,0.002537207677960396,0.0020921973045915365,0.0016769228968769312
0.0013069132110103965,0.0009911478264257312,0.0007266663014888763,0.00048512453213334084
0.00021050992654636502,-0.00016486141248606145,-0.0006871595396660268,-0.001338199363090098
-0.002034823875874281,-0.0026876498013734818,-0.003245315747335553,-0.0036859167739748955
-0.003994930535554886,-0.0041504716500639915,-0.004117893986403942,-0.003876016940921545
-0.0034558388870209455,-0.002939979312941432,-0.0024259143974632025
-0.0019885485526174307,-0.0016711362404748797,-0.0014999000122770667,-0.0014841927913948894
-0.0016091407742351294,-0.0018361619440838695,-0.0020958916284143925,-0.002302419161424041
-0.0024095564149320126,-0.0024587037041783333,-0.002567283809185028,-0.002854549791663885
-0.0033589357044547796,-0.00401073694229126,-0.0046657174825668335,-0.005175484344363213
-0.005451423116028309,-0.005475709680467844,-0.005291645415127277,-0.0050071654841303825
-0.004767104983329773,-0.004688495770096779,-0.004802814684808254
-0.005035621114075184,-0.005248351488262415,-0.005314570851624012,-0.005177284590899944
-0.0048714797012507915,-0.004499612841755152,-0.004175266716629267,-0.0039843907579779625
-0.003973711282014847,-0.004137465264648199,-0.004400067031383514,-0.00463513471186161
-0.004728968255221844,-0.0046416400000452995,-0.004426142200827599,-0.004188970662653446
-0.004019919782876968,-0.003949203062802553,-0.003948594443500042,-0.003956987988203764
-0.003909549675881863,-0.0037645744159817696,-0.003524915548041463
-0.0032309647649526596,-0.002932948525995016,-0.0026787705719470978,-0.0025085979141294956
-0.002432787325233221,-0.00240961997769773,-0.0023612482473254204,-0.00222711730748415
-0.0019975167233496904,-0.0017109527252614498,-0.0014416284393519163,-0.0012643593363463879
-0.0012109574163332582,-0.0012608020333573222,-0.001355247339233756,-0.0014190507354214787
-0.0013841844629496336,-0.0012021666625514627,-0.0008543335134163499,-0.000368035223800689,0.00018236931646242738
0.0007043890072964132,0.0011351007269695401,0.0014702603220939636,0.0017560860142111778
0.002066112821921706,0.002467172220349312,0.002978502307087183,0.003553619608283043
0.004094929900020361,0.004499628208577633,0.004713757429271936,0.0047416090965271
0.004616648890078068,0.004389004781842232,0.0041202362626791,0.003858346026390791
0.0036240974441170692,0.003415698418393731,0.0032057990320026875,0.002949888352304697
0.002626325935125351,0.002268590033054352,0.0019593043252825737,0.0018092499813064933
0.001917611574754119
0.0023052808828651905,0.0028847320936620235,0.0034940659534186125,0.003950112499296665
0.004108293913304806,0.0039210026152431965,0.0034533943980932236,0.0028511753771454096
0.0022952393628656864,0.001961971865966916,0.0019805270712822676,0.0023903092369437218
0.0031192684546113014,0.0039965868927538395,0.004815032240003347,0.005425312556326389
0.00579450698569417,0.005988128948956728,0.006099943071603775,0.006191889755427837
0.006273936480283737,0.006298298016190529,0.0061783804558217525
0.005847026128321886,0.0052980282343924046,0.004584435373544693,0.003809204325079918,0.003115653293207288,0.0026518229860812426,0.0025053939316421747,0.0026489715091884136
0.002940812613815069,0.003182674990966916,0.0031997135374695063,0.0029133756179362535
0.0023864840622991323,0.0018062710296362638,0.001401901594363153,0.0013533614110201597
0.001732195378281176,0.0024651107378304005,0.0033412466291338205,0.004092737566679716,0.004500074312090874,0.004473297856748104,0.004087856039404869
0.0035321407485753298,0.0030032831709831953,0.002630246104672551,0.0024275369942188263
0.0022990196011960506,0.0021062190644443035,0.001732558710500598,0.0011052278568968177
0.00020269840024411678,-0.0009350029285997152,-0.00220609363168478,-0.0034666622523218393
-0.004566372372210026,-0.005397574044764042,-0.005931666120886803,-0.00621068524196744
-0.006306921131908894,-0.006280336994677782,-0.006150767207145691,-0.005892734508961439
-0.005455647595226765,-0.004807652905583382,-0.003977429587393999
-0.003060959978029132,-0.0021965906489640474,-0.0015329529996961355,-0.0011946947779506445
-0.001235463540069759,-0.0016000266186892986,-0.0021351317409425974,-0.0026442978996783495
-0.0029640686698257923,-0.0030360459350049496,-0.0029278660658746958,-0.002791662234812975
-0.0027961954474449158,-0.0030662508215755224,-0.0036407785955816507,-0.004443765617907047
-0.005289303604513407,-0.0059545389376580715,-0.006276505999267101,-0.00620893994346261
-0.005834201350808144,-0.005323877092450857,-0.004853453487157822
-0.0045316279865801334,-0.004386525601148605,-0.004386105574667454,-0.004453208763152361
-0.004476788453757763,-0.004353854339569807,-0.004055610857903957,-0.0036524231545627117
-0.0032678672578185797,-0.0030121977906674147,-0.002937916899099946,-0.0030224318616092205
-0.0031891632825136185,-0.003352223662659526,-0.003446967341005802,-0.003441083477810025
-0.0033361995592713356,-0.0031641987152397633,-0.0029773665592074394,-0.0028291488997638226
-0.0027423386927694082,-0.0026782117784023285,-0.0025558893103152514
-0.002323551569133997,-0.002000825246796012,-0.0016557284398004413,-0.001359175075776875
-0.0011606175685301423,-0.0010945857502520084,-0.0011905699502676725,-0.0014543631114065647
-0.0018395462539047003,-0.0022518597543239594,-0.002586069982498884,-0.002766166813671589
-0.0027687628753483295,-0.0026157766114920378,-0.002343038097023964,-0.0019800388254225254
-0.0015587122179567814,-0.0011220071464776993,-0.0007062720833346248,-0.00031592778395861387
8.713218267075717e-05,0.0005775834433734417,0.0012349721509963274
0.0020893446635454893,0.00308776181191206,0.004105269443243742,0.004982596263289452
0.00558543112128973,0.005861027166247368,0.005836433731019497,0.005573074333369732
0.005140646360814571,0.004608810879290104,0.0040305741131305695,0.003436486469581723
0.00285335723310709,0.002317656297236681,0.001874248031526804,0.0015783983981236815
0.0014832592569291592,0.0016131806187331676,0.001954159000888467,0.002451903186738491
0.0030183428898453712,0.003564208745956421,0.00403214804828167
0.004397588316351175,0.004640722181648016,0.00472846906632185,0.004634383134543896
0.004376109689474106,0.004028984345495701,0.0036964360624551773,0.0034630424343049526
0.0033658635802567005,0.003391662146896124,0.0034980936907231808,0.003646619850769639
0.0038222242146730423,0.004029212519526482,0.0042724511586129665,0.004553583916276693
0.004885186441242695,0.005275425035506487,0.0056915804743766785,0.006050486117601395
0.00623368751257658,0.006133392918854952,0.00572033878415823
0.005069575272500515,0.004319964908063412,0.0036094333045184612,0.003030019113793969
0.00260847806930542,0.0023131752386689186,0.002083555096760392,0.0018452978692948818
0.0015211671125143766,0.0010762225138023496,0.0005548752378672361,6.710737943649292e-05
-0.00024758250219747424,-0.000264073460130021,7.46334990253672e-05,0.0007281851139850914
0.0015787134179845452,0.002474584151059389,0.0032582860440015793,0.0037814024835824966
0.003944783937186003,0.003748912364244461
0.003303485456854105,0.0027895255479961634,0.0023847396951168776,0.0021741229575127363
0.0021004441659897566,0.0019996678456664085,0.0016968927811831236,0.0010787390638142824
0.00012386811431497335,-0.0010753003880381584,-0.0023296137806028128,-0.003421318018808961
-0.004185786470770836,-0.004570387303829193,-0.00463536661118269,-0.004508580081164837
-0.004324332345277071,-0.004167419858276844,-0.004052865318953991,-0.003938836976885796
-0.0037505601067095995,-0.0034069293178617954,-0.0028661182150244713
-0.002179084811359644,-0.0014877310022711754
-0.0009734516497701406,-0.0007900027558207512,-0.0009877807460725307,-0.0014940951950848103
-0.0021646067034453154,-0.0028462479822337627,-0.0034303998108953238,-0.0038672881200909615
-0.004141652025282383,-0.004269780125468969,-0.004314844962209463,-0.004374191164970398
-0.004537439439445734,-0.00484624644741416,-0.005274985916912556,-0.005729923956096172
-0.006077217869460583,-0.006203668192028999,-0.006069611757993698,-0.005722399335354567
-0.005277499556541443,-0.004880356136709452,-0.004663082771003246,-0.004700363613665104
-0.004971581511199474,-0.005358061753213406,-0.005685941316187382,-0.005798399448394775
-0.00562250753864646,-0.005190609488636255,-0.0046114432625472546,-0.0040189241990447044
-0.003528775181621313,-0.0031970269046723843,-0.002980179386213422,-0.002755611902102828
-0.0024059966672211885,-0.001888219965621829,-0.0012558033922687173,-0.0006475597620010376
-0.00023438467178493738,-0.0001381053007207811,-0.0003748905146494508,-0.0008583621820434928
-0.0014473001938313246,-0.0019977055490016937,-0.0023967884480953217,-0.0025777770206332207
-0.0025269908364862204,-0.0022957820910960436,-0.001995834056288004,-0.0017467879224568605
-0.0016056880122050643,-0.0015410485211759806,-0.0014711891999468207,-0.0013235753867775202
-0.001059732516296208,-0.0006771200569346547,-0.00021923740860074759,0.0002357072662562132
0.0006145370425656438,0.0008659381419420242,0.000952330301515758,0.0008587892516516149
0.0006230971193872392,0.0003585417289286852,0.0002265197690576315
0.0003469967341516167,0.0007240908453240991,0.0012687743874266744,0.0018826841842383146
0.002498331479728222,0.0030561331659555435,0.0034875546116381884,0.0037363965529948473
0.00379734393209219,0.003734591882675886,0.003646559314802289,0.0036043464206159115
0.003616817994043231,0.0036340958904474974,0.0035910659935325384,0.0034586158581078053
0.0032492312602698803,0.0029909515287727118,0.0027141377795487642,0.0024639335460960865,0.0023062177933752537,0.0022883634082973003,0.002390854060649872
0.002529051387682557,0.0026043481193482876,0.002562373410910368,0.002418407006189227
0.0022457903251051903,0.002142160665243864,0.002195590641349554,0.002460898831486702
0.002929805777966976,0.0035243090242147446,0.004140476696193218,0.0046901036985218525
0.005114797968417406,0.0053975763730704784,0.005568611901253462,0.005684605333954096
0.005791042000055313,0.005900859367102385,0.005996332969516516,0.006044672802090645
0.006023208610713482,0.005923483055084944,0.005731952376663685
0.005429915152490139,0.005011705216020346,0.004502355121076107,0.003964495845139027
0.0034782220609486103,0.0031120735220611095,0.0029070957098156214,0.002872420707717538
0.0029845861718058586,0.0031759128905832767,0.0033334249164909124,0.003338243579491973
0.003122488036751747,0.002707992447540164,0.0021949082147330046,0.0017047855071723461
0.0013336142292246222,0.0011287425877526402,0.0010781553573906422,0.0011277071898803115
0.0012180132325738668,0.0013074891176074743,0.0013714954257011414
0.0013942383229732513,0.0013661185512319207,0.001288116560317576,0.0011755790328606963
0.0010471876012161374,0.0008981148712337017,0.000674689537845552,0.00029220798751339316,-0.00030156646971590817,-0.001095237210392952,-0.002034083241596818,-0.0030354876071214676
-0.003999410662800074,-0.004826709628105164,-0.0054243565537035465,-0.005714871920645237
-0.005667881108820438,-0.005313626024872065,-0.004724848084151745,-0.003995340783149004
-0.003213371615856886,-0.0024404909927397966,-0.0017220485024154186
-0.001105153700336814,-0.0006329354364424944,-0.0003283889964222908,-0.00020170275820419192
-0.00027596583822742105,-0.0005861482350155711,-0.0011499514803290367,-0.0019403626210987568
-0.0028746677562594414,-0.0038350019603967667,-0.004708324559032917,-0.0054191406816244125
-0.00594278983771801,-0.006290419027209282,-0.006488160230219364,-0.006568447221070528
-0.0065549323335289955,-0.0064475638791918755,-0.006229529622942209,-0.005892190616577864
-0.00545851793140173,-0.0049852305091917515,-0.004544646013528109
-0.0042061228305101395,-0.004021654836833477,-0.00400953833013773,-0.0041446383111178875
-0.0043558902107179165,-0.004540802910923958,-0.004617792554199696,-0.004570341669023037
-0.004434970673173666,-0.004270509351044893,-0.004132854752242565,-0.004048662725836039
-0.004010695964097977,-0.0039919279515743256,-0.003956040367484093,-0.00386771815828979
-0.003704498754814267,-0.0034690711181610823,-0.003198870224878192,-0.0029596590902656317
-0.0028091182466596365,-0.002749576698988676,-0.0027223958168178797
-0.00264757894910872,-0.002468619728460908,-0.002176071750000119,-0.001799304154701531
-0.001390783116221428,-0.0010145093547180295,-0.0007243705913424492,-0.000551700359210372
-0.0005025864229537547,-0.0005529781337827444,-0.0006535311695188284,-0.0007402744377031922
-0.0007558689685538411,-0.0006694040494039655,-0.0004727800842374563,-0.00017702142940834165
0.00018889439525082707,0.0005863083060830832,0.0009719895897433162,0.0013087298721075058
0.0015879576094448566,0.0018462988082319498,0.00214224006049335
0.0025060251355171204,0.002931274939328432,0.0034006526693701744,0.0038847653195261955
0.004327748436480761,0.004653026349842548,0.0047896867617964745,0.004711397923529148
0.004458545707166195,0.00411418080329895,0.003755606710910797,0.0034333844669163227
0.003176516853272915,0.002991762710735202,0.002865730319172144,0.0027814179193228483
0.002740544266998768,0.0027692802250385284,0.002889784052968025,0.003093595616519451
0.0033492669463157654,0.0036119918804615736,0.0038188807666301727
0.0039053710643202066,0.003845047438517213,0.0036695965100079775,0.003453328972682357,0.0032733692787587643
4.6011878112039994e-06,6.3021502683113795e-06,7.448971246049041e-06,8.124744454107713e-06,8.685914508532733e-06,9.482067071076017e-06,1.0635374565026723e-05,1.193279695144156e-05
1.2799020623788238e-05,1.2549146958917845e-05,1.084236464521382e-05,7.961094524944201e-06,4.7320695557573345e-06,2.0731158656417392e-06,4.798362169822212e-07,2.0768338160337407e-09,6.484573304987862e-07,2.644439973664703e-06,6.433538601413602e-06,1.2494104339566547e-05,2.0837682313867845e-05,3.0357965442817658e-05,3.86346728191711e-05,4.2893796489806846e-05,4.16676739405375e-05,3.556653973646462e-05,2.6728252123575658e-05,1.7666807252680883e-05,1.0267407560604624e-05,5.30235320184147e-06,2.5159608867397765e-06
1.186586473522766e-06,6.578977718163515e-07,5.253546078165527e-07,6.106555474616471e-07,8.726638611733506e-07,1.3683908264283673e-06,2.271755874971859e-06,3.850982920994284e-06,6.411325557564851e-06,1.0238116374239326e-05,1.539928234706167e-05,2.1434643713291734e-05,2.7276202672510408e-05,3.163409564876929e-05,3.367815588717349e-05,3.3476841053925455e-05
3.187408219673671e-05,2.9932351026218385e-05,2.8365284379106015e-05,2.7337124265613966e-05
2.6585681553115137e-05,2.569109528849367e-05,2.43189133470878e-05
2.2330623323796317e-05,1.9786715711234137e-05,1.693090598564595e-05,1.4274475688580424e-05
1.2487509593483992e-05,1.201020677399356e-05,1.2964350389665924e-05,1.5340679965447634e-05,1.8973008991451934e-05,2.3374273951048963e-05,2.7732507078326307e-05,3.101510810665786e-05
3.2232132070930675e-05,3.08991402562242e-05,2.729999141592998e-05,2.2315780370263383e-05
1.705362956272438e-05,1.244082159246318e-05,8.915230864658952e-06,6.450768523791339e-06,4.813235136680305e-06,3.791883045778377e-06,3.2781119898572797e-06
3.1996596590033732e-06,3.4579297789605334e-06,3.885616024490446e-06,4.182951670372859e-06,4.006382368970662e-06,3.2549755815125536e-06,2.1954283511149697e-06,1.2250251302248216e-06,5.603739055004553e-07,1.9705387899193738e-07,3.8885836772806215e-08,2.3247551106386766e-10
4.648440565802048e-08,1.5536920727754477e-07,2.76944263077894e-07,3.5470856118990923e-07
3.526255909491738e-07,2.6715051149039937e-07,1.423014452939242e-07,5.0229687076353e-08
1.6991473117400346e-08,2.5578033913120635e-08,1.2556867545754358e-07
5.169343921807013e-07,1.4669843722003861e-06,3.0776336643612012e-06,5.117155978950905e-06
7.111526883818442e-06,8.722285201656632e-06,1.0013528481067624e-05,1.1227891263843048e-05
1.2419370250427164e-05,1.3415811736194883e-05,1.4020816706761252e-05,1.4149583876132965e-05,1.3802469766233116e-05,1.3018947356613353e-05,1.1922392332053278e-05,1.0702699000830762e-05,9.527826478006318e-06,8.562804396206047e-06,7.97585744294338e-06,7.834009011276066e-06,8.050370524870232e-06,8.41917335492326e-06,8.684302883921191e-06
8.641579370305408e-06,8.242909643740859e-06,7.613656634930521e-06,6.971089078433579e-06
6.599482276214985e-06,6.851405032648472e-06,8.05468880571425e-06,1.042639087245334e-05
1.3977179150970187e-05,1.837659510783851e-05,2.3067628717399202e-05,2.768650847428944e-05
3.233637471566908e-05,3.7487676308956e-05,4.3543190258787945e-05,5.024396159569733e-05
5.6392942497041076e-05,6.024363392498344e-05,6.0307262174319476e-05,5.6122826208593324e-05
4.859870023210533e-05,3.952295082854107e-05,3.0582868930650875e-05
2.2831367459730245e-05,1.6746498658903874e-05,1.2330109711911064e-05,9.16650242288597e-06
0.002590278396382928,0.0021546478383243084,0.001725765410810709,0.0013663560384884477
0.001160160987637937,0.0011498461244627833,0.0013098731869831681,0.0015759082743898034,0.0018842860590666533,0.0021821320988237858,0.0024173972196877003,0.002542015165090561
0.0025380211882293224,0.0024367759469896555,0.0023018585052341223,0.0021891905926167965,0.0021181495394557714,0.0020703256595879793,0.0020142756402492523
0.0019325505709275603,0.0018297758651897311,0.0017214487306773663,0.0016051146667450666,0.001437465543858707,0.001146199181675911,0.0006652689771726727,-2.848549047484994e-05,-0.0008899968233890831,-0.001809934270568192,-0.002658962272107601,-0.0033484245650470257
-0.0038573481142520905,-0.00421000923961401,-0.0044376906007528305,-0.004555226303637028
-0.004561414010822773,-0.004452529363334179,-0.004224388860166073,-0.0038722327444702387
-0.0034107614774256945,-0.002888868562877178,-0.002378852106630802
-0.001954120583832264,-0.0016607670113444328,-0.0015001316787675023,-0.0014455283526331186,-0.0014740234473720193,-0.001582729397341609,-0.0017887128051370382,-0.0021181139163672924,-0.0025874804705381393,-0.0031925083603709936,-0.00391024723649025,-0.004696803167462349
-0.005474979057908058,-0.006142762023955584,-0.0066161914728581905,-0.006867677439004183
-0.006931724026799202,-0.006879646796733141,-0.006770973559468985,-0.006619113031774759,-0.006401994731277227,-0.006094461772590876,-0.005694726016372442
-0.005239109043031931,-0.0047971345484256744,-0.004445178434252739,-0.004231927450746298
-0.0041604721918702126,-0.004201322793960571,-0.004309066105633974,-0.004427504260092974
-0.004507165402173996,-0.004528471268713474,-0.004503563512116671,-0.0044555747881531715
-0.004395130090415478,-0.004322947934269905,-0.004243310075253248,-0.00415005162358284
-0.004010222852230072,-0.0037807486951351166,-0.0034449202939867973,-0.0030371490865945816
-0.002629554830491543,-0.002290805336087942,-0.002051679650321603
-0.001898182206787169,-0.0017895643832162023,-0.0016736846882849932,-0.0014991764910519123,-0.0012471857480704784,-0.000952195143327117,-0.0006783746648579836,-0.00048555934336036444,-0.0004120520316064358,-0.0004564156988635659,-0.0005764546804130077,-0.0007261097198352218,-0.0008756732568144798,-0.0010005950462073088,-0.0010809008963406086,-0.0010960104409605265,-0.00101670459844172,-0.0008226981153711677
-0.0005105334566906095,-8.002796676009893e-05,0.00046086969086900353,0.0010843140771612525
0.0017523043788969517,0.0024238349869847298,0.0030463188886642456,0.00355823477730155
0.003916208632290363,0.0041261338628828526,0.004234216175973415,0.004275019280612469
0.004242885857820511,0.00410893838852644,0.003846234641969204,0.0034546961542218924
0.002980847144499421,0.0025074349250644445,0.0021082672756165266,0.0018151849508285522
0.0016415172722190619,0.0016142763197422028,0.0017650389345362782,0.002102137077599764
0.0025901109911501408,0.003150219563394785,0.0036807518918067217,0.004085589200258255
0.004300716333091259,0.004303351044654846,0.004115990828722715,0.0038140665274113417
0.003510706592351198,0.0033204469364136457,0.0033268691040575504,0.0035550494212657213
0.0039579784497618675,0.004448571242392063,0.004959835670888424,0.005463301204144955
0.005942072253674269,0.006378134246915579,0.006760695483535528,0.0070849331095814705
0.0073383282870054245,0.007493680343031883,0.007521920837461948,0.007407262921333313
0.007149443496018648,0.006771852262318134,0.006323989946395159
0.005850554909557104,0.0053626177832484245,0.00484274048358202,0.004265680909156799
0.0036232592537999153,0.0029423735104501247,0.0022819226142019033,0.0017185627948492765,0.0013287517940625548,0.001161881722509861,0.0012115121353417635,0.0014121613930910826,0.0016726066824048758,0.0019096052274107933,0.0020641570445150137,0.0021160386968404055
0.0020922834519296885,0.0020592776127159595,0.0020873071625828743,0.0021990700624883175,0.002350849099457264,0.002455851063132286,0.002424985636025667
0.0022105462849140167,0.0018287377897650003,0.0013431641273200512,0.000818756059743464
0.00028092635329812765,-0.0002895642537623644,-0.0009363525896333158,-0.0016942665679380298
-0.0025490662083029747,-0.0034231003373861313,-0.004202660638839006,-0.004777034744620323
-0.005067603662610054,-0.005058380775153637,-0.0048094093799591064,-0.004416564013808966
-0.003957877866923809,-0.0034820407163351774,-0.0030252435244619846,-0.0026257105637341738
-0.002319500083103776,-0.002117600291967392,-0.001992595847696066
-0.001901034265756607,-0.0018250660505145788,-0.0017938771052286029,-0.0018717546481639147,-0.00212033255957067,-0.0025581317022442818,-0.003152080113068223,-0.003832176560536027
-0.004499032162129879,-0.005040391813963652,-0.005372629966586828,-0.005474957637488842
-0.0053838156163692474,-0.005158460699021816,-0.004865627735853195,-0.004594927188009024
-0.004455244168639183,-0.004535806365311146,-0.004856491461396217,-0.005337807349860668,-0.005827607586979866,-0.0061703152023255825,-0.006271539721637964
-0.006130177062004805,-0.005825781729072332,-0.005472125951200724,-0.005158152896910906,-0.004915826488286257,-0.004731875844299793,-0.004564877133816481,-0.004365783650428057,-0.004108308814466,-0.0037977155297994614,-0.0034666908904910088,-0.00317021063528955,-0.002963040955364704,-0.0028720020782202482,-0.002884334186092019,-0.002951887436211109
-0.0030064834281802177,-0.0029941080138087273,-0.002910506445914507,-0.0027940464206039906
-0.002691103145480156,-0.0026379700284451246,-0.0026536535006016493
-0.002733128610998392,-0.002846796764060855,-0.0029441947117447853,-0.002958065364509821
-0.0028123785741627216,-0.002456255257129669,-0.001908786129206419,-0.00125569524243474,-0.0006135061848908663,-0.00010264082811772823,0.00018853240180760622,0.0002378242352278903
9.14073025342077e-05,-0.0001593618799233809,-0.0004088113782927394,-0.0005625797784887254
-0.0005628913640975952,-0.00040269148303195834,-0.00010721504804678261,0.00028719898546114564
0.0007360579911619425,0.001197195379063487,0.0016508521512150764
0.0021023214794695377,0.0025564609095454216,0.0029944584239274263,0.0033817996736615896
0.003683007787913084,0.0038664054591208696,0.003918925765901804,0.0038593707140535116
0.003726353868842125,0.0035641277208924294,0.003421950852498412,0.0033400782849639654,0.003331234212964773,0.003391845151782036,0.00351209775544703,0.0036598725710064173
0.0037838276475667953,0.0038431102875620127,0.0038326208014041185,0.003795111086219549,0.0037968081887811422,0.0038765405770391226,0.004029142204672098
0.004226768389344215,0.004432054236531258,0.004596170037984848,0.004666171036660671
0.004605941474437714,0.004415743984282017,0.004138975404202938,0.003857740666717291
0.0036799146328121424,0.0037002081517130136,0.003941508010029793,0.004336334764957428
0.004767320584505796,0.00511900894343853,0.005312314257025719,0.005322999320924282
0.005186938680708408,0.004985643085092306,0.004813456442207098,0.004742089193314314
0.004780919756740332,0.004850594326853752,0.004811339545994997
0.0045360783115029335,0.003978482447564602,0.00320115452632308,0.0023571306373924017
0.0016333989333361387,0.0011746044037863612,0.0010372870601713657,0.0012017658445984125
0.0015851871576160192,0.0020381819922477007,0.002383493585512042,0.0024945074692368507
0.0023609439376741648,0.002099330071359873,0.0018855755915865302,0.0018520811572670937
0.002032337710261345,0.0023851008154451847,0.002840848406776786,0.003311538603156805
0.0036928425543010235,0.0038969493471086025,0.003894240828230977
0.0037257049698382616,0.0034731803461909294,0.00321181770414114,0.002963660517707467
0.00266644568182528,0.002203290117904544,0.0014820871874690056,0.00048451137263327837
-0.000734082655981183,-0.0020645963959395885,-0.0033724154345691204,-0.0045136958360672
-0.005340202711522579,-0.005730277393013239,-0.005646506790071726,-0.005171036813408136
-0.004480509553104639,-0.003778069280087948,-0.003227099310606718,-0.002909627743065357,-0.0028183739632368088
-0.0028685119468718767,-0.0029216203838586807,-0.0028483893256634474,-0.002599292667582631
-0.0022324169985949993,-0.0019061979837715626,-0.0018243161030113697,-0.0021346844732761383
-0.002848776988685131,-0.0038308200892060995,-0.004862661473453045,-0.005740562453866005
-0.006344179157167673,-0.00665518082678318,-0.006729524116963148,-0.0066603426821529865
-0.006559273228049278,-0.00652562128379941,-0.006591265555471182,-0.006697883363813162
-0.0067376550287008286,-0.006613409612327814,-0.006288859061896801,-0.005817060358822346,-0.005311589688062668
-0.004880371503531933,-0.004584119189530611,-0.004429066553711891,-0.004373552277684212
-0.004340241197496653,-0.004241109825670719,-0.004017560742795467,-0.0036739222705364227
-0.0032815446611493826,-0.0029418563935905695,-0.0027333658654242754,-0.0026840439531952143
-0.0027639002073556185,-0.002896716119721532,-0.003000428434461355,-0.003025340847671032
-0.00296179112046957,-0.0028228601440787315,-0.0026336293667554855,-0.002435498172417283,-0.0022784993052482605,-0.002201125491410494,-0.002206051256507635
-0.002247515134513378,-0.0022633145563304424,-0.002222600160166621,-0.0021335210185498,-0.0020143273286521435,-0.001868052058853209,-0.0016913992585614324,-0.0014996110694482923
-0.0013280183775350451,-0.001211131107993424,-0.0011557145044207573,-0.0011242658365517855,-0.001050529070198536,-0.0008803880191408098,-0.0006093414849601686,-0.0002877507358789444,2.3729022359475493e-05,0.00031342310830950737,0.0006243350799195468,0.00100177142303437,0.001451075659133494,0.0019444165518507361,0.002449159510433674
0.0029425162356346846,0.0034009190276265144,0.003776232246309519,0.003996760118752718
0.004011066164821386,0.0038250661455094814,0.0034924838691949844,0.0030904351733624935
0.0027034366503357887,0.002406357554718852,0.002247962635010481,0.0022422983311116695,0.0023683272302150726,0.002576064318418503,0.002809989033266902,0.003043173113837838
0.003283414524048567,0.003548471024259925,0.0038437959738075733,0.004154193215072155
0.004442502744495869,0.004659626167267561,0.004772664047777653
0.004783772863447666,0.004712264984846115,0.004571748897433281,0.004377766512334347
0.004163866396993399,0.003973048180341721,0.003832285525277257,0.003747941693291068
0.0037316724192351103,0.003814446274191141,0.004028704948723316,0.004376910626888275
0.004805123899132013,0.005221942439675331,0.005557272583246231,0.005791033618152142
0.005941129755228758,0.006039863917976618,0.006100693251937628,0.006090753246098757
0.005949323996901512,0.005638054106384516,0.0051531363278627396
0.0045111458748579025,0.003753946628421545,0.00294803106226027,0.002177243586629629,0.0015315813943743706,0.0010691533097997308,0.0007876806193962693,0.0006407548789866269
0.0005774367018602788,0.0005735455779358745,0.0006362136919051409,0.0007908562547527254
0.00106401601806283,0.00146481953561306,0.0019754001405090094,0.0025509041734039783
0.003124477807432413,0.0036182827316224575,0.003952802158892155,0.004059989470988512,0.003906331956386566,0.003504882799461484,0.0029105539433658123
0.0022090687416493893,0.0014954183716326952,0.0008401044178754091,0.0002657774602994323,-0.0002396255440544337,-0.0007011725101619959,-0.0011562496656551957,-0.0016433785203844309,-0.002179584465920925,-0.002757115289568901,-0.003343666438013315,-0.003870453918352723,-0.004244045354425907,-0.0043991184793412685,-0.004326320253312588,-0.004048441536724567,-0.0036100950092077255,-0.003086739918217063,-0.0025775970425456762,-0.002183423610404134,-0.001965051516890526,-0.0019122911617159843,-0.0019633767660707235
-0.0020548400934785604,-0.002163490280508995,-0.002312060911208391,-0.0025415909476578236,-0.0028797672130167484,-0.003317472990602255,-0.00379568082280457,-0.00421516876667738
-0.004484556615352631,-0.004575168713927269,-0.004533061757683754,-0.004459143616259098,-0.004470424260944128,-0.0046441154554486275,-0.004986247979104519,-0.005439078435301781
-0.00590081000700593,-0.006255112588405609,-0.006412908434867859,-0.006340098101645708,-0.0060558137483894825,-0.005626192316412926,-0.0051542604342103004
-0.0047386386431753635,-0.004428233485668898,-0.0042176637798547745,-0.004081979393959045
-0.004014982841908932,-0.004023033194243908,-0.004081686958670616,-0.004129669163376093
-0.004112363792955875,-0.004004038870334625,-0.0037959807086735964,-0.00349444430321455
-0.0031294827349483967,-0.002752818865701556,-0.0024256401229649782,-0.0022084072697907686
-0.0021434524096548557,-0.002228829311206937,-0.002415390219539404,-0.002624472137540579
-0.0027702385559678078,-0.002795429900288582,-0.0026954198256134987
-0.002506975084543228,-0.0022827661596238613,-0.0020714232232421637,-0.0019016891019418836,-0.0017710981192067266,-0.0016597665380686522,-0.0015610678819939494,-0.0014834774192422628,-0.0014237991999834776,-0.0013511382276192307,-0.001217176322825253,-0.0009873408125713468,-0.0006687255809083581,-0.0003057407448068261,4.57499991171062e-05,0.00034272012999281287,0.0005741848144680262,0.0007663615397177637,0.00096944032702595,0.0012337418738752604,0.0015862253494560719,0.00202348199672997,0.002516021253541112
0.0030090310610830784,0.0034320782870054245,0.003722407389432192,0.003845195984467864
0.0038032657466828823,0.0036271153949201107,0.003350428771227598,0.0030040983110666275
0.002629675203934312,0.002282161498442292,0.0020178609993308783,0.0018779538804665208
0.00187833106610924,0.0020184777677059174,0.002297034952789545,0.002706882543861866
0.003215908072888851,0.003761802799999714,0.00426245853304863,0.0046303835697472095
0.0048067523166537285,0.0048051998019218445,0.004704976920038462
0.004595009610056877
0.004538249224424362,0.004569013137370348,0.004686857108026743,0.004848526790738106
0.004983020946383476,0.005021721590310335,0.004925033543258905,0.004702411592006683,0.004412021022289991,0.004141476005315781,0.003986991476267576,0.004020921420305967
0.0042534987442195415,0.004626663867384195,0.005051526241004467,0.00544919865205884
0.0057585276663303375,0.005937280599027872,0.00597068527713418,0.005856487434357405
0.005584807600826025,0.005152288358658552,0.004590119235217571,0.0039641279727220535
0.0033454573713243008,0.002785933669656515,0.0023170982021838427,0.001954970182850957
0.0016960162902250886,0.0015158248133957386,0.001382177579216659,0.0012726039858534932
0.0011800819775089622,0.0011152427177876234,0.0011058013187721372,0.0011716068256646395
0.001303388737142086,0.001477093668654561,0.0016651006881147623,0.0018372476333752275
0.0019802022725343704,0.00209831353276968,0.002180201932787895,0.0021876362152397633,0.0020765955559909344
0.0018124324269592762,0.0013694805093109608,0.0007239835103973746,-0.00013831985415890813
-0.0011827542912214994,-0.002288178540766239,-0.0032702586613595486,-0.003962954506278038
-0.00429007550701499,-0.004292997997254133,-0.004108414985239506,-0.0038879478815943003
-0.003717973828315735,-0.0035959379747509956,-0.0034552444703876972,-0.003220803802832961
-0.0028594096656888723,-0.0024006201419979334,-0.001927778823301196,-0.001538567361421883
-0.001303710276260972,-0.001247907755896449,-0.0013538531493395567
-0.001583688659593463,-0.0018981805769726634,-0.0022716952953487635,-0.0026980340480804443
-0.0031744602601975203,-0.003690221579745412,-0.004223840311169624,-0.004727337509393692
-0.005122392438352108,-0.005332645960152149,-0.005330931860953569,-0.005164370406419039
-0.004939008038491011,-0.004779845476150513,-0.004782341420650482,-0.00497492216527462
-0.005320453085005283,-0.0057381573133170605,-0.0061177401803433895,-0.006343941204249859
-0.006344906985759735,-0.006129962392151356,-0.005778478924185038
-0.005400759633630514,-0.005099223926663399,-0.00492473691701889,-0.004850268363952637
-0.004785947035998106,-0.004631162621080875,-0.0043350085616111755,-0.003913647495210171,-0.0034286093432456255,-0.0029611820355057716,-0.00257822941057384,-0.002304869471117854
-0.002130189212039113,-0.002024264307692647,-0.0019490073900669813,-0.0018680121283978224
-0.001750863273628056,-0.0015773078193888068,-0.0013567522400990129,-0.0011528490576893091
-0.0010654182406142354,-0.0011590986978262663,-0.0014123100554570556
-0.0017282527405768633,-0.001979560125619173,-0.0020647449418902397,-0.001948706922121346
-0.0016566480044275522,-0.0012380534317344427,-0.0007498806808143854,-0.0002696398878470063
0.00010788778308779001,0.00031050003599375486,0.00033107626950368285,0.00023218573187477887
0.00010902390931732953,4.9067442887462676e-05,0.00010405119974166155,0.0002779856149572879
0.0005469348980113864,0.0008837654604576528,0.0012600537156686187,0.0016391240060329437
0.00198577344417572,0.0022945208474993706,0.0025958470068871975
0.0029304828494787216,0.0033163868356496096,0.003711612429469824,0.004005176015198231
0.004068347159773111,0.00382624170742929,0.0032923335675150156,0.00256090029142797
0.0017842843662947416,0.0011311252601444721,0.000730424071662128,0.000641492719296366
0.0008446553256362677,0.0012435161042958498,0.0017064216081053019,0.0021305172704160213
0.0024851339403539896,0.0028161886148154736,0.0032048807479441166,0.003700794419273734
0.004276392050087452,0.004836194217205048,0.005275539588183165
0.005534372292459011,0.005604212172329426,0.0055150133557617664,0.005325311794877052
0.00511579867452383,0.0049794381484389305,0.004980731755495071,0.005110820755362511
0.005290706641972065,0.005411254707723856,0.005389067344367504,0.00521361967548728
0.00495173828676343,0.0047108992002904415,0.004584477283060551,0.004614083096385002,0.004780205897986889,0.005005085840821266,0.005176914855837822,0.00518962973728776,0.004979921039193869,0.004564865026623011,0.004045655019581318
0.0035462139640003443,0.0031435564160346985,0.0028511935379356146,0.0026357530150562525
0.0024332315661013126,0.002173233777284622,0.0018087452044710517,0.00133636430837214
0.0008104071021080017,0.00033462955616414547,1.853879075497389e-05,-7.033554720692337e-05
6.922293687239289e-05,0.00037425034679472446,0.000746104633435607,0.001091933692805469
0.0013533036690205336,0.0015142802149057388,0.0015944121405482292,0.0016329793725162745
0.0016723836306482553,0.0017329556867480278,0.0017857425846159458
0.0017506303265690804,0.0015181612689048052,0.0009909713407978415,0.0001402330817654729
-0.0009636569302529097,-0.0021701918449252844,-0.0032990449108183384,-0.004184976685792208
-0.004699550569057465,-0.004778600297868252,-0.004457511473447084,-0.0038671926595270634
-0.0031823383178561926,-0.0025550464633852243,-0.0020707419607788324,-0.0017475809436291456
-0.0015600725309923291,-0.001463759341277182,-0.0014110738411545753,-0.0013596387580037117
-0.0013002390041947365,-0.0012819964904338121,-0.0013867865782231092
-0.0016851035179570317,-0.0022018509916961193,-0.002889753319323063,-0.0036403131671249866
-0.004330300725996494,-0.004863344132900238,-0.00519710686057806,-0.005357638467103243
-0.0054174065589904785,-0.005441419314593077,-0.005456533282995224,-0.005456112325191498
-0.005408465396612883,-0.005277478136122227,-0.005056466907262802,-0.00477900356054306
-0.0045028552412986755,-0.004292173311114311,-0.004207660909742117,-0.004290629643946886
-0.004535171668976545,-0.004879406653344631,-0.00523018091917038
-0.0054932767525315285,-0.005597351118922234,-0.0055194878950715065,-0.005292821675539017
1.649781466994682e-08,2.0274885059734515e-07,7.387332061625784e-07,1.2356076695141383e-06
1.607148305993178e-06,1.942094513651682e-06,2.3823824903956847e-06,3.0911419344192836e-06,4.1583675738365855e-06
5.41699137102114e-06,6.3890215642459225e-06,6.575609859282849e-06,5.864512331754668e-06,4.62993602923234e-06,3.4515521747380262e-06,2.732787834247574e-06,2.5926051421265583e-06,3.002718585776165e-06,3.846163053822238e-06,4.869325039180694e-06,5.722604328184389e-06
6.101547114667483e-06,5.9048225011792965e-06,5.335013156582136e-06,4.79526761409943e-06
4.63469677924877e-06,5.015300757804653e-06,5.937167770753149e-06,7.275918051163899e-06,8.78770060808165e-06,1.0148629371542484e-05,1.1101294148829766e-05
1.15919356176164e-05,1.1771156096074264e-05,1.192701074614888e-05,1.2446475921024103e-05
1.383512881147908e-05,1.6637242879369296e-05,2.113921073032543e-05,2.7075786420027725e-05
3.3593674743315205e-05,3.948314770241268e-05,4.357328361948021e-05,4.5148484787205234e-05
4.4309043005341664e-05,4.199071918264963e-05,3.9425623981514946e-05,3.7518850149353966e-05
3.644418393378146e-05,3.552740963641554e-05,3.367540193721652e-05,3.0101467928034253e-05
2.484625110810157e-05,1.8898297639680095e-05,1.361740032734815e-05
9.839936865319032e-06,7.652465683349874e-06,6.759291864000261e-06,6.7614200816024095e-06
7.186630682554096e-06,7.488674327760236e-06,7.195691523520509e-06,6.157550615171203e-06,4.679213361669099e-06,3.331171228637686e-06,2.523502644180553e-06,2.3520240119978553e-06
2.8041772566211876e-06,3.8465373108920176e-06,5.2421028158278205e-06,6.483187007688684e-06
7.116362212400418e-06,7.072178050293587e-06,6.593817033717642e-06,5.972679446131224e-06,5.418133696366567e-06,5.019349828216946e-06,4.6982081585156266e-06
4.177870323474053e-06,3.093993882430368e-06,1.4484620578514296e-06,1.1515144393570154e-07
5.762332762060396e-07,3.665780241135508e-06,8.52186894917395e-06,1.313324537477456e-05
1.584583878866397e-05,1.6266616512439214e-05,1.5081349374668207e-05,1.3301781109475996e-05
1.1624025319179054e-05,1.0213748282694723e-05,8.912399607652333e-06,7.531455139542231e-06
6.0030888562323526e-06,4.469632131076651e-06,3.178738779752166e-06,2.2715512386639602e-06
1.7913752117237891e-06,1.7683132682577707e-06,2.2675480977341067e-06
3.442504521444789e-06,5.512079496838851e-06,8.611997145635542e-06,1.2638944099307992e-05
1.7242877220269293e-05,2.1930654838797636e-05,2.6156047169934027e-05,2.9424589229165576e-05,3.149317853967659e-05,3.2490519515704364e-05,3.2861134968698025e-05,3.304604615550488e-05
3.302204277133569e-05,3.234969335608184e-05,3.076718348893337e-05,2.8588441637111828e-05,2.6425603209645487e-05,2.4624268917250447e-05,2.313931872777175e-05,2.1785261196782812e-05,2.0480103557929397e-05,1.9366925698705018e-05,1.8666232790565118e-05
1.8412392819300294e-05,1.8372893464402296e-05,1.824411992856767e-05,1.8020376955973916e-05
1.8000191630562767e-05,1.835647526604589e-05,1.8902323063230142e-05,1.9182114556315355e-05,1.8770464521367103e-05,1.762379724823404e-05,1.605298530193977e-05,1.4376244507730007e-05
1.2659014828386717e-05,1.0795332855195738e-05,8.842809620546177e-06,7.05962656866177e-06
5.62977947993204e-06,4.573985279421322e-06,3.835359621007228e-06,3.361353037689696e-06,3.16495675178885e-06,3.305977315903874e-06,3.777874781007995e-06
4.40953499492025e-06,4.909863946522819e-06,5.0370140343147796e-06,-0.002174033084884286
-0.0020186249166727066,-0.0017999408300966024,-0.001543093821965158,-0.0012724719708785415,-0.0010014286963269114,-0.000738374306820333,-0.0004976507043465972,-0.00028899655444547534
-0.00010631923214532435,6.728668813593686e-05,0.00026038847863674164,0.0005108765908516943
0.0008396705379709601,0.0012383051216602325,0.001680297777056694,0.0021226610988378525,0.002515298780053854,0.002826572861522436,0.003047959879040718
0.0031758639961481094,0.0031986443791538477,0.003100774949416518,0.0028759257402271032,0.002544617746025324,0.002171050291508436,0.0018564879428595304,0.0017059716628864408
0.0017801502253860235,0.002058897167444229,0.0024612711276859045,0.0028973158914595842
0.003290443914011121,0.003582970006391406,0.0037537135649472475,0.0038296571001410484
0.003872303059324622,0.003937348257750273,0.004034230951219797,0.004123779945075512
0.0041460697539150715,0.004061099141836166,0.0038868498522788286
0.003697516629472375,0.0035903831012547016,0.0036482568830251694,0.003899690927937627
0.0043007200583815575,0.004755830392241478,0.005157639272511005,0.005412308033555746
0.005460130050778389,0.005317972972989082,0.005094841588288546,0.004945441149175167
0.004999149590730667,0.005289426539093256,0.005724517162889242,0.006137031130492687
0.006368436384946108,0.006323505658656359,0.005978893022984266,0.0053694043308496475
0.00457484507933259,0.00370879378169775,0.002898170379921794
0.002245917683467269,0.0017936315853148699,0.0015164522919803858,0.0013531445292755961
0.0012472610687837005,0.001180240185931325,0.0011726117227226496,0.0012528683291748166
0.0014332300052046776,0.0017007048008963466,0.0020121964626014233,0.0023071509785950184
0.002535163424909115,0.002675464376807213,0.0027388210874050856,0.0027598950546234846
0.002782996278256178,0.0028379119466990232,0.00292129791341722,0.0029937701765447855
0.0029882220551371574,0.002830219455063343,0.0024650823324918747
0.0018852739594876766,0.001143327564932406,0.0003334450302645564,-0.0004498020571190864
-0.0011587473563849926,-0.0018062330782413483,-0.002420660573989153,-0.002998512238264084
-0.003498051781207323,-0.0038562456611543894,-0.004017805680632591,-0.0039720553904771805,-0.0037657860666513443,-0.0034656187053769827,-0.003117569722235203,-0.0027510502841323614
-0.0023911527823656797
-0.002061067847535014,-0.0017868346767500043,-0.0015930526424199343,-0.0014974951045587659
-0.0015185857191681862,-0.0016838075825944543,-0.0020207478664815426,-0.0025323338340967894
-0.003183229360729456,-0.003908044192939997,-0.00463102338835597,-0.005290665198117495
-0.005856052041053772,-0.006322222761809826,-0.006682317703962326,-0.0069053685292601585
-0.006958928424865007,-0.006842202972620726,-0.00658827181905508,-0.0062568457797169685
-0.005920733325183392,-0.005640262737870216,-0.005442876368761063,-0.005319076590240002
-0.005233118776232004,-0.005126073956489563,-0.004925593268126249,-0.004595894832164049,-0.0041773016564548016
-0.0037688310258090496,-0.00348241301253438,-0.0033906809985637665,-0.0034859837032854557
-0.0036851628683507442,-0.0038765748031437397,-0.0039674462750554085,-0.0039148759096860886
-0.00373226311057806,-0.0034615234471857548,-0.0031487795058637857,-0.002838683780282736
-0.002561596455052495,-0.0023288524243980646,-0.002139263553544879,-0.0019765333272516727
-0.0018146622460335493,-0.00163941434584558,-0.0014704178320243955,-0.001364119234494865
-0.0013767966302111745,-0.0015176070155575871,-0.0017435302725061774
-0.0019874521531164646,-0.0021832906641066074,-0.002282962668687105,-0.002272750250995159
-0.0021760629024356604,-0.0020339530892670155,-0.0018916409462690353,-0.0017966718878597021
-0.0017720988253131509,-0.0017793977167457342,-0.0017262307228520513,-0.0015193113358691335
-0.0011143976589664817,-0.0005281844642013311,0.0001754337572492659,0.0009054203983396292,0.0015826135640963912,0.002175952075049281,0.0026875180192291737,0.0031138381455093622,0.003440460190176964,0.003651275997981429,0.00373297487385571
0.003688815049827099,0.003531096037477255,0.0032586536835879087,0.0028738875407725573
0.00241459789685905,0.001959540182724595,0.0016103512607514858,0.0014518272364512086
0.0015171312261372805,0.0017837672494351864,0.002188755664974451,0.00265455711632967
0.0031137464102357626,0.0035169676411896944,0.0038333015982061625,0.004051597323268652
0.004175176844000816,0.004211131948977709,0.004166719503700733,0.004051751457154751
0.0038816428277641535,0.0036832294426858425,0.0034937039017677307
0.0033505375031381845,0.003290208289399743,0.0033577566500753164,0.003600975265726447
0.004034455865621567,0.00461324118077755,0.005251171067357063,0.005856876261532307,0.006359210703521967,0.006712694186717272,0.006888941396027803,0.00688270665705204
0.0067240274511277676,0.006467098370194435,0.006168068386614323,0.00587049825116992
0.0055908216163516045,0.005308153573423624,0.004985718056559563,0.004606220405548811,0.0041766660287976265,0.0037129856646060944,0.0032321219332516193
0.0027538060676306486,0.0023067824076861143,0.0019303811714053154,0.0016585196135565639
0.0014948670286685228,0.0014212694950401783,0.001431292505003512,0.0015325421700254083
0.0017309935064986348,0.0020243902690708637,0.0023876733612269163,0.002759300172328949
0.0030570332892239094,0.003224112093448639,0.0032554392237216234,0.003176154801622033
0.0030159286689013243,0.0027967561036348343,0.0025353587698191404,0.002256123349070549
0.0019751202780753374,0.0016669045435264707,0.0012569124810397625
0.0006551771657541394,-0.00017643888713791966,-0.001187499612569809,-0.0022623264230787754
-0.0032584562432020903,-0.00404752790927887,-0.004551674704998732,-0.004756145179271698
-0.004701169207692146,-0.004453979432582855,-0.0040837861597537994,-0.003649070393294096
-0.003181419800966978,-0.002692226553335786,-0.0022009979002177715,-0.0017480480019003153
-0.0013872416457161307,-0.0011639436706900597,-0.0011020858073607087,-0.0012101826723665
-0.0014769646804779768,-0.001862777629867196,-0.0023060643579810858
-0.0027421959675848484,-0.003132473211735487,-0.003475975012406707,-0.0037913110572844744
-0.00410065334290266,-0.0044171796180307865,-0.004728098399937153,-0.005001689773052931
-0.0052167135290801525,-0.005374616011977196,-0.005483049899339676,-0.005546694155782461
-0.005582389887422323,-0.005623192060738802,-0.005703195929527283,-0.0058412449434399605
-0.006020163185894489,-0.006183928344398737,-0.006275329738855362,-0.006271056830883026
-0.0061724320985376835,-0.005979238543659449,-0.005690320860594511
-0.005323491990566254,-0.004920841660350561,-0.004538580309599638,-0.00423136493191123
-0.0040262676775455475,-0.003906687721610069,-0.003830819856375456,-0.0037645669654011726
-0.003695074934512377,-0.0036231738049536943,-0.0035558578092604876,-0.003501440864056349
-0.0034556479658931494,-0.003394978353753686,-0.003293721005320549,-0.0031399012077599764
-0.002931768773123622,-0.002670424524694681,-0.002359681995585561,-0.0020098634995520115
-0.0016454935539513826,-0.0013120014918968081,-0.001065401709638536
-0.0009379525436088443,-0.0009042757446877658,-0.0008903821581043303,-0.0008232179097831249
-0.0006760635296814144,-0.0004873752477578819,-0.00033439253456890583,-0.0002642691251821816,-0.00025873997947201133,-0.00026701524620875716,-0.0002484374272171408,-0.00018317592912353575,-4.5714754378423095e-05,0.00022266031010076404,0.0006791774649173021,0.0013159408699721098,0.002054241020232439,0.0027857646346092224,0.0034072701819241047,0.003842439968138933
0.0040536923334002495,0.004041624255478382,0.003836799645796418
0.003487746696919203,0.0030543555039912462,0.0026072070468217134,0.0022169335279613733
0.0019356394186615944,0.00178469717502594,0.0017484057461842895,0.001778963371179998
0.0018177987076342106,0.00182072923053056,0.0017767887329682708,0.0017148556653410196
0.001703950110822916,0.0018363305134698749,0.0021683210507035255,0.002666772110387683
0.003221724182367325,0.003703195136040449,0.004012575373053551,0.00411102594807744
0.0040354179218411446,0.003885914571583271,0.003771489020437002,0.003767126239836216
0.003902953816577792,0.0041516548953950405,0.004432272166013718,0.004650171846151352
0.0047434545122087,0.004710032604634762,0.004611107986420393,0.004554337821900845
0.004653901793062687,0.0049786074087023735,0.005521961487829685,0.006206508260220289
0.006904896814376116,0.007469905540347099,0.007779693230986595,0.007775112986564636
0.007459054235368967,0.0068785748444497585,0.006116031669080257,0.0052759479731321335,0.0044562132097780704,0.003719125408679247
0.0030786676798015833,0.0025067278183996677,0.0019596503116190434,0.0014159344136714935
0.0008976998506113887,0.0004671127535402775,0.00021406443556770682,0.00023183671873994172
0.0005653903353959322,0.0011633181711658835,0.0018865002784878016,0.002568881493061781
0.003082537790760398,0.0033694040030241013,0.0034394352696835995,0.003363574855029583
0.0032485718838870525,0.0031772840302437544,0.0031670499593019485,0.0031633619219064713
0.0030414313077926636,0.0026442287489771843,0.0018671252764761448
0.0007270299829542637,-0.0006375537486746907,-0.0020278277806937695,-0.0032500275410711765
-0.004158382304012775,-0.004686348140239716,-0.004851104691624641,-0.004733698442578316,-0.004449206404387951,-0.004096999764442444,-0.0037183724343776703,-0.003308051498606801
-0.0028629982843995094,-0.0024108949583023787,-0.0020062155090272427,-0.001716006314381957
-0.0015927838394418359,-0.001646907883696258,-0.0018433969235047698,-0.0021170785184949636
-0.002399712335318327,-0.0026487966533750296,-0.0028572746086865664
-0.0030400853138417006,-0.003217920195311308,-0.003417676780372858,-0.0036673201248049736
-0.003975671716034412,-0.0043244026601314545,-0.004669254180043936,-0.004946763161569834
-0.005102228373289108,-0.005131622776389122,-0.005103168077766895,-0.00512348348274827
-0.005270476918667555,-0.0055532618425786495,-0.005914334673434496,-0.006257007829844952
-0.006485681515187025,-0.0065414803102612495,-0.006417364347726107,-0.006153347436338663
-0.0058206114917993546,-0.00550281023606658,-0.005276212934404612
-0.005176894832402468,-0.005166246555745602,-0.005142027046531439,-0.004999965894967318
-0.004693176597356796,-0.0042537241242825985,-0.0037722154520452023,-0.0033486720640212297
-0.0030520253349095583,-0.0029055739287286997,-0.0028774833772331476,-0.0028880173340439796
-0.0028550003189593554,-0.0027393640484660864,-0.002560886088758707,-0.0023932449985295534
-0.0023358899634331465,-0.002467792248353362,-0.0028041056357324123,-0.003274081042036414
-0.003739554202184081,-0.004049175418913364,-0.004095250740647316
-0.003846968524158001,-0.00335040595382452,-0.002700155833736062,-0.0020011242013424635
-0.0013353789690881968,-0.0007428538519889116,-0.00022773875389248133,0.00021950172958895564
0.0006107336957938969,0.0009608988766558468,0.0012882538139820099,0.0016131739830598235
0.001960193505510688,0.002353304997086525,0.002795769600197673,0.0032603756990283728
0.003710338147357106,0.004121960140764713,0.004476051777601242,0.004731595981866121
0.004822338465601206,0.004686610773205757,0.004302668385207653
0.0037084531504660845,0.0029985185246914625,0.0022953844163566828,0.0017162486910820007
0.0013563167303800583,0.0012727937428280711,0.0014581235591322184,0.001831598929129541
0.002269364893436432,0.002647541230544448,0.0028806852642446756,0.0029592488426715136
