2.8420101443771273e-05,3.390025085536763e-05,3.914615081157535e-05,4.3407078919699416e-05,4.5929107727715746e-05,4.608437302522361e-05,4.363238986115903e-05,3.888858555001207e-05,3.260547237005085e-05,2.5654660930740647e-05,1.876109126897063e-05,1.2475033145165071e-05
7.269440629897872e-06,3.478484586594277e-06,1.1522505474204081e-06,1.1042713765618828e-07
1.3384295982632466e-07,1.0528334541959339e-06,2.665525926204282e-06,4.598537543643033e-06
6.275092346186284e-06,7.101606115611503e-06,6.777313501515891e-06,5.449804120871704e-06
3.602697461246862e-06,1.8156433725380339e-06,5.52689527921757e-07,2.3103714497096917e-08
1.2775740287906956e-07,5.068163773103151e-07,7.122091005840048e-07,5.102983777760528e-07
1.0747733369953494e-07,7.354288555916355e-08,1.0390367606305517e-06
3.4691315704549197e-06,7.64212200010661e-06,1.3605860658572055e-05,2.1009358533774503e-05
2.898191632993985e-05,3.627603655331768e-05,4.174848800175823e-05,4.48344653705135e-05
4.558632645057514e-05,4.4391174014890566e-05,4.1788753151195124e-05,3.847601328743622e-05
3.527556691551581e-05,3.294271300546825e-05,3.192117583239451e-05,3.229517460567877e-05
3.3983717003138736e-05,3.695084888022393e-05,4.124153929296881e-05,4.680482015828602e-05
5.322377182892524e-05,5.968238110654056e-05
6.536947330459952e-05,6.991284317336977e-05,7.33045962988399e-05,7.544589607277885e-05,7.590075256302953e-05,7.421574264299124e-05,7.045552047202364e-05,6.523150659631938e-05,5.921777119510807e-05,5.2847321057925e-05,4.642887870431878e-05,4.0351915231440216e-05,3.505778659018688e-05,3.077147266594693e-05,2.7372418117010966e-05,2.4639035473228432e-05,2.258691529277712e-05,2.1528177967411466e-05,2.182675052608829e-05,2.3596316168550402e-05,2.6559244361124e-05,3.018925963260699e-05,3.405058305361308e-05
3.790888513321988e-05,4.14303140132688e-05,4.3913067202083766e-05,4.449741754797287e-05
4.2676027078414336e-05,3.854411261272617e-05,3.263256439822726e-05,2.5636303689680062e-05
1.8288870705873705e-05,1.1379440365999471e-05,5.710182904294925e-06,1.889878490146657e-06
1.455410085782205e-07,2.877976044146635e-07,1.7386771560268244e-06,3.609681698435452e-06
5.018828233005479e-06,5.591441549768206e-06,5.575053364736959e-06,5.411879101302475e-06
5.362236151995603e-06,5.48374646314187e-06,5.76355705561582e-06
6.156697963888291e-06,6.508611477329396e-06,6.5631006691546645e-06,6.143050541140838e-06
5.315286216500681e-06,4.338032795203617e-06,3.454127181612421e-06,2.773244204945513e-06
2.3176075956143904e-06,2.104874965880299e-06,2.1812559225509176e-06,2.617920472403057e-06
3.48315688825096e-06,4.803248884854838e-06,6.583974936802406e-06,8.884061571734492e-06
1.1820834515674505e-05,1.5462566807400435e-05,1.9671497284434736e-05,2.4123190087266266e-05,2.8572767405421473e-05,3.2932537578744814e-05,3.69936678907834e-05
4.031904973089695e-05,4.2554202082101256e-05,4.3727897718781605e-05,4.415709190652706e-05
4.403650382300839e-05,4.318742867326364e-05,4.133829497732222e-05,3.8602156564593315e-05
3.549032408045605e-05,3.24811007885728e-05,2.9742815968347713e-05,2.724982550716959e-05
2.506036253180355e-05,2.3425072868121788e-05,2.259359462186694e-05,2.2580423319595866e-05
2.317112921446096e-05,2.4125842173816636e-05,2.5339642888866365e-05,2.678703640413005e-05
2.8338956326479092e-05,2.9718166842940263e-05,3.071922401431948e-05
3.1441373721463606e-05,0.005676161497831345,0.005774357356131077,0.005903421435505152
0.006042904686182737,0.006171802058815956,0.006287972442805767,0.006405641324818134
0.006540591828525066,0.006696918047964573,0.006861097179353237,0.0070107681676745415
0.00712795602157712,0.007196895312517881,0.007194302976131439,0.007092131767421961
0.006871197838336229,0.006528305821120739,0.006068886257708073,0.005496987607330084
0.004816229455173016,0.00404026685282588,0.0032011934090405703
0.0023453461471945047,0.0015139474999159575,0.0007176190847530961,-7.015513256192207e-05
-0.0008830857696011662,-0.0017221230082213879,-0.002544666174799204,-0.0032793590798974037,-0.003844843478873372,-0.004171204753220081,-0.004219022113829851,-0.003983335569500923
-0.00348756555467844,-0.0027782530523836613,-0.001924256095662713,-0.001016292255371809,-0.00015335145872086287,0.0005819600773975253,0.0011382929515093565,0.0014919898239895701
0.0016313360538333654,0.001546156476251781,0.001234435010701418
0.0007099984213709831,1.2317905202507973e-06,-0.0008471732726320624,-0.001774019212462008
-0.002714970614761114,-0.003615770721808076,-0.004438554868102074,-0.005166435614228249
-0.005796477198600769,-0.006328672636300325,-0.006768621504306793,-0.0071343183517456055
-0.007452923338860273,-0.007743694819509983,-0.007999869994819164,-0.008196532726287842,-0.008319978602230549,-0.008383505046367645,-0.008416488766670227,-0.008442642167210579,-0.008467699401080608,-0.008486119098961353,-0.008497722446918488
-0.008513176813721657,-0.008541821502149105,-0.008579909801483154,-0.00861099548637867
-0.00861187744885683,-0.008561236783862114,-0.008445914834737778,-0.008257640525698662
-0.007988469675183296,-0.007630417123436928,-0.007177012041211128,-0.006630957592278719
-0.0060152169317007065,-0.0053744129836559296,-0.00476300623267889,-0.004230701830238104
-0.0038157254457473755,-0.003548125270754099,-0.0034507575910538435,-0.0035269376821815968
-0.003750201314687729,-0.0040735602378845215,-0.004449229687452316
-0.004839093424379826,-0.00520944083109498,-0.005523244850337505,-0.005742471199482679
-0.0058359564282000065,-0.005783766508102417,-0.005577373318374157,-0.005219163838773966
-0.004721393808722496,-0.004105692263692617,-0.0034033525735139847,-0.0026528609450906515,-0.0018962796311825514,-0.001177312107756734,-0.0005377692868933082
-2.175860572606325e-06,0.0004487078113015741,0.0008784760138951242,0.0013493777951225638
0.0018743802793323994,0.002410121727734804,0.0028839632868766785,0.0032282958272844553
0.003406113013625145,0.003421391360461712,0.003307738807052374,0.00310439127497375
0.002846270799636841,0.002572267083451152,0.002329671522602439,0.0021654374431818724
0.0021111387759447098,0.002171231433749199,0.0023264973424375057,0.0025558709166944027
0.0028537861071527004,0.003217332297936082,0.0036219856701791286,0.004022023640573025
0.004373646341264248,0.004658456891775131,0.004890093579888344,0.005097188055515289,0.005300567485392094,0.005504842381924391,0.005703574512153864
0.005891955457627773,0.006075194571167231,0.006262210663408041,0.006454962305724621
0.006644967943429947,0.0068164062686264515,0.006951963994652033,0.007035005837678909
0.007050133775919676,0.006989909801632166,0.006860740017145872,0.006681100465357304
0.006476764567196369,0.006273485720157623,0.006089713424444199,0.005936723202466965
0.005819665268063545,0.0057326131500303745,0.0056605031713843346,0.005591302178800106
0.005523717496544123,0.00546285742893815,0.005406946409493685
0.005344721954315901,0.005273234099149704,0.005209625698626041,0.005181103013455868
0.0052098967134952545,0.005306768696755171,0.005471780430525541,0.0056985896080732346
0.0059772394597530365,0.006292273290455341,0.006619113963097334,0.006925689522176981
0.00718185817822814,0.007363945245742798,0.007446804083883762,0.007394730579108
0.007164336275309324,0.006723138969391584,0.006068550515919924,0.005227077752351761
0.004241287242621183,0.003164870198816061,0.002063850639387965
0.0010072432924062014,3.936572466045618e-05,-0.0008428071741946042,-0.0016667627496644855,-0.0024315007030963898,-0.003087134100496769,-0.0035609102342277765,-0.003796522505581379
-0.0037808979395776987,-0.0035432700533419847,-0.0031333535443991423,-0.0026021653320640326
-0.001997609157115221,-0.0013739631976932287,-0.0007959799841046333,-0.0003207785775884986
2.122257137671113e-05,0.00021997869771439582,0.0002658299054019153,0.00014331655984278768,-0.00015393410285469145,-0.0006049004150554538,-0.0011625910410657525
-0.0017732656560838223,-0.002395141404122114,-0.0030078936833888292,-0.003607700811699033,-0.004189453087747097,-0.004732596687972546,-0.005206193774938583,-0.005586390383541584,-0.0058662560768425465,-0.00605251919478178,-0.0061585018411278725,-0.006202130578458309,-0.00620542885735631,-0.0061874366365373135,-0.006156546995043755,-0.0061176372691988945,-0.006092777010053396,-0.006128149572759867,-0.006271131336688995,-0.006540892645716667,-0.006923829670995474,-0.007392643019556999,-0.007920598611235619
-0.008474349975585938,-0.009004677645862103,-0.009454485960304737,-0.009770862758159637,-0.009914180263876915,-0.009870011359453201,-0.009649908170104027,-0.009277342818677425
-0.008779453113675117,-0.00818808376789093,-0.007543547078967094,-0.006899240426719189
-0.006312655750662088,-0.0058235712349414825,-0.005445103161036968,-0.005175345577299595
-0.005014054477214813,-0.004968314431607723,-0.005042092874646187,-0.00521776732057333
-0.005448597948998213,-0.005676567554473877,-0.005862009711563587
-0.005995126441121101,-0.006077896803617477,-0.006097633857280016,-0.006024145055562258
-0.005831369198858738,-0.0055139269679784775,-0.0050818161107599735,-0.0045433021150529385
-0.003894590772688389,-0.0031289667822420597,-0.0022564318496733904,-0.0013107897248119116
-0.0003406659234315157,0.0006030802032910287,0.0014822302618995309,0.002287818118929863
0.003034704364836216,0.003725938033312559,0.004326357506215572,0.004773247055709362
0.005008084233850241,0.005001635290682316,0.004759995266795158
0.004318298771977425,0.0037289101164788008,0.0030502118170261383,0.0023443414829671383
0.0016805147752165794,0.0011335473973304033,0.0007729473290964961,0.000645771506242454
0.0007613497436977923,0.0010909941047430038,0.0015870200004428625,0.002202335512265563
0.0028947407845407724,0.0036194883286952972,0.004325317218899727,0.004968361929059029
0.005527271889150143,0.00599506264552474,0.006362767890095711,0.006616962607949972
0.006747628096491098,0.006758679635822773,0.006677233148366213
0.006552278995513916,0.006437038071453571,0.006366516463458538,0.006348862312734127
0.006376352161169052,0.006442128214985132,0.006543623749166727,0.006676847580820322
0.006840120069682598,0.007041343953460455,0.007289860863238573,0.007578159216791391
0.007872880436480045,0.008122783154249191,0.008273912593722343,0.008279083296656609
0.008101092651486397,0.007716664578765631,0.007127267774194479,0.006366411689668894
0.005487967748194933,0.004548447672277689,0.0036021843552589417
0.0027101775631308556,0.0019496947061270475,0.001404025126248598,0.0011367020197212696
0.001178549136966467,0.0015327718574553728,0.002180542331188917,0.0030786506831645966
0.0041539776138961315,0.005303609650582075,0.006408254615962505,0.007357165217399597
0.008069252595305443,0.008497157134115696,0.008618798106908798,0.008430011570453644
0.007942387834191322,0.0071814581751823425,0.006187034770846367,0.005020801443606615
0.003769824281334877,0.002531548961997032,0.0013881505001336336
0.0003832534421235323,-0.00048702419735491276,-0.0012529654195532203,-0.0019333366071805358
-0.002513815648853779,-0.0029502264223992825,-0.0031880775932222605,-0.003188344882801175
-0.002943101106211543,-0.002477444941177964,-0.0018499253783375025,-0.001147914445027709
-0.00046904897317290306,0.00010083900997415185,0.0004988724831491709,0.0006827974575571716,0.000624855631031096,0.00031311926431953907
-0.00024069106439128518,-0.0009989083046093583,-0.0019045203225687146,-0.002887595910578966
-0.0038706399500370026,-0.0047776345163583755,-0.005543577019125223,-0.006122073158621788
-0.006493900436908007,-0.006670063827186823,-0.006681867875158787,-0.006566811352968216
-0.00636048149317503,-0.006100337021052837,-0.005835430230945349,-0.005618044640868902
-0.00547931669279933,-0.0054226163774728775,-0.005441250745207071,-0.005535020027309656
-0.005707364063709974,-0.005947867874056101,-0.006224818527698517,-0.006503283511847258
-0.006768964231014252,-0.007030886597931385,-0.00730309309437871,-0.007582889869809151
-0.007842643186450005,-0.008044028654694557,-0.008164707571268082,-0.008209187537431717
-0.00819043256342411,-0.008107710629701614,-0.00795025285333395,-0.007720745634287596
-0.007447398267686367,-0.007165710907429457,-0.006889594253152609,-0.006605078466236591
-0.006290091667324305,-0.005939463619142771,-0.005577975418418646,-0.005252521485090256
-0.00500765023753047,-0.004867376293987036,-0.004836018662899733,-0.004906026180833578
-0.005060308147221804,-0.005268644541501999,-0.0054887207224965096
-0.005679119378328323,-0.005811538081616163,-0.005867870058864355,-0.005827610846608877
-0.005661590490490198,-0.005342347081750631,-0.004862154833972454,-0.004236406646668911
-0.003491243114694953,-0.0026564556173980236,-0.0017689005471765995,-0.0008744632359594107
-2.3857923224568367e-05,0.0007424813811667264,0.0014198966091498733,0.002043323591351509
0.002651630900800228,0.0032492741011083126,0.0037999714259058237,0.004247982520610094
0.004543459042906761,0.004652845673263073,0.0045577907003462315
0.004259020090103149,0.003788219066336751,0.003211379051208496,0.0026111502666026354
0.0020628171041607857,0.0016244638245552778,0.0013399997260421515,0.001241103163920343
0.001341173890978098,0.0016291335923597217,0.002070607617497444,0.0026166108436882496
0.0032196175307035446,0.0038464574608951807,0.004476988222450018,0.005091697443276644
0.005656382068991661,0.006119901314377785,0.006434360984712839,0.006577239837497473
0.006553270388394594,0.006383204832673073,0.006097199860960245
0.005736618302762508,0.005356720183044672,0.0050208233296871185,0.004785551689565182
0.004690384957939386,0.004757184535264969,0.0049910773523151875,0.005382346920669079
0.005911913234740496,0.006552582606673241,0.007263557519763708,0.00798436626791954
0.008637873455882072,0.009146884083747864,0.009449532255530357,0.00950224231928587
0.009279223158955574,0.008776105009019375,0.008016394451260567,0.007056731265038252
0.005982841365039349,0.004890722222626209,0.003865859005600214
0.0029782988131046295,0.002288493560627103,0.0018475421238690615,0.001687014359049499
0.0018041676376014948,0.002159907016903162,0.002701199846342206,0.0033856292720884085
0.0041802749037742615,0.00504165468737483,0.005901423282921314,0.006672463845461607
0.007275177165865898,0.007660926319658756,0.00780382938683033,0.007677297107875347
0.007256566546857357,0.006543115712702274,0.005576481577008963,0.004425330087542534
0.00317106069996953,0.0018918686546385288,0.0006476042326539755
-0.000528637960087508,-0.00161836133338511,-0.002593204379081726,-0.0034047227818518877
-0.0039911698549985886,-0.004287843592464924,-0.0042398590594530106,-0.003822463331744075
-0.003060596529394388,-0.002031684387475252,-0.0008493606001138687,0.0003627190599218011
0.0014890115708112717,0.002421245677396655,0.0030597527511417866,0.003331851214170456
0.00320801162160933,0.002701901365071535,0.0018627452664077282,0.0007679860573261976
-0.000489078345708549,-0.0018178741447627544,-0.0031415573321282864
-0.004394548945128918,-0.005520322360098362,-0.006480808835476637,-0.0072621507570147514,-0.007862750440835953,-0.008280474692583084,-0.00851009227335453,-0.008549299091100693
-0.008411998860538006,-0.008131582289934158,-0.007747633382678032,-0.007295192684978247
-0.006804535165429115,-0.006304835435003042,-0.00582869490608573,-0.005415181629359722
-0.005110304802656174,-0.00496300496160984,-0.005015375558286905,-0.005290745757520199,-0.005781341344118118,-0.006443842314183712,-0.007209488656371832
-0.008000470697879791,-0.008743435144424438,-0.009372176602482796,-0.00982433557510376
-0.010049259290099144,-0.010019637644290924,-0.009729640558362007,-0.009189707227051258
-0.00843118131160736,-0.007514460012316704,-0.006530224811285734,-0.005586613900959492
-0.004782943055033684,-0.004189824219793081,-0.003848893102258444,-0.003775435732677579
-0.003955453634262085,-0.0043474603444337845,-0.004893404897302389,-0.005533584393560886
-0.006210389081388712,-0.006857600063085556,-0.0073958286084234715
-0.007744526024907827,-0.007836350239813328,-0.007625102996826172,-0.0070946491323411465
-0.0062685562297701836,-0.005208438262343407,-0.003995571751147509,-0.0027077593840658665
-0.0014071653131395578,-0.00014295917935669422,0.001037315116263926,0.002082988154143095
0.002953715855255723,0.0036422170232981443,0.004175413865596056,0.004579202271997929
0.004848451353609562,0.004959565587341785,0.004897908307611942,0.004663075320422649
0.004260164685547352,0.0036988952197134495,0.003002041717991233
0.0022162324748933315,0.0014196329284459352,0.0007175552891567349,0.00021852005738765
1.1444208212196827e-06,9.548800881020725e-05,0.00048680006875656545,0.0011273908894509077
0.0019439634634181857,0.0028422889299690723,0.003717998508363962,0.004478584975004196
0.005066799931228161,0.005466342903673649,0.005685557145625353,0.005735983606427908
0.005624381825327873,0.005362881813198328,0.004984832834452391,0.0045478916727006435,0.004122358281165361
0.0037755619268864393,0.0035606548190116882,0.003514894749969244,0.0036633843556046486
0.0040182373486459255,0.004571763798594475,0.005291574634611607,0.006123061757534742,0.006996322423219681,0.007833536714315414,0.008557300083339214,0.009102720767259598
0.00943172350525856,0.009536154568195343,0.009424889460206032,0.009113552048802376
0.008625609800219536,0.007995037361979485,0.007265924941748381,0.0064874025993049145
0.005708254873752594,0.004979186691343784,0.004352082498371601,0.0038695530965924263,0.0035592960193753242
0.003435927676036954,0.003500652499496937,0.0037408294156193733,0.004131246358156204
0.004632436204701662,0.005192148964852095,0.005754693876951933,0.006270285230129957
0.006700435187667608,0.0070167467929422855,0.007190464995801449,0.007185878697782755
0.00697216484695673,0.006543912924826145,0.005928633268922567,0.00517222099006176
0.004315521102398634,0.0033868015743792057,0.0024165608920156956,0.0014552571810781956
0.0005683638155460358,-0.00019900791812688112,-0.000853458303026855
-0.0014338919427245855,-0.0019598924554884434,-0.002410290762782097,-0.0027399961836636066
-0.0029013371095061302,-0.002858129795640707,-0.0025949073024094105,-0.0021212666761130095
-0.0014728978276252747,-0.0007111051818355918,8.577445987612009e-05,0.0008400902734138072
0.0014858980430290103,0.001973188016563654,0.0022740685380995274,0.002382067032158375
0.002303803339600563,0.0020503601990640163,0.0016291240463033319,0.0010419075842946768
0.0002935046795755625,-0.0005965130403637886,-0.00159362587146461
-0.0026628596242517233,-0.003780240658670664,-0.004929725080728531,-0.006088609807193279
-0.007214314304292202,-0.00824936293065548,-0.009140498004853725,-0.009850415401160717
-0.010353950783610344,-0.010632267221808434,-0.010677875950932503,-0.010503911413252354
-0.010145429521799088,-0.009650141932070255,-0.00906354933977127,-0.008421076461672783
-0.007756459526717663,-0.007117556873708963,-0.006570484954863787,-0.006182758137583733
-0.005997342988848686,-0.0060170963406562805,-0.006209665909409523
-0.0065290736965835094,-0.006931801792234182,-0.007368449587374926,-0.007768230512738228
-0.008045611903071404,-0.008131777867674828,-0.008006338961422443,-0.007695485837757587
-0.007240043953061104,-0.00667444197461009,-0.006031272001564503,-0.005355845671147108
-0.004713866859674454,-0.004180667456239462,-0.0038202048745006323,-0.0036719816271215677
-0.0037477018777281046,-0.004033481702208519,-0.004497498739510775,-0.005096822511404753
-0.00577907357364893,-0.006483274511992931,-0.007142897229641676
-0.00768878823146224,-0.00805194303393364,-0.00817012321203947,-0.007996240630745888
-0.0075048599392175674,-0.006696753203868866,-0.00559824425727129,-0.004256779793649912
-0.0027410131879150867,-0.0011413574684411287,0.00044078798964619637,0.001914390129968524
0.003224208252504468,0.004358057398349047,0.005314779467880726,0.006068461574614048
0.006568944081664085,0.00676367012783885,0.006620584521442652,0.006145586725324392
0.005383912939578295,0.004409302957355976,0.0033165705390274525
0.002216421300545335,0.0012255541514605284,0.0004521997179836035,-2.377788769081235e-05
-0.00016601654351688921,1.9527413314790465e-05,0.0004939223872497678,0.001194253098219633
0.002041582250967622,0.002949136309325695,0.003835271578282118,0.004636446014046669
0.0053114816546440125,0.005836359690874815,0.006193575449287891,0.006368899252265692
0.006361284758895636,0.006193086039274931,0.005909216124564409,0.0055665504187345505
0.005223516374826431,0.0049351719208061695,0.004749474581331015
0.004700475372374058,0.004800532478839159,0.005041105207055807,0.005405684467405081
0.00587870366871357,0.006435392890125513,0.007025768049061298,0.00757826492190361
0.008025371469557285,0.008329290896654129,0.008486608043313026,0.008508570492267609,0.008397217839956284,0.008142061531543732,0.007736715022474527,0.007196630816906691
0.006558063440024853,0.005857825744897127,0.005123735871165991,0.004389407578855753
0.003709177952259779,0.003152100834995508,0.0027784546837210655
0.0026191992219537497,0.0026744604110717773,0.0029250874649733305,0.003344108583405614
0.0039018229581415653,0.004562844522297382,0.005279894918203354,0.005991469137370586
0.006627230439335108,0.007121643051505089,0.007429561112076044,0.007532632444053888
0.007433332037180662,0.007144443225115538,0.006681068334728479,0.006059642881155014
0.005304520018398762,0.004453458823263645,0.0035528303124010563,0.002643585903570056
0.001746553461998701,0.0008576083928346634,-3.642053343355656e-05
-0.0009324393467977643,-0.0018061024602502584,-0.0026206544134765863,-0.0033237049356102943
-0.0038460080977529287,-0.004123684484511614,-0.004123596008867025,-0.0038468961138278246
-0.0033223978243768215,-0.0026043213438242674,-0.0017701112665235996,-0.0009138821624219418
-0.00012887141201645136,0.0005142980953678489,0.0009697922505438328,0.0012047768104821444
0.0011996669927611947,0.0009591207490302622,0.0005149985081516206,-8.485373109579086e-05
-0.0007928464328870177,-0.0015706518897786736,-0.0023892554454505444
-0.0032268299255520105,-0.004064814653247595,-0.004881441593170166,-0.0056489077396690845
-0.006334340199828148,-0.006902959197759628,-0.007329338230192661,-0.007611182052642107
-0.007771181408315897,-0.007845492102205753,-0.007866237312555313,-0.00784936174750328
-0.007798072416335344,-0.0077168019488453865,-0.007620161399245262,-0.0075286333449184895
-0.0074581908993422985,-0.007417019922286272,-0.007412654347717762,-0.007459595333784819
-0.007573800627142191,-0.0077554890885949135,-0.007978253066539764
-0.008196658454835415
7.595349984512723e-07,5.953316758677829e-06,1.4826317055849358e-05,2.5697874662000686e-05,3.6567755159921944e-05,4.5108281483408064e-05,4.91491737193428e-05,4.740616714116186e-05,4.005753726232797e-05,2.8908951207995415e-05,1.6900832633837126e-05,7.069807907100767e-06
1.3804742593492847e-06,3.61120093828049e-08,1.7333129562757676e-06,4.484674718696624e-06
6.409783509297995e-06,6.397209290298633e-06,4.50023162557045e-06,1.8381950894763577e-06,9.45042160083176e-08,8.660191497256164e-07,5.073807642475003e-06,1.2585087461047806e-05
2.2211823306861334e-05,3.2125615689437836e-05,4.053975862916559e-05,4.6370776544790715e-05
4.946652552462183e-05,5.0241975259268656e-05,4.921728395856917e-05,4.693826485890895e-05,4.4035394239472225e-05,4.108215944143012e-05,3.840082717943005e-05
3.6102443118579686e-05,3.433343954384327e-05,3.338287569931708e-05,3.348375321365893e-05
3.4577784390421584e-05,3.6312834708951414e-05,3.8250927900662646e-05,4.0119011828210205e-05
4.193808854324743e-05,4.39122632087674e-05,4.6166067477315664e-05,4.85763703181874e-05,5.077759487903677e-05,5.230612805462442e-05,5.277225864119828e-05,5.188954310142435e-05
4.9443340685684234e-05,4.538284338195808e-05,3.9945687603903934e-05,3.364857911947183e-05,2.7164333005202934e-05,2.1131118046469055e-05,1.6005540601327084e-05
1.2058836546202656e-05,9.401107490702998e-06,8.000782145245466e-06,7.774154255457688e-06
8.703844287083484e-06,1.0902443136728834e-05,1.4594023923564237e-05,2.0046496501890942e-05
2.7476517061586492e-05,3.6839712265646085e-05,4.74955013487488e-05,5.806152330478653e-05
6.677275086985901e-05,7.212879427243024e-05,7.332083623623475e-05,7.027384708635509e-05
6.34495954727754e-05,5.365495235309936e-05,4.204003926133737e-05,3.003679375979118e-05
1.8988630472449586e-05,9.866553227766417e-06,3.399751449251198e-06
2.392754083757609e-07,7.566471822428866e-07,4.612183147401083e-06,1.0474865121068433e-05
1.6229825632763095e-05,1.9741135474760085e-05,1.9781302398769185e-05,1.6507696273038164e-05
1.12268407974625e-05,5.742857410950819e-06,1.6902079096325906e-06,2.8958693221170506e-08
7.795412670930091e-07,3.0886753847880755e-06,5.624709046969656e-06,7.140019988582935e-06
6.966572982491925e-06,5.247779427008936e-06,2.792628947645426e-06,6.957454274925112e-07
2.882599581255363e-08,1.661449118728342e-06,6.041522738087224e-06
1.2931885066791438e-05,2.1426831153803505e-05,3.0406374207814224e-05,3.905547418980859e-05
4.7033416194608435e-05,5.422432877821848e-05,6.0378639318514615e-05,6.510643288493156e-05
6.816488166805357e-05,6.955226126592606e-05,6.936417776159942e-05,6.772462074877694e-05
6.485958874691278e-05,6.117743760114536e-05,5.720053377444856e-05,5.3348889196058735e-05
4.9818634579423815e-05,4.6663350076414645e-05,4.3904150516027585e-05,4.1586969018680975e-05
3.986767842434347e-05,3.906833444489166e-05,3.960088361054659e-05
4.182015618425794e-05,4.588416049955413e-05,5.165608672541566e-05,5.870631866855547e-05
6.640955689363182e-05,7.400398317258805e-05,8.054318459471688e-05,8.492650522384793e-05
8.62018860061653e-05,8.399713988183066e-05,7.871543493820354e-05,7.130217272788286e-05
6.277320062508807e-05,5.39147004019469e-05,4.528958015725948e-05,3.7356909160735086e-05,3.056283821933903e-05,2.5306677343905903e-05,2.1795229258714244e-05,1.998839434236288e-05
1.9694105503731407e-05,2.0674064217018895e-05,2.2681066184304655e-05
-0.005041945725679398,-0.005336008965969086,-0.0055885897018015385,-0.005735740996897221,-0.005710665136575699,-0.0054654525592923164,-0.004991776309907436,-0.004317352082580328,-0.0034837196581065655,-0.0025264048017561436,-0.001469173701480031,-0.0003262576647102833
0.0008920137770473957,0.0021659191697835922,0.0034546051174402237,0.004696062300354242
0.0058089387603104115,0.006692148745059967,0.007239783648401499,0.00737629272043705
0.007083918433636427,0.006400935351848602,0.0054014576599001884
0.00417953310534358,0.002848680131137371,0.001539949094876647,0.0003798329271376133,-0.0005374268512241542,-0.0011586099863052368,-0.0014606632757931948,-0.0014383583329617977,-0.0011000408558174968,-0.0004690595669671893,0.0004110997833777219,0.0014748750254511833,0.0026421919465065002,0.0038291465025395155,0.004954248201102018,0.005941767245531082,0.006727553904056549,0.0072680748999118805,0.00754581531509757,0.00756465457379818,0.007342476863414049,0.0069130416959524155,0.006329739466309547
0.005660721100866795,0.004981881007552147,0.004371678456664085,0.003905894234776497,0.0036477854009717703,0.003629716346040368,0.003843708196654916,0.004255793988704681
0.0048248860985040665,0.005507717840373516,0.006256760098040104,0.0070198229514062405
0.007742031943053007,0.008368082344532013,0.008844943717122078,0.009128523990511894
0.00918942503631115,0.009014006704092026,0.008606931194663048,0.0079948203638196,0.0072248815558850765,0.0063580297864973545,0.005463877227157354
0.004618731327354908,0.003895445726811886,0.0033466804306954145,0.0029974342323839664
0.0028505998197942972,0.0028984262607991695,0.0031307614408433437,0.003529094625264406
0.004055527504533529,0.0046562738716602325,0.005270885769277811,0.005835257936269045
0.006287431810051203,0.00657687010243535,0.0066713267005980015,0.006558138877153397
0.006235032342374325,0.005706778261810541,0.004997102078050375,0.004143156111240387
0.0031683924607932568,0.002078186720609665,0.0008874298073351383
-0.00035066972486674786,-0.0015368415042757988,-0.0025474217254668474,-0.0032699774019420147
-0.0036273302976042032,-0.00358724407851696,-0.003163269255310297,-0.0024081419687718153
-0.001405896618962288,-0.0002665439387783408,0.0008849158184602857,0.0019282296998426318,0.0027644410729408264,0.003322073956951499
0.0035565514117479324,0.0034505322109907866,0.0030161854811012745,0.002294608624652028,0.0013510370627045631,0.0002610383089631796,-0.0009106404613703489,-0.002119596814736724
-0.0033283608499914408,-0.00448978878557682,-0.005554231349378824,-0.006491517648100853
-0.007295171730220318,-0.007963551208376884,-0.008482761681079865,-0.008832426741719246
-0.00901226419955492,-0.00905716884881258,-0.009012466296553612,-0.00889558345079422
-0.008693056181073189,-0.00839478150010109,-0.008022502064704895,-0.007618697360157967
-0.007212502881884575,-0.006810822524130344,-0.006424759980291128,-0.00609096372500062
-0.005860735196620226,-0.005771966185420752,-0.005831222049891949,-0.006019704043865204
-0.006313356105238199,-0.006690611131489277,-0.00711973849684,-0.0075467792339622974,-0.007905631326138973,-0.008147451095283031,-0.008256210945546627,-0.008234569802880287
-0.008089199662208557,-0.007831739261746407,-0.007483117748051882,-0.007075712084770203
-0.006651951931416988,-0.006257636472582817,-0.0059343730099499226,-0.005713395308703184
-0.005609296262264252,-0.0056154136545956135,-0.005703839007765055,-0.00583254499360919,-0.005957723129540682,-0.006042391061782837,-0.00605661328881979
-0.005976761691272259,-0.005789552815258503,-0.005492731928825378,-0.005087446887046099
-0.00456932233646512,-0.003929194062948227,-0.003166409209370613,-0.0022966223768889904,-0.0013470659032464027,-0.00034872267860919237,0.000678809592500329,0.0017334922449663281,0.002808275166898966,0.0038663416635245085,0.0048354072496294975,0.0056152138859033585
0.006100458092987537,0.006215136032551527,0.005936029367148876,0.00529285566881299
0.004354295786470175,0.003213365562260151,0.00197671283967793
0.0007555189076811075,-0.000344426603987813,-0.0012326810974627733,-0.0018409480107948184
-0.0021244080271571875,-0.002062896266579628,-0.0016647505108267069,-0.0009651167783886194
-1.84657983481884e-05,0.0011067690793424845,0.0023307576775550842,0.0035671168006956577,0.004732330329716206,0.005759622901678085,0.006612652447074652,0.007281469646841288
0.007760552689433098,0.008037762716412544,0.008108849637210369,0.008000833913683891,0.007772255688905716,0.0074821170419454575,0.007164029870182276
0.006835467182099819,0.006521116942167282,0.006257196888327599,0.006072355434298515
0.005962994880974293,0.005894203670322895,0.005834265146404505,0.005783955566585064,0.005768353119492531,0.005807681009173393,0.005903751589357853,0.006049584597349167
0.006238671485334635,0.0064571271650493145,0.006666934117674828,0.006805088371038437
0.006811276078224182,0.006657754071056843,0.006353378761559725,0.005930342711508274,0.00543296430259943,0.004915563855320215,0.004439403768628836
0.004055621102452278,0.0037887138314545155,0.003643160918727517,0.0036229724064469337,0.003741024062037468,0.004012348596006632,0.004437088035047054,0.004987224005162716,0.005608650855720043,0.006232821382582188,0.006790142506361008,0.007221194915473461
0.007475958205759525,0.007506729569286108,0.007276462856680155,0.006778456270694733
0.006044225767254829,0.005125893279910088,0.004059114959090948,0.0028469618409872055,0.0014914094936102629,3.7493882700800896e-05,-0.0014136664103716612
-0.0027279232162982225,-0.0037749616894870996,-0.004457929637283087,-0.0047283172607421875
-0.004584926180541515,-0.004066189751029015,-0.0032446589320898056,-0.002215907210484147
-0.0010833642445504665,4.8250192776322365e-05,0.0010751025984063745,0.0019010987598448992
0.002452294807881117,0.002693271730095148,0.002627736423164606,0.002283963607624173
0.0017052788753062487,0.0009482415625825524,7.97417014837265e-05,-0.0008329546544700861
-0.0017444347031414509,-0.002644964726641774,-0.003538109827786684
-0.004408388398587704,-0.005221901927143335,-0.0059497482143342495,-0.006581689231097698
-0.007120401132851839,-0.0075685009360313416,-0.007928001694381237,-0.008207287639379501,-0.00841714721173048,-0.0085642971098423,-0.008653610944747925,-0.008690698072314262,-0.008679462596774101,-0.008622599765658379,-0.008529458194971085,-0.008418874815106392,-0.008309387601912022,-0.008210204541683197,-0.008125385269522667,-0.00806104764342308,-0.008018450811505318,-0.007983516901731491,-0.007933658547699451
-0.007854819297790527,-0.007750459481030703,-0.007632991764694452,-0.007500743959099054
-0.007327696308493614,-0.007083612028509378,-0.006757603492587805,-0.006360161583870649
-0.005912539549171925,-0.0054363952949643135,-0.004951575770974159,-0.004484217148274183
-0.004071928095072508,-0.0037549156695604324,-0.003561341669410467,-0.0035013663582503796
-0.0035741962492465973,-0.003778895130380988,-0.004111628048121929,-0.004549081437289715
-0.0050419289618730545,-0.005530176218599081,-0.005963610950857401
-0.006306225899606943,-0.006524747237563133,-0.00657939026132226,-0.00643128203228116
-0.006062535103410482,-0.005485412199050188,-0.00472753681242466,-0.003811024595052004
-0.0027434672228991985,-0.0015198709443211555,-0.00013866927474737167,0.001366221928037703
0.0029068279545754194,0.004359931219369173,0.0056006163358688354,0.006520825903862715
0.007033975329250097,0.007086965721100569,0.006683211773633957,0.005892288871109486
0.0048310053534805775,0.0036289789713919163,0.002405299339443445
0.0012652406003326178,0.00030101160518825054,-0.0004127488937228918,-0.0008222532924264669
-0.0008937321836128831,-0.0006143917562440038,3.547931555658579e-06,0.0009182138601318002
0.0020555828232318163,0.0033161116298288107,0.004587775096297264,0.005761530250310898
0.006747882347553968,0.007482833694666624,0.007925298064947128,0.00805828720331192,0.007892180234193802
0.00746332248672843,0.006824594922363758,0.0060349018312990665,0.005159138701856136
0.004273524507880211,0.0034623504616320133,0.002805729629471898,0.002368447370827198
0.002197039546445012,0.0023207273334264755,0.0027452760841697454,0.0034446888603270054
0.004366155248135328,0.0054425764828920364,0.006597909145057201,0.007747910916805267
0.00880318135023117,0.009675675071775913,0.010285666212439537,0.010565814562141895
0.010466414503753185,0.009964835830032825,0.009076396934688091,0.007864318788051605
0.0064443256705999374,0.004971344023942947,0.0036029135808348656,0.0024607153609395027,0.0016175282653421164
0.001112372730858624,0.0009711681632325053,0.0012051824014633894,0.0017901689279824495
0.0026598572731018066,0.00372191215865314,0.004875584505498409,0.006023325026035309
0.007074567489326,0.007942365482449532,0.008544020354747772,0.00881350226700306
0.008714798837900162,0.008241156116127968,0.007411055266857147,0.006269909907132387
0.004886282607913017,0.0033389744348824024,0.0016982594970613718,1.7629005014896393e-05
-0.0016426590736955404,-0.0031825434416532516,-0.00446472130715847
-0.005353537388145924,-0.00575548829510808,-0.005634586792439222,-0.004999720491468906
-0.0038932873867452145,-0.002405737992376089,-0.0006879616994410753,0.0010717681143432856
0.002692706184461713,0.004036962054669857,0.005015498027205467,0.00557169783860445,0.005670529790222645,0.0053037237375974655,0.004498715046793222,0.003320713061839342
0.0018631129059940577,0.00023119570687413216,-0.0014675457496196032,-0.0031258559320122004
-0.004642656072974205,-0.005936953239142895,-0.006962002255022526
-0.0077048358507454395,-0.008172990754246712,-0.008386977016925812,-0.008381994441151619
-0.008205967023968697,-0.007910510525107384,-0.007545153610408306,-0.007157968357205391
-0.006793931592255831,-0.006488565355539322,-0.006265054456889629,-0.006137203425168991
-0.006113438867032528,-0.0061987112276256084,-0.006391681730747223,-0.006684110965579748
-0.0070661939680576324,-0.007526137866079807,-0.008044211193919182,-0.008590123616158962
-0.009122720919549465,-0.009591994807124138,-0.009945201687514782
-0.010134585201740265,-0.01012657955288887,-0.009907885454595089,-0.00947874877601862
-0.008846270851790905,-0.008033553138375282,-0.007086490280926228,-0.006067654583603144
-0.005051414016634226,-0.004118581302464008,-0.0033469232730567455,-0.00280246720649302
-0.0025275854859501123,-0.002535118954256177,-0.002820456400513649,-0.0033699595369398594
-0.004146791063249111,-0.005076372995972633,-0.006058767903596163,-0.006997001823037863
-0.007808478083461523,-0.008413370698690414,-0.008728994987905025
-0.008689609356224537,-0.008273408748209476,-0.007507293950766325,-0.006445876322686672
-0.005148636177182198,-0.0036763367243111134,-0.0021037952974438667,-0.0005210177041590214
0.0009979642927646637,0.002423519268631935,0.003753021825104952,0.00496760755777359
0.006004390772432089,0.00676304055377841,0.007145529612898827,0.007100251037627459
0.006635439582169056,0.005802123807370663,0.004675837699323893,0.0033551976084709167
0.0019666000735014677,0.0006495402194559574,-0.0004766046768054366
-0.0013309697387740016,-0.001863367622718215,-0.002037778962403536,-0.001823973492719233
-0.0012090111849829555,-0.00022194068878889084,0.001054389518685639,0.002501583658158779
0.003998568281531334,0.005437272135168314,0.006716401316225529,0.007737983949482441
0.008425135165452957,0.008746610954403877,0.00871950201690197,0.008391398936510086
0.00782096665352583,0.007066757418215275,0.006190238054841757,0.005260536912828684
0.004346898756921291,0.003515023272484541,0.0028346325270831585
0.002378936158493161,0.002204826334491372,0.002329229610040784,0.0027306429110467434
0.003376651555299759,0.004241064190864563,0.005286492872983217,0.006436940282583237
0.007581827696412802,0.008609423413872719,0.009434251114726067,0.009999293833971024
0.010261692106723785,0.010188012383878231,0.009770624339580536,0.00904527585953474
0.008088529109954834,0.006993826013058424,0.005844797473400831,0.004708888474851847
0.003650079946964979,0.002739745657891035,0.002052575582638383
0.0016510544810444117,0.0015745278215035796,0.0018396915402263403,0.002439330331981182
0.0033324300311505795,0.0044362545013427734,0.005636849906295538,0.0068190330639481544
0.00788755714893341,0.008761691860854626,0.009362433105707169,0.009616252034902573
0.00947813130915165,0.008948118425905704,0.008059021085500717,0.006849196739494801
0.005342069081962109,0.0035504382103681564,0.0015150210820138454,-0.0006572036072611809
-0.0028011940885335207,-0.004738572984933853,-0.006312043406069279
-0.007395150139927864,-0.007895652204751968,-0.00776646938174963,-0.007024967577308416
-0.005761255044490099,-0.004118456970900297,-0.0022593066096305847,-0.0003435947000980377
0.0014756685122847557,0.0030479601118713617,0.004231589846313,0.004920780658721924
0.0050752973183989525,0.004724299535155296,0.00393948657438159,0.0027991177048534155
0.0013747327029705048,-0.00025502918288111687,-0.0019893418066203594,-0.003712035482749343
-0.005319674964994192,-0.006739267148077488,-0.007916390895843506
-0.008797118440270424,-0.009330924600362778,-0.009495703503489494,-0.009319247677922249,-0.008869863115251064,-0.008225962519645691,-0.007456070277839899,-0.006620733067393303
-0.005786372814327478,-0.0050329952500760555,-0.00444127107039094,-0.0040706368163228035
-0.003952899947762489,-0.004100216552615166,-0.004514165688306093,-0.005187537521123886
-0.006093855947256088,-0.007176517974585295,-0.008351624011993408,-0.009518920443952084
-0.010569673031568527,-0.01139652170240879,-0.011912954971194267,-0.012068974785506725
-0.01184858288615942,-0.011256926693022251,-0.010315927676856518,-0.009074602276086807
-0.0076233986765146255,-0.006093470845371485,-0.004627514164894819,-0.003341835457831621
-0.0023137570824474096,-0.001595659414306283,-0.0012276606867089868,-0.0012305197305977345
-0.0015920165460556746,-0.002266352530568838,-0.003183016087859869,-0.004254800267517567
-0.005383497104048729,-0.006462466903030872,-0.007381370756775141,-0.008040345273911953,-0.008364832028746605,-0.008311771787703037
-0.007871783338487148,-0.007070022635161877,-0.005963185802102089,-0.004629237577319145
-0.00314959604293108,-0.001601644791662693,-6.287870928645134e-05,0.0014017195207998157
0.002750156447291374,0.003940453287214041,0.004913419019430876,0.005607944447547197
0.005977370776236057,0.0059913769364356995,0.005636423826217651,0.0049294838681817055
0.003940611612051725,0.002791028004139662,0.0016135270707309246,0.0005119654815644026
-0.00044199422700330615,-0.0011832085438072681,-0.00163896637968719
-0.0017478573136031628,-0.001491131610237062,-0.000902963918633759,-5.142937880009413e-05
0.00098791706841439,0.002141165779903531,0.0033298677299171686,0.004469603765755892
0.00547986663877964,0.00629859883338213,0.006891118828207254,0.00724746473133564
0.00737637747079134,0.007299996446818113,0.007048176601529121,0.006657986436039209
0.006174654234200716,0.0056496174074709415,0.005140659399330616,0.0047081345692276955
0.004398166202008724,0.004229939542710781,0.004207877442240715
0.004340927116572857,0.004641960375010967,0.005107146687805653,0.0056958189234137535
0.006339889019727707,0.006978339981287718,0.007575970143079758,0.008113063871860504
0.008566457778215408,0.008901063352823257,0.009078891947865486,0.009075039997696877
0.008882943540811539,0.008506933227181435,0.007957267574965954,0.007257303688675165
0.006452308036386967,0.005604390986263752,0.004775548353791237,0.004017236176878214
0.003373845713213086,0.002884987276047468,0.0025783656165003777
0.002465733326971531,0.0025478017050772905,0.0028201756067574024,0.0032734698615968227
0.0038831569254398346,0.004594676196575165,0.005323803052306175,0.005983104929327965
0.0065140146762132645,0.006894038524478674,0.007115774322301149,0.007162490859627724
0.0070076291449368,0.006638295017182827,0.006068880669772625,0.005317596718668938
0.004373166710138321,0.0032058670185506344,0.001820531440898776,0.0002979033160954714
-0.0012109396047890186,-0.0025347049813717604,-0.003540733829140663
-0.004162507131695747,-0.004388220142573118,-0.004230678081512451,-0.0037121030036360025
-0.002880311105400324,-0.001828299369663,-0.0006841814611107111,0.00042201392352581024
0.0013867615489289165,0.002139362506568432,0.0026315017603337765,0.002829804550856352
0.0027181729674339294,0.002301447791978717,0.0016058622859418392,0.0006722183898091316
-0.00045593694085255265,-0.001734687713906169,-0.003112293081358075,-0.004522616509348154
-0.00588492676615715,-0.007117230445146561,-0.00815778411924839
-0.008973639458417892,-0.009550940245389938,-0.00988316722214222,-0.009970254264771938,-0.009828450158238411,-0.009496278129518032,-0.009022824466228485,-0.008451581001281738
-0.00781482644379139,-0.007138250395655632,-0.006455977912992239,-0.0058214664459228516
-0.005295839160680771,-0.004926946014165878,-0.004742674995213747,-0.004758204333484173
-0.004982958547770977,-0.005412868689745665,-0.006011697929352522,-0.006710194982588291,-0.007433618884533644,-0.0081300288438797,-0.008768598549067974
-0.009314627386629581,-0.009717314504086971,-0.009924475103616714,-0.009908710606396198
-0.009680984541773796,-0.009274729527533054,-0.0087210014462471,-0.008049743250012398
-0.007307689171284437,-0.006560507230460644,-0.005875540431588888,-0.005303260404616594
-0.004872541408985853,-0.004598983097821474,-0.004489084240049124,-0.004536319058388472
-0.004719937220215797,-0.005002445075660944,-0.005325608886778355,-0.00561336288228631
-0.005778168328106403,-0.0057366094551980495,-0.005438662134110928
-0.004884087014943361,-0.004104903899133205,-0.003133075311779976,-0.0019897122401744127
-0.0007070691790431738,0.0006544499192386866,0.0020310755353420973,0.003383876523002982
0.004679691046476364,0.005852520000189543,0.0067946636117994785,0.007386419456452131
0.007542197592556477,0.00723728071898222,0.0064986469224095345,0.005380533169955015
0.00395727576687932,0.002337744925171137,0.00067138671875,-0.0008748378022573888
-0.002154360758140683,-0.003065144643187523,-0.003546584863215685
-0.003567293519154191,-0.0031274736393243074,-0.0022686466109007597,-0.0010702372528612614
0.0003665194381028414,0.00193219434004277,0.0035137273371219635,0.0049989898689091206,0.0062913792207837105,0.007322258781641722,0.00804825872182846,0.00844590924680233
0.008510367944836617,0.008255599066615105,0.007723527494817972,0.006993237417191267
0.0061669014394283295,0.005338076967746019,0.00457276776432991,0.003920889459550381
0.0034440597519278526,0.003221654798835516,0.0033175251446664333
0.003741329303011298,0.004444736521691084,0.005351425148546696,0.006388793233782053
0.00748862512409687,0.008561907336115837,0.009491100907325745,0.010160827077925205
0.01049705408513546,0.010476161725819111,0.010102353990077972,0.009383938275277615
0.0083348723128438,0.006999082397669554,0.005469072610139847,0.0038763098418712616
0.002362146507948637,0.0010543584357947111,6.227928679436445e-05,-0.0005218348233029246
-0.0006358150276355445,-0.00026942879776470363,0.0005319600459188223
1.2362805819066125e-06,4.034750418213662e-06,6.876414772705175e-06,8.323777365148999e-06,7.680955604882911e-06,5.302609224600019e-06,2.3529853478976293e-06,2.843279105491092e-07,3.973609068452788e-07,3.578437599571771e-06,1.0168129847443197e-05,1.987499672395643e-05
3.179212217219174e-05,4.4623291614698246e-05,5.691196565749124e-05,6.716731877531856e-05
7.41109179216437e-05,7.706970791332424e-05,7.63024581829086e-05,7.288005144800991e-05,6.805205339333043e-05,6.275373743847013e-05,5.761933425674215e-05,5.314709051162936e-05
4.974890543962829e-05,4.7716897825011984e-05,4.716129114967771e-05,4.803813499165699e-05
5.032200715504587e-05,5.411797246779315e-05,5.947723548160866e-05,6.602565554203466e-05
7.284235471161082e-05,7.88280158303678e-05,8.324856025865301e-05
8.590187644585967e-05,8.673414413351566e-05,8.538767724530771e-05,8.129850903060287e-05
7.427285891026258e-05,6.489182851510122e-05,5.4334523156285286e-05,4.3831998482346535e-05
3.427155388635583e-05,2.612532080092933e-05,1.9546285329852253e-05,1.4513951100525446e-05
1.0923994523182046e-05,8.59608826431213e-06,7.307546184165403e-06,6.885305992909707e-06
7.2722946242720354e-06,8.532652827852871e-06,1.079492358257994e-05,1.410619734087959e-05
1.826350489864126e-05,2.2752203221898526e-05,2.680826401046943e-05
2.96231282845838e-05,3.063089388888329e-05,2.9632643418153748e-05,2.6744297429104336e-05
2.23211754928343e-05,1.6912408682401292e-05,1.1196285413461737e-05,5.861968475073809e-06,1.7167593568956363e-06,3.2990079418260265e-11,2.2248580080486136e-06,9.246577064914163e-06,2.0236539057805203e-05,3.255694900872186e-05,4.2757688788697124e-05,4.7980662202462554e-05,4.694608287536539e-05,4.023436486022547e-05,2.995183240273036e-05,1.88721369340783e-05,9.432738806935959e-06,3.1104907520784764e-06,2.726111745232629e-07
3.146529650166485e-07,1.977835609068279e-06,3.845571427518735e-06,4.855794486502418e-06
4.556567546387669e-06,3.115754907412338e-06,1.2418880714903935e-06,4.524599006572316e-08
7.936592965052114e-07,4.5126939767214935e-06,1.1583956620597746e-05,2.1598134480882436e-05
3.3446034649387e-05,4.5561591832665727e-05,5.625277844956145e-05,6.40098296571523e-05
6.781145202694461e-05,6.73759714118205e-05,6.323994603008032e-05,5.665378557750955e-05
4.9135731387650594e-05,4.182108023087494e-05,3.522120459820144e-05
2.9519225790863857e-05,2.490151018719189e-05,2.1604591893265024e-05,1.9790506485151127e-05,1.9482891730149277e-05,2.0643197785830125e-05,2.327700894966256e-05,2.7443302315077744e-05,3.310970714665018e-05,3.9923808799358085e-05,4.716841067420319e-05,5.401692396844737e-05,5.979952766210772e-05,6.400505662895739e-05,6.611106073250994e-05,6.554934952873737e-05,6.192033470142633e-05,5.531359784072265e-05,4.6478715375997126e-05,3.659790309029631e-05,2.6878393327933736e-05,1.834414251788985e-05,1.1708869351423346e-05
7.206433110695798e-06,4.599512976710685e-06,3.4392749057587935e-06,3.3856065329018747e-06,4.408268978295382e-06,6.78074457027833e-06,1.0869222933251876e-05,1.6844853234943002e-05,2.4484210371156223e-05,3.308359737275168e-05,4.1477891500107944e-05,4.8187674110522494e-05,5.1695522415684536e-05,5.0939230277435854e-05,4.582270412356593e-05,3.7176567275309935e-05,2.63065958279185e-05,1.4932202248019166e-05,5.4467541303893086e-06,4.129649937567592e-07,1.075213504009298e-06,6.338223556667799e-06,1.3329991816135589e-05
-0.004350706934928894,-0.004584035370498896,-0.00435236282646656,-0.00368473376147449
-0.0026528683956712484,-0.0013768880162388086,7.101334631443024e-07,0.0013503364752978086,0.002572775585576892,0.0035943167749792337,0.004352600313723087,0.004793873056769371
0.0048838891088962555,0.004619175568223,0.004029499366879463,0.0031658937223255634
0.0020774281583726406,0.000797654502093792,-0.0006420266581699252,-0.00218886137008667,-0.0037654072511941195,-0.005288676358759403,-0.006689003668725491
-0.007915778085589409,-0.008934637531638145,-0.009722731076180935,-0.010272154584527016
-0.01059866975992918,-0.010734379291534424,-0.01070764847099781,-0.010534530505537987
-0.010225310921669006,-0.009794763289391994,-0.009266672655940056,-0.008669180795550346
-0.008030547760426998,-0.0073822191916406155,-0.006760473363101482,-0.006201543845236301
-0.005733685567975044,-0.0053696222603321075,-0.0051083071157336235,-0.004948787856847048,-0.004900543484836817,-0.004979210905730724,-0.005191355012357235
-0.005520174745470285,-0.005929141771048307,-0.006377813406288624,-0.006825442425906658
-0.007225399371236563,-0.007529590744525194,-0.0077015794813632965,-0.007726939860731363
-0.0076125324703752995,-0.0073745474219322205,-0.007028856780380011,-0.006590521428734064,-0.006078409496694803,-0.005525072105228901,-0.004983102437108755,-0.004511191975325346
-0.0041490173898637295,-0.003909599967300892,-0.0037928137462586164,-0.0037989055272191763
-0.00392783060669899,-0.004166360944509506,-0.0044720591977238655
-0.004769967868924141,-0.004975920543074608,-0.005026409402489662,-0.004884694702923298
-0.0045305220410227776,-0.003946785815060139,-0.0031053442507982254,-0.0019774683751165867
-0.0005731196142733097,0.0010366573696956038,0.0027320701628923416,0.004367325454950333
0.005788995884358883,0.006857379339635372,0.007473480887711048,0.007591006346046925
0.007207744754850864,0.006360593717545271,0.00513395294547081,0.003662086557596922
0.00210780231282115,0.0006257970817387104,-0.0006625932874158025
-0.001668872544541955,-0.002330194693058729,-0.0026131386402994394,-0.0025139362551271915
-0.002052959520369768,-0.0012760814279317856,-0.00025234639178961515,0.0009378994582220912,0.0022136422339826822,0.0034934883005917072,0.004687734879553318,0.0057062869891524315
0.006489676423370838,0.007028284482657909
0.007345321588218212,0.007463415153324604,0.0073899091221392155,0.007129703648388386
0.006702674087136984,0.0061482712626457214,0.005523326341062784,0.004897370934486389,0.004342239815741777,0.003917367197573185,0.003656851826235652,0.003569164080545306,0.0036521374713629484,0.003906462341547012,0.004330880008637905,0.00490630604326725,0.005591133143752813,0.00633205845952034,0.00707283103838563,0.007754072081297636,0.008313915692269802,0.00869186595082283,0.008837804198265076,0.00872684083878994,0.00836274679750204,0.007766956463456154,0.0069764358922839165,0.006052960641682148,0.00508353253826499,0.00416825944557786,0.0033990712836384773,0.0028368565253913403
0.0025112200528383255,0.0024378516245633364,0.0026220811996608973,0.0030486714094877243,0.0036752026062458754,0.0044366754591465,0.005258640274405479,0.006063430570065975
0.00676969438791275,0.007304314523935318,0.007622723001986742,0.007713991217315197
0.007584528997540474,0.00723292026668787,0.006629150826483965,0.005723030772060156
0.004495142959058285,0.0030016954988241196,0.0013627514708787203,-0.00028378935530781746,-0.0018097624415531754,-0.003089077305048704,-0.003991752862930298
-0.004417538642883301,-0.004342326428741217,-0.0038246698677539825,-0.002969446126371622
-0.0018872623331844807,-0.0006768691819161177,0.0005689536337740719,0.0017494603525847197,0.002756686881184578,0.003495108336210251,0.003901575691998005,0.003954112064093351
0.003666441887617111,0.0030718606431037188,0.002217331202700734,0.0011733954306691885
3.298546653240919e-05,-0.0011139516718685627,-0.0022101248614490032,-0.0032410554122179747,-0.004215192049741745,-0.005131431855261326,-0.005970275029540062
-0.0067105782218277454,-0.007343677803874016,-0.007874337956309319,-0.008314190432429314
-0.008678054437041283,-0.00898877251893282,-0.00927659124135971,-0.009559174999594688,-0.009816216304898262,-0.009988936595618725,-0.010014975443482399,-0.009871050715446472
-0.009581156075000763,-0.00918720941990614,-0.00872113462537527,-0.008202310651540756
-0.007651882246136665,-0.007101977709680796,-0.006587253883481026,-0.006132143549621105,-0.005752177443355322,-0.005466425325721502,-0.005302230827510357
-0.005283356178551912,-0.005413924343883991,-0.0056725251488387585,-0.006019145715981722
-0.006409486290067434,-0.006807231809943914,-0.0071856859140098095,-0.0075180199928581715
-0.00776867289096117,-0.00789930485188961,-0.007883948273956776,-0.007714938372373581
-0.007392880041152239,-0.00692091416567564,-0.006318907253444195,-0.0056339455768466
-0.004926641471683979,-0.004248509649187326,-0.003629258368164301,-0.003080816939473152
-0.002610797993838787,-0.00222836178727448,-0.001942481379956007
-0.0017601457657292485,-0.0016796797281131148,-0.00168202247004956,-0.0017303085187450051,-0.0017727984813973308,-0.0017401778604835272,-0.001551894354633987,-0.0011450067395344377
-0.0005044478457421064,0.00032758235465735197,0.0012652487494051456,0.0022046463564038277
0.0030445405282080173,0.00370030477643013,0.004114375915378332,0.004263110924512148,0.004160657525062561,0.0038529271259903908,0.003400457091629505,0.0028624972328543663
0.0022891233675181866,0.0017206382472068071,0.0011943118879571557
0.0007503086235374212,0.00042394717456772923,0.00023005623370409012,0.00016190781025215983
0.00020828442939091474,0.00036751379957422614,0.0006462053279392421,0.0010467920219525695,0.0015588973183184862,0.0021704542450606823,0.002883307868614793,0.003703390248119831
0.004614410921931267,0.005566015839576721,0.006486386526376009,0.007309441454708576
0.0079900361597538,0.008493494242429733,0.008788423612713814,0.008859924972057343,0.0087201576679945,0.008400852791965008,0.007937532849609852
0.0073639266192913055,0.006720766890794039,0.006059498991817236,0.005431367550045252,0.004877711180597544,0.0044297706335783005,0.004111027345061302,0.003937819041311741
0.003918120637536049,0.004051755182445049,0.004331719130277634,0.004740387201309204
0.005242188461124897,0.0057795727625489235,0.006281370762735605,0.00668941717594862
0.006982996128499508,0.007173213642090559,0.007273875642567873,0.007282366510480642,0.007188634481281042,0.006994570605456829,0.006717714946717024
0.006379888392984867,0.006000950466841459,0.005603991914540529,0.005221135448664427,0.00488756550475955,0.0046234652400016785,0.00442672660574317,0.004288243129849434
0.004208494909107685,0.004195704124867916,0.004247847944498062,0.004338870756328106
0.004424414597451687,0.004450018517673016,0.004347970709204674,0.004044458270072937
0.0034854875411838293,0.0026647557970136404,0.0016411012038588524,0.0005277518648654222,-0.0005527663161046803,-0.001513362629339099,-0.0023087793961167336
-0.0029112063348293304,-0.003292614361271262,-0.003432691330090165,-0.0033372268080711365,-0.0030427814926952124,-0.0026042151730507612,-0.0020797615870833397,-0.0015240847133100033,-0.0009887574706226587,-0.0005213492549955845,-0.00015764508862048388,8.541223360225558e-05,0.00021118931181263179,0.0002384827530477196,0.00018596620066091418,5.6847158703021705e-05,-0.00016148100257851183,-0.00048640507156960666,-0.000927677028812468,-0.0014825011603534222,-0.002138810232281685,-0.002877200022339821,-0.0036699308548122644
-0.004488114267587662,-0.005315503105521202,-0.006146838888525963,-0.00696922279894352
-0.007753328420221806,-0.00846150889992714,-0.009057069197297096,-0.009508519433438778
-0.009789377450942993,-0.009877471253275871,-0.009762488305568695,-0.009456700645387173,-0.00899741891771555,-0.008442111313343048,-0.00785819161683321,-0.0073097930289804935,-0.00685060815885663
-0.006522024516016245,-0.006346864625811577,-0.006321496330201626,-0.006418509408831596
-0.006599761545658112,-0.006826472003012896,-0.007060334086418152,-0.007262892089784145
-0.00740044517442584,-0.007451094686985016,-0.007407241500914097,-0.007275894284248352
-0.0070763202384114265,-0.006831000093370676,-0.006560284644365311,-0.006286337040364742
-0.0060344720259308815,-0.0058260331861674786,-0.005669147241860628,-0.005553451832383871
-0.005449867807328701,-0.005319572985172272,-0.005132026970386505,-0.004874661099165678
-0.0045441449619829655,-0.004134355112910271,-0.0036405588034540415,-0.0030763503164052963,-0.002477455185726285
-0.001881683710962534,-0.0013060295023024082,-0.0007464400259777904,-0.00019510847050696611
0.00035509144072420895,0.0009142647031694651,0.0014813754241913557,0.0020320620387792587,0.002526406431570649,0.0029173134826123714,0.0031564387027174234,0.0032066197600215673
0.003055973444133997,0.002727263141423464,0.002271935809403658,0.00174782145768404,0.0012054509716108441,0.0006926599889993668,0.0002590561634860933,-4.772917600348592e-05,-0.0001921823131851852,-0.00016232910274993628,3.157230094075203e-05
0.00036899367114529014,0.0008239757153205574,0.0013626059517264366,0.0019395097624510527
0.0024957414716482162,0.002972451038658619,0.0033380736131221056,0.0036004080902785063
0.003794472897425294,0.003960088826715946,0.004124561324715614,0.004302267916500568
0.0045054638758301735,0.004751180298626423,0.005061107687652111,0.00545343616977334
0.005928665399551392,0.006463195197284222,0.007015861105173826,0.007541203405708075,0.008001910522580147,0.008369175717234612,0.008611733093857765
0.008693029172718525,0.008587755262851715,0.008301965892314911,0.007872440852224827
0.007342821918427944,0.006739889737218618,0.006074005272239447,0.005364138633012772
0.004662087187170982,0.0040451157838106155,0.0035805872175842524,0.0032995184883475304
0.003198480000719428,0.003257208736613393,0.00344883743673563,0.0037368028424680233
0.004079538397490978,0.004448990803211927,0.0048357415944337845,0.005230700597167015
0.005607593804597855,0.0059270113706588745,0.006160513497889042
0.0063111563213169575,0.00640341779217124,0.006451535504311323,0.006442890036851168
0.006354399956762791,0.006184129510074854,0.005958730820566416,0.005706002004444599,0.0054312278516590595,0.005123955197632313,0.004780404735356569,0.004411757458001375,0.004020830616354942,0.00357344513759017,0.003010396845638752,0.0022950591519474983
0.0014486119616776705,0.0005476692458614707,-0.00030484050512313843,-0.0010121498489752412,-0.0015047593042254448,-0.0017506270669400692,-0.001752670737914741
-0.0015350485919043422,-0.0011358814081177115,-0.0006147950189188123,-5.7686527725309134e-05
0.00043923387420363724,0.0008006319985724986,0.0009955819696187973,0.0010332348756492138
0.0009378488175570965,0.000732553075067699,0.00044453633017838,0.00011401402298361063
-0.00021495329565368593,-0.0005186189664527774,-0.0008078885730355978,-0.0011171064106747508
-0.001478496938943863,-0.0019070992711931467,-0.0024057808332145214,-0.0029754594434052706
-0.0036199972964823246,-0.004346533678472042,-0.005154403857886791
-0.0060193766839802265,-0.006892678327858448,-0.007715991698205471,-0.008442718535661697,-0.009051518514752388,-0.00953884981572628,-0.009899558499455452,-0.010119328275322914,-0.010185188613831997,-0.010098818689584732,-0.009878063574433327,-0.00954778678715229,-0.009133221581578255,-0.008662081323564053,-0.008171029388904572,-0.007705605588853359,-0.007301118224859238,-0.006959246937185526,-0.006653241813182831,-0.00635787146165967,-0.006067265290766954,-0.005784655921161175,-0.005505962762981653
-0.005221996922045946,-0.004936025943607092,-0.004673609510064125,-0.004468405619263649
-0.004339016042649746,-0.004284705966711044,-0.004300008527934551,-0.004390661604702473
-0.004577728919684887,-0.004880925640463829,-0.0052906833589077,-0.005758893676102161
-0.006221849471330643,-0.006631390191614628,-0.006962139625102282,-0.007194078527390957,-0.007297435309737921,-0.007239809725433588,-0.0070085590705275536,-0.006621405947953463,-0.006110138725489378,-0.005494867451488972,-0.004776316694915295
-0.003955198917537928,-0.0030560398008674383,-0.002120609162375331,-0.0011724857613444328
-0.00019797123968601227,0.0008253726409748197,0.001881096395663917,0.0028960693161934614
0.0037643881514668465,0.004389961250126362,0.00471490528434515,0.004718651995062828
0.004404210019856691,0.0037977753672748804,0.00296686589717865,0.0020299269817769527
0.0011311762500554323,0.000396061223000288,-9.78379393927753e-05,-0.00032125256257131696
-0.00027546309866011143,2.293408033438027e-05,0.0005429155426099896
0.0012361907865852118,0.0020427764393389225,0.0028977724723517895,0.0037325306329876184
0.004475629888474941,0.005057843402028084,0.005425450392067432,0.005558382254093885
0.005475954152643681,0.005223819054663181,0.004856383427977562,0.004430802538990974,0.004008427262306213,0.0036474757362157106,0.003389934543520212,0.0032592518255114555,0.0032676109112799168,0.0034207485150545835,0.003718557069078088,0.004152351524680853,0.004699431359767914,0.005320414900779724,0.005964381620287895
0.006580676417797804,0.0071276412345469,0.007571169640868902,0.007880838587880135
0.008033940568566322,0.00802432931959629,0.0078667551279068,0.007591564673930407,0.007231086492538452,0.006810340099036694,0.006352988071739674,0.00589362345635891
0.00547796068713069,0.005145430099219084,0.004914171528071165,0.004789086524397135,0.004778152331709862,0.004891108721494675,0.005124269053339958,0.005452282726764679
0.005836684722453356,0.00624074088409543,0.006631913129240274,0.006971858441829681
0.007210422307252884,0.007289823144674301,0.007157827727496624,0.006792119704186916,0.006220027804374695,0.005508665926754475,0.004732297733426094,0.0039442433044314384
0.0031733436044305563,0.00243895105086267,0.0017542513087391853,0.00111540243960917
0.0005041958065703511,-8.743436774238944e-05,-0.000633750983979553,-0.0010767994681373239
-0.0013455171138048172,-0.0013763713650405407,-0.0011373527813702822,-0.0006460560252889991,3.324687713757157e-05,0.0008084086584858596
0.0015820357948541641,0.0022672228515148163,0.0027911197394132614,0.00309804268181324
0.003157956525683403,0.0029672037344425917,0.0025415997952222824,0.0019129123538732529
0.0011273128911852837,0.00024371733888983727,-0.0006700384547002614,-0.001546714804135263
-0.0023295353166759014,-0.0029794923029839993,-0.0034833771642297506,-0.0038563054986298084
-0.0041284868493676186,-0.004326409660279751,-0.004468067549169064,-0.004573092795908451
-0.004672696348279715,-0.0048056188970804214,-0.0050059775821864605
-0.005294463597238064,-0.0056742834858596325,-0.0061371540650725365,-0.006674415897578001
-0.00727906683459878,-0.007937159389257431,-0.008616112172603607,-0.009263608604669571
-0.009819604456424713,-0.01022768672555685,-0.010443374514579773,-0.01044515985995531
-0.010239670053124428,-0.009852439165115356,-0.009313940070569515,-0.008656015619635582
-0.007922711782157421,-0.007177339401096106,-0.006485814694315195,-0.005890579428523779
-0.0054033915512263775,-0.0050217569805681705,-0.004749109037220478
-0.004596869461238384,-0.00457240454852581,-0.004672599956393242,-0.004885096102952957
-0.0051886532455682755,-0.005553002469241619,-0.005938594229519367,-0.006298113148659468
-0.006589474156498909,-0.006792867556214333,-0.006911841221153736,-0.006960826925933361,-0.006949951406568289,-0.006872134283185005,-0.006704287137836218,-0.006423380225896835
-0.006020360626280308,-0.005502836313098669,-0.004890225827693939,-0.004208497237414122,-0.0034878782462328672,-0.0027625260408967733,-0.002070271410048008
-0.001446941401809454,-0.0009088428923860192,-0.00043113704305142164,4.496367182582617e-05,0.0005672501865774393,0.0011373183224350214,0.0017148939659819007,0.002241592388600111,0.0026608994230628014,0.002927253721281886,0.003010283689945936,0.0029028141871094704
0.002627850975841284,0.0022354666143655777,0.0017920865211635828,0.0013661839766427875
0.0010142452083528042,0.000776075292378664,0.0006766599835827947,0.0007243598811328411
0.0009102651383727789,0.0012144955107942224,0.0016126688569784164
0.0020794381853193045,0.002589127281680703,0.00311394059099257,0.003630591556429863
0.004133765585720539,0.004633103962987661,0.005131361540406942,0.005609090439975262
0.0060297902673482895,0.006358220241963863,0.006576150190085173,0.006682086735963821,0.00668055796995759,0.006577552296221256,0.006381552666425705,0.006104252766817808
0.0057616871781647205,0.005370398983359337,0.004942927043884993,0.004497859627008438,0.00407708715647459,0.003744790330529213,0.003561429213732481
0.0035569854080677032,0.0037303243298083544,0.004067431204020977,0.004547417629510164
0.005129908211529255,0.005751553922891617,0.006344466470181942,0.006855865940451622
0.00725430017337203,0.007525567431002855,0.007660917937755585,0.007645550183951855
0.007462054491043091,0.00710710883140564,0.00660320371389389,0.005996875464916229
0.005347683094441891,0.004715029615908861,0.004152234643697739,0.0037073923740535975
0.0034190884325653315,0.00330938003025949,0.003384026698768139
0.003634062595665455,0.004036279395222664,0.004553399980068207,0.00512962881475687
0.00569293275475502,0.006170615553855896,0.006504712160676718,0.006658627185970545
0.006614179350435734,0.006360592320561409,0.005880898330360651,0.005148437339812517
0.004149377346038818,0.002916945144534111,0.0015381891280412674,0.00013073324225842953
-0.0011779197957366705,-0.002257704036310315,-0.0029866821132600307,-0.0032756365835666656
-0.003098686458542943,-0.0025105273816734552,-0.001630439655855298
-0.000598191749304533,0.00046351057244464755,0.0014568499755114317,0.0022962531074881554,0.0028991177678108215,0.00319863623008132,0.0031655230559408665,0.002807929879054427
0.0021563509944826365,0.001257983036339283,0.0001789294183254242,-0.0009948470396921039
-0.0021652085706591606,-0.0032429047860205173,-0.004171443171799183,-0.004933634772896767
-0.005530932918190956,-0.005957574583590031,-0.006200152914971113,-0.006262447219341993
-0.0061890799552202225,-0.006056460086256266,-0.005931088235229254
-0.00583962956443429,-0.005779784172773361,-0.0057496968656778336,-0.0057626888155937195
-0.005835945717990398,-0.005969188641756773,-0.0061436789110302925,-0.006343574728816748
-0.0065712835639715195,-0.006841972004622221,-0.007164357230067253,-0.007525242865085602
-0.007894481532275677,-0.008242996409535408,-0.008555058389902115,-0.00882926769554615
-0.009068267419934273,-0.00926724448800087,-0.009414339438080788,-0.009494960308074951
-0.009491778910160065,-0.009387874975800514,-0.009172001853585243
-0.008838837966322899,-0.008387913927435875,-0.007827313616871834,-0.007184692192822695
-0.006514854729175568,-0.005887708161026239,-0.005365556105971336,-0.0049880011938512325
-0.004767648875713348,-0.004692208953201771,-0.004731037653982639,-0.004846625030040741
-0.00500303041189909,-0.005164358299225569,-0.005290753673762083,-0.005340094678103924
-0.0052763111889362335,-0.005079860799014568,-0.004747509025037289,-0.004276101011782885
-0.0036502794828265905,-0.0028546066023409367,-0.0019001418258994818
0.00040979398181661963,2.746524114627391e-05,9.016390686156228e-05,0.0005091066122986376,0.0010801965836435556,0.001571019645780325,0.0017977608367800713,0.0016850292449817061,0.0012877625413239002,0.0007597242365591228,0.0002902279666159302,3.046921847271733e-05
3.227928027627058e-05,0.00023757283634040505,0.0005185063346289098,0.0007333845715038478,0.000780142261646688,0.0006383825675584376,0.00037681518006138504,0.00012098716979380697,9.051070719579002e-07,9.208835399476811e-05,0.0003818072727881372,0.0007829014211893082,0.0011702858610078692,0.0014235099079087377,0.0014743410283699632,0.0013305861502885818,0.00105497136246413,0.000729357881937176,0.00043003930477425456,0.00020735371799673885
7.402999472105876e-05,1.3828122064296622e-05,6.345229675019937e-09
7.401641596516129e-06,1.8240483768749982e-05,2.4699595087440684e-05,2.6931435058941133e-05
2.8561786166392267e-05,3.311416367068887e-05,4.289876596885733e-05,5.9158272051718086e-05
8.206856728065759e-05,0.00011006335989804938,0.00013818731531500816,0.000158233757247217
0.00016257213428616524,0.00014666763308923692,0.00010991796443704516,6.017552368575707e-05
1.6151661839103326e-05,2.191062407064237e-07,2.905126166297123e-05,0.00010791050590341911
0.00022570347937289625,0.00035656822728924453,0.0004720943106804043
0.0005508774193003774,0.0005771810538135469,0.0005414148909039795,0.0004484978853724897,0.0003199205093551427,0.00018563710909802467,7.502187509089708e-05,1.0675342309696134e-05
5.12400720253936e-06,5.7155455579049885e-05,0.00014926385483704507,0.00025405449559912086,0.00034623840474523604,0.0004074782773386687,0.00042387653957121074,0.00038804751238785684,0.00030647162930108607,0.0001998043735511601,9.565679647494107e-05,2.2338554117595777e-05,3.46715410159959e-07,3.1756087992107496e-05,9.818070248002186e-05
0.0001680802961345762,0.00020767412206623703,0.00019436462025623769,0.00013049801054876298
4.8504676669836044e-05,7.668737680432969e-07,4.106313645024784e-05,0.0002064295404125005
0.0005011794273741543,0.0008832562016323209,0.0012646890245378017,0.001542305457405746
0.0016411907272413373,0.00153643439989537,0.0012556026922538877,0.0008763705263845623
0.0005016786162741482,0.00021405583538580686,4.9295209464617074e-05,3.62119401131622e-08
2.7630665499600582e-05,7.750129589112476e-05,0.00010461681813467294
9.320186654804274e-05,5.507542664417997e-05,1.5837253158679232e-05,2.1811118244841055e-08
1.9119728676741943e-05,6.529744860017672e-05,0.00011573160736588761,0.00014656172425020486,0.00014461949467658997,0.00011097672540927306,6.033137105987407e-05,1.6452044292236678e-05,5.989373441650514e-09,1.6863030396052636e-05,5.842129030497745e-05,0.00010773221583804116,0.0001443060755264014,0.00015240565699059516,0.00013022297935094684,8.928079478209838e-05,4.560140587273054e-05,1.2790168511855882e-05,1.8763991249670653e-08
1.1064184036513325e-05,4.275904211681336e-05,8.542093564756215e-05,0.00012743673869408667
0.00016090991266537458,0.00018216024909634143,0.0001887570833787322,0.0001792641414795071
0.00015487322525586933,0.00011942633864236996,7.88345787441358e-05,4.074734897585586e-05
1.2731066817650571e-05,2.860378174318612e-07,7.027251285762759e-06,3.4613083698786795e-05
8.053074998315424e-05,0.00013759788998868316,0.00019750947831198573,0.0002532513753976673
0.0002975805546157062,0.0003225269610993564,0.0003228629066143185
0.017334191128611565,0.0162571519613266,0.014979884028434753,0.01365567184984684,0.012324865907430649,0.01098734699189663,0.009653937071561813,0.008328065276145935
0.006972600240260363,0.005509736016392708,0.003835149109363556,0.001832873560488224
-0.0005766914691776037,-0.003376142354682088,-0.006449881009757519,-0.00961475633084774
-0.0126146599650383,-0.015117492526769638,-0.01676369272172451,-0.01724443957209587
-0.016359783709049225,-0.014026123099029064,-0.01028104405850172
-0.005321507342159748,0.00047655124217271805,0.006576668005436659,0.012358826585114002,0.01727377064526081,0.020935315638780594,0.02306804247200489,0.02346706949174404
0.022078348323702812,0.01909603551030159,0.014934571459889412,0.010091296397149563,0.005049729719758034,0.0002775397151708603,-0.003780871629714966,-0.006760305259376764,-0.008417835459113121,-0.008657636120915413,-0.007546781096607447,-0.005283221136778593,-0.0021473229862749577,0.0015158155001699924,0.005324321333318949
0.008920656517148018,0.01201324351131916,0.014364760369062424,0.015777574852108955
0.016138168051838875,0.015474201180040836,0.013927130959928036,0.011669746600091457
0.008886606432497501,0.005804588086903095,0.002664029598236084,-0.0003413860686123371
-0.003055599285289645,-0.005311376415193081,-0.006917945109307766,-0.007695207372307777
-0.00752163166180253,-0.006349810399115086,-0.004200659226626158,-0.0011789705604314804
0.002499534748494625,0.00650192191824317,0.0104301106184721
0.01390996016561985,0.016613809391856194,0.01822548173367977,0.018467243760824203
0.017192769795656204,0.01444476842880249,0.01042936835438013,0.005455569364130497
-9.222608059644699e-05,-0.005751017481088638,-0.010995956137776375,-0.015291108749806881
-0.018167097121477127,-0.019319195300340652,-0.01866339147090912,-0.01631070114672184
-0.01252479013055563,-0.007698792964220047,-0.002325819805264473,0.0030426527373492718
0.007862415164709091,0.011681917123496532,0.014203537255525589
0.015291867777705193,0.01492832601070404,0.01316829677671194,0.010169366374611855
0.006232963874936104,0.0017508883029222488,-0.002909199334681034,-0.007455804850906134
-0.01164192520081997,-0.015237226150929928,-0.018062792718410492,-0.02005600556731224,-0.02128356695175171,-0.021881096065044403
-0.02199389412999153,-0.021759234368801117,-0.021294541656970978,-0.020677411928772926
-0.01993468403816223,-0.019058996811509132,-0.01805269904434681,-0.016943328082561493
-0.01574060134589672,-0.014407055452466011,-0.012892595492303371,-0.011183599941432476
-0.00931809563189745,-0.007368598133325577,-0.005418038927018642,-0.003561012912541628
-0.0019070724956691265,-0.0005398166831582785,0.0005241944454610348,0.0013298369012773037
0.001955261919647455,0.002468363381922245,0.002888447605073452,0.0031893241684883833
0.0033131339587271214,0.0031766907777637243,0.0026964459102600813,0.0018226748798042536
0.0005571623332798481,-0.0010595449712127447,-0.002971302019432187,-0.0050904699601233006
-0.007264239713549614,-0.009285308420658112,-0.010932703502476215,-0.0120053356513381
-0.01235736533999443,-0.011940552853047848,-0.010832487605512142,-0.009225240908563137,-0.007366853766143322,-0.005498685874044895,-0.0038256701081991196,-0.0024934886023402214
-0.0015707546845078468,-0.0010666975285857916,-0.0009502032771706581,-0.0011321022175252438
-0.001446320442482829,-0.0016631183680146933,-0.0015303088584914804,-0.0008237205911427736
0.0006231906590983272,0.002916398923844099,0.006090705748647451
0.010064552538096905,0.014590302482247353,0.01926625519990921,0.023630473762750626
0.02726123481988907,0.029796523973345757,0.030914276838302612,0.0303781870752573
0.028127407655119896,0.024309370666742325,0.01923362910747528,0.013299209997057915
0.006948642432689667,0.0006486903876066208,-0.005140138790011406,-0.010011409409344196
-0.013658007606863976,-0.01590108498930931,-0.0166940800845623,-0.016106687486171722
-0.014302973635494709,-0.011514734476804733,-0.00800525676459074
-0.004043275490403175,0.00010049901902675629,0.004165547899901867,0.0079366909340024
0.011265577748417854,0.014049708843231201,0.01619633659720421,0.017623428255319595
0.01828976720571518,0.018201036378741264,0.017394015565514565,0.015932004898786545
0.01391136646270752,0.011470286175608635,0.008793980814516544,0.006108446978032589
0.003658970817923546,0.0016765850596129894,0.0003497709985822439,-0.00018770643509924412
0.00013439482427202165,0.0013129858998581767,0.0032677147537469864
0.005829062778502703,0.00872030295431614,0.01158078946173191,0.014035338535904884
0.015745297074317932,0.016420554369688034,0.01583818346261978,0.01389957033097744
0.010684425942599773,0.0064197080209851265,0.0013965042307972908,-0.004044836852699518
-0.009482452645897865,-0.014437485486268997,-0.01844657026231289,-0.021132372319698334
-0.022263173013925552,-0.021783266216516495,-0.019806286320090294,-0.01659230887889862
-0.012514563277363777,-0.008009062148630619,-0.003504263237118721
0.0006473148241639137,0.004187528509646654,0.006934162694960833,0.008792728185653687
0.009780729189515114,0.010000443086028099,0.009593706578016281,0.00872826762497425,0.007580958306789398,0.006292886100709438,0.004932173062115908,0.003508994821459055,0.002034819917753339,0.0005532363429665565,-0.0008798741037026048,-0.0022063374053686857
-0.0033527035266160965,-0.004236099310219288,-0.004789593629539013,-0.004984118975698948
-0.004839534871280193,-0.004408765584230423,-0.0037360982969403267
-0.0028396875131875277,-0.001751922070980072,-0.0005763403605669737,0.0005075662629678845
0.0012928361538797617,0.0015798411332070827,0.0011829471914097667,-4.11495566368103e-05
-0.0021450298372656107,-0.005060992669314146,-0.008600406348705292,-0.01248360425233841
-0.016392529010772705,-0.020016901195049286,-0.023070640861988068,-0.025286037474870682
-0.026431048288941383,-0.02637174353003502,-0.02511759288609028,-0.022798247635364532
-0.01961503177881241,-0.015812629833817482,-0.011655836366117
-0.007405959069728851,-0.0033093392848968506,0.0004265774041414261,0.003674608189612627
0.006396997254341841,0.008605428971350193,0.01031927764415741,0.011560782790184021,0.012355158105492592,0.01269824244081974,0.01254117488861084,0.011837259866297245
0.010586422868072987,0.008819852024316788,0.0065721021965146065,0.0038864738307893276
0.0008384566754102707,-0.0024437056854367256,-0.005774904973804951,-0.008935481309890747,-0.011713399551808834,-0.013940062373876572,-0.015481528826057911
-0.016200387850403786,-0.01597878336906433,-0.014805263839662075,-0.012810594402253628,-0.010233679786324501,-0.007389702834188938,-0.004643191583454609,-0.002351982519030571
-0.0007930044084787369,-0.00011554337106645107,-0.0003366793389432132,-0.0013382220640778542
-0.002864410635083914,-0.004568209871649742,-0.006086618639528751,-0.007093540858477354
-0.007338633760809898,-0.0066763246431946754,-0.005060683470219374,-0.0025348435156047344,0.0007528825663030148,0.00454850634559989,0.008542174473404884
0.01243635918945074,0.015977265313267708,0.018940120935440063,0.02112664468586445
0.02239932119846344,0.02270510233938694,0.022075939923524857,0.020625602453947067
0.018523083999753,0.015943700447678566,0.013040895573794842,0.00994524359703064
0.006767849437892437,0.0036017633974552155,0.0005290848203003407,-0.00236779497936368
-0.005008565727621317,-0.007325067184865475,-0.009250815957784653,-0.010701704770326614
-0.011584527790546417,-0.011821107938885689,-0.011349430307745934
-0.010118606500327587,-0.00811721384525299,-0.0054060472175478935,-0.00211039325222373
0.001600391697138548,0.005504895932972431,0.00931406021118164,0.01270049624145031
0.01536746509373188,0.017095744609832764,0.017764661461114883,0.017378035932779312
0.016062933951616287,0.014024523086845875,0.011509346775710583,0.008795810863375664,0.006172764115035534
0.0038957023061811924,0.0021591749973595142,0.0010981375817209482,0.0007790611125528812
0.0011817561462521553,0.0022191584575921297,0.0037746718153357506,0.005697857588529587
0.0077829924412071705,0.009795280173420906,0.011532081291079521,0.012862909585237503
0.013726672157645226,0.014094620943069458,0.013931747525930405,0.013189950957894325
0.011832118034362793,0.009865878149867058,0.007356693036854267,0.004414045717567205
0.0011842376552522182,-0.0021525605116039515,-0.0054126461036503315,-0.008439894765615463
-0.011096835136413574,-0.013241102918982506,-0.01473329309374094,-0.015471710823476315
-0.01541071105748415
-0.014539828523993492,-0.012864024378359318,-0.010434751398861408,-0.007394733838737011
-0.003973833285272121,-0.00044778594747185707,0.0029059662483632565,0.005832950584590435
0.00809986237436533,0.009512782096862793,0.009971839375793934,0.009498804807662964
0.00820921640843153,0.006264643277972937,0.003849375993013382,0.0011922651901841164
-0.0014110761694610119,-0.003634802997112274,-0.005199243314564228,-0.005940466187894344
-0.005855079740285873,-0.005091978702694178,-0.003882384393364191
-0.0024641803465783596,-0.0010566732380539179,0.00011670752428472042,0.000813698919955641,0.0008161779260262847,-2.1603191271424294e-06,-0.0016548545099794865,-0.004073456395417452,-0.0071436562575399876,-0.01070962380617857,-0.014543889090418816,-0.018339306116104126
-0.021775253117084503,-0.024604275822639465,-0.026666641235351562,-0.027841841802001
-0.02802514098584652,-0.027163125574588776,-0.02529006451368332,-0.0225059874355793,-0.018926644697785378,-0.014680419117212296,-0.009946751408278942
-0.004970689304172993,-3.42419371008873e-05,0.004597649443894625,0.008717679418623447,0.012168006971478462,0.01481480710208416,0.016542745754122734,0.017261983826756477
0.016921542584896088,0.015523714944720268,0.013146172277629375,0.009971562772989273
0.0062774596735835075,0.0023809224367141724,-0.0014118112158030272,-0.004839499015361071
-0.007709437049925327,-0.009900558739900589,-0.0113538708537817,-0.012063911184668541
-0.012080145068466663,-0.01152079552412033,-0.010566899552941322
-0.009415636770427227,-0.008238932117819786,-0.0071744853630661964,-0.006319085601717234
-0.0057226913049817085,-0.005391878075897694,-0.0052796280942857265,-0.005278089549392462
-0.0052553205750882626,-0.005108079873025417,-0.004767009522765875,-0.004154396243393421
-0.0031713845673948526,-0.0017503707204014063,9.443052113056183e-05,0.002267616568133235
0.004628583788871765,0.007038561161607504,0.009382465854287148,0.011545680463314056
0.013383380137383938,0.01473391056060791,0.015477235428988934
0.015579129569232464,0.01508047804236412,0.014064107090234756,0.012646070681512356
0.010984132066369057,0.009252222254872322,0.007584409788250923,0.00605081208050251
0.004667237866669893,0.0034064208157360554,0.0022146666888147593,0.001028602011501789
-0.0002125964965671301,-0.0015404005534946918,-0.0029284788761287928,-0.004301918670535088
-0.005580343306064606,-0.006704139057546854,-0.007612538058310747,-0.00821092538535595
-0.008388443849980831,-0.008066602051258087,-0.007202368229627609
-0.005764127243310213,-0.0037445174530148506,-0.0011788243427872658,0.0018615383887663484
0.005281164310872555,0.008965792134404182,0.012764336541295052,0.01647856831550598
0.019892338663339615,0.022795457392930984,0.02499053254723549,0.026309488341212273
0.026630442589521408,0.025892827659845352,0.024107588455080986,0.021345384418964386
0.017723198980093002,0.013417806476354599,0.008689403533935547,0.003872598521411419,-0.0006783232092857361,-0.004647158086299896,-0.0077719902619719505
-0.009831538423895836,-0.010659290477633476,-0.010198168456554413,-0.00852937251329422
-0.0058550406247377396,-0.0024705217219889164,0.0012649621348828077,0.0049445414915680885
0.008130126632750034,0.010417365469038486,0.01151912659406662,0.01130322739481926
0.009785493835806847,0.0071188900619745255,0.0036013112403452396,-0.00033463118597865105
-0.004195877816528082,-0.007531791925430298,-0.009991234168410301,-0.011332367546856403
-0.011435940861701965,-0.010322248563170433,-0.008144659921526909
-0.005163573659956455,-0.0017097699455916882,0.0018544592894613743,0.005167381837964058
0.007899630814790726,0.009791206568479538,0.010683802887797356,0.010532492771744728
0.009390797466039658,0.007387826219201088,0.004714214242994785,0.0015976573340594769
-0.0017333109863102436,-0.005050744861364365,-0.008099451661109924,-0.010615430772304535
-0.012404483743011951,-0.01340406108647585,-0.013665450736880302,-0.013280597515404224
-0.012337411753833294,-0.010930581949651241,-0.009173532016575336
-0.007188791409134865,-0.005100811831653118,-0.0030435388907790184,-0.0011790613643825054
0.0003007079940289259,0.001216431730426848,0.0014627319760620594,0.001029008999466896
-4.241510760039091e-05,-0.0017027307767421007,-0.0038889306597411633,-0.0064920661970973015
-0.009355993941426277,-0.012296713888645172,-0.015104494988918304,-0.01754074916243553
-0.019364770501852036,-0.020381560549139977,-0.020480241626501083,-0.01964068040251732
-0.017914816737174988,-0.01543244905769825,-0.012429848313331604
-0.009233685210347176,-0.006188360974192619,-0.003568753134459257,-0.0015307427383959293
-0.0001340070739388466,0.0006163203506730497,0.0007755489205010235,0.00048391392920166254
-4.624150460585952e-05,-0.0005850224988535047,-0.0009376907255500555,-0.0009593725553713739,-0.0005629819352179766,0.0002521784626878798,0.0013947869883850217,0.002715082373470068,0.0040331133641302586,0.0051476238295435905,0.005849807523190975,0.005959424655884504
0.005382031202316284,0.004149407148361206,0.002397475764155388,0.0003048854414373636
-0.0019448765087872744,-0.0041658817790448666,-0.006170962937176228,-0.0077951750718057156
-0.008926013484597206,-0.009510365314781666,-0.009539168328046799,-0.009037882089614868
-0.00806901790201664,-0.006724990904331207,-0.005116584245115519,-0.003372508566826582
-0.0016378327272832394,-6.588478572666645e-05,0.0012087739305570722,0.002112697111442685
0.002644009655341506,0.0028571749571710825,0.002854261314496398,0.0027625293005257845,0.002693728543817997,0.002715291455388069
0.0028552853036671877,0.0031290145125240088,0.0035524393897503614,0.004143510013818741,0.00492527661845088,0.005918517243117094,0.007126954849809408,0.008530428633093834,0.01008632406592369,0.011731619015336037,0.013384965248405933,0.014955732971429825
0.016347110271453857,0.017443794757127762,0.018108714371919632,0.018205370754003525
0.01763230189681053,0.016343222931027412,0.014346851035952568,0.011708132922649384,0.008551090024411678,0.005050836130976677,0.0014193528331816196
-0.0021115411072969437,-0.005298916716128588,-0.007888373918831348,-0.009633798152208328
-0.010346019640564919,-0.009947255253791809,-0.008496140129864216,-0.006162365898489952
-0.0031879176385700703,0.00012479256838560104,0.0034255324862897396,0.006368309259414673
0.008681382983922958,0.010202180594205856,0.010869426652789116,0.010707110166549683
0.009817375801503658,0.008380197919905186,0.0066488743759691715,0.004927502479404211
0.0035264603793621063,0.0026988363824784756,0.0025904448702931404
0.003237734781578183,0.00458876509219408,0.0065105147659778595,0.008792130276560783
0.011167015880346298,0.013349955901503563,0.015071777626872063,0.016101442277431488
0.016262754797935486,0.01546197198331356,0.013715304434299469,0.011156571097671986
0.008022049441933632,0.004596362821757793,0.0011387295089662075,-0.0021464251913130283
-0.005100908689200878,-0.007609608117491007,-0.009599819779396057,-0.01103978045284748
-0.011938856914639473,-0.01234409399330616,-0.012330659665167332
-0.011981838382780552,-0.01136991661041975,-0.010551770217716694,-0.009573258459568024
-0.008474704809486866,-0.007289724890142679,-0.006035767029970884,-0.00471070222556591
-0.0033087595365941525,-0.0018490385264158249,-0.00038706627674400806,0.0009990425314754248
0.0022213254123926163,0.0031867059879004955,0.003811346832662821,0.004052388947457075
0.003930562175810337,0.0035066024865955114,0.002841741545125842,0.0020004799589514732
0.0010714405216276646,0.0001512212911620736,-0.0006971637485548854
-0.0014693127013742924,-0.0022106494288891554,-0.0029833754524588585,-0.0038366857916116714
-0.004798716865479946,-0.005882151424884796,-0.007081459276378155,-0.008357231505215168
-0.009632952511310577,-0.010818537324666977,-0.01183898001909256,-0.012640178203582764
-0.013178200460970402,-0.013422912918031216,-0.013374938629567623,-0.013068821281194687
-0.012560787610709667,-0.011920155957341194,-0.011233843863010406,-0.010607430711388588
-0.01013870071619749,-0.009881793521344662,-0.009838434867560863
-0.00997142679989338,-0.01021940540522337,-0.01050293818116188,-0.010716194286942482
-0.010723072104156017,-0.010380357503890991,-0.009569714777171612,-0.00821624044328928
-0.006302024703472853,-0.003885990008711815,-0.0011150063946843147,0.0018004453741014004
0.004625198431313038,0.007112064398825169,0.009013546630740166,0.01012871041893959
0.010354101657867432,0.009695452637970448,0.008243760094046593,0.006154297385364771
0.003652410116046667,0.001027252059429884,-0.0014239305164664984
-0.0034587315749377012,-0.0049184574745595455,-0.005732230842113495,-0.005903169512748718,-0.0054850452579557896,-0.004569151904433966,-0.0032779211178421974,-0.001751801697537303
-0.00013738288544118404,0.0014228554209694266,0.0028062141500413418,0.003917498514056206
0.004684592131525278,0.005049566738307476,0.004963801242411137,0.004407532513141632
0.0034197946079075336,0.0020938972011208534,0.0005474535282701254,-0.0010915593011304736,-0.002682784805074334,-0.0040789199993014336,-0.005146664567291737
-0.005791490897536278,-0.005963001865893602,-0.0056367008946835995,-0.004793687257915735,-0.0034152367152273655,-0.0014982852153480053,0.0009184232912957668,0.0037400564178824425,0.006816415581852198,0.009950803592801094,0.012920626439154148,0.015506402589380741,0.017515234649181366,0.018794020637869835,0.01924150437116623,0.018823636695742607
0.01758246310055256,0.01562853716313839,0.013125891797244549,0.010289452038705349
0.007383415475487709,0.004690254107117653,0.002457312773913145
0.0008504998404532671,-6.255961488932371e-05,-0.00029326931689865887,9.142949420493096e-05
0.0009702981915324926,0.002169413957744837,0.0034836491104215384,0.0047072675079107285
0.0056564765982329845,0.006178592331707478,0.006163795944303274,0.005569620989263058
0.004435624927282333,0.0028666527941823006,0.0010041201021522284,-0.0009868141496554017,-0.002924010157585144,-0.004628702066838741,-0.005948172882199287,-0.00675814226269722
-0.006954807322472334,-0.006468617357313633,-0.005296850111335516
-0.003513569477945566,-0.0012389193288981915,0.0014013308100402355,0.0042871152982115746
0.007277995347976685,0.010184538550674915,0.012788626365363598,0.014908608049154282
0.016444524750113487,0.017371077090501785,0.017710793763399124,0.01752178557217121
0.016893889755010605,0.015923870727419853,0.014680418185889721,0.013202340342104435
0.011515071615576744,0.009630602784454823,0.007553142495453358,0.005301387049257755
0.0029153376817703247,0.00044436613097786903,-0.0020616650581359863
0.024346336722373962,0.01334118377417326,0.004051773808896542,3.762974665733054e-05,0.0028217064682394266,0.012442978098988533,0.027638662606477737,0.045694995671510696,0.06317131966352463,0.07673080265522003,0.0830753967165947,0.07929808646440506
0.06484631448984146,0.0433821827173233,0.02162807807326317,0.005906769540160894
5.915982455917401e-06,0.005287722684442997,0.020927466452121735,0.04298229515552521,0.06388363987207413,0.07497953623533249,0.07150521129369736,0.05537999048829079
0.03337714076042175,0.01351337879896164,0.001974476734176278,0.0005112155340611935
0.00558652775362134,0.011007240042090416,0.01248818077147007,0.009849869646131992
0.005520714446902275,0.001960287569090724,0.000219678069697693
0.00013872384442947805,0.0013250770280137658,0.003696068422868848,0.007274582516402006
0.011844657361507416,0.017084576189517975,0.02288833074271679,0.029086221009492874
0.03454572707414627,0.03670979291200638,0.032800205051898956,0.022559743374586105
0.009927748702466488,0.0012006621109321713,0.0013924244558438659,0.011667461134493351
0.02877562865614891,0.04695765674114227,0.061193402856588364,0.06911769509315491
0.07055851072072983,0.06639188528060913,0.058159902691841125
0.047757137566804886,0.03686218708753586,0.02657438814640045,0.01735135354101658
0.009399107657372952,0.003284280654042959,0.00016217058873735368,0.001177846104837954
0.006248023360967636,0.013348245061933994,0.01897306740283966,0.019652653485536575
0.014156642369925976,0.005325270351022482,2.4831109840306453e-05,0.005990044679492712
0.026525720953941345,0.0572885237634182,0.0877901166677475,0.10584311187267303
0.10288941115140915,0.078938789665699,0.04402993619441986
0.013479023240506649,0.00011244026973145083,0.009140615351498127,0.036911118775606155
0.07337872684001923,0.10779207944869995,0.1336626559495926,0.1494871973991394
0.15654930472373962,0.15686987340450287,0.1518014669418335,0.14102253317832947
0.12292324751615524,0.09657688438892365,0.06417594850063324,0.03217443823814392
0.009052786976099014,0.00012103327753720805,0.0038671258371323347,0.013698587194085121
0.022883376106619835,0.0276911873370409,0.027564888820052147
0.023864584043622017,0.018277201801538467,0.011994081549346447,0.006057473365217447
0.001715796417556703,7.617294613737613e-06,0.0012450135545805097,0.00489143468439579
0.00983066949993372,0.014790365472435951,0.0183587484061718,0.018893197178840637
0.01524297520518303,0.008221469819545746,0.0015185930533334613,0.0008015945204533637
0.010901028290390968,0.03234866261482239,0.05956624820828438,0.08292730897665024
0.09435798972845078,0.09198222309350967,0.07981670647859573
0.06370905786752701,0.0477692149579525,0.03367280960083008,0.021650521084666252
0.011610620655119419,0.004051256459206343,0.0002154815592803061,0.0014625976327806711
0.008918771520256996,0.023476112633943558,0.04498127102851868,0.07043364644050598
0.09304501861333847,0.10439347475767136,0.09920742362737656,0.0788147896528244
0.05045972019433975,0.023800168186426163,0.006427951157093048,0.0001979251828743145
0.001176938763819635,0.0036110200453549623,0.004051225259900093
0.04914373159408569,0.023457158356904984,-0.004952289164066315,-0.0284122321754694
-0.0426732562482357,-0.04750840365886688,-0.04495401680469513,-0.03779885172843933
-0.029575061053037643,-0.02443450503051281,-0.026124613359570503,-0.03688488155603409
-0.05666434392333031,-0.08247950673103333,-0.10845775902271271,-0.12760627269744873
-0.13449504971504211,-0.12693755328655243,-0.10607243329286575,-0.07504280656576157
-0.03750614821910858,0.0026421435177326202,0.041244275867938995
0.0744047686457634,0.09912179410457611,0.11402475833892822,0.11963387578725815
0.11801090091466904,0.1128423660993576,0.10924292355775833,0.1118670403957367
0.12246876209974289,0.1393238604068756,0.15840083360671997,0.17425328493118286
0.1805606633424759,0.17169702053070068,0.14536695182323456,0.10462658107280731
0.05745364725589752,0.013689212501049042,-0.018875572830438614,-0.036738622933626175,-0.04040408506989479,-0.03289239481091499,-0.018070220947265625
0.0003969874233007431,0.018944647163152695,0.034445736557245255,0.0455818697810173
0.052793219685554504,0.056158337742090225,0.053772009909152985,0.04225843399763107
0.018990032374858856,-0.015543758869171143,-0.05750013887882233,-0.10201673209667206
-0.14550846815109253,-0.18563693761825562,-0.21946977078914642,-0.24204686284065247
-0.2468392699956894,-0.22791875898838043,-0.1829906553030014,-0.11579671502113342
-0.036029934883117676,0.043613068759441376,0.11190576106309891
0.16284450888633728,0.19660790264606476,0.21744485199451447,0.23009058833122253
0.23733395338058472,0.24043257534503937,0.24100938439369202,0.2416611760854721
0.24428831040859222,0.24774175882339478,0.24717143177986145,0.2357141673564911
0.20757295191287994,0.1612086147069931,0.10098044574260712,0.035903751850128174
-0.023906119167804718,-0.07047277688980103,-0.09910275787115097,-0.10826868563890457
-0.09917841851711273,-0.07546304166316986,-0.043178461492061615
-0.009733177721500397,0.018860721960663795,0.04010583087801933,0.054445214569568634
0.06315334141254425,0.06718000024557114,0.06693026423454285,0.06182420626282692
0.05048329010605812,0.03167806938290596,0.004431363195180893,-0.032528750598430634,-0.0806286484003067,-0.14053259789943695
-0.21075168251991272,-0.28612008690834045,-0.3573201298713684,-0.4124089479446411
-0.43981847167015076,-0.43178099393844604,-0.3869541883468628,-0.31053081154823303
-0.21205425262451172,-0.10347290337085724,0.0018737167119979858,0.09077747911214828
0.15224981307983398,0.17936721444129944,0.17084425687789917,0.1315581202507019
0.07119442522525787,0.0020304471254348755,-0.06353533267974854,-0.11584295332431793
-0.14960843324661255,-0.1633344441652298,-0.15845897793769836,-0.1394622027873993
-0.1135478988289833,-0.08881442248821259,-0.07124794274568558,-0.06226303428411484
-0.05907972529530525,-0.05754014104604721,-0.05476722866296768,-0.05005460977554321
-0.04376416653394699,-0.03588724508881569,-0.0262584388256073,-0.015208013355731964
-0.002623915672302246,0.01351940631866455,0.03695341944694519,0.0708106979727745
0.11480367183685303,0.1643957644701004,0.21313409507274628,0.2562195360660553
0.29212188720703125,0.32111799716949463,0.34250444173812866,0.35340026021003723,0.35057491064071655,0.3335585594177246,0.306041419506073,0.2745274603366852
0.24514591693878174,0.22046655416488647,0.1983664482831955
0.17344462871551514,0.14003443717956543,0.09559106826782227,0.042658522725105286,-0.012217268347740173,-0.06209110841155052,-0.1030757874250412,-0.13514770567417145
-0.15991267561912537,-0.17769023776054382,-0.1871080994606018,-0.1873898208141327
-0.18047477304935455,-0.17107635736465454,-0.16509529948234558,-0.1672273874282837,-0.17844580113887787,-0.19467850029468536,-0.20796535909175873,-0.2096288949251175,-0.19311541318893433,-0.15500500798225403,-0.09541293978691101
-0.01895143836736679,0.06491458415985107,0.14364875853061676,0.2054998278617859
0.2435000240802765,0.2568248510360718,0.24882110953330994,0.22440029680728912
0.18903858959674835,0.14805296063423157,0.10519160330295563,0.062411367893218994
0.020985394716262817,-0.0179765522480011,-0.053636543452739716,-0.08561357855796814
-0.11408211290836334,-0.13909617066383362,-0.15974819660186768,-0.17402240633964539
-0.17893685400485992,-0.17155583202838898,-0.15127049386501312
-0.12135791778564453,-0.08785813301801682,-0.0563349574804306,-0.029100194573402405
-0.005168266594409943,0.01722845621407032,0.03828832507133484,0.056786295026540756
0.07171217352151871,0.08329178392887115,0.09280114620923996,0.10109259933233261,0.10688880831003189,0.10712581872940063,0.0993119552731514,0.08294206857681274
0.058466628193855286,0.025719955563545227,-0.016036897897720337,-0.06624904274940491,-0.12088502198457718,-0.17229729890823364,-0.21209731698036194
-0.23481975495815277,-0.23892252147197723,-0.22483831644058228,-0.19326719641685486
-0.1459333747625351,-0.08735208213329315,-0.024537578225135803,0.03554005175828934
0.08790126442909241,0.129775732755661,0.16003262996673584,0.1779632568359375
0.18221884965896606,0.17177747189998627,0.14800883829593658,0.11473706364631653
0.07620598375797272,0.035375408828258514,-0.006380479782819748,-0.04851779341697693
-0.0901624858379364,-0.12905830144882202,-0.16139984130859375
-0.18351271748542786,-0.19433781504631042,-0.19626173377037048,-0.19344773888587952
-0.18883129954338074,-0.18186591565608978,-0.1687108427286148,-0.14487524330615997
-0.10851378738880157,-0.06171697378158569,-0.008737161755561829,0.04684258997440338
0.10325305908918381,0.15923519432544708,0.2117486596107483,0.2549142837524414
0.2811855375766754,0.2841948866844177,0.26164430379867554,0.21603520214557648
0.15297627449035645,0.0792289674282074,0.002055525779724121
-0.07058458030223846,-0.1305311620235443,-0.17100493609905243,-0.18820559978485107
-0.18237881362438202,-0.15770146250724792,-0.12028820812702179,-0.07605163007974625
-0.030312582850456238,0.012315694242715836,0.04922785237431526,0.08046424388885498
0.10697147995233536,0.12799501419067383,0.1402587592601776,0.13972947001457214
0.12431690096855164,0.09482378512620926,0.053658001124858856,0.00358407199382782
-0.05239478498697281,-0.11058830469846725,-0.16572272777557373
-0.21041738986968994,-0.23656772077083588,-0.23857510089874268,-0.21598584949970245
-0.172855406999588,-0.11459490656852722,-0.04594670236110687,0.028206434100866318,0.10126768797636032,0.16550317406654358,0.21476489305496216,0.24633683264255524
0.25996750593185425,0.2556972801685333,0.2332342267036438,0.1936691254377365
0.14156582951545715,0.08456853032112122,0.030277103185653687,-0.016873236745595932,-0.056442975997924805,-0.09038928151130676,-0.12031474709510803
-0.14587543904781342,-0.16578802466392517,-0.17967677116394043,-0.18803131580352783
-0.19036343693733215,-0.18423186242580414,-0.16695281863212585,-0.13851118087768555
-0.1025141030550003,-0.06405823677778244,-0.026882842183113098,0.0073731690645217896
0.038332413882017136,0.06595203280448914,0.08934056758880615,0.10588555037975311,0.11202863603830338,0.10570098459720612,0.08851063251495361,0.06510195881128311
0.04006534814834595,0.01557643711566925,-0.008457805961370468
-0.03220298886299133,-0.053367577493190765,-0.06670986860990524,-0.0664827898144722
-0.04995822161436081,-0.018938682973384857,0.022087574005126953,0.06918168812990189
0.12063612043857574,0.17616647481918335,0.23449470102787018,0.29115474224090576
0.3386753499507904,0.369672566652298,0.3803940713405609,0.37153002619743347,0.3462717831134796
0.3080050051212311,0.25929418206214905,0.20235244929790497,0.13989074528217316
0.07549861073493958,0.013371579349040985,-0.042961329221725464,-0.09166935831308365
-0.1316208839416504,-0.16046109795570374,-0.1741437166929245,-0.1685015857219696
-0.1420498788356781,-0.09819608926773071,-0.044817015528678894,0.008166797459125519
0.05099290609359741,0.0759449228644371,0.07960624247789383,0.06417228281497955
0.03647617995738983,0.005370758473873138,-0.021506264805793762,-0.04054362326860428
-0.05292753130197525,-0.06313854455947876,-0.07658661901950836,-0.09766781330108643,-0.1287027895450592
-0.16929709911346436,-0.21597141027450562,-0.2625057101249695,-0.30096638202667236
-0.3235386908054352,-0.32473838329315186,-0.30224695801734924,-0.2560570240020752
-0.18774695694446564,-0.10104955732822418,-0.0029847919940948486,0.09638021886348724
0.1865921914577484,0.25986573100090027,0.31152740120887756,0.33835890889167786
0.33811867237091064,0.31130847334861755,0.26293179392814636,0.20188312232494354
0.13774219155311584,0.07733120024204254,0.02412697672843933
-0.019789453595876694,-0.05260755121707916,-0.07383772730827332,-0.08573765307664871
-0.09293913841247559,-0.09988633543252945,-0.10803966224193573,-0.11532504111528397
-0.11836803704500198,-0.11573833972215652,-0.10951516777276993,-0.10376117378473282
-0.10153280198574066,-0.1036398783326149,-0.10959162563085556,-0.11845804005861282,-0.12933489680290222,-0.14236275851726532,-0.15933993458747864,-0.18278943002223969,-0.21373474597930908,-0.24975158274173737,-0.28559133410453796
-0.3161933422088623,-0.33900272846221924,-0.3536589741706848,-0.35977688431739807
-0.3549029529094696,-0.3346131443977356,-0.29504895210266113,-0.23584187030792236
-0.16068947315216064,-0.07547992467880249,0.013855308294296265,0.10226069390773773
0.18484435975551605,0.2555259168148041,0.30717724561691284,0.334054172039032
0.33489546179771423,0.3142494559288025,0.28092455863952637,0.24424107372760773
0.21039508283138275,0.181595578789711,0.15775488317012787
0.13822785019874573,0.12223410606384277,0.10814844071865082,0.09275950491428375
0.07190749794244766,0.04285401105880737,0.006874125450849533,-0.03012895956635475
-0.05961240082979202,-0.0739753469824791,-0.06975364685058594,-0.04827853664755821
-0.014337271451950073,0.02495315857231617,0.06140890344977379,0.0884530320763588
0.1036767065525055,0.10885240882635117,0.10761065781116486,0.10281503200531006
0.09520222991704941,0.08411215990781784,0.06928107887506485
0.05115610361099243,0.029661014676094055,0.003970891237258911,-0.026148246601223946
-0.059568487107753754,-0.09415826946496964,-0.12660545110702515,-0.15172314643859863
-0.16302064061164856,-0.15506191551685333,-0.1262979954481125,-0.08032038807868958
-0.024644091725349426,0.0320255272090435,0.08277124911546707,0.12422780692577362
0.1556556671857834,0.17633137106895447,0.18444213271141052,0.178804412484169
0.16112062335014343,0.13574735820293427,0.10698109865188599
0.07676693797111511,0.04511155188083649,0.012446112930774689,-0.019008461385965347
-0.046558625996112823,-0.06936607509851456,-0.08897925168275833,-0.10724791884422302
-0.12352626770734787,-0.13386136293411255,-0.13296166062355042,-0.1175854504108429
-0.0891260951757431,-0.05350229889154434,-0.018150754272937775,0.01157744787633419
0.033475231379270554,0.04711295664310455,0.05301386117935181,0.05268654599785805,0.04760490357875824,0.037836164236068726,0.02255440503358841
0.002156037837266922,-0.020753948017954826,-0.04294892027974129,-0.06292019784450531,-0.08152256906032562,-0.10042165964841843,-0.11968424916267395,-0.13674935698509216
-0.14769607782363892,-0.14930307865142822,-0.1400161236524582,-0.11955282092094421
-0.08845193684101105,-0.048371732234954834,-0.002600051462650299,0.04373922944068909
0.08451857417821884,0.11503472924232483,0.13452571630477905,0.14662855863571167
0.15762090682983398,0.17352904379367828,0.19708922505378723
0.22626711428165436,0.25596553087234497,0.2813122272491455,0.29884883761405945
0.3052244782447815,0.29624101519584656,0.2677307724952698,0.21771374344825745
0.14872056245803833,0.0687061995267868,-0.010374858975410461,-0.07569766789674759
-0.11730599403381348,-0.13094604015350342,-0.11830642819404602,-0.0854526236653328
-0.04147816449403763,0.003189399838447571,0.03988135606050491,0.06449156999588013
0.07786469161510468,0.08391831815242767,0.08688314259052277
0.08925994485616684,0.09157607704401016,0.09277326613664627,0.08988936990499496,0.07835988700389862,0.05399984121322632,0.014807000756263733,-0.03904009610414505
-0.10558772087097168,-0.18027234077453613,-0.2549178898334503,-0.3187597990036011
-0.3619578182697296,-0.37947142124176025,-0.3722456395626068,-0.3448171615600586
-0.3020040690898895,-0.24810299277305603,-0.18845608830451965,-0.13029710948467255
-0.08115237951278687,-0.04579941928386688,-0.024368487298488617
-0.013670410960912704,-0.01039225235581398,-0.012482102029025555,-0.017756333574652672
-0.022258847951889038,-0.020613625645637512,-0.008452240377664566,0.014739707112312317
0.04468696564435959,0.0743781104683876,0.09783917665481567,0.11302632838487625
0.12192409485578537,0.1278875172138214,0.1322827935218811,0.13300353288650513
0.1257929801940918,0.10744649916887283,0.07849772274494171,0.04275290668010712
0.004505977034568787,-0.03289967030286789,-0.06660054624080658,-0.09415816515684128
-0.11376078426837921,-0.12338060885667801,-0.12022244185209274,-0.102130226790905
-0.07006141543388367,-0.02938646823167801,0.011256884783506393,0.04318869858980179
0.061092767864465714,0.06393206119537354,0.052960846573114395,0.029698044061660767
-0.0037487484514713287,-0.04317864030599594,-0.08260364085435867,-0.11678335815668106
-0.14342176914215088,-0.16315801441669464,-0.17744068801403046,-0.18581019341945648,-0.18476881086826324,-0.16889053583145142
-0.1332056075334549,-0.07608398795127869,-0.001396872103214264,0.08210352808237076
0.16407081484794617,0.2355419099330902,0.28988268971443176,0.32247865200042725
0.3302106261253357,0.31159040331840515,0.2675400972366333,0.20184993743896484
0.12140995264053345,0.03638666868209839,-0.040898535400629044,-0.0988839715719223
-0.12985019385814667,-0.13145725429058075,-0.10690268129110336,-0.06439044326543808
-0.015571415424346924,0.02721024490892887,0.054302800446748734
0.06151078641414642,0.050439417362213135,0.02643457055091858,-0.003975525498390198
-0.034798093140125275,-0.061068739742040634,-0.07896998524665833,-0.08655358850955963
-0.08429297804832458,-0.07476606965065002,-0.06164482235908508,-0.04824227839708328
-0.03643966466188431,-0.02631707489490509,-0.016423333436250687,-0.004950260743498802
0.009422415867447853,0.028108516708016396,0.05302153900265694,0.08523553609848022
0.12305991351604462,0.16202577948570251,0.19722113013267517
0.22575798630714417,0.24730689823627472,0.26233917474746704,0.26996558904647827
0.26823723316192627,0.2566371262073517,0.23763616383075714,0.2157202959060669
0.194625586271286,0.174689382314682,0.1522861272096634,0.12145225703716278
0.07639303803443909,0.013913735747337341,-0.06521379947662354,-0.15660248696804047
-0.25312739610671997,-0.34547799825668335,-0.4235953092575073,-0.4787341058254242
-0.5045572519302368,-0.4981191158294678,-0.46149295568466187
-0.40216612815856934,-0.3308674097061157,-0.2578665316104889,-0.1901901364326477
-0.13111469149589539,-0.08099237084388733,-0.03865313529968262,-0.0030953064560890198
0.02547837607562542,0.04557432979345322,0.05532943457365036,0.054572295397520065
0.046458903700113297,0.0365242063999176,0.029623959213495255,0.02784608118236065
0.031377825886011124,0.04080536589026451,0.057885926216840744,0.08376804739236832
0.11653508245944977,0.15099383890628815,0.18138115108013153
0.20454934239387512,0.22112271189689636,0.23453658819198608,0.24903590977191925
0.2671196460723877,0.28751808404922485,0.3056229054927826,0.3158385753631592
0.3131854832172394,0.29364246129989624,0.25438788533210754,0.19424940645694733
0.11431476473808289,0.01820223033428192,-0.08830859512090683,-0.19725863635540009
-0.29812490940093994,-0.37877190113067627,-0.4280088543891907,-0.4382474422454834
-0.40744641423225403,-0.34037142992019653,-0.24847474694252014
-0.1477281153202057,-0.05497117340564728,0.016293883323669434,0.05927566438913345
0.07430097460746765,0.0659845620393753,0.04014528915286064,0.003178112208843231
-0.03736221790313721,-0.07393278181552887,-0.1016613245010376,-0.11983276903629303
-0.13105440139770508,-0.13873767852783203,-0.1449102759361267,-0.15012496709823608
-0.15444031357765198,-0.15775877237319946,-0.1592075526714325,-0.15607059001922607
-0.14380450546741486,-0.11824283003807068,-0.07866308838129044
-0.029066793620586395,0.02369987592101097,0.07355496287345886,0.11733215302228928
0.1537867784500122,0.18130147457122803,0.19745928049087524,0.20107439160346985
0.19429801404476166,0.18239733576774597,0.17097827792167664,0.16268397867679596
0.1558455228805542,0.14557255804538727,0.1259327232837677,0.09195708483457565
0.040952183306217194,-0.02696377784013748,-0.10876760631799698,-0.19822907447814941
-0.2856747508049011,-0.359258770942688,-0.40765029191970825
-0.42238205671310425,-0.39940324425697327,-0.3399876058101654,-0.25065889954566956
-0.1421547532081604,-0.027015462517738342,0.08400271832942963,0.18453390896320343
0.27250611782073975,0.347700834274292,0.4091864228248596,0.45477432012557983
0.48190948367118835,0.4885810613632202,0.474103182554245,0.4392908215522766
0.38588038086891174,0.31606701016426086,0.2327367663383484,0.1406579464673996
0.047810137271881104,-0.03525552898645401,-0.09874647110700607
-0.13726642727851868,-0.1504533290863037,-0.1405540406703949,-0.11011648178100586
-0.061818480491638184,0.0006300508975982666,0.07226616144180298,0.1472540944814682
0.21926452219486237,0.2821864187717438,0.33076614141464233,0.36067599058151245
0.36859577894210815,0.352321594953537,0.31075429916381836,0.24412879347801208
0.1542801707983017,0.04470960795879364,-0.07908152043819427,-0.20899100601673126
-0.3346646726131439,-0.44496962428092957,-0.5294548869132996
-0.5801683664321899,-0.5938529968261719,-0.5726627111434937,-0.5230120420455933
-0.45355644822120667,-0.37312421202659607,-0.2898358702659607,-0.21142029762268066
-0.14483502507209778,-0.09425835311412811,-0.05916000157594681,-0.03495392948389053
-0.0162912979722023,-0.00032256171107292175,0.012431539595127106,0.01984340138733387
0.02086861990392208,0.01647643931210041,0.008126752451062202,-0.003756721504032612
-0.019205648452043533,-0.036640629172325134,-0.05158455669879913
0.0430079884827137,0.06549818813800812,0.07796626538038254,0.07407021522521973,0.054523907601833344,0.02752259559929371,0.005701842717826366,0.0007781819440424442,0.017122328281402588,0.04730575904250145,0.07423578947782516,0.08060736209154129
0.06034855917096138,0.024952834472060204,0.0007571962778456509,0.01763276755809784
0.09273470938205719,0.21716760098934174,0.35535934567451477,0.45967426896095276
0.4920106828212738,0.4404071569442749,0.32360005378723145,0.1833070069551468
0.066992849111557,0.006856536027044058,0.005973055027425289,0.04123719036579132,0.08103334158658981,0.1034531444311142,0.10252130031585693,0.08325573056936264,0.054708532989025116,0.026437129825353622,0.006739556789398193
2.932353709184099e-06,0.004831638652831316,0.01589174196124077,0.02797631360590458
0.03815178573131561,0.044949911534786224,0.04693064093589783,0.04267111420631409
0.03229879215359688,0.018781449645757675,0.006853259168565273,0.000488666002638638
0.0016669880133122206,0.010471569374203682,0.024768304079771042,0.03959282115101814
0.048138316720724106,0.045087266713380814,0.03062557242810726,0.012043029069900513
0.0005969948833808303,0.0046933856792747974,0.02379818633198738
0.04767284169793129,0.062069498002529144,0.05756666511297226,0.03624260053038597
0.011553052812814713,2.5544994059600867e-05,0.009866395965218544,0.03577994182705879
0.06433751434087753,0.08377788215875626,0.08903709053993225,0.08057469129562378
0.062003981322050095,0.03917419910430908,0.01886800117790699,0.005885475780814886
0.0006873927195556462,2.8865937565569766e-05,0.00015583878848701715,4.2871393816312775e-05
0.0024675121530890465,0.012452350929379463,0.03403260558843613
0.06743612140417099,0.10868208110332489,0.15118937194347382,0.18710874021053314
0.20779305696487427,0.20592951774597168,0.1799752414226532,0.13634788990020752,0.08627639710903168,0.04097432643175125,0.009723088704049587,0.0002169050567317754
0.017617791891098022,0.06166001036763191,0.12527219951152802,0.19623154401779175
0.25943905115127563,0.2993824779987335,0.30421754717826843,0.2704467177391052
0.2056294083595276,0.12742874026298523,0.05799175426363945
0.014367589727044106,0.00012658171181101352,0.004760401323437691,0.011852970346808434
0.010444427840411663,0.0024471960496157408,0.0017371352296322584,0.02459704503417015
0.07700241357088089,0.1487356275320053,0.2183685600757599,0.26298996806144714
0.2666970193386078,0.2266501784324646,0.15563948452472687,0.07860195636749268
0.021876733750104904,0.0002021371910814196,0.011136971414089203,0.04075254127383232
0.07385389506816864,0.09989698231220245,0.11297307163476944
0.1103881224989891,0.09322122484445572,0.06722845137119293,0.04069982096552849
0.019997047260403633,0.007146834395825863,0.0011191392550244927,0.00013681776181329042
0.0024910997599363327,0.006045809481292963,0.008124480955302715,0.006800148170441389
0.0027815531939268112,5.075218723504804e-06,0.004268694203346968,0.02103344351053238
0.053060177713632584,0.09759758412837982,0.14436453580856323,0.17741265892982483
0.1819905936717987,0.15309952199459076,0.10006667673587799
-0.20835423469543457,-0.07746218144893646,0.06432291865348816,0.20341019332408905
0.3249839246273041,0.414773166179657,0.46215105056762695,0.4633539617061615
0.4228260815143585,0.3511950373649597,0.2608414590358734,0.1620539128780365
0.06210748851299286,-0.03298621624708176,-0.11672526597976685,-0.18291684985160828
-0.22836090624332428,-0.254488468170166,-0.2666754424571991,-0.27225762605667114
-0.27849677205085754,-0.2908759117126465,-0.31144222617149353
-0.337723970413208,-0.3638654351234436,-0.3838282823562622,-0.394029438495636
-0.39356130361557007,-0.3823564350605011,-0.3594284951686859,-0.32347163558006287
-0.27515777945518494,-0.21829265356063843,-0.1585267186164856,-0.10048910975456238
-0.045322611927986145,0.009595215320587158,0.06872911006212234,0.13579487800598145
0.2122194617986679,0.2969432473182678,0.3861355185508728,0.4724487066268921
0.5453764200210571,0.5933510065078735,0.6064491271972656
0.5785257816314697,0.5083067417144775,0.3996851444244385,0.2619255483150482
0.109657883644104,-0.03853674232959747,-0.16325083374977112,-0.24782857298851013
-0.2811025381088257,-0.25888726115226746,-0.18431241810321808,-0.06685590744018555
0.07960531860589981,0.23834028840065002,0.39057672023773193,0.5170164108276367
0.600625216960907,0.6299208402633667,0.6016907095909119,0.5214296579360962
0.40066319704055786,0.2530914843082428,0.09190014004707336
-0.07112950086593628,-0.22490519285202026,-0.3580557405948639,-0.45988985896110535
-0.5232992172241211,-0.5471550822257996,-0.5360813140869141,-0.49751147627830505
-0.43812403082847595,-0.3622147738933563,-0.27269867062568665,-0.1736099123954773
-0.07212121784687042,0.021618522703647614,0.09666413068771362,0.14380568265914917
0.15720507502555847,0.13502681255340576,0.07943938672542572,-0.00348055362701416
-0.10348640382289886,-0.2062201052904129,-0.295011967420578
-0.354625940322876,-0.3752918839454651,-0.3544327914714813,-0.29513463377952576
-0.20355010032653809,-0.08781123161315918,0.04141409695148468,0.17052793502807617
0.28449389338493347,0.3703441023826599,0.42098546028137207,0.4366723895072937,0.42282813787460327,0.3860873579978943
0.33206865191459656,0.2661702036857605,0.19530829787254333,0.12780529260635376
0.07090137898921967,0.02823808789253235,-0.00033106282353401184,-0.017488613724708557
-0.027761254459619522,-0.03699400648474693,-0.050667040050029755,-0.07133245468139648
-0.09723462164402008,-0.123944953083992,-0.14775970578193665,-0.16753889620304108
-0.18350830674171448,-0.19484496116638184,-0.1991368979215622,-0.19443921744823456
-0.1812823861837387,-0.16226641833782196,-0.14010505378246307,-0.11607314646244049
-0.08934992551803589,-0.057252444326877594,-0.016333773732185364,0.03618748486042023
0.10118762403726578,0.17698657512664795,0.2591968774795532,0.34048718214035034
0.4106644093990326,0.4580777883529663,0.4720798432826996,0.44536471366882324
0.3754059672355652,0.2649064064025879,0.1217755377292633,-0.04087942838668823
-0.20538640022277832,-0.3518001437187195,-0.46143192052841187,-0.520128607749939
-0.5203438997268677,-0.4618484377861023,-0.3512346148490906,-0.20065578818321228
-0.026586085557937622,0.15123257040977478,0.31154048442840576,0.43441838026046753
0.5044651627540588,0.5132303237915039,0.46006637811660767
0.35130998492240906,0.19887292385101318,0.019204020500183105,-0.16783864796161652
-0.3412187695503235,-0.48228204250335693,-0.5786433219909668,-0.6264850497245789
-0.6300609111785889,-0.5987955331802368,-0.543124794960022,-0.4708602726459503
-0.3859173357486725,-0.2896619737148285,-0.18377190828323364,-0.07284986972808838
0.03515629470348358,0.13091596961021423,0.20605875551700592,0.2543020248413086
0.27166879177093506,0.25665563344955444,0.2107548862695694
0.13953284919261932,0.05352023243904114,-0.032863549888134,-0.10495956242084503
-0.15205228328704834,-0.16899876296520233,-0.15481363236904144,-0.11087948083877563
-0.040902599692344666,0.047882139682769775,0.14417336881160736,0.23419971764087677
0.30533960461616516,0.34974557161331177,0.36523526906967163,0.35336050391197205
0.3177345097064972,0.2643440365791321,0.20216962695121765,0.14227740466594696
0.0956030935049057,0.07040982693433762,0.07016893476247787
0.09262137860059738,0.1302567720413208,0.17182627320289612,0.20486514270305634
0.21929484605789185,0.210763081908226,0.18127791583538055,0.1364501714706421
0.08175092935562134,0.02085912972688675,-0.04304823279380798,-0.10526619106531143
-0.15989406406879425,-0.20253971219062805,-0.23226132988929749,-0.25063973665237427
-0.2591617703437805,-0.25791266560554504,-0.24669149518013,-0.22618170082569122,-0.1972203105688095,-0.1596386879682541,-0.11277177929878235
-0.05715383589267731,0.004829734563827515,0.06985494494438171,0.1340615153312683
0.19210433959960938,0.2366790473461151,0.2596897482872009,0.25424665212631226,0.21639567613601685,0.14636991918087006,0.04972447454929352,-0.06212730333209038
-0.1732371747493744,-0.2662871778011322,-0.3261115550994873,-0.3423424959182739
-0.31080493330955505,-0.2336978018283844,-0.1188778430223465,0.021057963371276855
0.16958212852478027,0.3076671063899994,0.41643548011779785
0.4803580045700073,0.4897266626358032,0.44169315695762634,0.3400115966796875
0.1941828429698944,0.018823981285095215,-0.166983962059021,-0.3419308662414551
-0.4867708384990692,-0.5886968374252319,-0.6434190273284912,-0.6543409824371338
-0.6296141743659973,-0.578221321105957,-0.5067936778068542,-0.4188900291919708
-0.3169390857219696,-0.20508337020874023,-0.09027712047100067,0.019591152667999268
0.11859829723834991,0.203557550907135,0.27224940061569214
0.3215619921684265,0.3474081754684448,0.34634584188461304,0.31810489296913147
0.26751551032066345,0.20380735397338867,0.13739372789859772,0.07709869742393494
0.02980552613735199,0.0012398213148117065,-0.004225714132189751,0.01472517754882574
0.0543995127081871,0.10584268718957901,0.15698057413101196,0.19596797227859497
0.21379905939102173,0.2052653729915619,0.1692344844341278,0.1091754287481308
0.03305964171886444,-0.04822538048028946,-0.12297699600458145
-0.18012630939483643,-0.21033628284931183,-0.2076139599084854,-0.17144954204559326
-0.1081322580575943,-0.02965104579925537,0.04993409663438797,0.11902276426553726
0.17123346030712128,0.2046455442905426,0.21897239983081818,0.21372827887535095
0.18873022496700287,0.146119624376297,0.09162352979183197,0.0330011323094368
-0.023242611438035965,-0.07369193434715271,-0.11701679229736328,-0.1517968475818634
-0.1759941726922989,-0.1882520169019699,-0.18824589252471924
-0.17531636357307434,-0.14775490760803223,-0.10411843657493591,-0.045109063386917114
0.0261562317609787,0.10543982684612274,0.18811291456222534,0.2683076560497284
0.337951123714447,0.38737744092941284,0.4073556661605835,0.3912557065486908,0.3365941643714905,0.2459425926208496,0.12713921070098877,-0.007426932454109192
-0.1423034965991974,-0.26092329621315,-0.34790849685668945,-0.3914021849632263
-0.3848196566104889,-0.3276374936103821,-0.225408673286438
-0.08956682682037354,0.06309466063976288,0.21226510405540466,0.3374585807323456
0.4215448498725891,0.4531731605529785,0.4278146028518677,0.347810834646225
0.22208383679389954,0.06580021977424622,-0.10093128681182861,-0.2565199136734009
-0.38286399841308594,-0.4693686366081238,-0.5140044689178467,-0.5212415456771851,-0.49811235070228577
-0.45073121786117554,-0.3835737407207489,-0.3014207184314728,-0.21112602949142456
-0.12063884735107422,-0.03607355058193207,0.04000736027956009,0.10738908499479294
0.16539393365383148,0.21102586388587952,0.23943521082401276,0.2461300939321518
0.22909821569919586,0.18924395740032196,0.1295119971036911,0.05445455014705658
-0.028991498053073883,-0.11074620485305786,-0.17849621176719666,-0.22039349377155304
-0.22846633195877075,-0.20134681463241577,-0.14488722383975983,-0.07027404010295868
0.009051613509654999,0.07998155057430267,0.13147513568401337,0.15600115060806274,0.1505843847990036
0.1166897863149643,0.05924871563911438,-0.013688720762729645,-0.09069888293743134
-0.15796034038066864,-0.20226025581359863,-0.2149638533592224,-0.19476354122161865
-0.14708678424358368,-0.08044226467609406,-0.002782672643661499,0.0793159008026123
0.15912757813930511,0.2286233901977539,0.27924758195877075,0.3040480613708496
0.299604594707489,0.26642143726348877,0.20789988338947296,0.1291128695011139
0.036048054695129395,-0.06483223289251328,-0.16688990592956543
-0.26350098848342896,-0.3480706214904785,-0.41367822885513306,-0.45270824432373047
-0.45762360095977783,-0.4232514798641205,-0.3489483594894409,-0.2387513518333435
-0.09983116388320923,0.05886700749397278,0.22666381299495697,0.3905010223388672
0.5352539420127869,0.6457034349441528,0.7092444896697998,0.7181043028831482
0.6704785227775574,0.5705388784408569,0.4275538921356201,0.25473612546920776
0.068549245595932,-0.1118609756231308,-0.2663671672344208
-0.3768340051174164,-0.430107057094574,-0.41993945837020874,-0.34763628244400024
-0.22181692719459534,-0.0577661395072937,0.12384264171123505,0.2994614839553833
0.4462025761604309,0.5453149080276489,0.5846638679504395,0.5600705146789551
0.47604137659072876,0.34581366181373596,0.18935832381248474,0.028618961572647095,-0.11808217316865921,-0.23923829197883606,-0.32955634593963623,-0.38704073429107666
-0.41075050830841064,-0.4012174606323242,-0.3624994456768036
-0.30286410450935364,-0.23246583342552185,-0.15961821377277374,-0.08884695172309875
-0.022164836525917053,0.03806060180068016,0.08756699413061142,0.1214013397693634
0.136409193277359,0.13217967748641968,0.10981662571430206,0.07060730457305908
0.016145601868629456,-0.05018690600991249,-0.12157686054706573,-0.1877143532037735
-0.2367672622203827,-0.2582651376724243,-0.24597947299480438,-0.20025724172592163
-0.12851454317569733,-0.042797595262527466,0.04433629289269447
0.12262073904275894,0.1841776818037033,0.22250527143478394,0.2323695868253708
0.21102476119995117,0.16021375358104706,0.08757297694683075,0.005663633346557617
-0.07165421545505524,-0.13368891179561615,-0.1754155457019806,-0.1963951289653778
-0.19787642359733582,-0.1815362423658371,-0.15067541599273682,-0.11148908734321594,-0.07212218642234802,-0.0397915318608284,-0.01866888999938965,-0.010412953794002533,-0.01591479778289795,-0.03605467826128006,-0.07132063060998917
-0.12117539346218109,-0.18368004262447357,-0.255405992269516,-0.3313593566417694
-0.4047403633594513,-0.4668414294719696,-0.5075976848602295,-0.5171407461166382
-0.4883035719394684,-0.41895389556884766,-0.3124287724494934,-0.17594212293624878
-0.018676012754440308,0.14900323748588562,0.31511110067367554,0.4656478464603424
0.5857143402099609,0.6619974374771118,0.6852645874023438,0.6519242525100708
0.5644291043281555,0.43066537380218506,0.2627502977848053
0.07596546411514282,-0.11180108040571213,-0.28093546628952026,-0.4122927486896515
-0.49022987484931946,-0.5051470994949341,-0.45477786660194397,-0.34427934885025024
-0.1855892539024353,0.0038198232650756836,0.20314161479473114,0.3909667134284973
0.5475081205368042,0.656318187713623,0.7061086893081665,0.6927961111068726
0.621112585067749,0.5040918588638306,0.3593291640281677,0.20386263728141785
0.051104336977005005,-0.08883444219827652,-0.2073281705379486
-0.2969514727592468,-0.35346394777297974,-0.37776169180870056,-0.3753671944141388
-0.353398859500885,-0.3172156810760498,-0.26925739645957947,-0.21071046590805054
-0.14414598047733307,-0.07441319525241852,-0.0070360153913497925,0.053639303892850876
0.10426297783851624,0.1410776823759079,0.159519761800766,0.15528053045272827
0.12606759369373322,0.07363492250442505,0.005173631012439728,-0.06733116507530212
-0.12994247674942017,-0.17076942324638367,-0.18361586332321167
-0.1692097932100296,-0.13298624753952026,-0.08139806985855103,-0.019997864961624146
0.045704931020736694,0.10857436060905457,0.15981988608837128,0.19123338162899017
0.19845432043075562,0.18312659859657288,0.15219300985336304,0.11444167792797089
0.07676063477993011,0.04304841160774231,0.01586725562810898,-0.002041209489107132
-0.008512021973729134,-0.004130597226321697,0.0066910493187606335,0.017260828986763954
0.021778276190161705,0.017271336168050766,0.002822594717144966
-0.022060658782720566,-0.05759390443563461,-0.10256361216306686,-0.15388616919517517
-0.20778653025627136,-0.26123160123825073,-0.3120725154876709,-0.3576633632183075
-0.3932497501373291,-0.4120566248893738,-0.40727829933166504,-0.37454336881637573
-0.3134021461009979,-0.22694024443626404,-0.12017379701137543,0.001185402274131775
0.13082683086395264,0.2608514428138733,0.38078197836875916,0.47826990485191345
0.5415127873420715,0.561734676361084,0.5346502065658569,0.4609220325946808
0.3458802402019501,0.19867229461669922,0.031172096729278564,-0.14272265136241913
-0.3072666823863983,-0.4455289840698242,-0.5414093732833862,-0.5823900103569031
-0.5617578029632568,-0.4796389043331146,-0.34283432364463806,-0.1636761724948883
0.04157903790473938,0.25400444865226746,0.4529414474964142,0.6177072525024414
0.7304713726043701,0.7796638011932373,0.7626513242721558,0.6856997013092041,0.5608969330787659,0.40289634466171265
0.22783076763153076,0.053245097398757935,-0.10343502461910248,-0.22839683294296265,-0.31475400924682617,-0.3630896210670471,-0.37887042760849,-0.368847131729126
-0.3389006555080414,-0.2939298152923584,-0.23830312490463257,-0.17555120587348938
-0.10780748724937439,-0.03606712818145752,0.03862437605857849,0.11354000866413116
0.18302017450332642,0.23865282535552979,0.27105194330215454,0.27236199378967285
0.23882639408111572,0.17297405004501343,0.08428584039211273
-0.012771748006343842,-0.10303376615047455,-0.1751382052898407,-0.22340697050094604
-0.24635785818099976,-0.244242861866951,-0.21829010546207428,-0.1720144897699356
-0.11273397505283356,-0.051087960600852966,0.0019267424941062927,0.03871647268533707
0.05695347860455513,0.0583764985203743,0.04645194113254547,0.025448493659496307
0.0008960254490375519,-0.020353447645902634,-0.031314536929130554,-0.02700025960803032
-0.00675775483250618,0.02467380464076996,0.05868178978562355
0.08597448468208313,0.09897392988204956,0.09240291267633438,0.06332655251026154
0.01193738728761673,-0.057478759437799454,-0.1372709423303604,-0.21910203993320465
-0.29639604687690735,-0.3648107051849365,-0.42079097032546997,-0.4599670171737671
-0.47782444953918457,-0.4721952974796295,-0.4442923963069916,-0.39701607823371887
-0.3326314389705658,-0.25197213888168335,-0.15522223711013794,-0.04343973100185394
0.07954105734825134,0.20588329434394836,0.32496997714042664
0.42644405364990234,0.5021313428878784,0.5459412336349487,0.5534944534301758
0.5225492715835571,0.4537164568901062,0.35080686211586,0.22084593772888184
0.07430440187454224,-0.0746435821056366,-0.20909029245376587,-0.3120289444923401
-0.36951327323913574,-0.3730672597885132,-0.32085147500038147,-0.21761831641197205
-0.07392039895057678,0.0946613997220993,0.26841747760772705,0.4256685674190521
0.5463081002235413,0.6153330206871033,0.6248608231544495
0.5742533206939697,0.4692200720310211,0.3210342824459076,0.1461406648159027
-0.03508186340332031,-0.20190094411373138,-0.33810123801231384,-0.43502622842788696
-0.49116456508636475,-0.5094888210296631,-0.4951443374156952,-0.4548284411430359
-0.39648160338401794,-0.3276835083961487,-0.2536640465259552,-0.17668157815933228
-0.09676480293273926,-0.012808024883270264,0.07622891664505005,0.16963917016983032
0.26317599415779114,0.348552405834198,0.41508159041404724
0.45296570658683777,0.45702528953552246,0.4289524257183075,0.37628400325775146
0.30860641598701477,0.23408567905426025,0.15900065004825592,0.08943955600261688
0.03217326104640961,-0.006680876016616821,-0.024309653788805008,-0.023201115429401398
-0.010790972039103508,0.0030705956742167473,0.008995242416858673,-0.0001794805284589529
-0.028519805520772934,-0.07599353790283203,-0.13737311959266663,-0.20238640904426575
-0.25784066319465637,-0.2907743752002716,-0.2913423180580139
-0.25503867864608765,-0.18423712253570557,-0.08846919238567352,0.017204314470291138
0.11535686999559402,0.1897985339164734,0.22883054614067078,0.2276124358177185
0.18866392970085144,0.11984230577945709,0.03098289668560028,-0.0686517283320427
-0.17113402485847473,-0.2690622806549072,-0.3544861078262329,-0.4196443557739258
-0.4593749940395355,-0.4723016619682312,-0.4593365490436554,-0.4213656485080719
-0.35842692852020264,-0.270531564950943,-0.15892291069030762
-0.027181029319763184,0.11777560412883759,0.26564139127731323,0.40469953417778015
0.5244402885437012,0.616341233253479,0.6731036901473999,0.6885092258453369
0.658475399017334,0.5823118686676025,0.46345585584640503,0.3098110258579254
0.13400888442993164,-0.04699549078941345,-0.21406422555446625,-0.34931182861328125
-0.4389883279800415,-0.47487378120422363,-0.4546946883201599,-0.3823634088039398
-0.26834723353385925,-0.12917783856391907,0.015415936708450317
0.146916925907135,0.2509562373161316,0.31764355301856995,0.34101805090904236
0.31905773282051086,0.2542923092842102,0.15466609597206116,0.03340721130371094
-0.09365873783826828,-0.21239040791988373,-0.3132282495498657,-0.39146140217781067
-0.4460033178329468,-0.47816750407218933,-0.49088168144226074,-0.4876459538936615
-0.4712100923061371,-0.44324275851249695,-0.4050113558769226,-0.35739976167678833
-0.3000108301639557,-0.23103120923042297,-0.14887653291225433
-0.05482882261276245,0.045243941247463226,0.14162470400333405,0.22388792037963867
0.2847132086753845,0.3216979503631592,0.3359507918357849,0.3296460211277008
0.3055760860443115,0.2686176896095276,0.22655919194221497,0.18883387744426727,0.16363564133644104,0.15479139983654022,0.16019794344902039,0.1728246510028839,0.18340139091014862,0.18307822942733765,0.16514383256435394,0.12601561844348907,0.066168874502182,-0.0088682621717453,-0.08846356719732285
0.0037593706510961056,0.0042678676545619965,0.004289047326892614,0.0029938046354800463,0.0008228608639910817,0.00016005794168449938,0.0040914276614785194,0.01322939246892929,0.023444464430212975,0.02765510417521,0.02132037654519081,0.007881594821810722
8.567229087930173e-06,0.014486395753920078,0.062250252813100815,0.13980428874492645
0.22890549898147583,0.30438485741615295,0.3437581956386566,0.3343640863895416,0.2774691581726074,0.18875379860401154,0.09441270679235458,0.02367684431374073,0.00022883569181431085,0.035419635474681854,0.12488165497779846,0.2481602430343628
0.37149277329444885,0.45596665143966675,0.4713663160800934,0.40999847650527954
0.29174068570137024,0.15643048286437988,0.04825830087065697
0.0007380503229796886,0.028243614360690117,0.125076025724411,0.2693328559398651
0.42814886569976807,0.5634006857872009,0.639471709728241,0.6331897377967834
0.5426121950149536,0.39019060134887695,0.21781091392040253,0.07483623921871185
0.003452228382229805,0.02646869421005249,0.14058291912078857,0.3153701722621918
0.4989667534828186,0.6324583292007446,0.6703669428825378,0.5984862446784973
0.44023481011390686,0.24845130741596222,0.08637357503175735
0.0048594363033771515,0.022827282547950745,0.11892818659543991,0.24089951813220978,0.32971328496932983,0.34647414088249207,0.28862401843070984,0.1871413290500641
0.0864892452955246,0.02053813450038433,9.154730378213571e-07,0.015885934233665466
0.05109687149524689,0.0903916209936142,0.12478888779878616,0.15149137377738953
0.1716744601726532,0.18773852288722992,0.2005566954612732,0.20743334293365479,0.2022850662469864,0.17887043952941895,0.13595370948314667
0.08133841305971146,0.030993616208434105,0.002487239660695195,0.006659157574176788
0.042089082300662994,0.09456829726696014,0.14225997030735016,0.16528652608394623,0.15544462203979492,0.11990606784820557,0.07559914141893387,0.03836040198802948
0.015256417915225029,0.004596777260303497,0.0010280880378559232,0.0001806871296139434
2.3054712073644623e-05,6.899123945913743e-06,0.00028539917548187077,0.001900645554997027,0.00713032903149724,0.01849851943552494,0.03596194088459015
0.05439988523721695,0.06472112983465195,0.059219446033239365,0.03804481029510498
0.012234422378242016,5.8249647736374754e-06,0.017282729968428612,0.06858382374048233
0.1441165655851364,0.22335705161094666,0.282029390335083,0.30024033784866333
0.27001047134399414,0.19943605363368988,0.11118776351213455,0.035523369908332825
0.0005079886177554727,0.02308414876461029,0.10338792949914932,0.22284680604934692
0.3471769690513611,0.43632882833480835,0.45956718921661377
0.4082769751548767,0.2994275987148285,0.16880515217781067,0.05832476541399956
0.002759202616289258,0.02027815766632557,0.10932512581348419,0.2511589825153351
0.41509145498275757,0.5646092295646667,0.6647080183029175,0.6900181174278259
0.6317694783210754,0.5016502141952515,0.3307241201400757,0.16243359446525574
0.04117732122540474,0.0001519119687145576,0.05226774886250496,0.18594011664390564
0.36600714921951294,0.5407801270484924,0.6561751365661621
-0.820944607257843,-0.7658541202545166,-0.648914635181427,-0.4803135395050049
-0.27572643756866455,-0.05555024743080139,0.1568886637687683,0.33849239349365234
0.47020092606544495,0.5405491590499878,0.5478526949882507,0.4996787905693054,0.4096633195877075,0.2937607765197754,0.16785496473312378,0.046447113156318665
-0.058986082673072815,-0.1419539749622345,-0.20176127552986145,-0.24244442582130432
-0.27040693163871765,-0.2913886606693268,-0.30763888359069824
-0.3168123960494995,-0.31320545077323914,-0.290250301361084,-0.2428833693265915,-0.1691308617591858,-0.07093007862567902,0.04538823664188385,0.16890181601047516,0.28497314453125,0.37765637040138245,0.4329283833503723,0.4418196678161621
0.402782142162323,0.3224855959415436,0.21447601914405823,0.09599313139915466
-0.016063973307609558,-0.10883979499340057,-0.17588774859905243,-0.21758931875228882,-0.23968474566936493,-0.2507472634315491,-0.2596554756164551
-0.27364176511764526,-0.29676932096481323,-0.3284958302974701,-0.3629336953163147
-0.3899553120136261,-0.3979846239089966,-0.37707778811454773,-0.32126307487487793
-0.22988462448120117,-0.10790249705314636,0.034711673855781555,0.1840958595275879
0.3241466283798218,0.43898558616638184,0.5157464742660522,0.5464788675308228
0.5285272598266602,0.4638834595680237,0.3583146035671234,0.22052469849586487
0.06125476956367493,-0.10759381949901581,-0.2735176086425781
-0.42369189858436584,-0.5456064343452454,-0.6284506320953369,-0.6646756529808044
-0.6508235931396484,-0.5874766707420349,-0.4789397120475769,-0.33297884464263916
-0.1602177619934082,0.027114227414131165,0.21665336191654205,0.39690130949020386
0.5576039552688599,0.6898550987243652,0.7860759496688843,0.8398933410644531
0.8463305830955505,0.802635669708252,0.7093479037284851,0.5709362626075745
0.39570152759552,0.19500815868377686,-0.017749756574630737
-0.22775715589523315,-0.41888555884361267,-0.5743860602378845,-0.6789361238479614,-0.7213003635406494,-0.6963678002357483,-0.6059856414794922,-0.45880287885665894
-0.2697557806968689,-0.05924421548843384,0.14886899292469025,0.3308558166027069,0.4673618972301483,0.5465117692947388
0.5645739436149597,0.52475905418396,0.4360743463039398,0.31287381052970886
0.17366603016853333,0.037901371717453,-0.07852351665496826,-0.16674117743968964
-0.225600466132164,-0.2598172426223755,-0.2768842577934265,-0.283840537071228
-0.2849571704864502,-0.28100109100341797,-0.26972275972366333,-0.24694450199604034
-0.20802417397499084,-0.14943890273571014,-0.07028727233409882,0.02617751806974411
0.1315319836139679,0.23292282223701477,0.3156977891921997,0.36674782633781433
0.3775106370449066,0.3460654318332672,0.2778661847114563,0.18480131030082703
0.08260560035705566,-0.012805938720703125,-0.08903040736913681,-0.13978490233421326
-0.16562527418136597,-0.17266003787517548,-0.1700369119644165,-0.16731126606464386
-0.17234143614768982,-0.18960274755954742,-0.21865317225456238,-0.25343409180641174
-0.28349918127059937,-0.29689890146255493,-0.28328564763069153,-0.2361789345741272
-0.15420426428318024,-0.04167991876602173,0.0912155956029892,0.2293342649936676
0.35545071959495544,0.45459461212158203,0.5172765254974365,0.5396259427070618
0.5214758515357971,0.46480298042297363,0.3733329474925995
0.2526276409626007,0.11002156138420105,-0.045698389410972595,-0.2045973837375641
-0.3557388186454773,-0.487678587436676,-0.5897092819213867,-0.6531817317008972
-0.6721063852310181,-0.6433314085006714,-0.5670390725135803,-0.4475601315498352
-0.293616384267807,-0.11719799041748047,0.06855060160160065,0.25127583742141724
0.4203624129295349,0.566727876663208,0.6819598078727722,0.7578284740447998
0.7869353294372559,0.7642334699630737,0.688521146774292
0.5632255673408508,0.39628589153289795,0.1992926299571991,-0.013641417026519775
-0.2266179621219635,-0.42229723930358887,-0.5828616619110107,-0.6922173500061035,-0.738670825958252,-0.7169140577316284,-0.6287892460823059,-0.48309218883514404,-0.29505014419555664,-0.08532002568244934,0.1224948838353157,0.305623322725296,0.4454507827758789,0.529278576374054,0.5510492324829102,0.5120452642440796
0.4215293824672699,0.29603683948516846,0.1562531590461731
0.02200460433959961,-0.09247748553752899,-0.18072088062763214,-0.2432202398777008
-0.2850314974784851,-0.3130539655685425,-0.3337198495864868,-0.3514367341995239,-0.36765724420547485,-0.38032013177871704,-0.38399356603622437,-0.3712296187877655
-0.3348548114299774,-0.27053430676460266,-0.1791568398475647,-0.06812082231044769
0.04958712309598923,0.1583026647567749,0.24324378371238708,0.29366233944892883,0.30508166551589966,0.2801898717880249,0.22805261611938477
0.1618243306875229,0.09564031660556793,0.041446343064308167,0.006392650306224823
-0.008515531197190285,-0.007930640131235123,-9.449850767850876e-05,0.005771004129201174
0.001734212739393115,-0.01709183119237423,-0.051141269505023956,-0.09560506045818329
-0.14099635183811188,-0.1752835512161255,-0.18680207431316376,-0.16688473522663116
-0.11182335019111633,-0.024326428771018982,0.08607050776481628,0.20489361882209778
0.3168436288833618,0.40987956523895264,0.4767394959926605
0.513638436794281,0.5183136463165283,0.4893468916416168,0.4267008304595947
0.33247488737106323,0.21126338839530945,0.07001161575317383,-0.08242028951644897
-0.23575344681739807,-0.37895485758781433,-0.501124382019043,-0.5921576023101807
-0.6431164741516113,-0.6470750570297241,-0.6008127331733704,-0.5064071416854858
-0.37126728892326355,-0.20639556646347046,-0.024172961711883545,0.163203626871109
0.34445920586586,0.5092431306838989,0.6475664377212524
0.7493941187858582,0.8052635192871094,0.807908833026886,0.7540093660354614
0.6452482342720032,0.48839855194091797,0.2945467233657837,0.07781541347503662
-0.145783931016922,-0.35892871022224426,-0.5435456037521362,-0.6823638081550598
-0.7614138126373291,-0.7723807692527771,-0.7139289379119873,-0.5918117761611938
-0.4179540276527405,-0.20896151661872864,0.015253335237503052,0.2326677441596985
0.4209862947463989,0.560497522354126,0.637428343296051
0.6469545364379883,0.5945920348167419,0.4947706460952759,0.36668962240219116
0.22899240255355835,0.09553021192550659,-0.026168853044509888,-0.13397377729415894
-0.22915205359458923,-0.3143930733203888,-0.39229944348335266,-0.4643023908138275
-0.529678225517273,-0.5846378803253174,-0.622205913066864,-0.6335843205451965
-0.6106240749359131,-0.5485345125198364,-0.448325514793396,-0.318176805973053
-0.1726093292236328,-0.029473185539245605,0.09396535903215408
0.1844242513179779,0.23462577164173126,0.24391832947731018,0.21800363063812256
0.16795924305915833,0.10822704434394836,0.05331405997276306,0.013879381120204926,-0.006003536283969879,-0.008974160067737103,-0.002294591162353754,0.0049809738993644714
0.00447141332551837,-0.009856296703219414,-0.04062247276306152,-0.08603998273611069
-0.13920073211193085,-0.1888061910867691,-0.2216874659061432,-0.22604525089263916,-0.1943715661764145,-0.1255270093679428,-0.025198131799697876
0.0958055853843689,0.22452063858509064,0.34842079877853394,0.4567340016365051
0.5405490398406982,0.5924510955810547,0.6066081523895264,0.5795291066169739
0.5109445452690125,0.40424007177352905,0.26625338196754456,0.10654670000076294
-0.06352005898952484,-0.23152384161949158,-0.3844183683395386,-0.5090032815933228,-0.592919647693634
-0.626415491104126,-0.6043813824653625,-0.527605414390564,-0.4026114046573639
-0.2402723729610443,-0.05387106537818909,0.1426951140165329,0.3361515402793884
0.5143288969993591,0.6658421754837036,0.779615044593811,0.8453657031059265
0.8552183508872986,0.805488646030426,0.6977602243423462,0.5389643907546997
0.340568482875824,0.11724105477333069,-0.11434397101402283,-0.3360939621925354
-0.5291042923927307,-0.6753661036491394,-0.7604237794876099,-0.7757756114006042
-0.7201548218727112,-0.599565863609314,-0.42630767822265625,-0.21753543615341187,0.005974411964416504
0.22112567722797394,0.4048568606376648,0.5375896692276001,0.6068366765975952
0.6098339557647705,0.5539762377738953,0.4544900953769684,0.3300860822200775
0.1981717348098755,0.07134079933166504,-0.043790094554424286,-0.14563891291618347
-0.23574189841747284,-0.31686046719551086,-0.3915737569332123,-0.461341917514801
-0.5256258249282837,-0.5808830857276917,-0.6202189922332764,-0.6346032619476318
-0.6153675317764282,-0.5570194125175476,-0.4597286880016327
-0.33069491386413574,-0.1833944022655487,-0.034810543060302734,0.09795774519443512
0.2004377245903015,0.2626957893371582,0.2809617817401886,0.2589086890220642,0.20743857324123383,0.14204812049865723,0.07827107608318329,0.027136221528053284,-0.007117558270692825,-0.02644205093383789,-0.03669705241918564,-0.04510553181171417
-0.058208633214235306,-0.08052904903888702,-0.1136304959654808,-0.1550845205783844
-0.19781646132469177,-0.23105980455875397,-0.24298183619976044
-0.2236698418855667,-0.16741666197776794,-0.07409684360027313,0.050450533628463745
0.1953068971633911,0.34651243686676025,0.489594042301178,0.6116774678230286
0.7024028301239014,0.7538060545921326,0.7602343559265137,0.7188836336135864
0.6305380463600159,0.49990135431289673,0.33528932929039,0.14781063795089722
-0.04959157109260559,-0.2428712397813797,-0.4174636900424957,-0.559146523475647
-0.6553574204444885,-0.6967771053314209,-0.6788538694381714
-0.6028670072555542,-0.47602617740631104,-0.310274600982666,-0.12014058232307434
0.07944586873054504,0.274583637714386,0.45274239778518677,0.6022770404815674
0.7120933532714844,0.7723566293716431,0.776077151298523,0.720676600933075
0.6088195443153381,0.44829773902893066,0.2511044442653656,0.032130807638168335
-0.19182230532169342,-0.40252724289894104,-0.5811864733695984,-0.7104493379592896
-0.7770776152610779,-0.7741105556488037,-0.7018598318099976
-0.5676982998847961,-0.38493603467941284,-0.17138293385505676,0.05186876654624939
0.26187771558761597,0.43641358613967896,0.5574909448623657,0.6146510243415833
0.6067611575126648,0.5416814088821411,0.433879554271698,0.3007752001285553
0.15896117687225342,0.02134835720062256,-0.10411147028207779,-0.21409521996974945,-0.3085888624191284,-0.38935530185699463,-0.45866015553474426,-0.5182767510414124
-0.5684075355529785,-0.6064839959144592,-0.6267471313476562
-0.6214495897293091,-0.5832459926605225,-0.5076674818992615,-0.3949585556983948
-0.2509223222732544,-0.08666765689849854,0.08253834396600723,0.2391938418149948,0.36627620458602905,0.4505205750465393,0.48561516404151917,0.47396916151046753
0.42564657330513,0.3545731008052826,0.2739012837409973,0.192765474319458
0.11545020341873169,0.04243297874927521,-0.027861595153808594,-0.09744913876056671,-0.16767218708992004,-0.23859167098999023,-0.3085397481918335
-0.3734179735183716,-0.42611920833587646,-0.45715218782424927,-0.456732839345932
-0.4173433482646942,-0.3356817960739136,-0.21365588903427124,-0.05852317810058594
0.1177961677312851,0.300220787525177,0.4725678861141205,0.6197753548622131
0.7297400236129761,0.7942139506340027,0.8087534308433533,0.7723304629325867
0.6871441602706909,0.5585944652557373,0.3950608968734741,0.2073001265525818
0.007611006498336792,-0.19082656502723694,-0.3742537796497345
-0.5287213325500488,-0.6411621570587158,-0.701175332069397,-0.7029369473457336
-0.6464082598686218,-0.5372379422187805,-0.3854742646217346,-0.20381662249565125
-0.006079256534576416,0.19382312893867493,0.38234609365463257,0.5465528964996338
0.6745160818099976,0.7560012340545654,0.7834075093269348,0.7528687715530396
0.6651520133018494,0.5259243845939636,0.3452683687210083,0.13672468066215515
-0.08368980884552002,-0.29843032360076904,-0.48973602056503296
-0.6413704752922058,-0.7402867078781128,-0.7778833508491516,-0.7508851885795593
-0.6617613434791565,-0.5185489058494568,-0.334359347820282,-0.1268959939479828
0.08259141445159912,0.27192774415016174,0.421882688999176,0.5195496082305908
0.5598351955413818,0.5449715852737427,0.4828285872936249,0.3848998248577118
0.2644055187702179,0.13444852828979492,0.0061904191970825195,-0.11250033974647522
-0.2173963338136673,-0.3072850704193115,-0.382813036441803
-0.4450433850288391,-0.49385473132133484,-0.5268017053604126,-0.5392336845397949
-0.52564537525177,-0.4814240634441376,-0.4042499363422394,-0.29499202966690063
-0.15843236446380615,-0.004022836685180664,0.15407925844192505,0.2987973988056183
0.4136989414691925,0.48701971769332886,0.5143282413482666,0.4985509514808655,0.4477512240409851,0.3723366856575012,0.28294694423675537,0.18898886442184448
0.0973992645740509,0.011913150548934937,-0.06665170937776566,-0.13930237293243408
-0.20763564109802246,-0.272897869348526,-0.33534711599349976,-0.39354637265205383
-0.4434497356414795,-0.4780397415161133,-0.4884070158004761,-0.466032475233078
-0.4051530659198761,-0.3043493926525116,-0.16722983121871948,-0.002466753125190735
0.17682960629463196,0.3548002243041992,0.5155776739120483,0.6459503173828125
0.7365131378173828,0.7812460064888,0.7768527865409851,0.7227943539619446,0.6217381358146667,0.4797772169113159
0.30612051486968994,0.11239629983901978,-0.08795556426048279,-0.2800590395927429
-0.4484480023384094,-0.5788880586624146,-0.6604259014129639,-0.6866035461425781
-0.6557047367095947,-0.5705745220184326,-0.43840479850769043,-0.270331472158432
-0.0803636908531189,0.11639918386936188,0.3055606782436371,0.47445499897003174
0.6122065782546997,0.7093362808227539,0.7578327655792236,0.7521132826805115
0.6903449892997742,0.5753198266029358,0.414497971534729
0.21926099061965942,0.003660827875137329,-0.21690449118614197,-0.4267139136791229
-0.6103545427322388,-0.7532647848129272,-0.8427459001541138,-0.8696106672286987
-0.8298550844192505,-0.7256389856338501,-0.5655523538589478,-0.3644123673439026
-0.14213836193084717,0.07892954349517822,0.2775994539260864,0.4366909861564636
0.5444106459617615,0.5947262644767761,0.58759605884552,0.529272198677063
0.43187978863716125,0.3112495541572571,0.18320384621620178
0.06003490090370178,-0.05109737068414688,-0.14767763018608093,-0.2301817536354065
-0.3000788688659668,-0.35824090242385864,-0.40440791845321655,-0.4373350143432617
-0.45466092228889465,-0.452608197927475,-0.4264795780181885,-0.3722752332687378
-0.2890315651893616,-0.1810334324836731,-0.05843698978424072,0.06467348337173462
0.17395909130573273,0.258120596408844,0.310342013835907,0.3283027708530426
0.31400907039642334,0.27365121245384216,0.21658813953399658
0.15293298661708832,0.09067468345165253,0.03401018679141998,-0.016467057168483734
-0.062453389167785645,-0.10645739734172821,-0.15065303444862366,-0.1961742788553238
-0.24267148971557617,-0.2877715826034546,-0.326440691947937,-0.3509570360183716
-0.3521680533885956,-0.32173049449920654,-0.2544110119342804,-0.14988216757774353
-0.013683393597602844,0.14330801367759705,0.30713844299316406,0.46372416615486145
0.6008684635162354,0.7086319923400879,0.7788248658180237
0.8049322366714478,0.7828903198242188,0.7121105194091797,0.5960587859153748
0.44215458631515503,0.26122280955314636,0.06686863303184509,-0.1253655105829239
-0.29954493045806885,-0.4412723183631897,-0.5390395522117615,-0.5848448276519775
-0.5747418403625488,-0.5096311569213867,-0.39588499069213867,-0.2450307011604309
-0.07198876142501831,0.10766935348510742,0.28016555309295654,0.4345468580722809
0.5620689392089844,0.6548625230789185,0.7054266929626465
0.7075709700584412,0.6580289602279663,0.5577046871185303,0.4120692014694214
0.2306983768939972,0.026173651218414307,-0.18730010092258453,-0.39503103494644165
-0.5822895765304565,-0.7344412803649902,-0.8377901315689087,-0.8814494013786316
-0.8594009280204773,-0.7717888355255127,-0.6251645684242249,-0.43190568685531616
-0.20898222923278809,0.023860812187194824,0.246107816696167,0.43818774819374084
0.583031177520752,0.6679745316505432,0.6871130466461182
0.6432772874832153,0.5480124950408936,0.41853076219558716,0.272738516330719
0.1250133216381073,-0.015462517738342285,-0.1441081166267395,-0.25936374068260193
-0.36114829778671265,-0.4498634338378906,-0.5257797241210938,-0.5881311893463135
-0.6338551044464111,-0.6571345329284668,-0.6506685018539429,-0.608181893825531
-0.5271822810173035,-0.41100895404815674,-0.26912522315979004,-0.11542609333992004
0.03443253040313721,0.16555869579315186,0.26580584049224854
0.327334463596344,0.34779471158981323,0.33068788051605225,0.2842673659324646
0.21897563338279724,0.14447899162769318,0.06772841513156891,-0.007361680269241333
-0.07913990318775177,-0.14716149866580963,-0.21131210029125214,-0.27125611901283264
-0.32616323232650757,-0.3743407726287842,-0.41234666109085083,-0.43417057394981384
-0.4318004250526428,-0.39731255173683167,-0.3253321945667267,-0.2148740291595459
-0.07004252076148987,0.1004999577999115,0.2846831977367401
0.4682406187057495,0.6362225413322449,0.7748357057571411,0.8727760314941406
0.9217007160186768,0.9165338277816772,0.856047511100769,0.7433484792709351
0.5858219265937805,0.3944825530052185,0.183009535074234,-0.033235102891922
-0.238129660487175,-0.4157119393348694,-0.5512353777885437,-0.632593035697937,-0.652134358882904,-0.6085134744644165,-0.5077524781227112,-0.3624823987483978
-0.18917667865753174,-0.004646003246307373,0.17651315033435822
0.34262046217918396,0.48395904898643494,0.5914419889450073,0.6564394235610962
0.6720340251922607,0.6346980333328247,0.5454248189926147,0.4099577069282532
0.23817795515060425,0.042899638414382935,-0.1615801900625229,-0.3606415390968323
-0.539732038974762,-0.6843912601470947,-0.78104567527771,-0.8189065456390381
-0.7920545339584351,-0.7007272839546204,-0.5514968037605286,-0.3564605712890625
-0.1317470371723175,0.10406491160392761,0.33104804158210754
0.08789996802806854,0.09131108969449997,0.08826097846031189,0.07830937206745148,0.06304576247930527,0.04513755440711975,0.027269769459962845,0.011900787241756916,0.0018709796713665128,0.0011239415034651756,0.014747563749551773,0.04795015975832939
0.1040513813495636,0.18191783130168915,0.2735941708087921,0.3634673058986664
0.4305019974708557,0.45401719212532043,0.42171618342399597,0.33688193559646606,0.22056028246879578,0.10587811470031738,0.0257907435297966,8.566425822209567e-05,0.02842629887163639,0.09242939949035645,0.16469496488571167,0.21989943087100983
0.24307075142860413,0.23221264779567719,0.195481076836586,0.14558623731136322
0.09466997534036636,0.05148887634277344,0.0208132266998291
0.004047798458486795,0.00014030966849531978,0.006252852268517017,0.018110541626811028
0.030292164534330368,0.03707025200128555,0.03435315936803818,0.022300148382782936
0.0070528797805309296,6.609494448639452e-05,0.014759301207959652,0.06151753291487694
0.14229418337345123,0.24608032405376434,0.34823185205459595,0.4174692928791046
0.4296562671661377,0.38028573989868164,0.2868565618991852,0.17981448769569397
0.08839862048625946,0.029397673904895782,0.0036847232840955257
0.0005997976404614747,0.006134381517767906,0.009890763089060783,0.008181119337677956
0.003308024490252137,0.00010372821998316795,0.0015853752847760916,0.0065115345641970634
0.010556749068200588,0.009903236292302608,0.004597093444317579,5.253640847513452e-05,0.006374785676598549,0.035446979105472565,0.0958934798836708,0.18726065754890442,0.2964973747730255,0.3998720645904541,0.4708285927772522,0.49041905999183655,0.4546895921230316,0.37510377168655396,0.2727324962615967
0.17033651471138,0.08607117086648941,0.03009023517370224,0.003783476073294878
0.001246506697498262,0.012537451460957527,0.027697376906871796,0.03999222442507744,0.04711424931883812,0.050236791372299194,0.05203663930296898,0.05503285676240921
0.06078300625085831,0.06959422677755356,0.08029618859291077,0.09018019586801529
0.09562107175588608,0.0935499295592308,0.0830693170428276,0.06603967398405075,0.0461234487593174,0.02708185836672783,0.01171716395765543
0.002104224171489477,0.0005651558749377728,0.010411740280687809,0.03582686185836792
0.08073348551988602,0.14686758816242218,0.2314060777425766,0.32464075088500977,0.40913403034210205,0.4625839591026306,0.46521642804145813,0.409289687871933
0.3055591881275177,0.18195149302482605,0.07387512922286987,0.010583767667412758
0.004118644166737795,0.045729078352451324,0.11106796562671661,0.1714756190776825,0.20568428933620453,0.20630700886249542,0.17893831431865692
0.13617223501205444,0.09092726558446884,0.05225558578968048,0.024341687560081482
0.007642644923180342,0.0006149776745587587,0.0009309021988883615,0.00591958686709404
0.012590877711772919,0.01776556298136711,0.01868627220392227,0.014199869707226753
0.006161093711853027,0.00020797429897356778,0.005030262283980846,0.029899507761001587
0.08076482266187668,0.15544718503952026,0.24003185331821442,0.3106580674648285
0.3429185748100281,0.3244209289550781,0.2617214024066925
-0.4203964173793793,-0.3092825710773468,-0.19357511401176453,-0.08818387985229492,-0.005338877439498901,0.04711271449923515,0.06656289845705032,0.05559810623526573
0.021257996559143066,-0.02621585503220558,-0.07514594495296478,-0.11447731405496597
-0.13540591299533844,-0.13198888301849365,-0.10097552835941315,-0.04159049689769745
0.044303182512521744,0.15179181098937988,0.27274245023727417,0.39631664752960205
0.5101689100265503,0.6020697355270386,0.6617480516433716
0.6826553344726562,0.6631025075912476,0.6063136458396912,0.5194675922393799
0.41223084926605225,0.29522958397865295,0.17864567041397095,0.07105860114097595
-0.021278195083141327,-0.09469372779130936,-0.1481451690196991,-0.18323369324207306
-0.20399020612239838,-0.21613454818725586,-0.2258176952600479,-0.23818428814411163
-0.25616684556007385,-0.279765784740448,-0.30594515800476074,-0.32929396629333496
-0.34348687529563904,-0.3432009816169739,-0.32579031586647034
-0.29198482632637024,-0.2452431619167328,-0.1900339275598526,-0.12991800904273987,-0.06638973951339722,0.0010921880602836609,0.07414998859167099,0.15422901511192322
0.24154487252235413,0.33444663882255554,0.42907798290252686,0.5191041231155396
0.5957459211349487,0.6486892700195312,0.6679068803787231,0.6458351612091064,0.5792601704597473,0.4704554080963135,0.3273847997188568,0.16292288899421692,-0.006869077682495117,-0.16514462232589722,-0.2968541979789734
-0.390985369682312,-0.44208306074142456,-0.4507881999015808,-0.4231865108013153
-0.36899933218955994,-0.2990885078907013,-0.22309115529060364,-0.14801713824272156
-0.07815584540367126,-0.01586177945137024,0.03757524490356445,0.08141504973173141
0.11514532566070557,0.13795927166938782,0.14807939529418945,0.14257074892520905,0.11807984858751297,0.07211774587631226,0.004170522093772888,-0.08369098603725433
-0.18643374741077423,-0.2955855429172516,-0.399170458316803
-0.48315131664276123,-0.534593939781189,-0.5452324151992798,-0.5136330127716064,-0.4452493190765381,-0.3509752154350281,-0.24498644471168518,-0.14225679636001587,-0.05601473152637482,0.004523709416389465,0.03558443486690521,0.038783960044384,0.019742034375667572,-0.013618426397442818
-0.052359431982040405,-0.0875028595328331,-0.1109180748462677,-0.11598704755306244
-0.09793492406606674,-0.054086364805698395,0.015645809471607208,0.10814321041107178
0.21684865653514862,0.3323093056678772,0.4433109760284424,0.5381959676742554
0.6062999963760376,0.6395830512046814,0.6341526508331299,0.5910659432411194
0.516024112701416,0.418096125125885,0.3079291880130768,0.19589564204216003
0.09056520462036133,-0.0021193474531173706,-0.07887622714042664,-0.13871246576309204
-0.18258549273014069,-0.21315136551856995,-0.2343766689300537,-0.25086909532546997
-0.2669632136821747,-0.28568533062934875,-0.307780385017395,-0.33113574981689453
-0.3510691821575165,-0.3616751730442047,-0.3577830493450165,-0.3366856276988983
-0.2989461421966553,-0.24803775548934937,-0.18902023136615753,-0.12676189839839935
-0.06435978412628174,-0.0023798495531082153,0.0608007088303566,0.12783929705619812
0.20106765627861023,0.2813628017902374,0.3673318028450012,0.45473670959472656,0.5363109111785889,0.6023610830307007,0.6422834396362305,0.6466555595397949,0.6094026565551758,0.5295430421829224,0.41202402114868164
0.26732563972473145,0.10993245244026184,-0.04385235905647278,-0.1783505082130432
-0.2810036838054657,-0.3445364236831665,-0.36810725927352905,-0.3568379878997803
-0.31971415877342224,-0.2667393088340759,-0.20664829015731812,-0.1459045112133026
-0.08871611952781677,-0.037393659353256226,0.007342800498008728,0.046008989214897156,0.07959064096212387,0.1082482561469078,0.13006675243377686,0.14080306887626648,0.13497106730937958,0.10762087255716324,0.05591036379337311
-0.020011544227600098,-0.11668945848941803,-0.2270781248807907,-0.3402685225009918,-0.44219446182250977,-0.518049955368042,-0.5557848215103149,-0.5492017865180969
-0.49952244758605957,-0.415141224861145,-0.30980464816093445,-0.1997305452823639
-0.10034337639808655,-0.02323952317237854,0.02576335147023201,0.046579718589782715
0.04316325485706329,0.021747373044490814,-0.010059038177132607,-0.04380667209625244
-0.07104606926441193,-0.08436892181634903,-0.07820368558168411
-0.049272798001766205,0.003075830638408661,0.07659722119569778,0.16618548333644867
0.26439741253852844,0.3622300326824188,0.4498765766620636,0.5176182985305786
0.5571750402450562,0.5633922815322876,0.535582423210144,0.47781309485435486
0.3979516625404358,0.3058066964149475,0.21094590425491333,0.12084411084651947
0.039966851472854614,-0.02998208999633789,-0.08908634632825851,-0.1383179873228073
-0.17917653918266296,-0.21369636058807373,-0.24438989162445068
-0.2738441824913025,-0.3039223551750183,-0.33479374647140503,-0.36429643630981445
-0.3881045877933502,-0.40075644850730896,-0.3972097337245941,-0.37445068359375,-0.3326656222343445,-0.2755414545536041,-0.20941853523254395,-0.1413622796535492
-0.07679130136966705,-0.017740927636623383,0.03736869618296623,0.09249868988990784
0.15213146805763245,0.21961277723312378,0.29600226879119873,0.3792952299118042
0.46391576528549194,0.5408545732498169,0.5988962650299072
0.6267880797386169,0.6157140135765076,0.5614168047904968,0.4655383229255676
0.33597269654273987,0.1860862672328949,0.032744139432907104,-0.1066443920135498
-0.2174595445394516,-0.2906358242034912,-0.32392507791519165,-0.32130324840545654
-0.29099762439727783,-0.24310779571533203,-0.18761509656906128,-0.13296230137348175
-0.08500947058200836,-0.046367011964321136,-0.016391225159168243,0.007971029728651047
0.030571941286325455,0.054021045565605164,0.07791850715875626
0.09829580783843994,0.10866492986679077,0.1020706295967102,0.07312177866697311,0.019345715641975403,-0.058243244886398315,-0.15496374666690826,-0.2621926963329315
-0.36739739775657654,-0.4555778205394745,-0.5124093294143677,-0.5280896425247192,-0.5003081560134888,-0.43497103452682495,-0.34443846344947815,-0.24430561065673828
-0.1499474048614502,-0.07344844937324524,-0.02150563895702362,0.0048543475568294525,0.008823420852422714,-0.003980361856520176,-0.02655619941651821
-0.051075614988803864,-0.06965114176273346,-0.07540708780288696,-0.0633915513753891
-0.030973192304372787,0.0221528559923172,0.09403828531503677,0.1805894672870636
0.2758429944515228,0.37235987186431885,0.4615982174873352,0.5344206094741821
0.5821393728256226,0.5982382297515869,0.5802534222602844,0.5308219194412231
0.457159161567688,0.36905771493911743,0.2762417197227478,0.18616792559623718
0.10306988656520844,0.02836291491985321,-0.03816160559654236
-0.0972164124250412,-0.14951631426811218,-0.19582974910736084,-0.237196147441864
-0.2749606668949127,-0.31040239334106445,-0.34393948316574097,-0.3742639720439911
-0.39798206090927124,-0.4101351201534271,-0.4055713415145874,-0.3807916045188904
-0.3356077969074249,-0.2738565504550934,-0.20268550515174866,-0.1304992288351059
-0.06428946554660797,-0.0074519142508506775,0.0409356988966465,0.08515090495347977,0.13088738918304443,0.1832904815673828,0.2454632818698883
0.31746411323547363,0.3956833481788635,0.47273844480514526,0.5382596254348755
0.5806564092636108,0.5894562602043152,0.5576801896095276,0.48386064171791077
0.3732188045978546,0.23733389377593994,0.0920553207397461,-0.04570406675338745
-0.16121312975883484,-0.24432803690433502,-0.29062822461128235,-0.30136173963546753,-0.2825463116168976
-0.24347271025180817,-0.19477081298828125,-0.14627748727798462,-0.10506606101989746
-0.07415051758289337,-0.052359551191329956,-0.035483021289110184,-0.018340718001127243
0.002788366749882698,0.028136394917964935,0.05373752862215042,0.07246608287096024
0.07623209804296494,0.05825931578874588,0.014701340347528458,-0.05463437736034393
-0.14614856243133545,-0.2522178888320923,-0.3609740436077118,-0.45733878016471863
-0.5260242223739624,-0.5556816458702087,-0.5423623919487,-0.49052155017852783
-0.41128969192504883,-0.3192814588546753,-0.22929874062538147,-0.15349876880645752,-0.09924542903900146
-0.06829323619604111,-0.05781922489404678,-0.0624312087893486,-0.07562993466854095
-0.09036270529031754,-0.0994635671377182,-0.09655740112066269,-0.077094666659832
-0.03885038197040558,0.018231771886348724,0.09241388738155365,0.1804182529449463
0.27758824825286865,0.3780171573162079,0.47455650568008423,0.5588337182998657,0.6218568086624146,0.6556833982467651,0.655742883682251,0.6225235462188721
0.5614894032478333,0.4812399744987488,0.3909006118774414
0.2978666424751282,0.20663419365882874,0.11894463002681732,0.03494971990585327
-0.04533309116959572,-0.12109667807817459,-0.19076181948184967,-0.2527092695236206
-0.30608659982681274,-0.3510398864746094,-0.38807377219200134,-0.41686350107192993
-0.4353436231613159,-0.43978169560432434,-0.4259539246559143,-0.39100149273872375
-0.3352358937263489,-0.26306775212287903,-0.18250784277915955,-0.10326650738716125
-0.034023433923721313,0.0202021561563015,0.05949747562408447
0.08862889558076859,0.11507131159305573,0.1465657651424408,0.18909525871276855
0.24557480216026306,0.3150845170021057,0.39239656925201416,0.4680648148059845
0.5297119617462158,0.5645473599433899,0.5624021291732788,0.5184526443481445
0.43481355905532837,0.3203253746032715,0.1885944902896881,0.055143266916275024
-0.06533896923065186,-0.16112029552459717,-0.2248995006084442,-0.2547042667865753
-0.2540477514266968,-0.2310255467891693,-0.19630247354507446
-0.16040925681591034,-0.13106438517570496,-0.11135771870613098,-0.09949533641338348,-0.09020542353391647,-0.07727257162332535,-0.056368619203567505,-0.027185548096895218,0.005973268300294876,0.03530950844287872,0.05175035819411278,0.04732377082109451,0.016939222812652588,-0.04072467237710953,-0.12299206107854843,-0.22297759354114532,-0.32935434579849243,-0.4272002577781677,-0.500786304473877,-0.5377500057220459,-0.5328147411346436,-0.4890890419483185,-0.41657426953315735
-0.3291449546813965,-0.241352379322052,-0.16560330986976624,-0.10980629920959473
-0.07615038752555847,-0.06196487694978714,-0.06205831468105316,-0.07058712840080261
-0.08156261593103409,-0.08889733999967575,-0.0870462954044342,-0.07205097377300262
-0.042027175426483154,0.00325046107172966,0.06304289400577545,0.13592806458473206
0.21964402496814728,0.31077831983566284,0.404348224401474,0.4933878481388092
0.5691763162612915,0.6227526664733887,0.6474279165267944
0.6409593224525452,0.6060758829116821,0.5491513013839722,0.4778177738189697
0.39857184886932373,0.31527018547058105,0.2290564775466919,0.13966010510921478,0.047269925475120544,-0.04619926959276199,-0.1371673047542572,-0.22153989970684052
-0.29609283804893494,-0.3592163920402527,-0.4105573892593384,-0.4497775733470917
-0.47529929876327515,-0.483970582485199,-0.4719792902469635,-0.43666431307792664
-0.37845081090927124,-0.30198484659194946,-0.2157890498638153
-0.13042230904102325,-0.055737823247909546,0.0018950477242469788,0.0414106585085392
0.06707079708576202,0.0867120623588562,0.1091860830783844,0.14203539490699768
0.18988168239593506,0.2534494698047638,0.3288921117782593,0.4075801372528076
0.47714757919311523,0.5240439176559448,0.5368117690086365,0.5090200304985046
0.44095978140830994,0.3396208584308624,0.217116117477417,0.08824679255485535
-0.03201739490032196,-0.13074509799480438,-0.19890712201595306
-0.23283100128173828,-0.2349098026752472,-0.21308107674121857,-0.1788165122270584
-0.14393605291843414,-0.11719168722629547,-0.10193908959627151,-0.0959000512957573
-0.0930011197924614,-0.08634039759635925,-0.0710211843252182,-0.045861512422561646
-0.013730067759752274,0.01913933828473091,0.04452715814113617,0.05406932905316353
0.041112277656793594,0.0020591281354427338,-0.06295107305049896,-0.14961807429790497
-0.24899274110794067,-0.3477078676223755,-0.430105984210968
-0.48218294978141785,-0.4957227110862732,-0.47055724263191223,-0.41403231024742126
-0.3384568691253662,-0.2579241394996643,-0.1853352189064026,-0.12980902194976807
-0.09500542283058167,-0.0794273316860199,-0.07854422181844711,-0.08688648790121078
-0.09884010255336761,-0.10876231640577316,-0.11153139919042587,-0.10347780585289001
-0.0827350988984108,-0.04863552749156952,-0.0008960962295532227,0.060549478977918625
0.13508540391921997,0.22084839642047882,0.31422120332717896
0.4092909097671509,0.497707724571228,0.5697737336158752,0.6169007420539856
0.6342965364456177,0.6222586035728455,0.5853708386421204,0.5301990509033203,0.4626997411251068,0.3865087628364563,0.30278414487838745,0.2114960253238678
0.11334356665611267,0.011114642024040222,-0.09034799039363861,-0.1854461282491684,-0.26951849460601807,-0.3399478793144226,-0.39606523513793945,-0.4379076659679413
-0.46466585993766785,-0.47395944595336914,-0.462514728307724,-0.4279441237449646
-0.3707510530948639,-0.295505166053772,-0.21052053570747375,-0.1261526346206665
-0.05234025418758392,0.003890387713909149,0.040258388966321945,0.05977796018123627
0.06975515931844711,0.07961714267730713,0.09844712167978287,0.13294923305511475
0.18598677217960358,0.25551360845565796,0.3341343104839325,0.4099942445755005
0.469196081161499,0.49903857707977295,0.4910659193992615,0.4430583417415619
0.3594609200954437,0.25033506751060486
0.12938186526298523,0.011675238609313965,-0.08853188157081604,-0.15995284914970398
-0.19639314711093903,-0.19833669066429138,-0.1730024218559265,-0.13228543102741241
-0.0890561044216156,-0.05320923030376434,-0.029161885380744934,-0.015797201544046402
-0.008443113416433334,-0.0015136199072003365,0.00944438949227333,0.02663235180079937
0.049377620220184326,0.07380678504705429,0.09325803071260452,0.09974075853824615
0.08596419543027878,0.04710443317890167,-0.01818573847413063
-0.10733672976493835,-0.21335864067077637,-0.32451319694519043,-0.42551344633102417
-0.5008543133735657,-0.539199948310852,-0.5367441177368164,-0.49784091114997864
-0.43302538990974426,-0.35589098930358887,-0.28001925349235535,-0.21631518006324768
-0.17092248797416687,-0.14454461634159088,-0.13380545377731323,-0.13360413908958435
-0.13870948553085327,-0.14417581260204315,-0.14545057713985443,-0.13879826664924622
-0.1216653436422348,-0.0924234613776207,-0.04976867884397507
0.007456585764884949,0.07981828600168228,0.16665348410606384,0.265468031167984
0.3712361752986908,0.47590675950050354,0.5690387487411499,0.6400589942932129
0.6812804341316223,0.689937949180603,0.6681089997291565,0.6208544969558716
0.5537867546081543,0.47124114632606506,0.37575089931488037,0.26886212825775146
0.15273907780647278,0.03157512843608856,-0.08821715414524078,-0.19928087294101715
-0.29529422521591187,-0.3725299835205078,-0.43012040853500366
-0.4688512682914734,-0.489307165145874,-0.49074187874794006,-0.471456378698349
-0.43032926321029663,-0.36854007840156555,-0.2905931770801544,-0.20417732000350952
-0.11897461116313934,-0.04484903812408447,0.01024596393108368,0.04233900457620621
0.05287208408117294,0.04865173250436783,0.040056172758340836,0.03828136622905731
0.05273991450667381,0.08913576602935791,0.14813250303268433,0.22462695837020874
0.3081282377243042,0.38464856147766113,0.43974900245666504
0.46181491017341614,0.44456160068511963,0.38813668489456177,0.29889601469039917
0.18830963969230652,0.07123631238937378,-0.03642716258764267,-0.12065526843070984
-0.1723468005657196,-0.18953648209571838,-0.17759621143341064,-0.14701801538467407
-0.10962161421775818,-0.07486782222986221,-0.047794267535209656,-0.028988067060709
-0.015875861048698425,-0.0043312422931194305,0.009893601760268211,0.02983766607940197
0.05597871541976929,0.08523662388324738,0.11110100150108337
0.1251588761806488,0.11934591829776764,0.08794675767421722,0.028791390359401703
-0.0562821663916111,-0.16112446784973145,-0.2749701142311096,-0.38310950994491577
-0.4695623517036438,-0.521345853805542,-0.5323172807693481,-0.5044617652893066
-0.44643092155456543,-0.3707793951034546,-0.2911038398742676,-0.21937981247901917
-0.1634836047887802,-0.1257363110780716,-0.10381260514259338,-0.0935165137052536
-0.09102572500705719,-0.09321916103363037,-0.09699905663728714
-0.09909667819738388,-0.09649358689785004,-0.08651601523160934,-0.06632132828235626
-0.032591454684734344,0.017925895750522614,0.08733496069908142,0.17554625868797302
0.27937743067741394,0.39186885952949524,0.5025205612182617,0.5991930961608887
0.6712223887443542,0.7121022939682007,0.7202799916267395,0.697974681854248
0.6490497589111328,0.5771610736846924,0.48498183488845825,0.3746657073497772
0.24916988611221313,0.11360514163970947,-0.02444663643836975
-0.15607231855392456,-0.27301040291786194,-0.36942532658576965,-0.44261133670806885
-0.4923110008239746,-0.519162654876709,-0.5234191417694092,-0.5047992467880249,-0.4633675813674927,-0.40076133608818054,-0.32116013765335083,-0.23159310221672058
-0.14135295152664185,-0.0605701208114624,0.0017968416213989258,0.04023691266775131
0.054586317390203476,0.05052223056554794,0.03811797499656677,0.029111824929714203
0.03409178555011749,0.060312047600746155,0.11018884181976318
0.18048922717571259,0.26255854964256287,0.3438207507133484,0.41022005677223206
0.4489474594593048,0.45093247294425964,0.41276291012763977,0.3377256393432617
0.23564061522483826,0.1212320327758789,0.011164039373397827,-0.07960709929466248
-0.14116917550563812,-0.17060108482837677,-0.1718425750732422,-0.15362636744976044
-0.12637697160243988,-0.09925494343042374,-0.07818545401096344,-0.06508488953113556
-0.05811892822384834,-0.052783023566007614,-0.043619636446237564
-0.026281774044036865,0.0005562305450439453,0.034084443002939224,0.06757789850234985
0.09198476374149323,0.0982431024312973,0.07943229377269745,0.03216485679149628
-0.042869433760643005,-0.14073355495929718,-0.2519332468509674,-0.36258548498153687
-0.45639747381210327,-0.5185503959655762,-0.5398436784744263,-0.5190442204475403
-0.4626028537750244,-0.3824564814567566,-0.2930721938610077,-0.20838391780853271
-0.1388314813375473,-0.08931607007980347,-0.05950390547513962
0.00017946265870705247,0.001877014641650021,0.003980469889938831,0.005163253750652075
0.004919436294585466,0.00358758307993412,0.001971536548808217,0.0007579431403428316
0.0001602949487278238,2.681466639842256e-06,2.974238850583788e-05,9.334995411336422e-05,0.0001547132123960182
0.00021890472271479666,0.00028339328127913177,0.00033379101660102606,0.00036711484426632524
0.00040119103505276144,0.0004515511973295361,0.000510151032358408,0.000567501992918551
0.000646076281554997,0.0008025173447094858,0.0011051230831071734,0.0015817052917554975
0.0021749092265963554,0.002794690430164337,0.0034249480813741684,0.004123736172914505
0.004842623136937618,0.005203264765441418,0.0045612468384206295,0.002641611034050584
0.0004588266892824322,0.00045023506390862167,0.005173491779714823
0.015244889073073864,0.02800065465271473,0.03820259869098663,0.0406540185213089
0.033370133489370346,0.019467981532216072,0.006011533550918102,2.5503362849121913e-05,0.004765627905726433,0.01874195970594883,0.03697154298424721,0.053189583122730255
0.06206795945763588,0.060886312276124954,0.05034074932336807,0.03406313806772232
0.01718156412243843,0.0047196922823786736,1.317428450420266e-05,0.0031948324758559465
0.010767355561256409,0.017228344455361366,0.0181147251278162
0.012680414132773876,0.004629252012819052,6.223154196050018e-05,0.003296637674793601,0.013552634976804256,0.02544083632528782,0.0326540544629097,0.031699858605861664
0.023512350395321846,0.012369053438305855,0.003288345178589225,8.980913662526291e-06,0.004297072999179363,0.01611587032675743,0.03385838493704796,0.054509811103343964,0.07407291233539581,0.08824199438095093,0.0933837741613388,0.08793167024850845,0.07350938767194748,0.054385434836149216,0.03533115237951279
0.01963138021528721,0.008515048772096634,0.0019791170489042997,2.492572457413189e-05
0.003368449630215764,0.01323248352855444,0.03021658957004547,0.05265910550951958
0.0755532756447792,0.09154592454433441,0.09402872622013092,0.08039559423923492
0.05405749753117561,0.024404220283031464,0.003781624836847186,0.0016726386966183782
0.019017649814486504,0.047032445669174194,0.07175944745540619,0.08139528334140778
0.0722174197435379,0.04965226352214813,0.024262966588139534
0.006032359320670366,8.407570817325904e-07,0.00497500691562891,0.015299122780561447
0.024256782606244087,0.027582911774516106,0.024977872148156166,0.01888791285455227
0.012240376323461533,0.006948699709028006,0.0036335205659270287,0.0020183376036584377
0.001530112698674202,0.0017776142340153456,0.0025600881781429052,0.0035155138466507196
0.0040641357190907,0.0038653218653053045,0.003131608245894313,0.002355884527787566
0.0018650619313120842,0.0016918526962399483,0.0016765953041613102
0.0015420342097058892,0.0010189071763306856,0.00022416500723920763,0.00020372853032313287
0.003171409945935011,0.01173428725451231,0.0267464742064476,0.04505243897438049
0.05957739055156708,0.06270649284124374,0.051172081381082535,0.029305018484592438
0.008119004778563976,5.644855264108628e-05,0.011724397540092468,0.03877362608909607
0.06724801659584045,0.08176176249980927,0.0750032365322113,0.05140813812613487
0.023404695093631744,0.004087365698069334,0.028422847390174866
0.11308124661445618,0.18060161173343658,0.2234489619731903,0.23688143491744995,0.22006969153881073,0.17645524442195892,0.11271843314170837,0.03735046088695526
-0.04045397788286209,-0.11214450001716614,-0.17124460637569427,-0.21393412351608276
-0.2386772781610489,-0.24564121663570404,-0.2362038940191269,-0.21246537566184998
-0.17693834006786346,-0.13222812116146088,-0.08060482144355774,-0.02383633702993393,0.03674854710698128,0.09995713829994202,0.16417908668518066
0.22710230946540833,0.28574490547180176,0.3364076614379883,0.37461787462234497,0.3952863812446594,0.3932534456253052,0.3643292486667633,0.3064892292022705,0.22074750065803528,0.11168235540390015,-0.01235121488571167,-0.1397486925125122
-0.25701379776000977,-0.35051673650741577,-0.40857720375061035,-0.42357203364372253
-0.3934772312641144,-0.32260581851005554,-0.22102949023246765,-0.10258358716964722
0.017736569046974182,0.12627188861370087,0.21222060918807983
0.26790937781333923,0.2889137864112854,0.27456867694854736,0.2283404916524887
0.15771709382534027,0.07346662878990173,-0.011925898492336273,-0.08651268482208252
-0.141087144613266,-0.17055949568748474,-0.17428600788116455,-0.15552854537963867
-0.12055209279060364,-0.07761827856302261,-0.0355478897690773,-0.0018476396799087524
0.018998991698026657,0.026252515614032745,0.022337373346090317,0.011507827788591385
-0.0016053300350904465,-0.013026673346757889,-0.020067844539880753
-0.02209765464067459,-0.0209015142172575,-0.019770227372646332,-0.021622108295559883
-0.02709987387061119,-0.033795710653066635,-0.03714233264327049,-0.03250522166490555
-0.017397383227944374,0.007596839219331741,0.039236702024936676,0.07231827825307846
0.1006302461028099,0.11814098060131073,0.11977649480104446,0.1019764244556427
0.06365074962377548,0.007619135081768036,-0.05841267853975296,-0.1227181926369667
-0.17236480116844177,-0.19674935936927795,-0.1903323084115982
-0.15371687710285187,-0.09323868155479431,-0.01939266175031662,0.055416289716959
0.11906202137470245,0.16162100434303284,0.17704881727695465,0.1641375869512558
0.12616850435733795,0.069612056016922,0.0026908591389656067,-0.06612539291381836,-0.12941144406795502
-0.1813538372516632,-0.21808108687400818,-0.23812472820281982,-0.2425306737422943
-0.23415863513946533,-0.21629223227500916,-0.19133548438549042,-0.16018660366535187
-0.12252339720726013,-0.07792063057422638,-0.0267818421125412,0.029573287814855576
0.08932071924209595,0.15072101354599,0.21227434277534485,0.2720434069633484
0.32671666145324707,0.3711293935775757,0.398701012134552,0.4027573764324188
0.37812674045562744,0.32240790128707886,0.23672905564308167,0.12609171867370605,-0.0007628500461578369,-0.13194923102855682,-0.2533869743347168,-0.3504793047904968
-0.41050827503204346,-0.42487114667892456,-0.3905261158943176,-0.3106014132499695,-0.1943514049053192
-0.056150779128074646,0.08691062033176422,0.2179049253463745,0.32215672731399536
0.38854366540908813,0.4104209244251251,0.38623660802841187,0.3198600709438324
0.22048625349998474,0.10151031613349915,-0.02167697250843048,-0.13402414321899414,-0.22270293533802032,-0.278518408536911,-0.296980619430542,-0.27918529510498047,-0.23183538019657135,-0.16572965681552887,-0.09327627718448639,-0.02594117820262909,0.02765396237373352,0.06259210407733917,0.07783098518848419
0.07604716718196869,0.06293763965368271,0.04560662433505058,0.03018609806895256,0.019740216434001923,0.013710405677556992,0.009170487523078918,0.002892174758017063
-0.006938524544239044,-0.019942888990044594,-0.03391799330711365,-0.045790813863277435
-0.05235853046178818,-0.05082118511199951,-0.039377883076667786,-0.018046751618385315
0.010457731783390045,0.04061104357242584,0.06516847014427185,0.07696820795536041
0.07085420191287994,0.04533299431204796,0.00354868546128273
-0.046850211918354034,-0.09513171017169952,-0.12996616959571838,-0.14228276908397675,-0.12751135230064392,-0.08671972900629044,-0.026610448956489563,0.0418349988758564
0.10590257495641708,0.15417954325675964,0.1791732907295227,0.1784975826740265
0.15443575382232666,0.11256028711795807,0.06007348746061325,0.004437960684299469
-0.047679927200078964,-0.0914488136768341,-0.1245901957154274,-0.1474166065454483
-0.16215848922729492,-0.17169980704784393,-0.17817911505699158
-0.18192797899246216,-0.18112285435199738,-0.17250390350818634,-0.15290775895118713,-0.12058265507221222,-0.0754091739654541,-0.018350228667259216,0.04892321303486824
0.12382280826568604,0.20222744345664978,0.278207927942276,0.3446406424045563
0.3941033184528351,0.4195443093776703,0.41511547565460205,0.37727847695350647
0.30577021837234497,0.20430487394332886,0.08105950057506561,-0.05155816674232483
-0.1784115582704544,-0.2840304970741272,-0.3550539016723633
-0.38219648599624634,-0.3615630567073822,-0.29534152150154114,-0.1918964385986328
-0.06498958170413971,0.06826356798410416,0.19034194946289062,0.28600838780403137
0.3440691828727722,0.3582856059074402,0.3276245892047882,0.25608524680137634
0.15207409858703613,0.027289971709251404,-0.10440139472484589,-0.22807201743125916
-0.3293529748916626,-0.396551251411438,-0.4225960075855255,-0.40603840351104736
-0.3509412705898285,-0.2660989761352539,-0.1637137532234192
-0.057508647441864014,0.03934044390916824,0.1161300465464592,0.16632448136806488
0.18859067559242249,0.18649135529994965,0.1667693555355072,0.13691791892051697
0.10305742919445038,0.06903547793626785,0.03679927438497543,0.0072438716888427734
-0.01913309469819069,-0.04204300791025162,-0.06144152954220772,-0.07712064683437347
-0.08794716000556946,-0.09168244898319244,-0.08584517240524292,-0.06916271150112152
-0.042753711342811584,-0.010395921766757965,0.022260170429944992
0.04908538609743118,0.06464625895023346,0.06488071382045746,0.04787903279066086,0.015064995735883713,-0.02802840806543827,-0.0724458172917366,-0.10816700756549835
-0.12722346186637878,-0.12603460252285004,-0.10595034062862396,-0.07229731231927872,-0.03271108120679855,0.004872448742389679,0.03404272347688675,0.05098865553736687
0.05493004620075226,0.048062779009342194,0.03489205986261368,0.02098739892244339,0.011339567601680756,0.008731408044695854,0.012782562524080276
0.02015376091003418,0.025901896879076958,0.025409918278455734,0.016031989827752113
-0.002035893499851227,-0.025687452405691147,-0.049608293920755386,-0.06750524044036865
-0.07345294952392578,-0.0631498396396637,-0.03483941778540611,0.010292667895555496
0.0681767612695694,0.13255909085273743,0.19631658494472504,0.25250759720802307
0.29466110467910767,0.3168373703956604,0.3140236735343933,0.28292030096054077
0.22290508449077606,0.136921226978302,0.0318133682012558
-0.08233089745044708,-0.19357514381408691,-0.2896276116371155,-0.35911667346954346
-0.39274218678474426,-0.38449355959892273,-0.33293166756629944,-0.24230414628982544
-0.12285104393959045,0.01040533185005188,0.1402425467967987,0.2502939999103546
0.3275487422943115,0.36370211839675903,0.35561415553092957,0.3052891790866852
0.21950006484985352,0.10921134054660797,-0.011412858963012695,-0.1268676370382309,-0.2227669358253479,-0.28802159428596497,-0.316108763217926
-0.3054841160774231,-0.25950461626052856,-0.18601325154304504,-0.09640881419181824
-0.00393146276473999,0.07870101183652878,0.14167079329490662,0.17968402802944183
0.19228807091712952,0.18294700980186462,0.15740062296390533,0.12189102172851562
0.08191553503274918,0.04173559695482254,0.00425681471824646,-0.02895345352590084
-0.05752616375684738,-0.08194471895694733,-0.10271337628364563,-0.11928266286849976
-0.1296108365058899,-0.13078269362449646,-0.12029348313808441,-0.09734494984149933
-0.06354199349880219,-0.022679612040519714,0.020068665966391563,0.05900502949953079
0.08858097344636917,0.10404439270496368,0.10238303989171982,0.08352360874414444
0.05105205625295639,0.011637747287750244,-0.026945829391479492,-0.05828085541725159
-0.07881848514080048,-0.08785061538219452,-0.0865563452243805,-0.07697656005620956
-0.06140635162591934,-0.04223440960049629,-0.02177395299077034,-0.0017089992761611938,0.017515139654278755,0.036709729582071304
0.057183098047971725,0.07953867316246033,0.10266254842281342,0.12355189770460129
0.13810914754867554,0.14241744577884674,0.1337977945804596,0.11127353459596634
0.07573872804641724,0.030144430696964264,-0.020498916506767273,-0.06956042349338531
-0.10977128148078918,-0.13464844226837158,-0.13987278938293457,-0.1241253986954689
-0.08921047300100327,-0.039528995752334595,0.018750958144664764,0.07838363945484161
0.13155822455883026,0.17050209641456604,0.18832460045814514
0.1801009625196457,0.14400061964988708,0.08201053738594055,-0.00011836737394332886,-0.09363576769828796,-0.18785876035690308,-0.2711939215660095,-0.3321835398674011
-0.36086809635162354,-0.35046979784965515,-0.299085408449173,-0.21078446507453918
-0.09537452459335327,0.033319324254989624,0.1599712371826172,0.27014490962028503
0.35203737020492554,0.39750218391418457,0.40258434414863586,0.3679361343383789
0.29904723167419434,0.20575234293937683,0.1007135808467865
-0.0028444528579711914,-0.09333335608243942,-0.1621413379907608,-0.20408111810684204
-0.21742357313632965,-0.20389753580093384,-0.16866955161094666,-0.11983542144298553
-0.067011758685112,-0.019255943596363068,0.01682918518781662,0.03787617385387421
0.04341583326458931,0.03514040261507034,0.016155589371919632,-0.009648291394114494
-0.038054101169109344,-0.06503961235284805,-0.08745413273572922,-0.10348248481750488
-0.11259006708860397,-0.11503879725933075,-0.11124218255281448
-0.10136440396308899,-0.08551304787397385,-0.06428921222686768,-0.039068177342414856
-0.011689592152833939,0.016242317855358124,0.043886542320251465,0.07107684761285782
0.09766196459531784,0.12269684672355652,0.1441117227077484,0.15915267169475555
0.1651938557624817,0.16045941412448883,0.1444624662399292,0.11799760162830353
0.0827847495675087,0.04123657941818237,-0.0034165754914283752,-0.04697461053729057
-0.084596648812294,-0.11188308149576187,-0.1262681484222412
-0.12765896320343018,-0.11793201416730881,-0.09997186064720154,-0.07688532024621964
-0.051577046513557434,-0.026699792593717575,-0.004690691828727722,0.012424012646079063
0.023287374526262283,0.02716282568871975,0.02358388714492321,0.012118654325604439
-0.007383901625871658,-0.0341038852930069,-0.06547828763723373,-0.09685792028903961
-0.12208535522222519,-0.13493792712688446,-0.13064178824424744,-0.10680892318487167
-0.06376568973064423,-0.004464097321033478,0.06569763273000717
0.13904128968715668,0.20617859065532684,0.2572706639766693,0.28381189703941345,0.28051120042800903,0.24656693637371063,0.1857374906539917,0.10529670119285583
0.014550864696502686,-0.07641586661338806,-0.1575755476951599,-0.2196539044380188
-0.2550758123397827,-0.25921809673309326,-0.23153549432754517,-0.17594264447689056
-0.10019437968730927,-0.014516234397888184,0.0700746476650238,0.14331220090389252
0.19674545526504517,0.2244538813829422,0.2237623780965805
0.1957968920469284,0.14540117979049683,0.08025725185871124,0.009476296603679657
-0.05782747641205788,-0.11355104297399521,-0.15127357840538025,-0.16693910956382751
-0.15953505039215088,-0.1314440369606018,-0.08823058009147644,-0.037652499973773956
0.012019604444503784,0.05375707149505615,0.08295036107301712,0.09767794609069824
0.09820449352264404,0.08631366491317749,0.06495901942253113,0.038157373666763306
0.010597500950098038,-0.013401638716459274,-0.031059930101037025
-0.041576139628887177,-0.045733921229839325,-0.045097362250089645,-0.04121827334165573
-0.03521862253546715,-0.027773868292570114,-0.019225353375077248,-0.009657634422183037
0.0011279601603746414,0.013694096356630325,0.028808316215872765,0.04688442125916481
0.06730712950229645,0.08810964226722717,0.10629259049892426,0.11860780417919159
0.12231331318616867,0.11561897397041321,0.09784543514251709,0.06943961977958679
0.032062724232673645,-0.011234108358621597,-0.056099798530340195
-0.09752555936574936,-0.13094854354858398,-0.15336357057094574,-0.16371244192123413
-0.16230523586273193,-0.14997029304504395,-0.12769021093845367,-0.09690491855144501
-0.06015298515558243,-0.02128041535615921,0.015234407037496567,0.04527536779642105
0.06565698981285095,0.07421128451824188,0.06973260641098022,0.052099961787462234
0.022711317986249924,-0.014962855726480484,-0.055200494825839996,-0.0907396525144577
-0.11440275609493256,-0.12085849791765213,-0.10759183019399643
-0.07495258748531342,-0.025768861174583435,0.03507537767291069,0.10094199329614639
0.16385051608085632,0.2154352068901062,0.24837562441825867,0.2577383518218994
0.24172312021255493,0.20160718262195587,0.1411568522453308,0.0659666508436203
-0.017103970050811768,-0.10031336545944214,-0.17533902823925018,-0.23402747511863708,-0.2697850465774536,-0.2790248394012451,-0.26191985607147217
-0.2221287339925766,-0.16581575572490692,-0.1006288081407547,-0.03489650785923004
0.023217324167490005,0.0668179914355278,0.09149673581123352,0.09620844572782516
0.08334317803382874,0.05793384462594986,0.026355959475040436,-0.005030214786529541
-0.030855417251586914,-0.047129206359386444,-0.051331352442502975,-0.04258321225643158
-0.02191481739282608,0.007614826783537865,0.04131503403186798,0.07392147928476334
0.10088461637496948,0.11923699080944061,0.12766602635383606,0.1260162889957428,0.11494725197553635,0.09608065336942673,0.07216941565275192
0.046784259378910065,0.023449119180440903,0.0045205093920230865,-0.009528843685984612
-0.019911805167794228,-0.028609685599803925,-0.0373644158244133,-0.04714512825012207
-0.05820014327764511,-0.07024888694286346,-0.08243100345134735,-0.09314295649528503
-0.1000487357378006,-0.10050047188997269,-0.09244228899478912,-0.07534622400999069
-0.05053618550300598,-0.02074957638978958,0.010702215135097504,0.04061258211731911
0.06604836881160736,0.0842190533876419,0.09250634163618088
0.08892017602920532,0.07296112924814224,0.04638569802045822,0.01317375898361206
-0.02137652412056923,-0.05186081305146217,-0.07367584854364395,-0.08337012678384781
-0.07875658571720123,-0.05925240367650986,-0.026397354900836945,0.015883203595876694,0.061669521033763885,0.10421381890773773,0.13746297359466553,0.15722867846488953
0.16160275042057037,0.15065547823905945,0.1258372813463211,0.08964617550373077,0.045656606554985046,-0.0015192404389381409,-0.04669300839304924
-0.08495185524225235,-0.11248982697725296,-0.12694716453552246,-0.12728916108608246
-0.11364711821079254,-0.08735916763544083,-0.05121017247438431,-0.00963398814201355
0.031586114317178726,0.06625678390264511,0.08900967240333557,0.0964331179857254
0.08767157047986984,0.06420200318098068,0.029144398868083954,-0.013259518891572952
-0.057857561856508255,-0.09880958497524261,-0.1302257478237152,-0.14726650714874268
-0.14718180894851685,-0.12982338666915894,-0.09759246557950974
-0.05487340688705444,-0.007131405174732208,0.03996511176228523,0.08119893819093704
0.11227105557918549,0.13027234375476837,0.1342734843492508,0.125657320022583
0.10770722478628159,0.0845751091837883,0.06021357327699661,0.03777294605970383
0.019566409289836884,0.007226832211017609,0.0015844153240323067,0.00228884257376194
0.007603785488754511,0.014677929691970348,0.020301206037402153,0.021835600957274437
0.01784954033792019,0.008222630247473717,-0.006184455007314682
-0.023948462679982185,-0.04318712651729584,-0.061413928866386414,-0.07569324225187302
-0.08339700102806091,-0.08323422074317932,-0.07586231827735901,-0.06362920254468918
-0.049709636718034744,-0.03722510486841202,-0.02860468253493309,-0.02519935555756092
-0.02717267908155918,-0.033596329391002655,-0.04256554692983627,-0.051267437636852264
-0.056252703070640564,-0.05423577502369881,-0.04320504888892174,-0.023114271461963654
0.004250587895512581,0.03595489263534546,0.06860381364822388
0.09866013377904892,0.12248268723487854,0.13654839992523193,0.13808709383010864
0.12589943408966064,0.10097548365592957,0.06655450165271759,0.027501054108142853
-0.010770194232463837,-0.04343540966510773,-0.06701475381851196,-0.07948873937129974
-0.08014953136444092,-0.06971481442451477,-0.05062589794397354,-0.026981603354215622
-0.003701005131006241,0.014817209914326668,0.025671763345599174,0.027601411566138268
0.0206353310495615,0.005710579454898834,-0.015512772835791111
-0.04062642902135849,-0.06652498990297318,-0.08975446969270706,-0.10703711211681366
-0.11579837650060654,-0.1145331859588623,-0.10283687710762024,-0.08122874796390533
-0.051092974841594696,-0.014822244644165039,0.02403099648654461,0.06094012036919594
0.09112967550754547,0.11059664189815521,0.11699634790420532,0.11008057743310928
0.09152659773826599,0.06434322893619537,0.03226526081562042,-0.0006687082350254059
-0.030387356877326965,-0.053089503198862076,-0.06581121683120728
-0.06712606549263,-0.05749337375164032,-0.03899131342768669,-0.014661729335784912
0.012086177244782448,0.03775595501065254,0.05893991142511368,0.07273846119642258
0.0772973895072937,0.07216152548789978,0.05841934680938721,0.03855710104107857
0.0158885195851326,-0.006221868097782135,-0.024960188195109367,-0.03829353675246239
-0.044937312602996826,-0.04442690685391426,-0.0374397449195385,-0.026024211198091507
-0.01331285946071148,-0.002625623717904091,0.003606591373682022
0.00439105648547411,2.217944711446762e-06,-0.008453905582427979,-0.01937316730618477
-0.03084295429289341,-0.04073648154735565,-0.04688381776213646,-0.047458767890930176
-0.04147772118449211,-0.029245540499687195,-0.012503784149885178,0.006009580567479134
0.023415472358465195,0.037400998175144196,0.046479012817144394,0.049907196313142776
0.04762222245335579,0.040481086820364,0.030573319643735886,0.02106465771794319
0.015397965908050537,0.01619662158191204,0.024456169456243515
0.03939232602715492,0.058837853372097015,0.07985930889844894,0.09926345944404602
0.11382466554641724,0.1204669252038002,0.11671694368124008,0.1013544350862503
0.07494806498289108,0.039964690804481506,0.00024805590510368347,-0.03992871195077896,-0.07667728513479233,-0.10681762546300888,-0.12785954773426056,-0.13805238902568817
-0.13671532273292542,-0.12464947253465652,-0.10424026846885681,-0.07905735820531845,-0.05307188630104065,-0.02982489764690399
0.0003341971314512193,0.00024365448916796595,0.0001578686060383916,8.185522892745212e-05,2.706690975173842e-05,1.9170993255102076e-06,4.2285005292796995e-06,2.512182436475996e-05,5.8069039369001985e-05,9.964960190700367e-05,0.00014131207717582583,0.00016544181562494487,0.00015686635742895305
0.00011882055696332827,7.155832281569019e-05,3.441896478761919e-05,1.3362814570427872e-05,4.263102255208651e-06,1.3078690699330764e-06,9.338216955256939e-07,2.9990858365636086e-06
1.3103160199534614e-05,4.2125280742766336e-05,9.410666825715452e-05,0.0001505006366642192,0.00017711710825096816,0.0001538973447168246,9.200439671985805e-05,2.544581911934074e-05,1.3308433608472114e-06,8.049541793297976e-05,0.0003320411778986454,0.0008054670761339366,0.0014880531234666705,0.0022809680085629225,0.0030250868294388056
0.0035647484473884106,0.0037995390594005585,0.0036913773510605097,0.0032490557059645653,0.002533436520025134,0.0016790450317785144,0.0008756593451835215,0.0002927450113929808,1.8583685232442804e-05,7.091880979714915e-05,0.0004389611422084272,0.0010914537124335766,0.0019464247161522508,0.0028529560659080744,0.00362387509085238,0.004103031009435654,0.004215371794998646,0.003966911695897579,0.003412236925214529,0.0026335788425058126,0.0017500548856332898,0.0009240309591405094,0.0003196720208507031
2.9042477763141505e-05,3.749995448742993e-05,0.00026074956986121833,0.000600754632614553,0.000965176266618073,0.001265163067728281,0.001431681914255023,0.0014456631615757942,0.0013442940544337034,0.0011926447041332722,0.00104548130184412,0.000925307918805629,0.0008236760622821748,0.0007183729321695864,0.0005961298593319952,0.0004646826128009707
0.00034126010723412037,0.0002333406882826239,0.00013728289923164994,5.438202788354829e-05,4.094489668204915e-06,1.743693974276539e-05,0.00011701225594151765
0.00030682841315865517,0.0005788482958450913,0.0009221241343766451,0.0013214492937549949
0.0017452778993174434,0.0021366793662309647,0.0024278387427330017,0.0025779360439628363,0.002597342012450099,0.0025243295822292566,0.0023757140152156353,0.002128033433109522
0.0017538770334795117,0.0012757761869579554,0.0007764310576021671,0.0003551792760845274
8.397999044973403e-05,7.310038654395612e-07,0.00012028760102111846,0.0004356895515229553
0.0009073977707885206,0.001451642718166113,0.0019502497743815184
0.002297124359756708,0.00244620768353343,0.002406954299658537,0.0021989489905536175
0.0018310656305402517,0.001333155669271946,0.000791456550359726,0.0003291188331786543
5.117634282214567e-05,1.9565737602533773e-05,0.0002699762408155948,0.0008250465616583824
0.0016737760743126273,0.0027321355883032084,0.003823865670710802,0.0047148470766842365
0.005197062622755766,0.0051660421304404736,0.0046335142105817795,0.0036925135646015406
0.002503015100955963,0.0013064808445051312,0.00039651698898524046
7.048686256894143e-06,0.00020016902999486774,0.0008574738167226315,0.0017595882527530193
0.002663020044565201,0.0033406782895326614,0.003618457354605198,0.0034252703189849854
0.00282796798273921,0.0020108071621507406,0.0011961410054937005,0.000552886922378093
0.00015451246872544289,3.0763096674490953e-06,6.722996477037668e-05,0.0002853801706805825
0.0005569431814365089,0.0007702436414547265,0.0008564022718928754,0.0008129328489303589
0.0006796211237087846,0.0005027540610171854,0.017869502305984497
0.012625455856323242,0.007005223073065281,0.001552041620016098,-0.0030310810543596745
-0.006166392005980015,-0.007698558270931244,-0.007907649502158165,-0.007203883491456509
-0.005831177346408367,-0.003908433020114899,-0.0017442675307393074,-4.6780332922935486e-05
0.00023079256061464548,-0.0016937589971348643,-0.006077091675251722,-0.012582455761730671
-0.020468292757868767,-0.028872832655906677,-0.03704417869448662,-0.044400714337825775
-0.05039545148611069,-0.054340749979019165,-0.05545041710138321
-0.053166311234235764,-0.04750201851129532,-0.03904588147997856,-0.028591983020305634
-0.016785314306616783,-0.004119029268622398,0.00883331149816513,0.02127750962972641
0.03229028359055519,0.04106958210468292,0.04718559607863426,0.05066235363483429
0.05179443210363388,0.050805557519197464,0.04764055460691452,0.04209383204579353
0.03415897861123085,0.02427751198410988,0.013262823224067688,0.0019670650362968445
-0.009021783247590065,-0.01941417157649994,-0.029004249721765518
-0.03745356202125549,-0.04429683834314346,-0.04915587231516838,-0.05195365846157074
-0.052928756922483444,-0.05242539197206497,-0.050633639097213745,-0.04750252515077591
-0.04289524629712105,-0.036841701716184616,-0.029651034623384476,-0.02176334150135517
-0.013460025191307068,-0.004692738875746727,0.004793284926563501,0.015118589624762535
0.02599387988448143,0.03672289103269577,0.04644311964511871,0.05440714955329895
0.060126155614852905,0.06330542266368866,0.06366036832332611
0.060843002051115036,0.05464205518364906,0.045309118926525116,0.0336662195622921
0.020854659378528595,0.007946159690618515,-0.004265084862709045,-0.015197107568383217
-0.024294156581163406,-0.03093734011054039,-0.03459341078996658,-0.035129327327013016
-0.03300342708826065,-0.02912127785384655,-0.024453679099678993,-0.0197007954120636
-0.015217985957860947,-0.0111934132874012,-0.00786803849041462,-0.005585807375609875
-0.004628338385373354,-0.00496826833114028,-0.0061571113765239716
-0.007482809945940971,-0.00830933265388012,-0.008331025019288063,-0.007531736046075821
-0.005899650510400534,-0.0031851776875555515,0.0010366339702159166,0.007036571390926838,0.014645758084952831,0.02328835427761078,0.03229377418756485,0.04116750881075859
0.049561262130737305
0.05701716989278793,0.06277584284543991,0.06585554778575897,0.06535448133945465
0.06076476722955704,0.05214282497763634,0.04007824510335922,0.02546541765332222,0.009209658950567245,-0.007885013706982136,-0.02493518590927124,-0.04076051712036133,-0.05399899184703827,-0.06353852152824402,-0.06887177377939224,-0.07007618248462677,-0.06749911606311798,-0.06147792190313339,-0.052322257310152054,-0.04048372060060501,-0.02669670432806015,-0.011962220072746277,0.002628454938530922,0.01615232415497303
0.028042666614055634,0.0380479171872139,0.04597462713718414,0.051458168774843216,0.054021790623664856,0.053401052951812744,0.04980790987610817,0.04386435076594353,0.03629530221223831
0.027687139809131622,0.018480807542800903,0.009116103872656822,0.00015344005078077316,-0.007727494463324547,-0.01386844739317894,-0.01786179468035698,-0.019715525209903717,-0.01977941021323204,-0.018458489328622818,-0.015998810529708862,-0.012592446058988571,-0.008668326772749424,-0.004967913962900639,-0.002237714361399412,-0.0008268477395176888,-0.0005698814056813717,-0.0009890232468023896,-0.001578805036842823,-0.0020082162227481604,-0.002201531548053026,-0.00227030785754323,-0.002325742971152067
-0.0023336177691817284,-0.0021799332462251186,-0.0019059741171076894,-0.0018465829780325294
-0.00244611082598567,-0.0038767154328525066,-0.0058621810749173164,-0.007907211780548096
-0.009665971621870995,-0.011059040203690529,-0.012084469199180603,-0.012599056586623192
-0.012310135178267956,-0.010950334370136261,-0.008470255881547928,-0.005157089792191982
-0.0016318494454026222,0.0013372204266488552,0.0031587250996381044,0.0036593247205018997
0.0030186164658516645,0.0014477088116109371,-0.001029172562994063
-0.004436875693500042,-0.008541052229702473,-0.012742475606501102,-0.016298463568091393
-0.01864594966173172,-0.019541669636964798,-0.018985280767083168,-0.01706516742706299
-0.013829817064106464,-0.009269840084016323,-0.0034769540652632713,0.003132306970655918
0.009793596342206001,0.015681134536862373,0.020268170163035393,0.02342040091753006
0.02514529973268509,0.02526988834142685,0.023386092856526375,0.019097071141004562
0.01230848953127861,0.00334317609667778,-0.007141644135117531
-0.018327221274375916,-0.02940448559820652,-0.039680350571870804,-0.04853487387299538
-0.0552612841129303,-0.05902663618326187,-0.05912289023399353,-0.05532557889819145
-0.04799092933535576,-0.03779153153300285,-0.02539733052253723,-0.0114237479865551
0.0033862367272377014,0.018031101673841476,0.031343553215265274,0.04223460331559181
0.04995087534189224,0.054248593747615814,0.05538716912269592,0.053891684859991074
0.05020986869931221,0.04454925283789635,0.037055645138025284
0.028118811547756195,0.018428223207592964,0.008701292797923088,-0.0006028711795806885
-0.00928498338907957,-0.017177633941173553,-0.023957988247275352,-0.029174353927373886
-0.032449111342430115,-0.033681720495224,-0.03309544920921326,-0.03110342100262642
-0.02809496596455574,-0.02429201453924179,-0.019779985770583153,-0.014702685177326202
-0.009450949728488922,-0.0046087102964520454,-0.0006205360405147076,0.0025416475255042315
0.0053569236770272255,0.00834096409380436,0.01163453608751297
0.015000851824879646,0.01820097491145134,0.021339306607842445,0.024820789694786072
0.02899172529578209,0.033846139907836914,0.039010778069496155,0.04388941824436188
0.04780005291104317,0.05010087043046951,0.050297386944293976,0.04803662747144699
0.043013881891965866,0.034969501197338104,0.02385997772216797,0.010029351338744164
-0.005869094282388687,-0.023179762065410614,-0.041461601853370667,-0.060359880328178406
-0.07920651882886887,-0.09667053073644638,-0.11080238223075867
-0.11954620480537415,-0.12138011306524277,-0.11564288288354874,-0.10241425782442093
-0.08217078447341919,-0.055540889501571655,-0.023331955075263977,0.013229116797447205
0.05230075120925903,0.09151919931173325,0.12832233309745789,0.16025876998901367
0.18514922261238098,0.201147198677063,0.20679864287376404,0.20115679502487183
0.18399226665496826,0.15604090690612793,0.11907511949539185,0.07566378265619278
0.028746575117111206,-0.018710773438215256,-0.06384345889091492
-0.10390825569629669,-0.1363806426525116,-0.159197598695755,-0.17106574773788452
-0.17165333032608032,-0.16152982413768768,-0.14189039170742035,-0.11429280042648315
-0.0806402936577797,-0.04335394501686096,-0.0054376572370529175,0.02977832779288292
0.059169620275497437,0.08035637438297272,0.09198842197656631,0.09373744577169418
0.08612482249736786,0.07032172381877899,0.048025645315647125,0.02147727459669113
-0.006480671465396881,-0.032558709383010864,-0.05351582542061806
-0.06678148359060287,-0.07083617895841599,-0.06521200388669968,-0.050315968692302704
-0.027340076863765717,0.0016983561217784882,0.03398788720369339,0.06622953712940216
0.0951380506157875,0.11786486208438873,0.13220608234405518,0.13667884469032288
0.13057538866996765,0.11398488283157349,0.08776851743459702,0.053549446165561676
0.013700753450393677,-0.028828587383031845,-0.07094602286815643,-0.10991968214511871
-0.1436159312725067,-0.17038248479366302,-0.18885408341884613
-0.19797217845916748,-0.19722393155097961,-0.1868784874677658,-0.16800887882709503,-0.14226441085338593,-0.11153386533260345,-0.07770001888275146,-0.04258665442466736
-0.008039180189371109,0.024019431322813034,0.051715776324272156,0.07354194670915604,0.08866338431835175,0.09700331091880798,0.09906899183988571,0.09567861258983612
0.08779978007078171,0.07657534629106522,0.06338446587324142,0.04972948133945465
0.036962103098630905,0.026038609445095062,0.01740819588303566,0.011055482551455498
0.006700202822685242,0.004019639454782009,0.002686840482056141,0.002213062020018697
0.0018423302099108696,0.0007383798947557807,-0.001628326834179461,-0.005252971313893795
-0.009714256040751934,-0.014463083818554878,-0.019023599103093147,-0.02302311360836029
-0.026125144213438034,-0.02796303667128086,-0.028141671791672707,-0.026360876858234406
-0.02262902818620205,-0.017393749207258224,-0.011426080018281937,-0.005507572554051876,-0.00016023125499486923,0.004370082635432482
0.007899975404143333,0.010122974403202534,0.010670557618141174,0.009350103326141834
0.006325757130980492,0.002123527694493532,-0.0024954259861260653,-0.006699578370898962
-0.009707548655569553,-0.010828563943505287,-0.009459005668759346,-0.005118180066347122
0.0024167532101273537,0.012922380119562149,0.025639642030000687,0.03940660506486893
0.05295178294181824,0.06512261182069778,0.07489432394504547,0.08126360177993774
0.08325287699699402,0.08010285347700119,0.07154684513807297
0.05801263451576233,0.04062424227595329,0.020949646830558777,0.0006132088601589203
-0.018965812399983406,-0.03656122088432312,-0.05101293325424194,-0.06126254424452782,-0.06659865379333496,-0.06689102947711945,-0.06260480731725693,-0.05461551621556282
-0.0439864844083786,-0.03181952238082886,-0.019199613481760025,-0.007198404520750046
0.0031359372660517693,0.010865757241845131,0.015324421226978302,0.01627836562693119
0.013975484296679497,0.00899383146315813,0.001980418339371681
-0.006479390896856785,-0.015755711123347282,-0.02500629611313343,-0.0331786572933197
-0.03919895738363266,-0.042178329080343246,-0.041504524648189545,-0.036829378455877304
-0.028041888028383255,-0.015290005132555962,0.0009588692337274551,0.019840970635414124
0.04003352299332619,0.05981886759400368,0.0773683488368988,0.09112434834241867
0.10000763833522797,0.10334885120391846,0.10075385868549347,0.09213640540838242
0.07789094001054764,0.059009261429309845,0.03700917214155197
0.013696782290935516,-0.009139476343989372,-0.030001116916537285,-0.04780688136816025
-0.06183396652340889,-0.07159508019685745,-0.0768231451511383,-0.07758746296167374,-0.07439149916172028,-0.06808745115995407,-0.05960417538881302,-0.049685973674058914
-0.03885212540626526,-0.027554776519536972,-0.01631196402013302,-0.00567086786031723
0.003931683488190174,0.012277109548449516,0.019385384395718575,0.02544105052947998,0.030617207288742065,0.03488638252019882,0.03801417350769043
0.039776213467121124,0.04017818719148636,0.03944738209247589,0.037803325802087784
0.03526255488395691,0.03170043230056763,0.027073102071881294,0.02152233198285103
0.015286868438124657,0.008592011407017708,0.0016364408656954765,-0.00538633344694972
-0.012279047630727291,-0.018787823617458344,-0.024532198905944824,-0.029070429503917694
-0.0321224182844162,-0.03372945636510849,-0.0341571569442749,-0.03364017233252525
-0.032251954078674316,-0.0300348699092865,-0.02722581848502159
-0.02432423084974289,-0.02193385176360607,-0.020511671900749207,-0.020202700048685074
-0.020832454785704613,-0.021999558433890343,-0.023200757801532745,-0.023962674662470818
-0.02391282469034195,-0.022730262950062752,-0.02008047327399254,-0.015710005536675453
-0.009668145328760147,-0.002398444339632988,0.005436129868030548,0.013217809610068798
0.020497657358646393,0.026939505711197853,0.03219086676836014,0.035807520151138306
0.037284620106220245,0.03618008643388748,0.03229843080043793
0.025823945179581642,0.017246432602405548,0.007106058299541473,-0.004184320569038391
-0.01624651439487934,-0.028507718816399574,-0.04013723134994507,-0.050230972468853
-0.05803043395280838,-0.06298138946294785,-0.06466816365718842,-0.06276758015155792
-0.057081304490566254,-0.04761414974927902,-0.03467452526092529,-0.018971633166074753,-0.001616891473531723,0.016050919890403748,0.03274349495768547,0.04741356521844864
0.0592418909072876,0.06750617176294327,0.07155416160821915
0.07099667191505432,0.06595742702484131,0.057116396725177765,0.04550337418913841
0.032235704362392426,0.018363095819950104,0.004801662638783455,-0.007702923379838467
-0.018566396087408066,-0.027331406250596046,-0.03369903936982155,-0.03762171417474747
-0.03933060169219971,-0.03920874744653702,-0.03758164495229721,-0.034616343677043915
-0.030423276126384735,-0.02522578276693821,-0.019405843690037727,-0.013393236324191093
-0.00750980619341135,-0.0018940409645438194,0.00344304577447474
0.008474775590002537,0.013042878359556198,0.016880357638001442,0.019773200154304504
0.02172049507498741,0.02294589951634407,0.023764021694660187,0.024430597200989723
0.025089100003242493,0.025824816897511482,0.02673601359128952,0.027928199619054794
0.029432285577058792,0.031119411811232567,0.032697416841983795,0.033815205097198486
0.034199126064777374,0.03373450040817261,0.03245237097144127,0.0304133091121912
0.027571236714720726,0.023771218955516815,0.018916456028819084
0.01311979629099369,0.0066446466371417046,-0.0003007277846336365,-0.007680155336856842
-0.015546035021543503,-0.023852316662669182,-0.03232133761048317,-0.04044102504849434
-0.047569140791893005,-0.05306672677397728,-0.056385237723588943,-0.05708245560526848
-0.05479991436004639,-0.04926193505525589,-0.040351368486881256,-0.028250351548194885,-0.013532601296901703,0.0028926562517881393,0.01995740830898285
0.03661976009607315,0.051946721971035004,0.06506836414337158,0.07510504126548767
0.0812143087387085,0.08279752731323242,0.07972761988639832,0.07240398973226547
0.06158950924873352,0.04816685989499092,0.03298511356115341,0.01684747263789177
0.0005721449851989746,-0.014961030334234238,-0.028857141733169556,-0.0403594933450222
-0.048979103565216064,-0.05447336286306381,-0.056734196841716766,-0.05572712421417236
-0.051528964191675186,-0.04443153738975525,-0.03505178913474083,-0.0243440642952919
-0.01342206634581089,-0.0032694805413484573,0.005439351312816143
0.012299194000661373,0.017028341069817543,0.019402943551540375,0.019326603040099144
0.016939900815486908,0.012660617008805275,0.007123090326786041,0.0010521430522203445
-0.00487589742988348,-0.010143084451556206,-0.014424781315028667,-0.01753159984946251
-0.01934826374053955,-0.019882697612047195,-0.019372787326574326,-0.018277477473020554
-0.017089586704969406,-0.01610751450061798,-0.01535544078797102,-0.014694360084831715
-0.01399137917906046,-0.013208141550421715,-0.012383912689983845
-0.011558794416487217,-0.0107066435739398,-0.009740953333675861,-0.008590027689933777
-0.007285599131137133,-0.006003654561936855,-0.004998823627829552,-0.004451075568795204
-0.004368599969893694,-0.004647169727832079,-0.005182723514735699,-0.00587975000962615
-0.006579692009836435,-0.007054841611534357,-0.007088840007781982,-0.00652727484703064
-0.005284734070301056,-0.0034061367623507977,-0.0011403108946979046,0.0011291381670162082
0.0030831643380224705,0.004579752683639526,0.005550898611545563
0.005832827650010586,0.005161588080227375,0.0033571552485227585,0.0004812227562069893
-0.003211183939129114,-0.007443161215633154,-0.012011200189590454,-0.01675664260983467
-0.021511683240532875,-0.02607673592865467,-0.030187340453267097,-0.033465124666690826
-0.035439733415842056,-0.035670775920152664,-0.033853679895401,-0.029787804931402206
-0.02327529713511467,-0.014153365045785904,-0.00250416062772274,0.011153168976306915
0.025887733325362206,0.040584079921245575,0.054164011031389236
0.06565064936876297,0.07414905726909637,0.07889002561569214,0.07933273911476135
0.0752364993095398,0.06670839339494705,0.054279692471027374,0.038925230503082275
0.021888751536607742,0.004406251013278961,-0.012426372617483139,-0.027595844119787216
-0.04012276977300644,-0.049171529710292816,-0.054242875427007675,-0.0552644319832325
-0.05250658839941025,-0.04642956703901291,-0.03759906440973282,-0.026690244674682617
-0.014501791447401047,-0.0019328296184539795,0.010062485001981258
0.020558612421154976,0.028810584917664528,0.034410182386636734,0.037313178181648254
0.03770584240555763,0.03585753217339516,0.03211083635687828,0.026965394616127014
0.021088814362883568,0.015207294374704361,0.009987637400627136,0.005983058363199234
0.003593556582927704,0.0030014310032129288,0.004128987900912762,0.006679398939013481
0.010222608223557472,0.01420920342206955,0.017935167998075485,0.02063947543501854
0.021762819960713387,0.0211336649954319,0.018881844356656075
0.015198366716504097,0.010237541981041431,0.004224044270813465,-0.0024494165554642677
-0.009261362254619598,-0.015658969059586525,-0.021129939705133438,-0.025260886177420616
-0.027811314910650253,-0.028760148212313652,-0.028254682198166847,-0.026487797498703003
-0.02362654358148575,-0.019856002181768417,-0.015443878248333931,-0.010698705911636353
-0.005842583253979683,-0.0009553488343954086,0.003920933697372675,0.008629260584712029
0.012860294431447983,0.016245007514953613,0.018477018922567368
0.019386358559131622,0.018963037058711052,0.01735164411365986,0.014793517999351025
0.011528045870363712,0.0077522024512290955,0.0036756405606865883,-0.0004262775182723999
-0.0042598657310009,-0.007630441337823868,-0.010503934696316719,-0.012949276715517044
-0.015043425373733044,-0.016837431117892265,-0.018355797976255417,-0.019572172313928604
-0.020396195352077484,-0.02069631963968277,-0.02028975635766983,-0.01888042874634266
-0.016070019453763962,-0.011530744843184948,-0.005232475697994232
0.0024647535756230354,0.010918013751506805,0.019401391968131065,0.027240809053182602
0.033812642097473145,0.03847601264715195,0.040575433522462845,0.0395553857088089
0.035101309418678284,0.027235576882958412,0.01635783538222313,0.0032055452466011047
-0.011281132698059082,-0.02611556462943554,-0.04032810404896736,-0.05294118821620941
-0.06299010664224625,-0.06967098265886307,-0.07252079248428345,-0.07146401703357697
-0.06670714914798737,-0.05861813202500343,-0.047685135155916214
-0.03453970327973366,-0.01998697593808174,-0.00497828796505928,0.009498530998826027
0.02256636694073677,0.03357957303524017,0.04216628894209862,0.04817122220993042
0.051562678068876266,0.05240783467888832,0.05091983079910278,0.047485996037721634
0.042633067816495895,0.03696352615952492,0.03108227252960205,0.02549404837191105
0.020510660484433174,0.016248412430286407,0.012679515406489372,0.009622431360185146
0.006690969690680504,0.0033414228819310665,-0.0009560929611325264
-0.006541553884744644,-0.013483009301126003,-0.02159917913377285,-0.03053288161754608
-0.03980504721403122,-0.0488349087536335,-0.056967657059431076,-0.06352861225605011
-0.06788463890552521,-0.06951135396957397,-0.06808367371559143,-0.06356070935726166
-0.056185171008110046,-0.046372879296541214,-0.034590449184179306,-0.021336108446121216
-0.007192749530076981,0.0071843089535832405,0.02117462456226349,0.03428631275892258
0.046162381768226624,0.056526023894548416
0.028352223336696625,0.034483835101127625,0.04045240208506584,0.04378775879740715,0.04249567538499832,0.03623684123158455,0.026280464604496956,0.015011266805231571
0.0054387906566262245,0.0003634446766227484,0.001384908682666719,0.00806661881506443,0.01777731440961361
0.0267349723726511,0.031813643872737885,0.0318809412419796,0.027689559385180473
0.0210379958152771,0.014081062749028206,0.008550390601158142,0.005168066825717688
0.0037796329706907272,0.003992508631199598,0.00558195635676384,0.00804045144468546
0.00997643731534481,0.00977523997426033,0.007127705495804548,0.003405556781217456
0.0006074781413190067,0.00013335340190678835,0.001985521987080574,0.004780670627951622
0.006568260956555605,0.00604522880166769,0.0035184896551072598
0.0008069769246503711,0.00010244759323541075,0.0025287186726927757,0.007482424844056368
0.013059594668447971,0.017063485458493233,0.018114659935235977,0.016099756583571434
0.011982325464487076,0.007431626785546541,0.004011304583400488,0.002334324410185218,0.0022796138655394316,0.004242445342242718,0.009968513622879982,0.021773135289549828,0.040444184094667435,0.06337640434503555,0.0849137082695961,0.09879676252603531,0.10091187059879303,0.09104222059249878,0.07240244746208191
0.049756042659282684,0.028023764491081238,0.01126000378280878,0.0018578245071694255
0.00033022279967553914,0.005661607254296541,0.0160550344735384,0.02948279306292534
0.044041212648153305,0.0581306517124176,0.07030108571052551,0.07930859923362732
0.0843069925904274,0.08490347862243652,0.08124390244483948,0.07368842512369156
0.062383104115724564,0.047863442450761795,0.03214763477444649,0.01842927187681198
0.009090877138078213,0.004221356473863125,0.0023451182059943676
0.002123227808624506,0.003129842458292842,0.005555921234190464,0.009573428891599178
0.014891627244651318,0.02054472081363201,0.024954387918114662,0.02641436457633972
0.024020090699195862,0.0184689499437809,0.011719336733222008,0.005806720815598965
0.0019040025072172284,0.0001697068364592269,0.00020970941113773733,0.0014599296264350414
0.003332336200401187,0.005324614699929953,0.007143870461732149,0.008875414729118347
0.01093902438879013,0.013678351417183876,0.016928646713495255
0.019925542175769806,0.021660516038537025,0.021493440493941307,0.01943245343863964
0.01587224192917347,0.011427388526499271,0.00692622410133481,0.0031994376331567764
0.0008441570680588484,1.2765506653522607e-05,0.00028127781115472317,0.0008816553163342178
0.0012047906639054418,0.0011053031776100397,0.0007611120818182826,0.00039938793634064496
0.00015170674305409193,3.662086965050548e-05,6.745078735548304e-06,8.530511877324898e-06
3.690911034937017e-05,8.014417835511267e-05,6.513403059216216e-05
1.546507746752468e-06,0.0001400104520143941,0.0008424784173257649,0.002069154754281044
0.003013997571542859,0.0027191371191293,0.0012673541205003858,4.9907197535503656e-05,0.0008916582446545362,0.0050237467512488365,0.012445909902453423,0.021781254559755325
0.030471550300717354,0.03564433008432388,0.03558418154716492,0.030327560380101204
0.021184701472520828,0.010537179186940193,0.0021047608461230993,0.0004856915620621294
0.009113123640418053,0.027915239334106445,-0.22941941022872925
-0.27608931064605713,-0.30311018228530884,-0.30923208594322205,-0.29519134759902954
-0.2635732889175415,-0.21850676834583282,-0.16399012506008148,-0.10242637991905212
-0.03497759997844696,0.03668500855565071,0.10911859571933746,0.17756809294223785
0.23704805970191956,0.2833367586135864,0.3142726719379425,0.3301539421081543
0.3321467638015747,0.3201688230037689,0.29229283332824707,0.2461581826210022
0.18162302672863007,0.10262419283390045,0.016083598136901855
-0.07120577991008759,-0.1545155793428421,-0.23046128451824188,-0.2951388359069824,-0.3437005281448364,-0.3716111481189728,-0.375873863697052,-0.35603681206703186,-0.31488731503486633,-0.25738081336021423,-0.18847055733203888,-0.11213502287864685,-0.03171360492706299,0.04930499568581581,0.12629273533821106,0.19355222582817078,0.2462007701396942,0.28207042813301086,0.30182647705078125,0.3072628974914551
0.29930925369262695,0.27797800302505493,0.2440192848443985
0.2001069337129593,0.1507560759782791,0.1008332371711731,0.053339675068855286
0.008834131062030792,-0.032737478613853455,-0.07003369927406311,-0.10041195154190063
-0.12182305008172989,-0.1340658962726593,-0.13853555917739868,-0.13787168264389038
-0.13543087244033813,-0.1336030662059784,-0.13232313096523285,-0.1293480098247528
-0.12166145443916321,-0.10721572488546371,-0.08631289005279541,-0.06118849664926529
-0.03440900146961212,-0.008195772767066956,0.015379033982753754
0.03418414667248726,0.04607388377189636,0.04947450011968613,0.04384288564324379
0.029752381145954132,0.009129326790571213,-0.015170623548328876,-0.04037855565547943
-0.06396452337503433,-0.08319705724716187,-0.09514036774635315,-0.09746000170707703
-0.09005104005336761,-0.07620842754840851,-0.0619029626250267,-0.05374869331717491
-0.05688263475894928,-0.07335042953491211,-0.1019090861082077,-0.13907256722450256
-0.1797722578048706,-0.21794527769088745,-0.24799929559230804
-0.2657543122768402,-0.26845744252204895,-0.2550397217273712,-0.22618596255779266,-0.18400287628173828,-0.13190601766109467,-0.07437635958194733,-0.016295798122882843,0.03821898624300957,0.08688070625066757,0.12880590558052063,0.16341254115104675,0.19022035598754883
0.20894919335842133,0.2197602540254593,0.22386892139911652,0.22328263521194458
0.2198648452758789,0.21479886770248413,0.20786546170711517,0.1967371255159378
0.1775161176919937,0.14662405848503113,0.10327884554862976,0.05079314112663269
-0.004827909171581268,-0.05729975551366806,-0.10089189559221268,-0.13028070330619812
-0.14095094799995422,-0.13020016252994537,-0.09850632399320602,-0.05040843039751053
0.006216667592525482,0.062485888600349426,0.11144324392080307,0.1495383083820343
0.17562003433704376,0.18947124481201172,0.1915661096572876,0.1833270788192749
0.16739606857299805,0.1475515216588974,0.12725411355495453,0.10761788487434387
0.0869264304637909
0.06231994926929474,0.03265131264925003,0.00036705657839775085,-0.02965519204735756
-0.05343856289982796,-0.07026452571153641,-0.08231842517852783,-0.09207546710968018
-0.09963768720626831,-0.10271118581295013,-0.09872548282146454,-0.08637890964746475
-0.06607409566640854,-0.039712078869342804,-0.009849440306425095,0.020940065383911133
0.05034113675355911,0.07659602165222168,0.0984397828578949,0.11513487994670868
0.12683120369911194,0.13456089794635773,0.1400926113128662
0.14537669718265533,0.15114253759384155,0.1563795506954193,0.15958303213119507
0.15974172949790955,0.1562451869249344,0.14870841801166534,0.1367713212966919
0.12028000503778458,0.10009343922138214,0.07815752923488617,0.05679573863744736
0.03807670995593071,0.023202303797006607,0.012501765042543411,0.005888825282454491
0.002313806675374508,-0.0012866370379924774,-0.009819956496357918,-0.028349611908197403
-0.05966395139694214,-0.10269129276275635,-0.1528910994529724
-0.2038031816482544,-0.24889466166496277,-0.2830621004104614,-0.3026939630508423
-0.3052479922771454,-0.28993934392929077,-0.258353590965271,-0.21406389772891998
-0.16217376291751862,-0.10823917388916016,-0.05619482696056366,-0.007259145379066467
0.03922397643327713,0.08390544354915619,0.12582753598690033,0.16260728240013123,0.19196611642837524,0.21270203590393066,0.22482046484947205,0.2289411723613739
0.22508637607097626,0.21226520836353302,0.18918225169181824
0.15520505607128143,0.11147002875804901,0.061089321970939636,0.007480263710021973,-0.047508206218481064,-0.10358162224292755,-0.1599433720111847,-0.21301737427711487,-0.2565566897392273,-0.28435343503952026,-0.292849600315094,-0.2820754051208496,-0.2552855312824249,-0.21730723977088928,-0.17269405722618103,-0.12538066506385803
-0.07903105020523071,-0.03698854148387909,-0.0019203759729862213,0.024948447942733765
0.044071611016988754,0.05663555860519409,0.06371591985225677
0.06590181589126587,0.06318491697311401,0.05571240559220314,0.04451429098844528
0.031233634799718857,0.01765897125005722,0.005017997696995735,-0.007136063650250435
-0.020755872130393982,-0.03709251433610916,-0.05450540781021118,-0.06875377893447876
-0.07574456185102463,-0.07399781048297882,-0.0647042840719223,-0.05058511719107628
-0.035018838942050934,-0.020983237773180008,-0.01033909060060978,-0.003962283954024315
-0.001638525165617466,-0.002106267726048827,-0.0037913951091468334
-0.005025416612625122,-0.004021400585770607,0.0003612963482737541,0.00775755662471056
0.016188468784093857,0.023082390427589417,0.02679292857646942,0.026822084560990334
0.02310301922261715,0.0161236971616745,0.007314953953027725,-0.0011352775618433952
-0.0067085386253893375,-0.007522210478782654,-0.003047490958124399,0.006789645180106163
0.02294948324561119,0.04722210019826889,0.08061337471008301,0.12131700664758682
0.1643151044845581,0.2032586634159088,0.23246893286705017
0.2478407472372055,0.24742332100868225,0.23126420378684998,0.20057442784309387
0.1576870232820511,0.10634928941726685,0.05141118913888931,-0.001838676631450653
-0.049139365553855896,-0.0891568660736084,-0.12398825585842133,-0.15760982036590576
-0.1929273009300232,-0.2292025089263916,-0.2623272240161896,-0.2878984212875366
-0.3041219115257263,-0.31225907802581787,-0.3145955204963684,-0.3118869662284851
-0.30292367935180664,-0.2861059308052063,-0.2606778144836426
-0.22713692486286163,-0.18722021579742432,-0.1432575136423111,-0.0976468026638031
-0.05265974998474121,-0.010095261037349701,0.028624264523386955,0.06231769919395447
0.09056515246629715,0.11378969252109528,0.13278719782829285,0.14832636713981628
0.1605503410100937,0.1689661294221878,0.17333634197711945,0.17424272000789642
0.173074871301651,0.1713031381368637,0.16913270950317383,0.16555273532867432
0.1602783352136612,0.15508610010147095,0.1531120389699936
0.15689760446548462,0.16638872027397156,0.17826084792613983,0.18709585070610046
0.18733185529708862,0.17521952092647552,0.1501416712999344,0.114190474152565
0.07082504779100418,0.023932352662086487,-0.02296198159456253,-0.06675935536623001
-0.10397481173276901,-0.13083088397979736,-0.14436280727386475,-0.14342322945594788
-0.12947028875350952,-0.10631063580513,-0.07868501543998718,-0.051285527646541595
-0.028288040310144424,-0.012887191027402878,-0.007101709023118019
-0.011262352578341961,-0.02346019260585308,-0.04009213298559189,-0.05678601562976837
-0.0692981481552124,-0.07485705614089966,-0.07268163561820984,-0.06327120959758759
-0.04800593852996826,-0.028942998498678207,-0.008372165262699127,0.011355472728610039
0.028322193771600723,0.041670460253953934,0.05137980729341507,0.05795241519808769
0.062274232506752014,0.06520508974790573,0.06772240251302719,0.07126224040985107
0.07664228230714798,0.08229130506515503,0.08396214246749878,0.07656405121088028
0.05702066421508789,0.025889050215482712,-0.01352791115641594,-0.0569085031747818
-0.09995473921298981,-0.13881109654903412,-0.16979826986789703,-0.18933513760566711
-0.19473928213119507,-0.1848420649766922,-0.1604514867067337,-0.12495847046375275
-0.0833892822265625,-0.0398116335272789,0.004413183778524399,0.050144463777542114
0.09811283648014069,0.14657075703144073,0.19161954522132874,0.22995799779891968,0.2609219551086426
0.28610241413116455,0.30703723430633545,0.32295793294906616,0.3309071958065033
0.32753220200538635,0.31037867069244385,0.2786715626716614,0.23342265188694
0.17641986906528473,0.10962197184562683,0.03571562469005585,-0.04104095324873924
-0.11464782059192657,-0.178782120347023,-0.22866198420524597,-0.261377215385437
-0.27561962604522705,-0.27183419466018677,-0.2518724203109741,-0.21870355308055878
-0.17687231302261353,-0.13214817643165588,-0.09009486436843872
-0.05472251772880554,-0.027570754289627075,-0.008151091635227203,0.004337279126048088
0.010062089189887047,0.008729543536901474,0.00020203925669193268,-0.01446894183754921,-0.032890163362026215,-0.052649933844804764,-0.0722775012254715,-0.09110711514949799
-0.10881941020488739,-0.12505492568016052,-0.13930156826972961,-0.15047401189804077
-0.15627072751522064,-0.15396928787231445,-0.14205846190452576,-0.12062968313694,-0.09112082421779633,-0.05620407313108444,-0.019227057695388794
0.016268420964479446,0.04690665006637573,0.07044216990470886,0.086211659014225,0.09467029571533203,0.09719651192426682,0.09582006931304932,0.09271091967821121
0.09002450853586197,0.08932244777679443,0.09079239517450333,0.09334474802017212,0.09497525542974472,0.09327954053878784,0.0864189863204956,0.07358182221651077
0.05496172606945038,0.03163164481520653,0.004924774169921875,-0.0235450379550457
-0.05059759318828583,-0.07089348137378693,-0.07825574278831482
-0.06825670599937439,-0.04064634069800377,0.00037802383303642273,0.04821939766407013
0.09585627168416977,0.13683626055717468,0.16602298617362976,0.17978477478027344
0.1760580986738205,0.15526671707630157,0.12095148861408234,0.07898418605327606
0.035773031413555145,-0.003850385546684265,-0.03782205283641815,-0.06649839133024216
-0.09140127897262573,-0.1135256439447403,-0.132473424077034,-0.14763593673706055
-0.15999659895896912,-0.17244167625904083,-0.18824724853038788
-0.20854702591896057,-0.23058106005191803,-0.24878759682178497,-0.2582283616065979
-0.25732582807540894,-0.24776750802993774,-0.23212210834026337,-0.21185360848903656
-0.1875932812690735,-0.1603044718503952,-0.13172434270381927,-0.1041475385427475
-0.0793178454041481,-0.05718725174665451,-0.03634393960237503,-0.015389297157526016
0.006325341761112213,0.028712064027786255,0.05166926980018616,0.07559973001480103
0.10085676610469818,0.127158060669899,0.15331944823265076
0.17707157135009766,0.19613409042358398,0.21000896394252777,0.22006189823150635
0.22811385989189148,0.2351260781288147,0.24035108089447021,0.24184361100196838
0.23824968934059143,0.2298504114151001,0.21822930872440338,0.20506632328033447
0.1908406913280487,0.17499032616615295,0.1569412350654602,0.1362343281507492
0.11269453912973404,0.08729973435401917,0.06232621520757675,0.04073994606733322
0.02537611871957779,0.017780527472496033,0.017703212797641754
0.023452818393707275,0.031760334968566895,0.03747633844614029,0.03457099571824074
0.018605709075927734,-0.010887516662478447,-0.050491031259298325,-0.09518512338399887
-0.13959245383739471,-0.177358478307724,-0.20103859901428223,-0.20376525819301605
-0.1820676326751709,-0.1379065215587616,-0.0778360366821289,-0.01032169908285141
0.05627909302711487,0.11482485383749008,0.15976248681545258,0.18694156408309937
0.19425232708454132,0.1828092485666275,0.15701475739479065
0.12339642643928528,0.08849047124385834,0.05652736872434616,0.02916092425584793
0.007152389734983444,-0.008870135992765427,-0.01894146017730236,-0.024095751345157623
-0.02676357328891754,-0.031199218705296516,-0.04273517429828644,-0.06557907909154892
-0.10037095099687576,-0.14369075000286102,-0.19014210999011993,-0.23476195335388184
-0.274095356464386,-0.30610254406929016,-0.32911503314971924,-0.34102436900138855
-0.3398764133453369,-0.3248787224292755,-0.2969043552875519
-0.2583065330982208,-0.2117854505777359,-0.15936677157878876,-0.1022411435842514
-0.040994733572006226,0.023231349885463715,0.08719414472579956,0.14619137346744537
0.19646918773651123,0.2358914017677307,0.26229867339134216,0.2723204493522644
0.26232045888900757,0.2309466004371643,0.18139950931072235,0.12152095139026642
0.06146837770938873,0.01021004468202591,-0.026903316378593445,-0.047913406044244766
-0.05277126282453537,-0.04240218177437782,-0.018380623310804367
0.01646474376320839,0.05707167088985443,0.09713274240493774,0.13192330300807953
0.16009455919265747,0.1830279529094696,0.20234321057796478,0.2173396795988083
0.22447475790977478,0.2189350575208664,0.1970301866531372,0.1584019809961319
0.10638712346553802,0.04584602266550064,-0.019428007304668427,-0.08752342313528061,-0.15722504258155823,-0.22608155012130737,-0.289815753698349,-0.3434419333934784
-0.3822364807128906,-0.4021536111831665,-0.4002701938152313,-0.3751596212387085
-0.3276975452899933,-0.2617951035499573,-0.18379756808280945,-0.10137516260147095
-0.02248552441596985,0.04614732787013054,0.099901482462883,0.13591334223747253
0.1532631367444992,0.15385493636131287,0.14255878329277039,0.12617875635623932
0.11110030859708786,0.10075948387384415,0.09534380584955215,0.09340644627809525
0.0934268981218338,0.09471538662910461,0.09693069756031036,0.09856350719928741,0.09684991836547852,0.08957258611917496
0.07675931602716446,0.060796067118644714,0.04485106095671654,0.03128610923886299
0.021363429725170135,0.015440117567777634,0.013360913842916489,0.01499568484723568
0.019856788218021393,0.026411954313516617,0.03231530636548996,0.03485704958438873
0.031563278287649155,0.02161283604800701,0.006869059056043625,-0.008696237578988075
-0.020851971581578255,-0.027308452874422073,-0.02851935848593712,-0.026340678334236145
-0.022540628910064697,-0.018394460901618004,-0.014755798503756523
-0.012603565119206905,-0.013368050567805767,-0.017973538488149643,-0.025825295597314835
-0.03474762290716171,-0.04138607904314995,-0.04242846369743347,-0.03632687032222748
-0.023992732167243958,-0.008093081414699554,0.00853085145354271,0.024032019078731537
0.03689466044306755,0.04438766837120056,0.04223666712641716,0.026048574596643448
-0.006169585511088371,-0.05209439992904663,-0.10595010966062546,-0.16160188615322113
-0.2147790789604187,-0.26274535059928894,-0.3024113178253174
-0.3293593227863312,-0.33923041820526123,-0.3299066126346588,-0.30253317952156067
-0.2611343562602997,-0.2107468843460083,-0.1552538275718689,-0.09712253510951996
-0.0383850634098053,0.01884268969297409,0.07199175655841827,0.11819760501384735
0.15577445924282074,0.18552851676940918,0.21029648184776306,0.23285575211048126
0.2537510097026825,0.27117055654525757,0.2825886011123657,0.2858923673629761,0.27980563044548035,0.26411160826683044,0.23933365941047668
0.20695370435714722,0.17027173936367035,0.13382010161876678,0.10164350271224976
0.07625911384820938,0.05832123011350632,0.04692860692739487,0.04016737639904022
0.035134363919496536,0.028411343693733215,0.01708969660103321,-0.0007155444473028183
-0.025000683963298798,-0.052717145532369614,-0.07843621075153351,-0.09656943380832672
-0.10329675674438477,-0.09748663753271103,-0.08014801144599915,-0.053284890949726105
-0.019724152982234955,0.016687016934156418,0.05134356766939163
0.07953748852014542,0.09783783555030823,0.1052677258849144,0.1030605211853981
0.09384017437696457,0.08064434677362442,0.06575663387775421,0.05082947015762329
0.03808290883898735,0.029980551451444626,0.027470197528600693,0.029514357447624207
0.03389948233962059,0.03760598599910736,0.03733242303133011,0.03064420074224472
0.016905760392546654,-0.0023664943873882294,-0.024289343506097794,-0.046236395835876465
-0.06688331067562103,-0.08606794476509094,-0.1035694032907486
-0.11816184222698212,-0.12835471332073212,-0.13365530967712402,-0.1348590850830078
-0.13330304622650146,-0.1295512318611145,-0.12287677079439163,-0.11191165447235107
-0.09522967785596848,-0.07201452553272247,-0.04285702854394913,-0.009200144559144974
0.02819015458226204,0.06966178864240646,0.1152970939874649,0.16275441646575928
0.20641162991523743,0.23902201652526855,0.2543712854385376,0.24907425045967102
0.22330012917518616,0.1801198422908783,0.12400078773498535
0.06026165187358856,-0.004801809787750244,-0.06443100422620773,-0.11244895309209824
-0.14473329484462738,-0.16041016578674316,-0.16147419810295105,-0.15135256946086884
-0.13347209990024567,-0.11043829470872879,-0.08455468714237213,-0.05874555557966232
-0.03646473586559296,-0.021080125123262405,-0.014935759827494621,-0.01794022135436535
-0.027402587234973907,-0.04014122113585472,-0.05489497631788254,-0.07273503392934799
-0.09521645307540894,-0.12211964279413223,-0.151258185505867
-0.18004286289215088,-0.20594733953475952,-0.225467711687088,-0.23378996551036835
-0.22618117928504944,-0.20029418170452118,-0.15736980736255646,-0.10123737156391144
-0.03681107610464096,0.030548177659511566,0.09514332562685013,0.15070019662380219
0.1906706988811493,0.21018563210964203,0.20846815407276154,0.1895245611667633
0.16041211783885956,0.1281590610742569,0.09774969518184662,0.07262104004621506
0.0561228021979332,0.0518481507897377,0.06247131526470184
0.08765176683664322,0.12244866788387299,0.15793877840042114,0.18395400047302246
0.19254721701145172,0.18033500015735626,0.14824852347373962,0.09981667995452881
0.039951667189598083,-0.02549700438976288,-0.08974214643239975,-0.1455736607313156
-0.18712672591209412,-0.21138857305049896,-0.21840737760066986,-0.21100544929504395
-0.19374558329582214,-0.1711694747209549,-0.1468167006969452,-0.12300378084182739
-0.1008911058306694,-0.08127123862504959,-0.06499551236629486
-0.05230944603681564,-0.042426738888025284,-0.033761002123355865,-0.024650152772665024
-0.014712747186422348,-0.0055489689111709595,6.90799206495285e-05,-0.0005216081626713276
-0.008462628349661827,-0.02179693430662155,-0.03506047651171684,-0.040905583649873734
-0.03299136459827423,-0.0084463432431221,0.03175293654203415,0.08391464501619339
0.1423107534646988,0.1995416283607483,0.24747581779956818,0.27845460176467896
0.28690436482429504,0.27084603905677795,0.23158761858940125
0.0015663327649235725,0.0036875102669000626,0.0047401804476976395,0.004014736507087946,0.002128975698724389,0.00045933417277410626,1.757219433784485e-05,0.0005093716317787766,0.0006676065386272967,7.232576899696141e-05,0.0009815486846491694,0.008346145041286945,0.027129260823130608
0.057823337614536285,0.09340137243270874,0.1211991161108017,0.12944281101226807
0.1138392761349678,0.08018253743648529,0.0417231060564518,0.01239839754998684
0.00026140271802432835,0.004892128054052591,0.018691128119826317,0.03109101764857769
0.034447818994522095,0.027938567101955414,0.01651775650680065,0.006450471933931112
0.0011596254771575332,2.9212387175903132e-08,0.00019583862740546465,3.804721200140193e-05,0.0004032315337099135,0.0032355315051972866,0.009049554355442524
0.01608124002814293,0.021231522783637047,0.021946929395198822,0.017983553931117058
0.011387174017727375,0.00494834640994668,0.0008753337315283716,0.00011923149577341974,0.0022046989761292934,0.0057434504851698875,0.009424793533980846,0.012711086310446262
0.01575433649122715,0.018907422199845314,0.022394798696041107,0.026258448138833046
0.030334841459989548,0.034011662006378174,0.035944804549217224,0.034340791404247284
0.028000937774777412,0.01759861223399639,0.006489562802016735
0.00017809070413932204,0.004041268024593592,0.020225889980793,0.04537448287010193
0.07082626968622208,0.08590621501207352,0.08336881548166275,0.06397885084152222
0.036427296698093414,0.012388069182634354,0.000594349461607635,0.0036214315332472324,0.017879104241728783,0.0359865166246891,0.050699375569820404,0.05776490271091461
0.05602109059691429,0.04656558856368065,0.032498106360435486,0.018219497054815292,0.007497705519199371,0.0017435987247154117,2.934837539214641e-05
0.00041000533383339643,0.0013304500607773662,0.00226758630014956,0.003527058055624366
0.00578297907486558,0.009658600203692913,0.015248036943376064,0.021804247051477432
0.02780304290354252,0.03135959804058075,0.031185152009129524,0.027612360194325447
0.022417103871703148,0.01751602068543434,0.014004711993038654,0.012176028452813625
0.011974085122346878,0.013219421729445457,0.0154191879555583,0.01746254600584507
0.017728377133607864,0.0148738669231534,0.008988939225673676
0.0024965780321508646,0.0001250728382728994,0.006850393954664469,0.02392120100557804
0.046192366629838943,0.06403440982103348,0.06880798935890198,0.057667624205350876
0.03520871698856354,0.011996099725365639,0.0001976242638193071,0.007731283083558083
0.03401465713977814,0.06944027543067932,0.09905325621366501,0.10965585708618164
0.09683235734701157,0.06695129722356796,0.033089425414800644,0.008309585973620415
4.001685283583356e-06,0.007496112026274204,0.023736247792840004
0.04012244939804077,0.05086813494563103,0.05412271246314049,0.05101525038480759
0.04434642568230629,0.03707220032811165,0.03109210543334484,0.027123572304844856
0.025214385241270065,0.025012290105223656,0.025715121999382973,0.026105249300599098
0.02502596564590931,0.022179000079631805,0.01834798790514469,0.01469721645116806
0.012033594772219658,0.010634628124535084,0.010449114255607128,0.011293632909655571
0.012803081423044205,0.01422552578151226,0.1202460303902626
0.11211247742176056,0.09218265116214752,0.05923561006784439,0.013653978705406189
-0.042109549045562744,-0.10339277982711792,-0.16399997472763062,-0.21721839904785156,-0.2567862272262573,-0.27791011333465576,-0.2781922221183777,-0.25801360607147217
-0.2202652394771576,-0.1696804314851761,-0.11199510097503662,-0.0532861053943634
0.0004303082823753357,0.043915193527936935,0.07366318255662918,0.0883483961224556
0.0889739990234375,0.07897572964429855,0.06363280862569809
0.04865705221891403,0.03843814134597778,0.03461885452270508,0.03592468798160553
0.039095375686883926,0.039983004331588745,0.03491414338350296,0.022248342633247375
0.003075120970606804,-0.019373681396245956,-0.04108323156833649,-0.058252014219760895
-0.06748172640800476,-0.06633975356817245,-0.054647039622068405,-0.035383883863687515
-0.014411184936761856,0.001245833933353424,0.0057958271354436874,-0.0037446815986186266
-0.027228467166423798,-0.061721161007881165,-0.10210548341274261
-0.1416453868150711,-0.17249715328216553,-0.18669064342975616,-0.1778421401977539
-0.1432131677865982,-0.08509783446788788,-0.010649777948856354,0.06949779391288757
0.143169566988945,0.198920339345932,0.22803586721420288,0.22571732103824615
0.19162864983081818,0.1300351619720459,0.04931885004043579,-0.03929296135902405
-0.12350492179393768,-0.1920861154794693,-0.2370867133140564,-0.25510913133621216
-0.24712596833705902,-0.21752138435840607,-0.17314323782920837
-0.12244680523872375,-0.07404553890228271,-0.03457807004451752,-0.007195822894573212
0.008161084726452827,0.01318850927054882,0.010268496349453926,0.0030548954382538795
-0.0029435139149427414,-0.0014518105890601873,0.011943116784095764,0.03734404593706131
0.06999985873699188,0.1018141359090805,0.12432432174682617,0.1322157382965088
0.1254534125328064,0.10873423516750336,0.08895587176084518,0.0726422518491745
0.06471305340528488,0.06822796165943146,0.08436188101768494
0.11230266839265823,0.14853893220424652,0.18609076738357544,0.2152361422777176
0.22576962411403656,0.20962892472743988,0.16328489780426025,0.0891684889793396,-0.004983365535736084,-0.10833168774843216,-0.20883406698703766,-0.2945656180381775,-0.3554267883300781
-0.38507184386253357,-0.3818921744823456,-0.34859758615493774,-0.2912653386592865
-0.21833378076553345,-0.13911046087741852,-0.06207399070262909,0.00645022839307785
0.06264882534742355,0.10436214506626129,0.1305202692747116,0.14174064993858337
0.14074388146400452,0.13170818984508514,0.11892523616552353,0.10546132922172546
0.09222938120365143,0.07761833071708679,0.05818134546279907,0.030535798519849777
-0.006311245262622833,-0.049727872014045715,-0.09420447796583176,-0.1330224722623825
-0.15963760018348694,-0.16870391368865967,-0.1571120172739029,-0.1253662109375
-0.07848761230707169,-0.025223508477211,0.024371545761823654,0.06188609078526497
0.0823560357093811
0.08423693478107452,0.06868349015712738,0.03908805549144745,0.0011098794639110565
-0.03718359023332596,-0.06625832617282867,-0.07748239487409592,-0.065640889108181
-0.030303779989480972,0.0241018645465374,0.0893080085515976,0.15491983294487
0.2100089192390442,0.24449965357780457,0.2507741451263428,0.22543762624263763
0.17065030336380005,0.09397518634796143,0.006667807698249817,-0.07830604910850525
-0.1481219083070755,-0.1922127902507782,-0.20412203669548035
-0.1825587898492813,-0.1317770928144455,-0.06113293766975403,0.016675658524036407,0.08878490328788757,0.14545148611068726,0.18150562047958374,0.19548636674880981,0.18800780177116394,0.16149601340293884,0.1211896687746048,0.07516992092132568,0.03228512406349182,-0.0008869953453540802,-0.02180887944996357,-0.031654004007577896
-0.03401889652013779,-0.03328314796090126,-0.03275112807750702,-0.03360282629728317
-0.035025082528591156,-0.03474569693207741,-0.029754411429166794
-0.017436234280467033,0.0035333558917045593,0.03321436792612076,0.07063347101211548
0.11347456276416779,0.15766048431396484,0.19742707908153534,0.226185604929924
0.23793525993824005,0.22867321968078613,0.19742146134376526,0.14630909264087677
0.0798967033624649,0.004613734781742096,-0.07186689227819443,-0.1418103724718094
-0.19879835844039917,-0.2385607808828354,-0.25897538661956787,-0.2599501311779022
-0.2437022179365158,-0.21448376774787903,-0.1771155148744583
-0.13558928668498993,-0.09294426441192627,-0.05190964788198471,-0.01529134064912796
0.014290252700448036,0.03510994836688042,0.04694666340947151,0.05123388022184372
0.05069265142083168,0.04842110350728035,0.0466824434697628,0.045976851135492325
0.04515115171670914,0.04260920360684395,0.03738568350672722,0.029250789433717728
0.018634559586644173,0.0071348100900650024,-0.002216390334069729,-0.006106761284172535
-0.002998458221554756,0.005653762724250555,0.016018016263842583
0.02362980879843235,0.024626992642879486,0.016037041321396828,-0.0037797056138515472
-0.03421381115913391,-0.07195620238780975,-0.11136144399642944,-0.14513957500457764
-0.16540944576263428,-0.1656552106142044,-0.14278966188430786,-0.09763123095035553
-0.034003354609012604,0.04212319478392601,0.12304722517728806,0.19956804811954498
0.26159703731536865,0.29974842071533203,0.30757975578308105,0.28325217962265015
0.22939766943454742,0.15166103839874268,0.05790054798126221
-0.041656047105789185,-0.13509713113307953,-0.21096311509609222,-0.2605954706668854
-0.27986037731170654,-0.27018070220947266,-0.23819969594478607,-0.19337418675422668
-0.14462725818157196,-0.09835804998874664,-0.058458007872104645,-0.02691309154033661
-0.003993425518274307,0.011740832589566708,0.023035060614347458,0.03271317481994629
0.04238036274909973,0.05227351188659668,0.06184692680835724,0.06996038556098938
0.07486361265182495,0.07475297152996063,0.0685139000415802
0.05609933286905289,0.039086759090423584,0.02126050367951393,0.00801234133541584
0.004500312730669975,0.01386597752571106,0.0366230234503746,0.07103737443685532
0.11343967914581299,0.15809345245361328,0.19731660187244415,0.22268766164779663
0.2273765653371811,0.20837537944316864,0.16694846749305725,0.10730510950088501
0.03525952994823456,-0.042384881526231766,-0.11832816898822784,-0.18521687388420105
-0.23606278002262115,-0.26497042179107666,-0.268231064081192
-0.24567048251628876,-0.20116285979747772,-0.14124512672424316,-0.07302944362163544
-0.003135107457637787,0.06219029054045677,0.11667250841856003,0.15463411808013916
0.17265258729457855,0.17052164673805237,0.1507328301668167,0.11752921342849731
0.07607416808605194,0.03120311349630356,-0.013959541916847229,-0.0583474226295948
-0.10187727957963943,-0.14402490854263306,-0.18334750831127167,-0.2174769639968872
-0.24276411533355713,-0.2546568512916565,-0.24941329658031464
-0.22603671252727509,-0.18729519844055176,-0.1389646977186203,-0.08786110579967499
-0.04059646278619766,-0.003341391682624817,0.018734252080321312,0.022846762090921402
0.009984415955841541,-0.014823418110609055,-0.043430399149656296,-0.066034235060215
-0.07309359312057495,-0.05760801210999489,-0.016657833009958267,0.04854254424571991
0.13304924964904785,0.22806549072265625,0.32117488980293274,0.3982870280742645
0.44721269607543945,0.4608125388622284,0.4374672472476959
0.37936100363731384,0.2910539507865906,0.1796577274799347,0.0556098073720932
-0.06808871030807495,-0.1784798800945282,-0.26505640149116516,-0.3210436999797821
-0.34438788890838623,-0.33806732296943665,-0.3085174560546875,-0.2630689740180969
-0.20851275324821472,-0.15115772187709808,-0.09691797196865082,-0.050239384174346924
-0.012806728482246399,0.0162089504301548,0.03871120512485504,0.05656963959336281
0.0713159441947937,0.08408438414335251,0.09497363865375519,0.10224494338035583
0.10280204564332962,0.09401731193065643,0.07552967965602875,0.04981017857789993
0.021413113921880722,-0.00423474982380867,-0.022149330005049706,-0.028940027579665184
-0.02294045500457287,-0.0036071930080652237,0.028351999819278717,0.06977828592061996
0.11426970362663269,0.1530994325876236,0.17756232619285583,0.1817171573638916
0.1639462262392044,0.126211017370224,0.07241076231002808,0.007787361741065979,-0.061196211725473404,-0.12783487141132355
-0.18629929423332214,-0.2315516322851181,-0.2590138912200928,-0.26576942205429077
-0.2522847652435303,-0.22211593389511108,-0.17960752546787262,-0.12810999155044556
-0.07034723460674286,-0.009862877428531647,0.048700809478759766,0.10082940757274628
0.14282722771167755,0.17137116193771362,0.18391862511634827,0.18001744151115417
0.16120745241641998,0.12942169606685638,0.08603642880916595,0.0327092781662941
-0.02719024196267128,-0.08859983831644058,-0.14589324593544006
-0.19331525266170502,-0.22514960169792175,-0.2368946671485901,-0.2269214540719986
-0.1970614641904831,-0.15142349898815155,-0.09488749504089355,-0.033067673444747925
0.026967287063598633,0.07726075500249863,0.11120430380105972,0.12586361169815063
0.12278453260660172,0.10698867589235306,0.08516138792037964,0.06435409188270569
0.05130848288536072,0.051551077514886856,0.0683021992444992,0.10171215236186981
0.14843884110450745,0.20179162919521332,0.2527172565460205
0.29170310497283936,0.31113365292549133,0.30650103092193604,0.27598124742507935
0.22017163038253784,0.14298540353775024,0.05240589380264282,-0.04069086164236069
-0.12560391426086426,-0.1942664384841919,-0.2416534721851349,-0.2657938599586487
-0.2682308554649353,-0.253831684589386,-0.22965824604034424,-0.20329080522060394
-0.18121850490570068,-0.16777458786964417,-0.16401635110378265,-0.16683700680732727
-0.16998285055160522,-0.16697067022323608,-0.15367524325847626
-0.12888500094413757,-0.09367602318525314,-0.05117975175380707,-0.0063783228397369385
0.03512308746576309,0.06890209764242172,0.09239478409290314,0.10405615717172623
0.10309816151857376,0.09083345532417297,0.07163791358470917,0.05167831480503082
0.03649446368217468,0.029848448932170868,0.03375650569796562,0.04784217104315758
0.0683392584323883,0.08858820796012878,0.10124737024307251,0.1008332297205925
0.08515572547912598,0.05513935536146164,0.013731822371482849
-0.034866515547037125,-0.08552458882331848,-0.1331086903810501,-0.1736418604850769
-0.20407302677631378,-0.22134460508823395,-0.22304323315620422,-0.2091406136751175
-0.18201953172683716,-0.14461985230445862,-0.09935638308525085,-0.048585742712020874
0.004918128252029419,0.05841471254825592,0.11004789173603058,0.15876829624176025
0.20327836275100708,0.2417004555463791,0.2725312411785126,0.2952795624732971
0.30948659777641296,0.3132479786872864,0.303459495306015
0.2780502438545227,0.23773491382598877,0.18547475337982178,0.12541009485721588
0.0629933625459671,0.004647791385650635,-0.04418637230992317,-0.08037683367729187
-0.10231813788414001,-0.10909664630889893,-0.10144861042499542,-0.08319289982318878
-0.060879431664943695,-0.041313812136650085,-0.02902430295944214,-0.025905754417181015,-0.03222654014825821,-0.04647492989897728,-0.06420612335205078,-0.07829722762107849
-0.08129782229661942,-0.06795310974121094,-0.036158181726932526
0.01308080181479454,0.07548149675130844,0.14335809648036957,0.20648452639579773
0.2543001174926758,0.27839481830596924,0.27383261919021606,0.23972727358341217
0.18012116849422455,0.10405446588993073,0.022999554872512817,-0.052999064326286316
-0.11690057814121246,-0.16366997361183167,-0.19002023339271545,-0.19594325125217438
-0.18553636968135834,-0.1655561923980713,-0.1429295539855957,-0.1231287270784378
-0.10993334650993347,-0.10540169477462769
-0.10909894108772278,-0.1179359182715416,-0.12783434987068176,-0.1352735161781311
-0.13695698976516724,-0.12937253713607788,-0.11029611527919769,-0.08092895150184631
-0.045903876423835754,-0.011096566915512085,0.018176240846514702,0.03738420456647873
0.04294366389513016,0.033593155443668365,0.011943168938159943,-0.01587444171309471
-0.04246695339679718,-0.06100397929549217,-0.06570633500814438,-0.05265793204307556
-0.021604564040899277,0.022882472723722458,0.0722990408539772
0.1168626919388771,0.1483161300420761,0.1612069308757782,0.1528356373310089
0.12343835830688477,0.07656998187303543,0.01818135380744934,-0.04524146765470505
-0.10729562491178513,-0.1610519140958786,-0.1995440423488617,-0.21788445115089417
-0.21488110721111298,-0.19234950840473175,-0.1531677097082138,-0.1006309986114502
-0.03916188329458237,0.025856979191303253,0.0893610343337059,0.1470525860786438
0.1948234736919403,0.22906875610351562,0.24831783771514893
0.2539706230163574,0.24861815571784973,0.23369725048542023,0.20929361879825592
0.17614294588565826,0.13694290816783905,0.09511607885360718,0.0529332309961319
0.011847645044326782,-0.02579626813530922,-0.05673913285136223,-0.07826454937458038
-0.0887816846370697,-0.08784997463226318,-0.07702798396348953,-0.060704730451107025
-0.045232921838760376,-0.03630795702338219,-0.03681325912475586,-0.04714804142713547
-0.06674639135599136,-0.09415978193283081,-0.12578734755516052,-0.15578265488147736
-0.17824625968933105,-0.18943147361278534,-0.1875278353691101,-0.1712638884782791
-0.14011169970035553,-0.09582267701625824,-0.04321759194135666,0.010368771851062775
0.05666187033057213,0.08828523010015488,0.1002323180437088,0.09139426052570343
0.06555508077144623,0.030109278857707977,-0.00696859136223793,-0.039195287972688675
-0.061586033552885056,-0.07043483853340149,-0.06445205211639404,-0.046022333204746246,-0.020661115646362305,0.005383403971791267
0.0274655781686306,0.0429878868162632,0.050940029323101044,0.05236871913075447
0.050693757832050323,0.0500599667429924,0.05314222723245621,0.060918327420949936
0.07361079007387161,0.09050707519054413,0.10919997841119766,0.1260528713464737
0.1376749724149704,0.14190782606601715,0.1375412791967392,0.12368419766426086
0.1003769040107727,0.0700952559709549,0.037953414022922516,0.009746424853801727
-0.010123413056135178,-0.01890476979315281,-0.014982130378484726
0.0018416894599795341,0.029441284015774727,0.06300006806850433,0.09613364189863205
0.12260439991950989,0.13715264201164246,0.13599132001399994,0.1177351176738739
0.0839308351278305,0.03819233924150467,-0.015489999204874039,-0.07330267131328583
-0.1303941160440445,-0.1800735890865326,-0.21559104323387146,-0.23310133814811707
-0.2323322743177414,-0.21475034952163696,-0.18242989480495453,-0.1388104408979416,-0.08909513056278229,-0.03881819546222687,0.007579401135444641
0.04660966247320175,0.07579150050878525,0.09503079950809479,0.10718131810426712,0.11609472334384918,0.12374915927648544,0.12947630882263184,0.13173094391822815
0.12951570749282837,0.1217145323753357,0.10627321898937225,0.08147666603326797
0.04816197603940964,0.009972140192985535,-0.028327934443950653,-0.06219010055065155
-0.08789531886577606,-0.10348807275295258,-0.1099126785993576,-0.11110245436429977,-0.11230409890413284,-0.1177511215209961,-0.12969759106636047
-0.1489103138446808,-0.17461848258972168,-0.20331676304340363,-0.22853247821331024
-0.24327874183654785,-0.2434283047914505,-0.22849556803703308,-0.19967852532863617,-0.15850356221199036,-0.10761724412441254,-0.052007101476192474,0.0012138262391090393
0.04458523169159889,0.07219487428665161,0.08075347542762756,0.07051850855350494
0.04558637738227844,0.012063436210155487,-0.024582188576459885,-0.060143835842609406
-0.09023389220237732,-0.10950231552124023,-0.11331617087125778
-0.10053080320358276,-0.07440098375082016,-0.04052404314279556,-0.004124049097299576
0.030547363683581352,0.05946086347103119,0.07931393384933472,0.0891137346625328
0.09036135673522949,0.08563786745071411,0.07803717255592346,0.07185591757297516
0.07216431200504303,0.08238975703716278,0.1022864282131195,0.12869608402252197
0.1577790379524231,0.18566128611564636,0.2077045738697052,0.21899884939193726
0.21656537055969238,0.200905442237854,0.17520442605018616
0.14362579584121704,0.11074447631835938,0.0818580836057663,0.06247987598180771
0.05631471425294876,0.0631897896528244,0.07880066335201263,0.09626635909080505
0.1082308292388916,0.10873106122016907,0.09484755992889404,0.06746667623519897
0.029998943209648132,-0.014039818197488785,-0.06209719181060791,-0.11138077825307846
-0.15740875899791718,-0.19494488835334778,-0.22047989070415497,-0.23292629420757294
-0.23197686672210693,-0.2170245498418808,-0.18824028968811035
-0.14770790934562683,-0.09850065410137177,-0.04307476431131363,0.016731034964323044
0.07863675057888031,0.1397990882396698,0.19741426408290863,0.24828428030014038
0.28766000270843506,0.3094988167285919,0.3087831139564514,0.28388428688049316
0.23664747178554535,0.17084750533103943,0.09166254103183746,0.00654563307762146
-0.07493475824594498,-0.14356401562690735,-0.19303475320339203,-0.22017303109169006
-0.22410640120506287,-0.20669642090797424,-0.17345136404037476
-0.13270162045955658,-0.09306566417217255,-0.061387382447719574,-0.042228855192661285
-0.03750373423099518,-0.04534580558538437,-0.05990925431251526,-0.07376439869403839
-0.08139002323150635,-0.08044137060642242,-0.07020606100559235,-0.050155699253082275
-0.020673897117376328,0.01533455215394497,0.05240965634584427,0.08425746858119965
0.10525192320346832,0.1109950989484787,0.09925983846187592,0.07139067351818085
0.0319865420460701,-0.013556383550167084,-0.060786984860897064
-0.10544119030237198,-0.14214038848876953,-0.16530752182006836,-0.17196688055992126
-0.1634296178817749,-0.14407704770565033,-0.11881116032600403,-0.09182491898536682
-0.0667039230465889,-0.04597260802984238,-0.029993265867233276,-0.01701025664806366
-0.004726117476820946,0.008627524599432945,0.024737907573580742,0.04532523825764656,0.07078209519386292,0.09920982271432877,0.1275099217891693,0.1531488597393036
0.17432504892349243,0.1888694018125534,0.19434937834739685
0.18999134004116058,0.1779460608959198,0.16189973056316376,0.14450426399707794
0.1267821490764618,0.10969052463769913,0.09487025439739227,0.08349482715129852,0.07523003220558167,0.06870906800031662,0.06256762146949768,0.05539136752486229
0.04481944069266319,0.027709640562534332,0.0017751380801200867,-0.033095650374889374
-0.07524546980857849,-0.12247996032238007,-0.172054722905159,-0.21961286664009094,-0.25967711210250854,-0.28805673122406006,-0.30316948890686035
0.021589890122413635,0.0007945048273541033,0.040279142558574677,0.12488424777984619,0.2224019467830658,0.29614293575286865,0.3185104429721832,0.28149715065956116,0.19976122677326202,0.1042066216468811,0.02926703914999962,4.319011713960208e-05,0.024171624332666397
0.09035569429397583,0.17315109074115753,0.24246355891227722,0.27455300092697144,0.2599487602710724,0.20576292276382446,0.13191188871860504,0.062297165393829346
0.015524334274232388,1.014750637295947e-06,0.01392762828618288,0.047778189182281494
0.08769993484020233,0.11952082812786102,0.13257530331611633,0.122336246073246
0.0917230024933815,0.05108823627233505,0.01573486067354679,0.00012188329128548503
0.010915279388427734,0.04309734329581261,0.08183550834655762
0.10922469943761826,0.11245156824588776,0.0896514430642128,0.0509977713227272
0.014802183955907822,3.395296062080888e-06,0.0167293269187212,0.05902116000652313
0.10587367415428162,0.1319430023431778,0.1218537837266922,0.07971204817295074
0.028648825362324715,0.0004902724758721888,0.02017238922417164,0.09216299653053284
0.19603881239891052,0.29420584440231323,0.34848952293395996,0.33734074234962463
0.2649044990539551,0.15873844921588898,0.05894884467124939
0.003829048713669181,0.016266334801912308,0.09422651678323746,0.21018418669700623
0.3216480314731598,0.3877251148223877,0.3843770921230316,0.31315523386001587
0.20071138441562653,0.08833279460668564,0.015116647817194462,0.003296045120805502
0.05110589414834976,0.1338185966014862,0.21340441703796387,0.25444427132606506
0.23923374712467194,0.17497868835926056,0.09030548483133316,0.022515758872032166,0.0002012297627516091,0.029360435903072357,0.09116185456514359
0.15252824127674103,0.18273814022541046,0.16749589145183563,0.11480312049388885
0.05061182752251625,0.006612935569137335,0.005608720239251852,0.050430912524461746
0.12199393659830093,0.1881003975868225,0.2185666412115097,0.19927233457565308
0.13855205476284027,0.06365197896957397,0.009677475318312645,0.0055384524166584015
0.0621027797460556,0.16745704412460327,0.290951132774353,0.3935284912586212
0.4408300220966339,0.4160045087337494,0.3272954523563385
0.205252543091774,0.09023628383874893,0.01679590903222561,0.0018402396235615015
0.040611594915390015,0.1110505685210228,0.18389718234539032,0.2335980236530304
0.24577371776103973,0.21987341344356537,0.16701702773571014,0.10426633059978485
0.04838675633072853,0.011644473299384117,3.153872239636257e-05,0.012712542898952961
0.04221688583493233,0.07643026113510132,0.10231524705886841,0.10987602174282074
0.09550287574529648,0.06411873549222946,0.028456419706344604
0.004128982778638601,0.0023088871967047453,0.023828987032175064,0.05807986482977867
0.08802744001150131,0.09868062287569046,0.08437320590019226,0.05167152360081673
0.0170321986079216,0.00010412439587526023,0.01417284831404686,0.05738857761025429
0.11114881187677383,0.14875105023384094,0.1498613953590393,0.11232298612594604
0.054822783917188644,0.008999485522508621,0.004461873322725296,0.053760502487421036
0.14493918418884277,0.2455146610736847,0.5624902248382568
0.5738363265991211,0.5280654430389404,0.42957258224487305,0.2875819206237793
0.11510062217712402,-0.07172375917434692,-0.25444990396499634,-0.4143473207950592
-0.5349841117858887,-0.6041655540466309,-0.6149653196334839,-0.5663267374038696,-0.46359238028526306,-0.3183152675628662,-0.14645272493362427,0.03408093750476837,0.2049621194601059,0.3486134707927704,0.4500172734260559,0.4988080561161041,0.49064671993255615,0.4275016188621521,0.31729429960250854
0.1732967495918274,0.012914299964904785,-0.1444467455148697,-0.27991774678230286
-0.3774927854537964,-0.42587798833847046,-0.419716477394104,-0.3602220118045807
-0.25508683919906616,-0.11744451522827148,0.03578609228134155,0.18595334887504578
0.3150497078895569,0.40789300203323364,0.4538148045539856,0.44774502515792847
0.3905133605003357,0.28851985931396484,0.15274494886398315,-0.002858370542526245
-0.16295738518238068,-0.312162846326828,-0.436100572347641
-0.5221887826919556,-0.5606889724731445,-0.5464222431182861,-0.48026877641677856
-0.369215190410614,-0.22503668069839478,-0.06255972385406494,0.10225565731525421,0.25434035062789917,0.3811718821525574,0.47377991676330566,0.5269885659217834
0.539210855960846,0.512213945388794,0.4506007730960846,0.3609617352485657
0.2509806752204895,0.1286756992340088,0.002328529953956604,-0.11908560991287231
-0.22624537348747253,-0.3107173442840576,-0.36584731936454773
-0.38690459728240967,-0.37128615379333496,-0.31937527656555176,-0.23544535040855408
-0.12765702605247498,-0.007431834936141968,0.1114150881767273,0.21448808908462524
0.2892266511917114,0.32653719186782837,0.32152414321899414,0.2738147974014282
0.18760350346565247,0.07176578044891357,-0.060025930404663086,-0.1902695745229721
-0.300264835357666,-0.3734831213951111,-0.3983587920665741,-0.3699386417865753
-0.29049184918403625,-0.169157475233078,-0.02056466042995453
0.13723905384540558,0.28498342633247375,0.40447932481765747,0.4811766743659973
0.5061716437339783,0.47676172852516174,0.395908385515213,0.2713824510574341
0.11496365070343018,-0.058303892612457275,-0.2312716543674469,-0.38649722933769226,-0.5082480907440186
-0.5841545462608337,-0.6063821315765381,-0.5725899338722229,-0.4866117238998413
-0.3581772446632385,-0.20130926370620728,-0.03224644064903259,0.13195933401584625
0.27448827028274536,0.38042259216308594,0.43883299827575684,0.4442884922027588
0.3972899317741394,0.3040490746498108,0.176028311252594,0.02875635027885437
-0.12012897431850433,-0.25284650921821594,-0.35341328382492065,-0.4095946252346039
-0.41437676548957825,-0.36683717370033264,-0.2722548842430115,-0.14144021272659302
0.010435685515403748,0.16569016873836517,0.30642184615135193,0.41651004552841187
0.48333272337913513,0.4992813766002655,0.46264591813087463,0.3776266276836395
0.25354015827178955
0.10355153679847717,-0.056737110018730164,-0.21089470386505127,-0.3433219790458679
-0.4405420422554016,-0.49233317375183105,-0.4931802749633789,-0.4435409903526306
-0.349784255027771,-0.22272256016731262,-0.07574063539505005,0.07696959376335144
0.22200657427310944,0.347872793674469,0.4454922676086426,0.5084357261657715
0.5331804752349854,0.5193536877632141,0.4696766138076782,0.38958612084388733
0.28646647930145264,0.16865113377571106,0.04497162997722626
-0.07529494911432266,-0.18310780823230743,-0.2706666886806488,-0.3316984176635742
-0.3612395226955414,-0.35588890314102173,-0.314831018447876,-0.24090391397476196
-0.1409117579460144,-0.025347590446472168,0.09231674671173096,0.19739583134651184
0.27651092410087585,0.3195452392101288,0.320645272731781,0.27864888310432434,0.19714882969856262,0.08447559177875519,-0.04641830921173096,-0.1789017617702484,-0.29487344622612,-0.377701997756958,-0.4149390459060669
-0.4001826345920563,-0.3339637517929077,-0.2235223650932312,-0.08157482743263245
0.07519828528165817,0.22771358489990234,0.3567090332508087,0.44568127393722534
0.48350369930267334,0.46566247940063477,0.39403724670410156,0.2759239673614502
0.12301582098007202,-0.049447208642959595,-0.22392719984054565,-0.38262706995010376
-0.5096310973167419,-0.5923854112625122,-0.6226564049720764,-0.5974105596542358
-0.5193243026733398,-0.3962729275226593,-0.24010157585144043
-0.06565368175506592,0.10984131693840027,0.26796913146972656,0.3914128243923187
0.46659886837005615,0.4856918752193451,0.4475259780883789,0.357718825340271
0.22809475660324097,0.07507872581481934,-0.08267457038164139,-0.2266211360692978
-0.3403797745704651,-0.4113624393939972,-0.43188709020614624,-0.3999584913253784
-0.31945812702178955,-0.19959914684295654,-0.05403029918670654,0.10059039294719696
0.24658316373825073,0.36716872453689575,0.4482845664024353
0.4803743064403534,0.45961788296699524,0.3881821036338806,0.2736552357673645
0.12817734479904175,-0.03265133500099182,-0.19153332710266113,-0.33177661895751953,-0.43922680616378784,-0.5034359693527222,-0.5186105370521545,-0.4844402074813843,-0.40594765543937683,-0.29213041067123413,-0.15436169505119324,-0.0051718950271606445
0.14277566969394684,0.27750882506370544,0.3882972002029419,0.46636492013931274
0.5059270858764648,0.5050033926963806,0.4656315743923187
0.3934749364852905,0.2967669367790222,0.18496763706207275,0.06778042018413544
-0.04559173434972763,-0.14720618724822998,-0.23068828880786896,-0.29075711965560913
-0.32262665033340454,-0.32224592566490173,-0.28738558292388916,-0.21888986229896545
-0.12169235944747925,-0.005302503705024719,0.11672376096248627,0.22866812348365784
0.3155279755592346,0.36567628383636475,0.37228143215179443,0.3337373435497284
0.25385212898254395,0.1416899859905243,0.01059715449810028
-0.12330388277769089,-0.2428491711616516,-0.33204320073127747,-0.3784807622432709
-0.3751673698425293,-0.32131221890449524,-0.22214636206626892,-0.08812212944030762
0.06600400805473328,0.22219642996788025,0.3609030842781067,0.463806688785553
0.5168225765228271,0.5122114419937134,0.4492170810699463,0.3336058259010315
0.17680874466896057,-0.005323886871337891,-0.19442012906074524,-0.371743381023407
-0.5200769901275635,-0.6251867413520813,-0.676905632019043
-0.6700437664985657,-0.6051620244979858,-0.48872071504592896,-0.3322847783565521
-0.15145757794380188,0.03511163592338562,0.2074960172176361,0.3471384048461914
0.43934550881385803,0.47502070665359497,0.4516695737838745,0.3738384246826172
0.25265222787857056,0.10410195589065552,-0.05306844413280487,-0.19916895031929016
-0.3156673312187195,-0.3877142071723938,-0.40619561076164246,-0.3687199056148529
-0.2795616090297699,-0.14890244603157043,0.008209511637687683
0.17310842871665955,0.32535791397094727,0.44539588689804077,0.5174199342727661
0.5316246747970581,0.48526474833488464,0.38250425457954407,0.2332998514175415
0.051709115505218506,-0.14584878087043762,-0.34186577796936035,-0.5185517072677612
-0.6588228940963745,-0.7479909658432007,-0.7758456468582153,-0.7382530570030212
-0.6377360820770264,-0.4832838773727417,-0.28953123092651367,-0.07482624053955078
0.14152637124061584,0.34138330817222595,0.5086460709571838
0.6299127340316772,0.6957341432571411,0.7018799781799316,0.6496317982673645
0.5451511740684509,0.39847421646118164,0.22242426872253418,0.03164929151535034
-0.1582135707139969,-0.3314863443374634,-0.47359201312065125,-0.5721797943115234
-0.6180727481842041,-0.6061603426933289,-0.5361828804016113,-0.41314268112182617
-0.24745523929595947,-0.05488079786300659,0.14444796741008759,0.32845520973205566
0.4764808118343353,0.572424590587616,0.6068328619003296,0.5776627063751221,0.48993104696273804,0.35486093163490295,0.18905946612358093,0.013364404439926147
-0.14947642385959625,-0.27818092703819275,-0.35622310638427734,-0.3740447163581848
-0.32989734411239624,-0.22946912050247192,-0.08481115102767944,0.08675681054592133
0.26394182443618774,0.4238785207271576,0.5455373525619507,0.6129382848739624
0.6172216534614563,0.5573142766952515,0.4393441379070282,0.2751566767692566,0.08047977089881897,-0.12655381858348846
-0.32634568214416504,-0.4989479184150696,-0.626009464263916,-0.6932669281959534
-0.6926794648170471,-0.6235083341598511,-0.49226218461990356,-0.312014639377594
-0.10161656141281128,0.11564774811267853,0.3148376941680908,0.47314760088920593
0.5733075141906738,0.6056783199310303,0.5688633918762207,0.46903887391090393
0.31838732957839966,0.133279949426651,-0.0670018196105957,-0.26111289858818054
-0.4272395074367523,-0.5458840727806091,-0.6028268933296204
-0.5911285877227783,-0.5117828845977783,-0.37328627705574036,-0.19071894884109497
0.015468746423721313,0.22145536541938782,0.4030819237232208,0.5392982959747314
0.6150542497634888,0.6229778528213501,0.5636799335479736,0.4448871612548828
0.27976834774017334,0.08493596315383911,-0.12122154235839844,-0.3194616436958313
-0.4904146194458008,-0.6161356568336487,-0.6825320720672607,-0.6815900802612305
-0.6124736666679382,-0.4814074635505676,-0.30059707164764404
-0.08643525838851929,0.14251886308193207,0.3670489490032196,0.5680654048919678
0.7277437448501587,0.8318829536437988,0.872063398361206,0.8459980487823486
0.7567896842956543,0.6121975183486938,0.42382872104644775,0.2060096263885498
-0.025498688220977783,-0.2544572949409485,-0.4644303619861603,-0.6389913558959961
-0.7629127502441406,-0.8243498802185059,-0.8169578909873962,-0.7410798072814941
-0.6040738224983215,-0.42030078172683716,-0.2104405164718628
0.0008480846881866455,0.188747838139534,0.3321864902973175,0.41666948795318604
0.43564221262931824,0.3904588222503662,0.28941309452056885,0.14663058519363403
-0.018824756145477295,-0.18445688486099243,-0.3272446393966675,-0.42726749181747437
-0.47069117426872253,-0.4513896703720093,-0.3711777627468109,-0.23901879787445068
-0.06988391280174255,0.11642433702945709,0.29713088274002075,0.44952720403671265
0.5544503927230835,0.5990240573883057,0.5780528783798218
0.4940475523471832,0.356152206659317,0.17851072549819946,-0.02124658226966858
-0.22321444749832153,-0.4065820574760437,-0.5515732169151306,-0.6418880820274353
-0.6670160293579102,-0.6236424446105957,-0.5158565044403076,-0.35456645488739014
-0.15683513879776,0.05514049530029297,0.25652197003364563,0.4236280918121338
0.5375684499740601,0.5866621732711792,0.5673866271972656,0.48399436473846436
0.3471486568450928,0.17225849628448486,-0.02165791392326355
-0.2128441333770752,-0.3787144124507904,-0.4990089535713196,-0.5589272975921631
-0.5511369705200195,-0.4763786792755127,-0.34298887848854065,-0.16598090529441833
0.03413909673690796,0.23343877494335175,0.40777498483657837,0.5363694429397583
0.6046760082244873,0.6059389114379883,0.5413632392883301,0.41914016008377075
0.25276437401771545,0.05909249186515808,-0.1434726119041443,-0.3361678719520569
-0.5004986524581909,-0.6193897724151611,-0.6793122291564941
-0.6724501848220825,-0.5979359149932861,-0.4619062542915344,-0.27653709053993225
-0.058312684297561646,0.17397846281528473,0.4007381498813629,0.602371335029602
0.7605788111686707,0.8609617948532104,0.8954260349273682,0.8625643849372864
0.7666290402412415,0.6164394617080688,0.4243621230125427,0.20510810613632202
-0.025483638048171997,-0.2512175142765045,-0.45583340525627136,-0.6235040426254272
-0.7400803565979004,-0.7949023842811584,-0.7825283408164978
-0.703843891620636,-0.5666139125823975,-0.38562071323394775,-0.18173032999038696
0.02079671621322632,0.19816310703754425,0.3307007849216461,0.4053918123245239
0.4169583022594452,0.3676498830318451,0.2660987675189972,0.12596121430397034
-0.03495357930660248,-0.19560837745666504,-0.3339891731739044,-0.4305165410041809
-0.4711611866950989,-0.4492875933647156,-0.3661397099494934,-0.23029065132141113
-0.05652567744255066,0.13548637926578522,0.3230380117893219
0.48326683044433594,0.5965946316719055,0.6495538949966431,0.6363008618354797
0.5587491989135742,0.42557579278945923,0.25048404932022095,0.05039781332015991
-0.15558162331581116,-0.3467739224433899,-0.5025102496147156,-0.6049864292144775
-0.6420985460281372,-0.6091723442077637,-0.5093403458595276,-0.3529479205608368
-0.15668809413909912,0.057606086134910583,0.265441358089447,0.44323477149009705
0.5715727806091309,0.6374168395996094,0.6352418065071106
0.5670813918113708,0.4415760040283203,0.27257516980171204,0.07813161611557007
-0.12027765065431595,-0.299597829580307,-0.43841084837913513,-0.5202675461769104
-0.5359565019607544,-0.4843590259552002,-0.37204256653785706,-0.2121557593345642
-0.0233345627784729,0.17166543006896973,0.3486045300960541,0.485418438911438,0.5655330419540405,0.5799028873443604,0.5275871753692627
0.4150598347187042,0.25468236207962036,0.06291380524635315,-0.14141303300857544
-0.33876243233680725,-0.510307788848877,-0.6390712261199951,-0.7113980650901794
-0.7187774777412415,-0.6591641902923584,-0.5372682213783264,-0.3638516664505005
-0.15424257516860962,0.0735478401184082,0.3003954291343689,0.5070056319236755
0.6750372052192688,0.7890119552612305,0.8382781744003296,0.8182256817817688
0.7306713461875916,0.583470344543457,0.38940882682800293,0.1645854115486145
-0.07342234253883362,-0.3070802092552185,-0.5194611549377441
-0.6942141056060791,-0.8163214921951294,-0.874047040939331,-0.8610258102416992
-0.7775721549987793,-0.6312673091888428,-0.4371112585067749,-0.21657854318618774
0.005176067352294922,0.20325148105621338,0.35669004917144775,0.4511014223098755
0.47992581129074097,0.44437962770462036,0.35253649950027466,0.21834012866020203
0.06077730655670166,-0.09772094339132309,-0.2343091517686844,-0.3293604254722595
-0.3693769574165344,-0.3485305905342102,-0.2688291072845459
-0.13937032222747803,0.024574846029281616,0.20270949602127075,0.3720096945762634
0.5101925134658813,0.5991858243942261,0.6275863647460938,0.5917336940765381
0.4954654276371002,0.3488636910915375,0.1663873791694641,-0.0351489782333374
-0.23807555437088013,-0.42442014813423157,-0.5763283371925354,-0.6776082515716553
-0.7161954641342163,-0.6862480640411377,-0.5890779495239258,-0.43308472633361816
-0.23326361179351807,-0.010168284177780151,0.21230894327163696
0.4101235568523407,0.5623306035995483,0.6537383198738098,0.676546573638916
0.6307536959648132,0.5234334468841553,0.3673643171787262,0.17980653047561646
-0.01837921142578125,-0.20424725115299225,-0.3556059002876282,-0.4543818235397339
-0.4892241954803467,-0.4567422866821289,-0.3614051043987274,-0.21458715200424194
-0.03352424502372742,0.15989148616790771,0.3414676785469055,0.4882592558860779
0.5820661783218384,0.6118195056915283,0.5745190382003784
0.4748380780220032,0.32373544573783875,0.13653934001922607,-0.06897000968456268
-0.27419015765190125,-0.4610394537448883,-0.6129589080810547,-0.7157471179962158
-0.7587427496910095,-0.7362956404685974,-0.6488026976585388,-0.5028319358825684
-0.31035441160202026,-0.08728951215744019,0.14809873700141907,0.37640103697776794
0.5784890651702881,0.7377411127090454,0.8417841196060181,0.8829327821731567
0.8582847714424133,0.7699753046035767,0.6251274943351746
0.4351910352706909,0.2147383987903595,-0.019943296909332275,-0.2518296241760254
-0.46341338753700256,-0.6371375918388367,-0.7570763230323792,-0.8114569783210754
-0.7947393655776978,-0.7086946964263916,-0.5628632307052612,-0.3744157552719116
-0.16651731729507446,0.03514060378074646,0.20653463900089264,0.3288413882255554
0.39059585332870483,0.38837313652038574,0.3262832760810852,0.2150004506111145
0.07099178433418274,-0.08460202813148499,-0.22856761515140533
-0.3393830955028534,-0.4006497263908386,-0.40321967005729675,-0.34588974714279175
-0.23501470685005188,-0.0836932361125946,0.08929135650396347,0.26147714257240295
0.4099956452846527,0.5152089595794678,0.5635491609573364,0.5489975214004517
0.4731864929199219,0.34439533948898315,0.17582419514656067,-0.01646283268928528
-0.21533218026161194,-0.403378427028656,-0.5630765557289124,-0.6777675151824951
-0.7338994741439819,-0.723384439945221,-0.6450017094612122
-0.5046389102935791,-0.31475555896759033,-0.0933775007724762,0.13757112622261047
0.3546774685382843,0.5357966423034668,0.6627644300460815,0.72364342212677
0.7139765024185181,0.6368317604064941,0.5020208358764648,0.325283944606781,0.1274833381175995,-0.06727948784828186,-0.23503291606903076,-0.35567665100097656,-0.41580381989479065,-0.4100905656814575,-0.341300368309021,-0.21933165192604065,-0.06005638837814331,0.11590075492858887
0.2852591276168823,0.42533835768699646,0.5175100564956665,0.549745500087738
0.5177876949310303,0.42498522996902466,0.28108862042427063,0.10040104389190674
-0.10027869045734406,-0.30339762568473816,-0.4917566180229187,-0.6492310762405396
-0.7615429162979126,-0.8173191547393799,-0.8094468116760254,-0.7363079786300659
-0.6023030281066895,-0.4174683690071106,-0.19632717967033386,0.04371631145477295
0.28410235047340393,0.506913423538208,0.6963358521461487
0.8391119241714478,0.9245874285697937,0.9454626441001892,0.8990433216094971
0.7880913615226746,0.6208136677742004,0.4100046753883362,0.17172864079475403
-0.07581397891044617,-0.31303539872169495,-0.519961416721344,-0.6780949234962463
-0.7728809714317322,-0.7958900928497314,-0.7460255026817322,-0.6298249363899231
-0.46131640672683716,-0.2611733078956604,-0.05434420704841614,0.13372763991355896
0.2810484766960144,0.3720293641090393,0.3989889323711395
0.3622492551803589,0.2694193720817566,0.13475483655929565,-0.021666839718818665
-0.17627406120300293,-0.305845707654953,-0.39134982228279114,-0.4205857515335083
-0.38934388756752014,-0.3013239800930023,-0.167417973279953,-0.004754677414894104
0.16501453518867493,0.3187660574913025,0.4356396198272705,0.5001933574676514
0.504248857498169,0.44732511043548584,0.33588698506355286,0.18177741765975952
0.0003033280372619629,-0.19141992926597595,-0.37546712160110474
0.6297993659973145,0.6248273849487305,0.5135971307754517,0.3356984853744507,0.15378539264202118,0.030146362259984016,0.0028679349925369024,0.07021339982748032,0.1915726363658905,0.30640506744384766,0.36191603541374207,0.3356373608112335,0.24316373467445374
0.12804795801639557,0.03811360523104668,0.0009133025305345654,0.012840009294450283
0.04674437642097473,0.07087963074445724,0.06704121083021164,0.03884538263082504
0.008011572062969208,0.0025778713170439005,0.04311331361532211,0.13150615990161896
0.24619920551776886,0.3480340838432312,0.3965594172477722,0.3693150579929352
0.27393439412117004,0.1469298154115677,0.03995319455862045,0.00011284829815849662
0.05301707983016968,0.19472035765647888,0.39312875270843506
0.5960023999214172,0.7445690631866455,0.7919008731842041,0.7203002572059631
0.5495434999465942,0.3315558135509491,0.13347099721431732,0.01597725972533226
0.015143372118473053,0.13358113169670105,0.3422011137008667,0.589306652545929
0.8128225803375244,0.9541927576065063,0.9735044240951538,0.8625604510307312
0.650367259979248,0.39671099185943604,0.17287351191043854,0.03475787118077278
0.0011446818243712187,0.04943917691707611,0.13059671223163605
0.19372060894966125,0.20738378167152405,0.16894149780273438,0.1004626452922821
0.03541100397706032,0.0019073745934292674,0.009092776104807854,0.043377213180065155
0.07731399685144424,0.08626149594783783,0.06323280185461044,0.023966675624251366,0.00018657439795788378,0.024527624249458313,0.11301945894956589,0.252832293510437,0.40338730812072754,0.5124785900115967,0.5394278764724731,0.47322511672973633,0.33718982338905334,0.17920809984207153,0.053276896476745605
0.0004405456711538136,0.03470896929502487,0.13707219064235687,0.2612611651420593
0.35212159156799316,0.3694641888141632,0.305668443441391,0.18873172998428345
0.07011467218399048,0.0036905452143400908,0.025027606636285782,0.13773959875106812
0.31008872389793396,0.48431774973869324,0.5979634523391724,0.6089789867401123
0.5129309296607971,0.3446826636791229,0.1648014634847641,0.03654760122299194
0.001198902609758079,0.06094183772802353,0.17834588885307312
0.2942512333393097,0.35510581731796265,0.33598145842552185,0.24930007755756378,0.13615497946739197,0.043978046625852585,0.002118677133694291,0.00962224043905735,0.04122434929013252,0.06550408899784088,0.06331553310155869,0.03698189556598663
0.007446653675287962,0.002878247993066907,0.04478231817483902,0.13639865815639496
0.257243812084198,0.3680233359336853,0.4263814389705658,0.4065890312194824
0.3129033148288727,0.17982403934001923,0.05932050943374634
0.0011486558942124248,0.034971900284290314,0.16096197068691254,0.35015469789505005,0.5520032644271851,0.7076765894889832,0.7681342959403992,0.7118385434150696,0.5541504621505737,0.343466579914093,0.14538885653018951,0.021405665203928947,0.010225015692412853,0.11790798604488373,0.3184790313243866,0.5622498393058777,0.7879871726036072,0.9369998574256897,0.9680489301681519,0.8702347874641418,0.6691673398017883,0.4216347336769104,-0.4436458945274353
-0.22297173738479614,-0.011107861995697021,0.17013564705848694,0.303973913192749
0.3804268538951874,0.396803081035614,0.357178270816803,0.27149197459220886
0.15476346015930176,0.02604462206363678,-0.09370419383049011,-0.1847420036792755
-0.23164483904838562,-0.2254323661327362,-0.1644151359796524,-0.053856149315834045
0.09513920545578003,0.2667674720287323,0.4415825307369232,0.5983363389968872
0.716938853263855,0.7816039323806763,0.7831087112426758
0.7197259664535522,0.5968916416168213,0.42590999603271484,0.22217953205108643
0.0036377906799316406,-0.21016551554203033,-0.39898180961608887,-0.5437129735946655
-0.6290556192398071,-0.645862340927124,-0.5923991203308105,-0.4743541479110718
-0.30379435420036316,-0.09741330146789551,0.1252867877483368,0.34332773089408875
0.5354726910591125,0.6821334362030029,0.7678713202476501,0.7835657000541687
0.7275245785713196,0.6054365038871765,0.4296115040779114
0.21803846955299377,-0.006886333227157593,-0.22061151266098022,-0.39969348907470703
-0.5251691937446594,-0.5850417613983154,-0.5755470395088196,-0.5015679001808167
-0.3764238953590393,-0.2204497754573822,-0.05787041783332825,0.08731253445148468
0.19508777558803558,0.25197651982307434,0.25211724638938904,0.19705340266227722
0.09455834329128265,-0.04300456494092941,-0.20007438957691193,-0.3587178587913513
-0.4996216297149658,-0.604135274887085,-0.6570611000061035
-0.6490680575370789,-0.5779644250869751,-0.4487364888191223,-0.27255338430404663
-0.06499126553535461,0.15614354610443115,0.37277328968048096,0.5676649808883667
0.7248417139053345,0.830276608467102,0.873389482498169,0.8487358093261719
0.7570404410362244,0.6052185297012329,0.4054566025733948,0.17363601922988892
-0.07255388796329498,-0.31543973088264465,-0.5386855006217957,-0.7278399467468262
-0.8704308867454529,-0.9562832713127136,-0.9783451557159424
-0.9338772892951965,-0.8258674144744873,-0.6642194986343384,-0.46570920944213867
-0.2520410418510437,-0.0464666485786438,0.12986347079277039,0.260783851146698
0.33675920963287354,0.35529953241348267,0.3205200731754303,0.24244391918182373,0.1362779438495636
0.021101415157318115,-0.08261439204216003,-0.15624921023845673,-0.18594945967197418
-0.1644355207681656,-0.09155197441577911,0.0262918621301651,0.17739275097846985
0.3459891080856323,0.5132752656936646,0.6590514779090881,0.7644454836845398
0.8148766756057739,0.8022051453590393,0.7255992293357849,0.5911651253700256
0.41063958406448364,0.19960039854049683,-0.024172455072402954,-0.24170885980129242
-0.43361470103263855,-0.5815273523330688,-0.6704416871070862,-0.6910333633422852
-0.6410612463951111,-0.5255619883537292,-0.3559790849685669,-0.14854907989501953
0.07748529314994812,0.3013002276420593,0.501731812953949,0.6590129137039185,0.7571112513542175
0.7859393358230591,0.7426555156707764,0.6318271160125732,0.46481478214263916
0.25887253880500793,0.03590661287307739,-0.17966432869434357,-0.36407196521759033
-0.4976094961166382,-0.5672661662101746,-0.5681394338607788,-0.5039174556732178
-0.3867439031600952,-0.23600217700004578,-0.07543528079986572,0.07087249308824539,0.18234720826148987,0.244644895195961,0.2509291172027588,0.201820507645607,0.1043345183134079,-0.029728397727012634,-0.1852775514125824
-0.3448769152164459,-0.48962754011154175,-0.6009055376052856,-0.662969708442688,-0.6654611229896545,-0.6049079895019531,-0.48500263690948486,-0.31580519676208496,-0.11212268471717834,0.10857631266117096,0.3281343877315521,0.5289806127548218,0.6947383880615234,0.8109375238418579,0.8663721084594727,0.8547250628471375,0.7756912112236023,0.6351599097251892,0.444449245929718,0.21883392333984375,-0.02429327368736267,-0.2672558128833771,-0.4934917390346527
-0.68822181224823,-0.838676929473877,-0.9345433115959167,-0.9688432812690735
-0.9390069842338562,-0.8479605317115784,-0.704940915107727,-0.5253273248672485
-0.32893067598342896,-0.13703131675720215,0.030875101685523987,0.15969493985176086
0.24029794335365295,0.27007681131362915,0.25276339054107666,0.1978112906217575
0.11948174238204956,0.03530341386795044,-0.036421194672584534,-0.07960613071918488
-0.08290845155715942,-0.04117301106452942,0.04428311809897423
0.16639235615730286,0.3136690855026245,0.4714174270629883,0.6225684285163879
0.7489686608314514,0.8337182998657227,0.8638972640037537,0.8326176404953003
0.7398757934570312,0.5922139286994934,0.4014739990234375,0.1830388605594635
-0.045907020568847656,-0.2675113081932068,-0.46380650997161865,-0.6175717115402222
-0.7141395807266235,-0.743635356426239,-0.7026469111442566,-0.5947848558425903
-0.43014800548553467,-0.22396233677864075,0.005125075578689575
0.23652856051921844,0.4489665627479553,0.6220876574516296,0.7387436628341675
0.7873073816299438,0.7632231712341309,0.6694694757461548,0.5161986351013184
0.3199269771575928,0.10220205783843994,-0.11262911558151245,-0.30056318640708923
-0.44132503867149353,-0.5210554599761963,-0.5338049530982971,-0.4820515513420105
-0.3766183853149414,-0.235667884349823,-0.08212101459503174,0.06019569933414459
0.17044106125831604,0.23363609611988068,0.2421303540468216
0.19572041928768158,0.10070990025997162,-0.03165288269519806,-0.18674618005752563
-0.3476586937904358,-0.496037095785141,-0.6135327219963074,-0.6841243505477905
-0.6965959072113037,-0.6462500691413879,-0.5354558825492859,-0.3730918765068054
-0.17311257123947144,0.04744943976402283,0.2705227732658386,0.47843918204307556
0.6546651721000671,0.7844629287719727,0.8560340404510498,0.8619857430458069
0.8005357384681702,0.6759553551673889,0.4980899691581726
0.28111332654953003,0.04182061553001404,-0.20219756662845612,-0.434071809053421,-0.6384923458099365,-0.802072286605835,-0.9139115214347839,-0.9665926694869995,-0.9572210311889648,-0.8881968259811401,-0.767627477645874,-0.6090843081474304,-0.4302508234977722,-0.2504701018333435,-0.08788880705833435,0.04297707974910736
0.132904052734375,0.17887364327907562,0.18418169021606445,0.15770849585533142
0.11258746683597565,0.06436865776777267,0.028610385954380035
0.018311791121959686,0.04192241653800011,0.10232659429311752,0.19682462513446808
0.317987322807312,0.4550119936466217,0.5948705673217773,0.7229182720184326
0.8237065076828003,0.882802426815033,0.8892030119895935,0.837292492389679
0.7277342677116394,0.5672434568405151,0.36747199296951294,0.14334234595298767
-0.08871141076087952,-0.31196993589401245,-0.5098807215690613,-0.6664755344390869
-0.7676793336868286,-0.8033769130706787,-0.7692593932151794
-0.6676968932151794,-0.5075100660324097,-0.302864134311676,-0.07169535756111145
0.16579847037792206,0.3884392976760864,0.5755963325500488,0.7093278169631958
0.7767211198806763,0.7716371417045593,0.6954571008682251,0.5570234656333923
0.3720248341560364,0.16165652871131897,-0.049736931920051575,-0.2379125952720642
-0.3821711540222168,-0.46808570623397827,-0.48901212215423584,-0.4465429186820984
-0.35037171840667725,-0.21746578812599182,-0.06985408067703247
0.06896749138832092,0.17792412638664246,0.2414044588804245,0.2509427070617676,0.20553213357925415,0.11082243919372559,-0.02240513265132904,-0.17993751168251038,-0.3454095721244812,-0.5010960698127747,-0.6289552450180054,-0.7125582695007324,-0.7395279407501221,-0.7035238742828369,-0.6051421761512756,-0.45167672634124756
-0.255950391292572,-0.03447443246841431,0.1946108043193817,0.41318830847740173
0.6041938662528992,0.7524398565292358,0.845622181892395,0.8754605650901794
0.8387066125869751,0.7377021908760071,0.5802331566810608,0.3786556124687195
0.14848041534423828,-0.0933084487915039,-0.32981449365615845,-0.5452686548233032
-0.7255886793136597,-0.8590203523635864,-0.9371611475944519,-0.9559752941131592
-0.9163914918899536,-0.8245431780815125,-0.6916624903678894,-0.5331732034683228
-0.3666914701461792,-0.20942750573158264,-0.0757952630519867,0.024389460682868958,0.087087482213974,0.11439593136310577
0.11388503015041351,0.09713966399431229,0.07782702147960663,0.06941988319158554
0.08292458951473236,0.125169038772583,0.19796086847782135,0.2981475293636322
0.41846251487731934,0.5487843751907349,0.6771782636642456,0.7904420495033264
0.8747879266738892,0.9174041152000427,0.9086211323738098,0.8437543511390686
0.7239924669265747,0.5562160611152649,0.3519477844238281,0.12576618790626526
-0.10642415285110474,-0.32874739170074463,-0.5259184837341309
-0.6833614110946655,-0.7878987789154053,-0.8294230699539185,-0.8028102517127991
-0.709119975566864,-0.555720329284668,-0.35546767711639404,-0.1253211498260498,0.11510732769966125,0.3448489010334015,0.5430693626403809,0.6911314725875854
0.774954080581665,0.7869254946708679,0.7269022464752197,0.6024236679077148
0.42833173274993896,0.22550472617149353,0.018357664346694946,-0.16862300038337708
-0.31444329023361206,-0.4043543338775635,-0.43132877349853516
-0.39637407660484314,-0.3082224130630493,-0.18261048197746277,-0.04052138328552246
0.0950043797492981,0.202683687210083,0.2662133574485779,0.2762115001678467
0.23075993359088898,0.13476592302322388,-0.0014842897653579712,-0.16409797966480255
-0.33706405758857727,-0.5031291246414185,-0.6445547342300415,-0.7445946931838989
-0.789750874042511,-0.7719588875770569,-0.68986976146698,-0.5489781498908997
-0.3607376217842102,-0.14090624451637268,0.09248869121074677
0.32100003957748413,0.5270969271659851,0.6951679587364197,0.8124418258666992
0.8698205351829529,0.8625796437263489,0.7908987998962402,0.6600303053855896
0.47988879680633545,0.26404643058776855,0.028325945138931274,-0.21066996455192566
-0.43674084544181824,-0.6349095702171326,-0.7921899557113647,-0.8985748887062073
-0.9480737447738647,-0.9394599199295044,-0.8767023086547852,-0.7690644264221191
-0.6303982734680176,-0.4772881865501404,-0.3265060484409332
-0.19257166981697083,-0.08586892485618591,-0.011452943086624146,0.03136209398508072
0.048581309616565704,0.05035239830613136,0.04914127290248871,0.05743120238184929
0.08541575074195862,0.139242023229599,0.22010716795921326,0.3243292272090912
0.4443175792694092,0.5699986815452576,0.6900249719619751,0.7924193143844604
0.8651110529899597,0.8971008062362671,0.8802279829978943,0.8107894659042358
0.6903690099716187,0.5257079601287842,0.3277761936187744
0.1103278398513794,-0.1117432713508606,-0.3238251805305481,-0.5122433304786682
-0.664131760597229,-0.76750648021698,-0.8124396800994873,-0.7929474711418152
-0.7085146903991699,-0.564625084400177,-0.372292160987854,-0.1469370424747467
0.09289374947547913,0.32675328850746155,0.5337724089622498,0.6947058439254761
0.7943158149719238,0.8234366178512573,0.7802261710166931,0.670657217502594
0.5083656907081604,0.3134962320327759,0.11018261313438416
-0.07700656354427338,-0.22671619057655334,-0.32362157106399536,-0.35997265577316284
-0.3359402120113373,-0.2592408061027527,-0.14441391825675964,-0.011327147483825684
0.11766080558300018,0.22137145698070526,0.2831082344055176,0.29277586936950684,0.2476242333650589,0.15178845822811127,0.014958292245864868,-0.14939706027507782
-0.325693279504776,-0.497305303812027,-0.647200882434845,-0.7589399814605713,-0.8185282945632935,-0.8166098594665527,-0.7500675916671753
-0.622532308101654,-0.4438299536705017,-0.22860407829284668,0.00554928183555603
0.23998956382274628,0.4566810727119446,0.6395373344421387,0.7754154205322266
0.8547055125236511,0.8716961741447449,0.8249682188034058,0.7177355289459229
0.5577956438064575,0.35689687728881836,0.12959209084510803,-0.10815419256687164
-0.34021711349487305,-0.5511937737464905,-0.7271171808242798,-0.8563673496246338
-0.930837869644165,-0.9470913410186768,-0.907212495803833
-0.8190783262252808,-0.6956220865249634,-0.5529254674911499,-0.40765249729156494
-0.274580180644989,-0.16463807225227356,-0.08360674977302551,-0.03158855438232422
-0.0032975375652313232,0.010829002596437931,0.022712014615535736,0.04418858140707016
0.08468437939882278,0.1495520919561386,0.23925156891345978,0.3494027256965637
0.47171491384506226,0.595543622970581,0.7094817161560059,0.8023982048034668
0.8639408946037292,0.885150134563446,0.8595944046974182
0.7846480011940002,0.6622729301452637,0.49899619817733765,0.3051419258117676
0.09356513619422913,-0.12182611227035522,-0.32743096351623535,-0.5107077360153198
-0.6600579023361206,-0.7645496129989624,-0.8145933151245117,-0.8036242127418518
-0.7298047542572021,-0.5969105958938599,-0.4142106771469116,-0.19557678699493408,0.04171866178512573,0.27816736698150635,0.4933162331581116
0.6675912141799927,0.7846213579177856,0.8334789872169495,0.8102678656578064
0.7189801931381226,0.5716477632522583,0.3873744010925293,0.189844012260437
0.003668665885925293,-0.1493847370147705,-0.2533196210861206,-0.2995551824569702
-0.2873252034187317,-0.2232586145401001,-0.12065590918064117,0.0017877668142318726
0.12251442670822144,0.2206253558397293,0.27922698855400085,0.2876977324485779
0.2426016479730606,0.14737364649772644,0.011095121502876282,-0.15325143933296204,-0.3305697739124298,-0.5049379467964172,-0.6602528095245361
-0.7808374166488647,-0.8527426719665527,-0.8656823039054871,-0.8148171901702881
-0.701680064201355,-0.5340510606765747,-0.3249523639678955,-0.09102937579154968,0.1493973731994629,0.3782590627670288,0.5792264938354492,0.7385314106941223
0.8453142046928406,0.8919442892074585,0.8746055364608765,0.7939856648445129
0.6556179523468018,0.4695637822151184,0.24944615364074707,0.01107114553451538,-0.22897452116012573,-0.45436426997184753,-0.6497529149055481
-0.8017066717147827,-0.9001262784004211,-0.9398059248924255,-0.9215711355209351
-0.852533757686615,-0.745120644569397,-0.6149784326553345,-0.47840332984924316
-0.34998399019241333,-0.24073901772499084,-0.15678608417510986,-0.09866005182266235
-0.06147263944149017,-0.036053672432899475,-0.011013910174369812,0.02472831681370735
0.07966801524162292,0.15816929936408997,0.259747177362442,0.3791503310203552
0.5072816610336304,0.6328368186950684,0.7441827654838562
0.8307949304580688,0.8838744759559631,0.8965227007865906,0.8641678690910339
0.7853552103042603,0.6624104976654053,0.5015444159507751,0.3123140335083008
0.10659337043762207,-0.10271203517913818,-0.3029475212097168,-0.4825778603553772
-0.6311843991279602,-0.7389154434204102,-0.7966029047966003,-0.797127902507782
-0.737258791923523,-0.6189137697219849,-0.44942742586135864,-0.24095183610916138
-0.009409427642822266,0.22659532725811005,0.44695818424224854
0.631779134273529,0.7636723518371582,0.8301472067832947,0.8254687786102295
0.7518610954284668,0.619953989982605,0.44791287183761597,0.25886642932891846
0.077156662940979,-0.07546436786651611,-0.18275657296180725,-0.23565416038036346
-0.23269213736057281,-0.1795797497034073,-0.08848972618579865,0.023052021861076355
0.13441786170005798,0.22521249949932098,0.27861472964286804,0.28375333547592163
0.23675590753555298,0.14055557548999786,0.0037596523761749268
-0.16105207800865173,-0.3391859233379364,-0.5153429508209229,-0.674423098564148
-0.8019044399261475,-0.8845530152320862,-0.9118279218673706,-0.8775647282600403
-0.7812092900276184,-0.6281617283821106,-0.4292181134223938,-0.19928911328315735
0.044390350580215454,0.2842176556587219,0.5038221478462219,0.6888538002967834
0.8271011114120483,0.908683180809021,0.9268347024917603,0.8790395855903625
0.7678775191307068,0.6011309027671814,0.3910715579986572
0.15314218401908875,-0.0955326110124588,-0.3373124599456787,-0.5548927783966064
-0.7325021028518677,-0.8577967882156372,-0.9238650798797607,-0.9304708242416382
-0.8840566873550415,-0.7964638471603394,-0.682719349861145,-0.5585325360298157
-0.4380677342414856,-0.33219438791275024,-0.24717459082603455,-0.18389451503753662
-0.1379658728837967,-0.1009063869714737,-0.062230683863162994,-0.011911429464817047
0.05747360736131668,0.1493569016456604,0.26259151101112366
0.3915286660194397,0.5268099308013916,0.6569525003433228,0.7703779339790344
0.8571051955223083,0.9094914793968201,0.9221310019493103,0.891653299331665
0.8169901371002197,0.699957013130188,0.5456241369247437,0.3621557950973511
0.16011810302734375,-0.048566266894340515,-0.2517901062965393,-0.4382127523422241,-0.5974704027175903,-0.7196711301803589,-0.7952486276626587,-0.8160629868507385,-0.7772791981697083,-0.678920567035675,-0.5264736413955688
-0.33056026697158813,-0.10605260729789734,0.1289614886045456,0.3543446660041809
0.5495955348014832,0.6961952447891235,0.7801339626312256,0.7939942479133606
0.73836350440979,0.6223960518836975,0.4630131125450134,0.28246960043907166
0.1047792136669159,-0.04803486168384552,-0.15896931290626526,-0.21788620948791504
-0.2221030294895172,-0.17603731155395508,-0.09055058658123016,0.01794932782649994
0.1294499635696411,0.22351188957691193,0.2826838791370392
0.29508036375045776,0.25566643476486206,0.16627806425094604,0.034646645188331604
-0.1272149384021759,-0.3048988878726959,-0.483340859413147,-0.6479392051696777
-0.7849786281585693,-0.881940484046936,-0.9282873272895813,-0.9167179465293884
-0.8444510102272034,-0.7140233516693115,-0.5332997441291809,-0.314710795879364
-0.07388371229171753,0.17211782932281494,0.40651407837867737,0.6138566732406616
0.7802876234054565,0.8937845230102539,0.9450900554656982
0.929118275642395,0.8461176156997681,0.7020349502563477,0.5079560279846191
0.27884846925735474,0.03205835819244385,-0.21398352086544037,-0.4408535063266754
-0.6315648555755615,-0.7726072072982788,-0.8560243844985962,-0.8806528449058533
-0.8520486950874329,-0.7811495661735535,-0.6820924878120422,-0.569813072681427
-0.4579364061355591,-0.3570958077907562,-0.2736132740974426,-0.20872855186462402
-0.15873947739601135,-0.11612316966056824
0.02769494615495205,0.0007278824923560023,0.015307403169572353,0.06987442821264267,0.14070762693881989,0.1942688673734665,0.2046424150466919,0.16651999950408936,0.09766502678394318,0.030852660536766052,0.00012029898061882704,0.02757466770708561,0.1148369088768959
0.24043433368206024,0.3645261526107788,0.4422094225883484,0.44191187620162964,0.3603380620479584,0.22618792951107025,0.09056386351585388,0.008327128365635872,0.018418457359075546,0.1302560716867447,0.3190837800502777,0.5312259793281555,0.700151801109314,0.7698988318443298,0.7164118885993958,0.5569959878921509,0.3438526391983032,0.14512047171592712,0.0217578262090683,0.009054984897375107,0.10778697580099106,0.2849906086921692,0.48285573720932007
0.6353573203086853,0.6900344491004944,0.6272612810134888,0.46828290820121765
0.2681792974472046,0.09575316309928894,0.006598528474569321,0.02007545717060566
0.11214307695627213,0.22857436537742615,0.31124332547187805,0.32358676195144653
0.26379168033599854,0.16189293563365936,0.06351664662361145,0.007160004694014788
0.005738658830523491,0.04270808398723602,0.08451580256223679,0.1009402796626091
0.08141885697841644,0.03948540240526199,0.0047459970228374004
0.007897631265223026,0.06584914028644562,0.1721189171075821,0.2963440716266632
0.39486613869667053,0.4291035234928131,0.38322913646698,0.2724679708480835
0.13825039565563202,0.032932672649621964,0.0010931852739304304,0.06480913609266281
0.2171746790409088,0.42417997121810913,0.633230984210968,0.7868372201919556
0.8393771648406982,0.7725557088851929,0.6035691499710083,0.38163161277770996
0.17253687977790833,0.0356004536151886,0.001608137390576303
0.061550289392471313,0.1720273345708847,0.2752651572227478,0.3240344822406769
0.2998676300048828,0.21742308139801025,0.11455272883176804,0.03326885402202606
0.0003750256437342614,0.016648614779114723,0.059329740703105927,0.09604526311159134
0.1025281548500061,0.07504081726074219,0.031668003648519516,0.0020894338376820087
0.010873080231249332,0.06291988492012024,0.13936126232147217,0.20668232440948486
0.2338770180940628,0.20800946652889252,0.14040668308734894
0.06148027628660202,0.007817364297807217,0.007899419404566288,0.07164841145277023
0.18573103845119476,0.31553083658218384,0.41552287340164185,0.4467412531375885
0.39415431022644043,0.2751103341579437,0.134408637881279,0.02809913270175457
0.003072999883443117,0.08050986379384995,0.24779774248600006,0.46014729142189026
0.6529322266578674,0.7633941173553467,0.7540709972381592,0.627402126789093
0.424934983253479,0.21200475096702576,0.05495058372616768
5.8869827626040205e-05,0.061006635427474976,0.21649867296218872,0.4165043830871582
0.5959986448287964,0.6949214339256287,0.6790316104888916,0.553074300289154
0.3600565493106842,0.1660240739583969,0.03471807762980461,0.0015219373162835836
0.05934544652700424,0.16449294984340668,0.25913670659065247,0.29796314239501953
0.26610904932022095,0.1819530576467514,0.08552487939596176,0.01788218878209591
0.0006841507856734097,0.02692541852593422,-0.2609187662601471
-0.3040207624435425,-0.2885120213031769,-0.21714910864830017,-0.09914389252662659
0.05161300301551819,0.21815398335456848,0.38163211941719055,0.522742509841919
0.623812198638916,0.6711692810058594,0.6570525169372559,0.5805321931838989
0.4473162889480591,0.2686273753643036,0.059489041566848755,-0.1631617546081543
-0.3820759654045105,-0.5807333588600159,-0.7439862489700317,-0.85871821641922
-0.9147804975509644,-0.9061586260795593,-0.8320908546447754
-0.6978368759155273,-0.5148329734802246,-0.29999393224716187,-0.07411554455757141
0.1404445469379425,0.3225328028202057,0.45495080947875977,0.5265889167785645
0.5335569381713867,0.4793287217617035,0.37416309118270874,0.23395377397537231
0.07845267653465271,-0.07109048217535019,-0.19462093710899353,-0.27591070532798767
-0.3045996427536011,-0.27730220556259155,-0.19787198305130005,-0.0770174115896225
0.06878292560577393,0.21926480531692505,0.3532516062259674
0.4518886208534241,0.5013880729675293,0.49466291069984436,0.4316971004009247
0.31883570551872253,0.16732844710350037,-0.008421897888183594,-0.19228601455688477
-0.36714017391204834,-0.5154675245285034,-0.6207946538925171,-0.6699843406677246
-0.6554211974143982,-0.5762425065040588,-0.4384061098098755,-0.25375449657440186
-0.03832864761352539,0.18954458832740784,0.4106377363204956,0.6056475639343262
0.7564042210578918,0.8479270935058594,0.8706162571907043
0.8216744065284729,0.7053786516189575,0.5322739481925964,0.31758785247802734
0.0792628824710846,-0.16389420628547668,-0.3934403955936432,-0.5918666124343872
-0.7431786060333252,-0.8341521620750427,-0.8561070561408997,-0.8064401745796204
-0.6894450783729553,-0.5165060758590698,-0.30563730001449585,-0.07987609505653381
0.13568855822086334,0.31760573387145996,0.44739067554473877,0.5137056112289429
0.5131909847259521,0.4503030776977539,0.3367442190647125
0.19053196907043457,0.034033119678497314,-0.10931280255317688,-0.21873173117637634
-0.2791372239589691,-0.2828320562839508,-0.22985616326332092,-0.12716998159885406
0.012939780950546265,0.17455625534057617,0.33946922421455383,0.488478422164917,0.6032446622848511
0.6686187982559204,0.6747719645500183,0.6184780597686768,0.5032850503921509
0.33867818117141724,0.13853177428245544,-0.08077305555343628,-0.3021274209022522
-0.5089828968048096,-0.6861039400100708,-0.8201029300689697,-0.9001028537750244
-0.9186874628067017,-0.873038649559021,-0.7658973932266235,-0.6059620380401611
-0.407490611076355,-0.1890566349029541,0.02838963270187378,0.22390562295913696
0.37910494208335876,0.48043760657310486,0.5207288265228271,0.49979427456855774
0.4242825508117676,0.30690720677375793,0.16506215929985046,0.018835052847862244
-0.11144762486219406,-0.2078939974308014,-0.25743675231933594,-0.25341880321502686
-0.19628584384918213
-0.0935683399438858,0.04082762449979782,0.18819764256477356,0.32759547233581543
0.43904760479927063,0.5066148042678833,0.5205146670341492,0.47797971963882446
0.3829408288002014,0.24483147263526917,0.07691869139671326,-0.10527824610471725
-0.28497079014778137,-0.44468575716018677,-0.5673690438270569,-0.6384471654891968
-0.6481578350067139,-0.5931645035743713,-0.4770246148109436,-0.3095812499523163
-0.10550957918167114,0.11759908497333527,0.34095466136932373
0.5456340909004211,0.7134499549865723,0.8284201622009277,0.8787926435470581
0.8588152527809143,0.7695757150650024,0.6187401413917542,0.4193688631057739
0.18814194202423096,-0.05656924843788147,-0.2962344288825989,-0.5129697918891907
-0.689994752407074,-0.8125424385070801,-0.8694952130317688,-0.8551535606384277
-0.7704418897628784,-0.6234392523765564,-0.42929166555404663,-0.20912069082260132
0.012457072734832764,0.21085712313652039,0.36512166261672974
0.46063530445098877,0.49052003026008606,0.4558715224266052,0.36541032791137695
0.23479902744293213,0.0850549042224884,-0.0604371577501297,-0.1797090470790863
-0.2555736005306244,-0.2777692973613739,-0.243732288479805,-0.15814106166362762
-0.03151169419288635,0.12158277630805969,0.2840021848678589,0.43722617626190186
0.5628616809844971,0.6447314620018005,0.671079158782959,0.6362058520317078
0.5411001443862915,0.3930082321166992,0.2041686773300171
-0.009948045015335083,-0.23249563574790955,-0.4467872083187103,-0.6372880935668945
-0.790197491645813,-0.8939547538757324,-0.9399652481079102,-0.9235875010490417
-0.8450977802276611,-0.7102713584899902,-0.5303532481193542,-0.32130366563796997
-0.10233670473098755,0.1060844361782074,0.2845795452594757,0.41719937324523926
0.4933492839336395,0.5089335441589355,0.4666675329208374,0.37571969628334045
0.25077417492866516,0.11045897006988525,-0.02488073706626892
-0.13589157164096832,-0.20692019164562225,-0.2280760109424591,-0.19633996486663818
-0.11588265001773834,0.0022658556699752808,0.14138266444206238,0.28127893805503845
0.4013972878456116,0.4840589165687561,0.5170068740844727,0.49475395679473877
0.4186958074569702,0.29622018337249756,0.13917121291160583,-0.037839919328689575
-0.21868696808815002,-0.3863842487335205,-0.5238412618637085,-0.615481972694397
-0.6495134234428406,-0.6198968887329102,-0.527315080165863
-0.3790249526500702,-0.18777748942375183,0.029957354068756104,0.2559713125228882,0.4717499017715454,0.6592063307762146,0.8015629053115845,0.8849984407424927,0.9006031155586243,0.8457919359207153,0.7246983051300049,0.5475244522094727,0.32909905910491943,0.087016761302948,-0.16014060378074646,-0.39399123191833496,-0.5969263315200806,-0.7527458071708679,-0.8479973673820496,-0.8738197088241577,-0.82753986120224,-0.713607668876648,-0.543861985206604
-0.336905837059021,-0.11616155505180359,0.09333720803260803,0.2686413526535034
0.3920583724975586,0.45312345027923584,0.4492984116077423,0.3858798146247864
0.2755456268787384,0.13720396161079407,-0.0065091997385025024,-0.13287240266799927
-0.22273217141628265,-0.26314377784729004,-0.24864766001701355,-0.18125246465206146
-0.0693311095237732,0.07410062849521637,0.23299036920070648,0.38945844769477844
0.5251123309135437,0.6229188442230225,0.6694059371948242
0.6565583944320679,0.5828515887260437,0.45322322845458984,0.27811309695243835
0.071868896484375,-0.14912523329257965,-0.36819884181022644,-0.5696488618850708
-0.7394102811813354,-0.8654532432556152,-0.9382897019386292,-0.9517306089401245
-0.9037666916847229,-0.7973027229309082,-0.6404649019241333,-0.44627511501312256
-0.23162883520126343,-0.0156843364238739,0.18213218450546265,0.3442833423614502
0.45716172456741333,0.5126676559448242,0.5090954303741455
0.45134636759757996,0.35054296255111694,0.22296753525733948,0.0881895124912262
-0.0335732102394104,-0.12441801279783249,-0.1713036298751831,-0.16763724386692047
-0.1139131635427475,-0.01767037808895111,0.10721836984157562,0.24221350252628326
0.366839200258255,0.4619823098182678,0.512860894203186,0.5109528303146362
0.4546547830104828,0.34881097078323364,0.2034243941307068,0.03198850154876709
-0.1499745100736618,-0.325787216424942,-0.47826945781707764
-0.5909932851791382,-0.6503665447235107,-0.6478259563446045,-0.581257700920105
-0.45529472827911377,-0.28058716654777527,-0.07227525115013123,0.15199409425258636
0.37391895055770874,0.5756864547729492,0.7405792474746704,0.8538858890533447,0.9044683575630188,0.886424720287323,0.8001090288162231,0.652164101600647
0.454620361328125,0.22333413362503052,-0.02380847930908203,-0.26836925745010376
-0.49218425154685974,-0.6779072880744934,-0.8100510835647583,-0.8767627477645874
-0.8717163801193237,-0.7954444289207458,-0.6559585332870483,-0.4686015248298645
-0.25474298000335693,-0.039088040590286255,0.15393668413162231,0.3037354648113251
0.3961433172225952,0.4247328042984009,0.3911050260066986,0.30465465784072876
0.18175682425498962,0.04374559223651886,-0.08645637333393097,-0.18814420700073242
-0.24591213464736938,-0.2514307498931885,-0.20388399064540863,-0.10924018919467926,0.021277055144309998,0.1728743314743042
0.32855287194252014,0.470378577709198,0.5811232328414917,0.6462486982345581
0.6558051109313965,0.6057604551315308,0.49841833114624023,0.3418753743171692
0.14872977137565613,-0.06564667820930481,-0.28493013978004456,-0.4933862090110779
-0.6768355369567871,-0.8230805397033691,-0.9221469163894653,-0.9666771292686462
-0.952575147151947,-0.8797635436058044,-0.7528000473976135,-0.5810824632644653
-0.37840700149536133,-0.1618586778640747,0.04977358877658844
0.23790621757507324,0.38627690076828003,0.48294150829315186,0.5217108726501465,0.5028626322746277,0.43326982855796814,0.3259522616863251,0.1987614631652832,0.07202458381652832,-0.03452817350625992,-0.10476905107498169,-0.12834897637367249,-0.10182517766952515,-0.029007181525230408,0.07932920008897781,0.20663774013519287,0.33298397064208984,0.43831679224967957,0.5057593584060669,0.5240445137023926,0.4886874854564667,0.4019354581832886,0.2717645466327667
0.11031389236450195,-0.06772658228874207,-0.2462843805551529,-0.408625990152359
-0.538247287273407,-0.6204855442047119,-0.6446267366409302,-0.6056884527206421
-0.5052409172058105,-0.3511718213558197,-0.1565735936164856,0.062024980783462524
0.2866806089878082,0.49966567754745483,0.6843084692955017,0.825466513633728
0.9104386568069458,0.9304615259170532,0.8821576833724976,0.7682631611824036
0.5973858833312988,0.3829149007797241,0.14141437411308289
-0.10897649824619293,-0.3496353328227997,-0.5621020197868347,-0.7289986610412598
-0.8357343673706055,-0.8725957274436951,-0.8364206552505493,-0.7315302491188049
-0.5699463486671448,-0.3706285357475281,-0.15732303261756897,0.044820189476013184,0.21300257742404938,0.32989078760147095,0.38550078868865967,0.37790942192077637
0.31327131390571594,0.20529720187187195,0.07366636395454407,-0.05898516625165939
-0.1708672195672989,-0.244460329413414,-0.2687707245349884
-0.24023668467998505,-0.16240794956684113,-0.04464396834373474,0.09963826835155487
0.25448837876319885,0.40264391899108887,0.5269728899002075,0.6122632026672363
0.6469729542732239,0.6246150732040405,0.54453045129776,0.41185620427131653
0.23670226335525513,0.032745927572250366,-0.1844698041677475,-0.3992081880569458
-0.5968073606491089,-0.7643290758132935,-0.8907739520072937,-0.9672821164131165
-0.9876100420951843,-0.9489098191261292,-0.8525869250297546
-0.7048768401145935,-0.5168353915214539,-0.3036467432975769,-0.08336970210075378
0.12474256753921509,0.30231088399887085,0.43408846855163574,0.5099133849143982
0.5259552001953125,0.4852733910083771,0.3977864384651184,0.2794134020805359,0.15006110072135925,0.03060397505760193,-0.06040912866592407,-0.10943758487701416
-0.10957346856594086,-0.06123979389667511,0.027810610830783844,0.1433328539133072,0.26657891273498535,0.37735429406166077,0.45741891860961914
0.49329644441604614,0.4779142141342163,0.4109804034233093,0.29830682277679443
0.15041694045066833,-0.01911298930644989,-0.1950533092021942,-0.36140432953834534
-0.5020973086357117,-0.6021159887313843,-0.649243950843811,-0.6359670162200928
-0.5607867240905762,-0.42853623628616333,-0.24973225593566895,-0.03916850686073303
0.18598660826683044,0.4081215560436249,0.6104857325553894,0.7776795625686646
0.8960402011871338,0.9546653628349304,0.9469247460365295
0.8717236518859863,0.7339478731155396,0.5439587831497192,0.31633734703063965
0.06831550598144531,-0.1815362572669983,-0.4141404628753662,-0.6107590198516846,-0.7545202970504761,-0.8325691819190979,-0.8380798697471619,-0.771551251411438
-0.6413551568984985,-0.46345973014831543,-0.2598717212677002,-0.05562698841094971,0.12502017617225647,0.26212114095687866,0.3424515128135681,0.3606601357460022
0.31954652070999146,0.2297746241092682,0.10870823264122009
-0.022084802389144897,-0.1403941512107849,-0.22699332237243652,-0.2683619260787964,-0.25810790061950684,-0.19711662828922272,-0.09261491894721985,0.04343436658382416
0.19597721099853516,0.34826087951660156,0.4832938313484192,0.5855697989463806
0.6427079439163208,0.646673321723938,0.5945247411727905,0.48864883184432983
0.33639004826545715,0.14909300208091736,-0.05927935242652893,-0.27371013164520264,-0.4795716106891632,-0.6635884046554565,-0.8141851425170898
-0.9215360879898071,-0.9777968525886536,-0.9777292013168335,-0.9195809364318848
-0.8059180378913879,-0.6441106796264648,-0.44625788927078247,-0.2284983992576599
-0.009734302759170532,0.19028957188129425,0.35345229506492615,0.4657284915447235
0.5190221071243286,0.5121666193008423,0.45124882459640503,0.34920716285705566,0.22436076402664185,0.09774556756019592,-0.010246425867080688
-0.0830058678984642,-0.10990922898054123,-0.08751285076141357,-0.02000413089990616
0.08115506917238235,0.198805570602417,0.31295204162597656,0.4042585492134094
0.4572029113769531,0.46217313408851624,0.41628119349479675,0.3230302333831787
0.19114458560943604,0.032958269119262695,-0.137160986661911,-0.30396902561187744
-0.4520891010761261,-0.5667483806610107,-0.6349700689315796,-0.6472536325454712
-0.5991825461387634,-0.4923053979873657,-0.3340585231781006,-0.13684096932411194,0.08355984091758728,0.30991131067276,0.5253291130065918
0.7142436504364014,0.8625389337539673,0.957876443862915,0.9908995032310486
0.9568269848823547,0.8565657734870911,0.6968903541564941,0.4896889328956604
0.25060003995895386,-0.0023896396160125732,-0.24995549023151398,-0.47229427099227905
-0.6505221128463745,-0.7688343524932861,-0.8167966604232788,-0.791003406047821
-0.695958137512207,-0.544257640838623,-0.3556596636772156,-0.15455543994903564
0.033787548542022705,0.18710219860076904,0.28908592462539673
0.3310496211051941,0.312487930059433,0.2409757375717163,0.13134612143039703
0.003710716962814331,-0.11974134296178818,-0.21843230724334717,-0.27652791142463684
-0.2848724126815796,-0.24161694943904877,-0.15168072283267975,-0.025348380208015442
0.12346115708351135,0.2787826955318451,0.42407557368278503,0.543817937374115
0.6250503063201904,0.6584768891334534,0.6390672922134399,0.5663264393806458
0.44427621364593506,0.28105276823043823,0.08805528283119202
-0.12126386165618896,-0.3327600955963135,-0.532797634601593,-0.7089369297027588
-0.8500581979751587,-0.9463752508163452,-0.9898747801780701,-0.9752917885780334
-0.901293933391571,-0.7714598774909973,-0.5947766304016113,-0.3854832053184509,-0.16212165355682373,0.054318904876708984,0.2430802285671234,0.3865760862827301
0.47278881072998047,0.4966922104358673,0.46083545684814453,0.3752647638320923,0.25652849674224854,0.1254195272922516,0.003681078553199768
-0.08946734666824341,-0.14008134603500366,-0.14118289947509766,-0.09359163790941238
-0.0059498995542526245,0.10643544048070908,0.22414037585258484,0.3270818889141083
0.39793461561203003,0.4246579110622406,0.4017575681209564,0.33033010363578796
0.2171572744846344,0.07319527864456177,-0.08815306425094604,-0.25252777338027954
-0.4055372178554535,-0.5332374572753906,-0.6226716041564941,-0.6629302501678467
-0.6466867327690125,-0.5716084241867065,-0.44103413820266724
-0.26374682784080505,-0.05296608805656433,0.1752488762140274,0.4038556218147278
0.6163352727890015,0.7973326444625854,0.9328426122665405,1.0109837055206299
1.0235730409622192,0.9676876068115234,0.8464432954788208,0.6687628626823425
0.4483124017715454,0.20208889245986938,-0.05079212784767151,-0.29004091024398804
-0.495431512594223,-0.6487960815429688,-0.7364509105682373,-0.7512649893760681
-0.693972110748291,-0.5737472176551819,-0.40773165225982666
-0.2189282476902008,-0.03260171413421631,0.1277562826871872,0.24374724924564362
0.30409544706344604,0.3054693937301636,0.252528578042984,0.15736259520053864
0.03799299895763397,-0.08432304114103317,-0.1885901689529419,-0.25742703676223755
-0.279438316822052,-0.25031551718711853,-0.1727355718612671,-0.05525690317153931
0.08939898014068604,0.2461560219526291,0.39916419982910156,0.533220648765564
0.6350909471511841,0.6944880485534668,0.7045853137969971
0.6623039245605469,0.5685645937919617,0.42836785316467285,0.25046464800834656
0.0465465784072876,-0.1699260175228119,-0.38499921560287476,-0.5852148532867432
-0.7580464482307434,-0.8919901847839355,-0.9768623113632202,-1.0046675205230713
-0.9708996415138245,-0.8758162260055542,-0.7253532409667969,-0.5314983129501343
-0.3118104338645935,-0.08775138854980469,0.11811499297618866,0.28542274236679077
0.39888080954551697,0.4501148462295532,0.43849465250968933
0.37125420570373535,0.26285475492477417,0.1331738829612732,0.004444822669029236
-0.10236956179141998,-0.17074806988239288,-0.19072675704956055,-0.16002844274044037
-0.08439798653125763,0.023093700408935547,0.14411309361457825,0.2582760751247406
0.3466891944408417,0.39489370584487915,0.3946443498134613,0.34441807866096497
0.24885016679763794,0.11742419004440308,-0.03723633289337158,-0.20110158622264862
-0.360068142414093,-0.5006411671638489,-0.6101945042610168
-0.6773756146430969,-0.6930885314941406,-0.6519293189048767,-0.5534309148788452
-0.40254759788513184,-0.20927688479423523,0.012432247400283813,0.24630269408226013
0.4754638969898224,0.6835808753967285,0.8552048802375793,0.976260244846344
1.035445213317871,1.0260841846466064,0.9474663138389587,0.8051692843437195,0.6103792786598206,0.3785806894302368,0.128231018781662,-0.12025454640388489
-0.34563148021698,-0.5276955366134644,-0.6498213410377502
-0.7013887166976929,-0.6794745922088623,-0.5897566080093384,-0.4464685320854187
-0.2708088755607605,-0.08765614032745361,0.0785224586725235,0.20733627676963806
0.28493398427963257,0.3051539659500122,0.26975536346435547,0.18806061148643494
0.07583846151828766,-0.046888887882232666,-0.15898746252059937,-0.24161338806152344
-0.28099697828292847,-0.270066499710083,-0.2088325172662735,-0.10368020832538605
0.03414410352706909,0.19041335582733154
0.0026436082553118467,0.003609697101637721,0.009520219638943672,0.02468756213784218,0.05226164311170578,0.08997297286987305,0.12872181832790375,0.15521200001239777
0.15763619542121887,0.13177335262298584,0.08458370715379715,0.033585887402296066,0.00214908248744905
0.012378697283565998,0.07797198742628098,0.19921840727329254,0.3615257143974304
0.5377073287963867,0.6933082938194275,0.7940657734870911,0.8144223690032959
0.7452618479728699,0.5984788537025452,0.406196653842926,0.21375198662281036
0.06768882274627686,0.002058381214737892,0.027440834790468216,0.12670369446277618,0.25991106033325195,0.37787267565727234,0.43977323174476624,0.42754891514778137,0.35066771507263184,0.23946157097816467,0.13052678108215332
0.05123656615614891,0.010578482411801815,4.135888957534917e-05,0.0026923278346657753
0.004470854997634888,0.001546185463666916,0.0005928988684900105,0.012843136675655842,0.04576326161623001,0.09691224247217178,0.15303117036819458,0.19478026032447815
0.2050408571958542,0.17716161906719208,0.11942117661237717,0.053543537855148315
0.007587847765535116,0.005644572898745537,0.057960305362939835,0.15522627532482147,0.26973289251327515,0.3640379011631012,0.40477094054222107
0.3761371374130249,0.28696122765541077,0.16799573600292206,0.06087042763829231,0.003594412701204419,0.0183388851583004,0.10517856478691101,0.24218933284282684
0.3907793164253235,0.5056585073471069,0.5485306978225708,0.5020906329154968,0.37850821018218994,0.21765638887882233,0.07486826926469803,0.002668099943548441
0.03289758041501045,0.16476668417453766,0.36285173892974854,0.5671533942222595
0.713090181350708,0.7543325424194336,0.6793266534805298
0.5146923065185547,0.3141528069972992,0.13756652176380157,0.02864627167582512
0.0005376291810534894,0.03505822643637657,0.09508991986513138,0.1433415710926056
0.15799729526042938,0.13824819028377533,0.0987304300069809,0.057916250079870224
0.028070125728845596,0.011885128915309906,0.005653281696140766,0.005070952698588371
0.009441499598324299,0.02202998474240303,0.04684978723526001,0.08413469046354294
0.12745779752731323,0.16452398896217346,0.1816384643316269
0.16988250613212585,0.13009591400623322,0.07435236126184464,0.023253915831446648
5.301368946675211e-05,0.023666325956583023,0.10278841108083725,0.2326987236738205
0.39539608359336853,0.5626943707466125,0.7014988660812378,0.7807513475418091
0.7792515158653259,0.6925511956214905,0.536557137966156,0.3458271324634552,0.1658799797296524,0.040883392095565796,0.00014840613584965467,0.04796803370118141,0.16095636785030365,0.2951795756816864,0.40163516998291016
0.44419869780540466,0.41219717264175415,0.3220747113227844,0.2078370451927185
0.10512862354516983,0.03663710504770279,0.005672196391969919,9.204613888869062e-05
0.002922296756878495,0.003008337924256921,0.00021737802308052778,0.003390111494809389
0.02313411422073841,0.0638260543346405,0.11905541270971298,0.17271825671195984
0.2052728682756424,0.20242974162101746,0.16244788467884064,0.09865541756153107
0.035807427018880844,0.001483467291109264,0.12498335540294647
0.2863367795944214,0.430043488740921,0.5415159463882446,0.60872483253479
0.6237883567810059,0.5840758085250854,0.49249547719955444,0.3569411337375641
0.1891002655029297,0.0029289722442626953,-0.18680138885974884,-0.3654772639274597
-0.5190873742103577,-0.6345913410186768,-0.7007330656051636,-0.7093923687934875
-0.6570309996604919,-0.5456050038337708,-0.3826114535331726,-0.18037331104278564
0.04506450891494751,0.27511507272720337,0.4899839162826538
0.6704117059707642,0.7997657060623169,0.8661048412322998,0.8637885451316833
0.7943112850189209,0.6662585735321045,0.49442607164382935,0.29816561937332153,0.09906220436096191,-0.08183906972408295,-0.2268785983324051,-0.32421138882637024
-0.36935731768608093,-0.3655548393726349,-0.32282453775405884,-0.2558901309967041
-0.18136540055274963,-0.1148759126663208,-0.0687807947397232,-0.05081938952207565,-0.06361429393291473,-0.10479682683944702,-0.16762174665927887
-0.24204492568969727,-0.3161686062812805,-0.3778616189956665,-0.4163362383842468
-0.4234602451324463,-0.39460232853889465,-0.3289024531841278,-0.2290252447128296
-0.10056832432746887,0.04869554936885834,0.20958660542964935,0.37222933769226074,0.5267027616500854,0.6635113954544067,0.7737636566162109,0.8492785096168518,0.882976770401001,0.8696189522743225,0.8066936731338501,0.695222795009613,0.5402784943580627,0.3511021137237549,0.14077213406562805
-0.07462012767791748,-0.2773144841194153,-0.4497585892677307,-0.5768671035766602
-0.6482275724411011,-0.6597418189048767,-0.6143733263015747,-0.5218877792358398
-0.3976125419139862,-0.26032474637031555,-0.12952879071235657,-0.022631987929344177
0.047370925545692444,0.07332279533147812,0.05439615622162819,-0.004244107753038406
-0.09248174726963043,-0.1967869997024536,-0.3019801080226898,-0.39300012588500977
-0.4565512239933014,-0.4825229048728943,-0.4650496542453766
-0.4030691087245941,-0.30029720067977905,-0.16469484567642212,-0.007623463869094849
0.15715950727462769,0.3146030902862549,0.4495804011821747,0.5483179688453674
0.6000187397003174,0.5983551144599915,0.5423710346221924,0.43653303384780884,0.28997987508773804
0.11521029472351074,-0.0734514445066452,-0.26116764545440674,-0.433348149061203
-0.5760154724121094,-0.6763251423835754,-0.7236617207527161,-0.7111818790435791
-0.6371784210205078,-0.5056828260421753,-0.326174795627594,-0.11265575885772705
0.11750844120979309,0.3448021709918976,0.5490750670433044,0.7115384340286255
0.8169854879379272,0.8557636141777039,0.8251258134841919,0.72976154088974
0.5814216732978821,0.39762890338897705,0.19955578446388245,0.009271442890167236
-0.15327930450439453,-0.27305155992507935,-0.3419293165206909,-0.3596342206001282
-0.3333224058151245,-0.27592819929122925,-0.20357844233512878,-0.13264985382556915
-0.07716041803359985
-0.046993009746074677,-0.04704972729086876,-0.07712922990322113,-0.13232550024986267
-0.20391494035720825,-0.2806907594203949,-0.3505614995956421,-0.40216320753097534
-0.4262561500072479,-0.416726678609848,-0.37105756998062134,-0.29024091362953186
-0.17828702926635742,-0.041548117995262146,0.11197677254676819,0.2732619047164917
0.43282419443130493,0.5812536478042603,0.7095164060592651,0.8089703321456909
0.8714737892150879,0.8899677395820618,0.8594979643821716
0.7783493995666504,0.6488996744155884,0.47797250747680664,0.2767103910446167
0.0599994957447052,-0.1546061933040619,-0.3485262393951416,-0.5043269395828247,-0.6081347465515137,-0.6517767906188965,-0.6341720223426819,-0.5616841316223145
-0.44735538959503174,-0.30911993980407715,-0.16721883416175842,-0.0412224680185318
0.05272538214921951,0.10388556122779846,0.10791487246751785,0.06693608313798904,-0.01119019091129303,-0.11421872675418854,-0.22724725306034088
-0.33456769585609436,-0.42144566774368286,-0.4756959080696106,-0.4889363646507263
-0.45736631751060486,-0.3819583058357239,-0.2681208550930023,-0.12503132224082947
0.035203948616981506,0.19851472973823547,0.3499409556388855,0.4748532474040985
0.5604057312011719,0.5971304774284363,0.5802834033966064,0.510506272315979
0.3936387002468109,0.23980000615119934,0.06200018525123596,-0.12534788250923157
-0.30753809213638306,-0.4700874090194702,-0.5990614891052246
-0.6818684339523315,-0.7087328433990479,-0.6743735074996948,-0.579154372215271,-0.42930787801742554,-0.2363186776638031,-0.01585337519645691,0.21343281865119934
0.43126997351646423,0.6175854206085205,0.7547163367271423,0.8296314477920532,0.8357136249542236,0.7737928032875061,0.6522563099861145,0.4861627221107483
0.2953994870185852,0.10207587480545044,-0.0725022554397583,-0.2108033299446106,-0.3014833629131317,-0.3408098518848419,-0.3328147530555725
-0.288134902715683,-0.22177404165267944,-0.15025760233402252,-0.08882343769073486
-0.04924975335597992,-0.03859987109899521,-0.058796048164367676,-0.10680586844682693
-0.17534449696540833,-0.2540702819824219,-0.3311329483985901,-0.3948117196559906
-0.43498632311820984,-0.4442517161369324,-0.41854041814804077,-0.3572007715702057
-0.2626332640647888,-0.13971951603889465,0.004751726984977722,0.16259059309959412
0.32470226287841797,0.4816638231277466,0.6242594122886658
0.743663489818573,0.8313401937484741,0.8792235851287842,0.880549430847168
0.8311372399330139,0.7306014895439148,0.5830625891685486,0.39728981256484985
0.1863842010498047,-0.03300899267196655,-0.24205949902534485,-0.42174041271209717
-0.555296778678894,-0.6307448744773865,-0.6428655385971069,-0.594255805015564
-0.49515217542648315,-0.3620096445083618,-0.2150864601135254,-0.07543244957923889
0.03816990554332733,0.11169146746397018,0.1373724341392517
0.11423071473836899,0.047686077654361725,-0.051555417478084564,-0.16913734376430511
-0.28894472122192383,-0.39502590894699097,-0.473361998796463,-0.5133324861526489
-0.5087258815765381,-0.4581637978553772,-0.36492079496383667,-0.23628973960876465
-0.08275666832923889,0.08283324539661407,0.24611824750900269,0.3921675384044647
0.5066951513290405,0.5776324272155762,0.5968007445335388,0.5611496567726135
0.4731636345386505,0.34039434790611267,0.17431965470314026
-0.01115313172340393,-0.20110295712947845,-0.38049593567848206,-0.5345855355262756
-0.6494096517562866,-0.7129546999931335,-0.716875433921814,-0.6580576300621033
-0.5393787026405334,-0.3695254921913147,-0.16214877367019653,0.0652526319026947
0.29260891675949097,0.4989621043205261,0.6646584272384644,0.7737407088279724
0.8160648941993713,0.7887645959854126,0.6968287229537964,0.5526463389396667
0.3744848966598511,0.18404832482337952,0.0034574568271636963
-0.14786741137504578,-0.255908727645874,-0.31387585401535034,-0.32283109426498413
-0.29101037979125977,-0.23195534944534302,-0.16182230412960052,-0.09647819399833679
-0.04904603958129883,-0.028317980468273163,-0.03807571530342102,-0.0770997703075409
-0.13968995213508606,-0.2166915386915207,-0.2969595193862915,-0.36897793412208557
-0.4223173260688782,-0.44874271750450134,-0.4428887367248535,-0.40246832370758057
-0.32806146144866943,-0.2226760983467102,-0.09132575988769531
0.059291303157806396,0.22109617292881012,0.38505426049232483,0.5417429208755493,0.6817655563354492,0.7957697510719299,0.8744702935218811,0.9093084931373596,0.8937838673591614,0.8249226212501526,0.7043148875236511,0.5385066866874695,0.33886319398880005,0.12098643183708191,-0.09643502533435822,-0.29348114132881165
-0.45147034525871277,-0.5556265711784363,-0.5973888635635376,-0.5759061574935913
-0.4983709752559662,-0.37905988097190857,-0.23724591732025146,-0.09431782364845276
0.02941112220287323,0.11755315959453583,0.15960659086704254,0.1518637090921402
0.09737806022167206,0.0051179006695747375,-0.11154758930206299,-0.2367657721042633
-0.3542167842388153,-0.4489859938621521,-0.5091224908828735,-0.5267469882965088
-0.498590886592865,-0.4259418547153473,-0.31413090229034424,-0.17180249094963074
-0.010194912552833557,0.1575191766023636,0.3169569671154022,0.45346787571907043,0.5534415245056152,0.6059690713882446
0.6044681072235107,0.5477174520492554,0.44000232219696045,0.2904173731803894
0.11156812310218811,-0.08194628357887268,-0.27474677562713623,-0.4512934982776642
-0.5962992906570435,-0.695675790309906,-0.7382351160049438,-0.7175632119178772
-0.6332636475563049,-0.49119365215301514,-0.30284255743026733,-0.08429864048957825
0.1449289321899414,0.3634454905986786,0.5501111745834351,0.6865830421447754
0.7597379088401794,0.7635037899017334,0.6998171806335449
0.5785248279571533,0.4161412715911865,0.23358067870140076,0.0531882643699646
-0.10445808619260788,-0.22343918681144714,-0.29459047317504883,-0.31646132469177246
-0.2950092554092407,-0.24211668968200684,-0.17320667207241058,-0.10443216562271118
-0.05004626512527466,-0.020472459495067596,-0.021280329674482346,-0.052955444902181625
-0.11128025501966476,-0.18824772536754608,-0.27340954542160034,-0.35541075468063354
-0.42342355847358704,-0.46828827261924744,-0.48327192664146423
-0.464421808719635,-0.41053885221481323,-0.32290029525756836,-0.20496335625648499
-0.06217449903488159,0.09821092337369919,0.2674591839313507,0.4359035789966583
0.5935239195823669,0.7302079200744629,0.835764467716217,0.9003382921218872
0.9156242609024048,0.8764941692352295,0.7823286056518555,0.6376664638519287
0.45223867893218994,0.24052846431732178,0.020770221948623657,-0.18676534295082092
-0.3621695041656494,-0.4886245131492615,-0.554882824420929
-0.5570511817932129,-0.4994005262851715,-0.3939344584941864,-0.258660227060318
-0.11484253406524658,0.01625390350818634,0.11646641790866852,0.1730521321296692
0.17993131279945374,0.13793225586414337,0.05419197678565979,-0.059184618294239044
-0.18699626624584198,-0.3129982352256775,-0.42181116342544556,-0.5004829168319702
-0.5396168231964111,-0.5340313911437988,-0.482921302318573,-0.38955965638160706
-0.26070523262023926,-0.10593616962432861,0.06294505298137665
0.2324552834033966,0.38808318972587585,0.5152894258499146,0.6010254621505737
0.635567307472229,0.6140739917755127,0.5373446941375732,0.4116274416446686
0.24763992428779602,0.05912962555885315,-0.13854439556598663,-0.32935672998428345
-0.4971463680267334,-0.626376211643219,-0.7036297917366028,-0.7195785045623779
-0.6706143021583557,-0.559545636177063,-0.39534294605255127,-0.1923283338546753
0.030897021293640137,0.25291725993156433,0.4516257047653198
0.6068894863128662,0.7032191753387451,0.7318843603134155,0.6921529173851013
0.5914877653121948,0.44459062814712524,0.27133864164352417,0.09390279650688171
-0.0664711445569992,-0.19246235489845276,-0.2729717791080475,-0.30438464879989624
-0.29062503576278687,-0.24201600253582,-0.1731678992509842,-0.10030174255371094
-0.038543134927749634,0.0002692192792892456,0.008923713117837906,-0.014690233394503593
-0.06781170517206192,-0.14359597861766815,-0.23233169317245483
-0.3228825330734253,-0.4041028916835785,-0.4660307765007019,-0.5007388591766357
-0.5027912259101868,-0.4693393111228943,-0.3999941647052765,-0.2966797947883606
-0.16357570886611938,-0.007051065564155579,0.1645687073469162,0.3414987325668335
0.5131720304489136,0.6687202453613281,0.7970860004425049,0.8873049020767212
0.9295645356178284,0.9168814420700073,0.8466648459434509,0.7216128706932068
0.5499269366264343,0.34503597021102905,0.1247551441192627
-0.0903470516204834,-0.27936795353889465,-0.42389756441116333,-0.5106342434883118
-0.5333095192909241,-0.49371156096458435,-0.401610791683197,-0.2734406888484955
-0.12986993789672852,0.0073225051164627075,0.11847241967916489,0.18869337439537048
0.20953789353370667,0.17960113286972046,0.10419715940952301,-0.005790308117866516
-0.13572005927562714,-0.2693221867084503,-0.3907375931739807,-0.48618414998054504
-0.5451294779777527,-0.5609627962112427,-0.5312104225158691
-0.45736464858055115,-0.34443798661231995,-0.2003997564315796,-0.035654544830322266
0.1373853087425232,0.30476486682891846,0.45172303915023804,0.5639364719390869
0.6292996406555176,0.6398065090179443,0.5928714275360107,0.4917018413543701
0.34473755955696106,0.1644045114517212,-0.03438141942024231,-0.23540203273296356
-0.42181459069252014,-0.5768308639526367,-0.6850651502609253,-0.7345501184463501
-0.7186921834945679,-0.6374018788337708,-0.4971751570701599
-0.3104135990142822,-0.09440836310386658,0.12996187806129456,0.3401578664779663
0.5146048665046692,0.6355416774749756,0.6914663314819336,0.6787449717521667
0.6021444201469421,0.47416114807128906,0.31318843364715576,0.14079415798187256
-0.021455615758895874,-0.1550900638103485,-0.24721898138523102,-0.29204675555229187,-0.2912311851978302,-0.2530774474143982,-0.19074688851833344
-0.1198071539402008,-0.05557556450366974,-0.010784439742565155,0.006013855338096619
-0.008839554153382778,-0.054172974079847336,-0.12463116645812988,-0.21173378825187683
-0.30516570806503296,-0.39408034086227417,-0.46823012828826904,-0.5188263654708862
-0.5390845537185669,-0.5244643092155457,-0.4727177619934082,-0.3839433193206787
-0.260742723941803,-0.10834729671478271,0.06549619138240814,0.25098779797554016
0.4370192587375641,0.6118565797805786,0.7634527683258057,0.8797158002853394,0.949415385723114,0.9638356566429138,0.9185191988945007
0.8144034147262573,0.6581838130950928,0.4621080160140991,0.24324601888656616
0.022032201290130615,-0.18000353872776031,-0.3430389165878296,-0.45171260833740234
-0.49727752804756165,-0.4789191782474518,-0.4040560722351074,-0.2873629629611969
-0.14856469631195068,-0.009428724646568298,0.10947975516319275,0.19166113436222076
0.22665980458259583,0.21098998188972473,0.14806783199310303,0.04723156988620758
-0.07798458635807037,-0.21196502447128296,-0.33907365798950195
-0.4453244209289551,-0.5195196866989136,-0.553894579410553,-0.5443934202194214
-0.49067044258117676,-0.3958519697189331,-0.26610714197158813,-0.11014449596405029
0.06118065118789673,0.23509839177131653,0.3972707986831665,0.5326849818229675
0.6273013949394226,0.6701509356498718,0.65517258644104,0.582190215587616
0.45685577392578125,0.289720743894577,0.09480270743370056,-0.1117958202958107
-0.3127981722354889,-0.49044859409332275,-0.627714991569519
-0.7102654576301575,-0.7286415696144104,-0.6797869801521301,-0.5675073266029358
-0.4020337462425232,-0.19915270805358887,0.020975828170776367,0.2356714904308319
0.42238152027130127,0.56165611743927,0.6398212909698486,0.6508743762969971
0.5972747206687927,0.4894751310348511,0.3442603647708893,0.1821596324443817
0.02436313033103943,-0.11033745110034943,-0.20811054110527039,-0.26176679134368896
-0.2713116705417633,-0.24334165453910828,-0.18948128819465637
-0.1241823136806488,-0.062271639704704285,-0.01667703688144684,0.003282438963651657
-0.0071826837956905365,-0.04820137470960617,-0.11573238670825958,-0.20246882736682892
-0.2989782691001892,-0.39489078521728516,-0.47995471954345703,-0.5448588728904724
-0.5817935466766357,-0.5847868919372559,-0.5499368906021118,-0.47568628191947937
-0.363182932138443,-0.21657013893127441,-0.04297885298728943,0.1478901505470276
0.34453248977661133,0.5344730615615845,0.7048259973526001
0.8426786661148071,0.9358668923377991,0.9744465947151184,0.9524413347244263
0.8691588640213013,0.7297617793083191,0.5452315211296082,0.3318036198616028
0.10964101552963257,-0.09939154982566833,-0.2745538651943207,-0.399062842130661
-0.4623771011829376,-0.4616769850254059,-0.40239375829696655,-0.2975270450115204
-0.16569218039512634,-0.028259888291358948,0.09385146200656891,0.18314114212989807
0.22774314880371094,0.22262027859687805,0.1696852445602417
0.07694335281848907,-0.04312765598297119,-0.17563100159168243,-0.3053242862224579
-0.41832995414733887,-0.5032808184623718,-0.5519115328788757,-0.559259295463562
-0.5236592292785645,-0.44661593437194824,-0.332563579082489,-0.18852660059928894
-0.02375715970993042,0.1504833847284317,0.3210192322731018,0.47317516803741455
0.592023491859436,0.664441704750061,0.6813147068023682,0.6390928030014038
0.5403052568435669,0.3930581212043762,0.20980527997016907
0.005887031555175781,-0.2016211748123169,-0.394672155380249,-0.5552335977554321
-0.6670603156089783,-0.7179760336875916,-0.701796293258667,-0.6192485690116882
-0.4779115915298462,-0.29159921407699585,-0.07932046055793762,0.1365070939064026
0.33271220326423645,0.48846280574798584,0.5881444811820984,0.6234855651855469
0.5945717096328735,0.5095809698104858,0.38331449031829834,0.23480570316314697
0.08438971638679504,-0.049296364188194275,-0.15188753604888916
-0.21504129469394684,-0.2371310591697693,-0.22285206615924835,-0.1819038689136505
-0.12704578042030334,-0.0718902051448822,-0.028811052441596985,-0.007289040833711624
-0.012899182736873627,-0.046999718993902206,-0.10704682767391205,-0.1873546689748764
-0.2800683379173279,-0.3761398196220398,-0.4661659300327301,-0.5410333871841431
-0.5923983454704285,-0.6130770444869995,-0.5974488854408264,-0.5419673919677734
-0.4457729756832123,-0.3112238347530365,-0.144087016582489
0.04673518240451813,0.24989527463912964,0.4524742066860199,0.6406989097595215
0.8005011081695557,0.9183738827705383,0.9828330874443054,0.9861936569213867
0.926037073135376,0.8059835433959961,0.6358001828193665,0.4309019446372986
0.2110692262649536,-0.0017371773719787598,-0.18619002401828766,-0.3244428336620331
-0.4044642448425293,-0.4216129779815674,-0.3793291747570038,-0.2887149155139923
-0.16688406467437744,-0.03433045744895935,0.0881737470626831
0.18258102238178253,0.2359389364719391,0.24175547063350677,0.20026835799217224
0.11775672435760498,0.005127504467964172,-0.12394767254590988,-0.2549980580806732
-0.37444525957107544,-0.47076600790023804,-0.535091757774353,-0.5614029169082642
-0.546546459197998,-0.49022176861763,-0.3949620723724365,-0.2660582959651947
-0.11134898662567139,0.05906777083873749,0.2330092489719391,0.3963892161846161
0.5340113639831543,0.6313481330871582
0.01604706048965454,0.006619395688176155,0.00018418744730297476,0.004757912829518318
0.024507885798811913,0.056866634637117386,0.09260568022727966,0.1191190555691719
0.12569065392017365,0.10850801318883896,0.07315158098936081,0.03321926295757294,0.005310777574777603
0.0021884357556700706,0.026887204498052597,0.07043468952178955,0.1146504282951355
0.13955697417259216,0.1326199769973755,0.09549732506275177,0.04480476304888725,0.006385152693837881,0.005665598437190056,0.05799753963947296,0.16220292448997498,0.2993197739124298,0.4373447299003601,0.5409295558929443,0.5828312039375305,0.5528208017349243,0.46061602234840393,0.3318357765674591,0.1988196074962616,0.09015776962041855,0.022938530892133713,0.00011068851017626002
0.012973058968782425,0.046779047697782516,0.08667085319757462,0.12179236859083176
0.14678536355495453,0.1611003577709198,0.16718430817127228,0.1685734987258911
0.16849172115325928,0.1690882444381714,0.171172633767128,0.17424719035625458
0.17671455442905426,0.17622517049312592,0.17016620934009552,0.1563091278076172
0.13358460366725922,0.102848120033741,0.06743454188108444,0.03324591740965843
0.008097591809928417,0.00020940623653586954,0.0160185806453228
0.05775618553161621,0.12147249281406403,0.19639891386032104,0.2664254605770111
0.31384631991386414,0.3245621621608734,0.2931026816368103,0.2256045788526535
0.13938240706920624,0.05878168344497681,0.008281931281089783,0.004938981030136347
0.05271442234516144,0.14070481061935425,0.24601776897907257,0.3404892683029175
0.39907634258270264,0.40712806582450867,0.36417996883392334,0.28324803709983826
0.18612170219421387,0.09637013077735901,0.03238145634531975
0.0026044331025332212,0.004332767799496651,0.026130588725209236,0.05280100554227829
0.07102536410093307,0.07363197207450867,0.061029866337776184,0.039597999304533005
0.01811552233994007,0.00389588950201869,7.351452222792432e-05,0.004870363976806402
0.012940770015120506,0.01818542554974556,0.016877934336662292,0.009747748263180256
0.001958218403160572,0.0007608886226080358,0.011764591559767723,0.03558105602860451
0.06653977185487747,0.09430381655693054,0.10797152668237686
0.10103558748960495,0.07497284561395645,0.03965452313423157,0.010037620551884174
0.00018231733702123165,0.016927611082792282,0.0559973306953907,0.10259433090686798
0.13690221309661865,0.1427692025899887,0.11583711206912994,0.06702860444784164
0.019454436376690865,6.783351273043081e-05,0.029582249000668526,0.11427266895771027
0.24226222932338715,0.3857974410057068,0.5093601942062378,0.5810844302177429,0.5831740498542786,0.5172438025474548,0.4027102589607239
0.26930809020996094,0.14706121385097504,0.0576448030769825,0.00997402798384428
0.0007906000828370452,0.018949544057250023,0.050928790122270584,0.08526316285133362
0.11477042734622955,0.1366863250732422,0.15150178968906403,0.16138692200183868
0.16883429884910583,0.17576925456523895,0.18309079110622406,0.1905214935541153
0.19667841494083405,0.19934643805027008,0.19595009088516235,0.18417777121067047,0.16268737614154816,0.13180670142173767,0.30677857995033264
0.23394238948822021,0.14517147839069366,0.04255568981170654,-0.07021189481019974
-0.18781375885009766,-0.30344969034194946,-0.4092249870300293,-0.49680399894714355
-0.5582472681999207,-0.5869097709655762,-0.5782772302627563,-0.5306389331817627
-0.44551122188568115,-0.32772308588027954,-0.18512094020843506,-0.02792307734489441
0.1321951448917389,0.2831791043281555,0.4137224555015564,0.5143304467201233
0.5782012343406677,0.6018030643463135,0.5850781202316284
0.5313029289245605,0.4466632008552551,0.33958810567855835,0.21991732716560364
0.09799626469612122,-0.016220346093177795,-0.11399869620800018,-0.18855158984661102
-0.23560401797294617,-0.2537108063697815,-0.2442474663257599,-0.21107496321201324
-0.159993514418602,-0.09812967479228973,-0.03332510590553284,0.02647986263036728
0.0739065557718277,0.10284370929002762,0.1091180294752121,0.09103386104106903
0.04971528798341751,-0.010828524827957153,-0.08398741483688354
-0.16118912398815155,-0.23281912505626678,-0.2893160879611969,-0.32233262062072754
-0.32581329345703125,-0.29683223366737366,-0.2360990345478058,-0.14809377491474152
-0.04080486297607422,0.07494331151247025,0.18654286861419678,0.2809394896030426
0.3461467921733856,0.3728119730949402,0.3555617928504944,0.29377079010009766
0.19156134128570557,0.057130083441734314,-0.09828712046146393,-0.26150938868522644,-0.418512761592865,-0.555674135684967,-0.6611708402633667
-0.7263103723526001,-0.7465004324913025,-0.7216675281524658,-0.6560497879981995,-0.557409942150116,-0.4358368515968323,-0.30236002802848816,-0.16758474707603455
-0.04053327441215515,0.07217681407928467,0.16674615442752838,0.24214567244052887
0.2996480166912079,0.34211647510528564,0.3732321858406067,0.3967687785625458
0.4159858822822571,0.43318280577659607,0.4494291841983795,0.4645099937915802,0.47710803151130676,0.48515263199806213,0.4862043857574463
0.47776952385902405,0.4574892520904541,0.42324358224868774,0.37329235672950745,0.30654576420783997,0.22294801473617554,0.12385798990726471,0.012304499745368958,-0.10692965984344482,-0.2274090200662613,-0.3413810729980469,-0.4403722286224365,-0.5159896016120911
-0.5608303546905518,-0.5693951845169067,-0.5388847589492798,-0.46973299980163574
-0.36576831340789795,-0.23398900032043457,-0.08400022983551025,0.07284584641456604
0.22454418241977692,0.3596263825893402,0.46827447414398193,0.5432149171829224
0.5802907943725586,0.5786694288253784,0.5407171249389648,0.4716087281703949,0.3787202835083008,0.2708582580089569,0.15741553902626038,0.04754464328289032,-0.05058012157678604,-0.13036465644836426,-0.18723958730697632,-0.21892043948173523,-0.22545655071735382,-0.20906414091587067,-0.1737862527370453,-0.12507620453834534,-0.06937792897224426,-0.013683497905731201,0.03499778360128403,0.07027751952409744,0.08707588165998459
0.08226905018091202,0.055206261575222015,0.007997848093509674,-0.054527398198843
-0.12524519860744476,-0.195485457777977,-0.25600770115852356,-0.29811686277389526
-0.31479471921920776,-0.30167025327682495,-0.25769931077957153,-0.18549874424934387
-0.09129376709461212,0.015557900071144104,0.1234608143568039,0.21982379257678986
0.29250603914260864,0.33132103085517883,0.3294256329536438,0.2843097746372223
0.19812360405921936,0.07731889188289642,-0.06817882508039474
-0.22601130604743958,-0.3825414776802063,-0.5241519808769226,-0.6386591792106628
-0.7166556119918823,-0.7525203227996826,-0.7449023127555847,-0.6966099143028259
-0.6139471530914307,-0.5056381225585938,-0.3815735876560211,-0.25160062313079834
-0.12447893619537354,-0.007084965705871582,0.09605756402015686,0.1828688681125641
0.25342702865600586,0.3094020485877991,0.3533797264099121,0.3882219195365906
0.41654255986213684,0.44033241271972656,0.4607377350330353
0.477981299161911,0.49142712354660034,0.49978408217430115,0.5013672113418579
0.4942941963672638,0.4765797555446625,0.4462035894393921,0.40125855803489685
0.34024593234062195,0.26250627636909485,0.1686723530292511,0.06100344657897949
-0.056453391909599304,-0.17787863314151764,-0.2959141433238983,-0.4021725654602051
-0.488023579120636,-0.5455560684204102,-0.5685577392578125,-0.5533686876296997
-0.49947771430015564,-0.40975454449653625,-0.2902876138687134
-0.14986643195152283,0.0008345693349838257,0.1503058671951294,0.2873566150665283
0.40219801664352417,0.4873068928718567,0.5379859209060669,0.5526021718978882
0.5325077772140503,0.4816794991493225,0.4061651825904846,0.31341034173965454,0.21152448654174805,0.10857169330120087,0.011966392397880554,-0.07198657840490341
-0.13841596245765686,-0.18409129977226257,-0.20752783119678497,-0.20901525020599365,-0.19056406617164612,-0.15574632585048676,-0.10945494472980499
-0.057595424354076385,-0.006678462028503418,0.03672151267528534,0.06664634495973587
0.07849782705307007,0.06971393525600433,0.0402735136449337,-0.007063809782266617,-0.0668897032737732,-0.1316889226436615,-0.192715585231781,-0.2410779595375061
-0.26889991760253906,-0.27041298151016235,-0.24282734096050262,-0.18686465919017792
-0.10689970850944519,-0.010688364505767822,0.09134655445814133,0.18724551796913147,0.2649199366569519,0.313648521900177,0.3254833221435547
0.29634755849838257,0.22659024596214294,0.12090495228767395,-0.012278929352760315
-0.16175274550914764,-0.3147011697292328,-0.45800670981407166,-0.5795963406562805
-0.6696951985359192,-0.7218178510665894,-0.7333265542984009,-0.7054487466812134,-0.6427879333496094,-0.5524498224258423,-0.44293367862701416,-0.3229959011077881
-0.20068547129631042,-0.08264291286468506,0.026309460401535034,0.12328770756721497,0.2071988880634308,0.27836769819259644,0.33802396059036255
0.38778233528137207,0.42923203110694885,0.46366581320762634,0.4919215142726898
0.5143260359764099,0.53071528673172,0.5405011177062988,0.5427665710449219,0.5363361835479736,0.5197840929031372,0.49143725633621216,0.4494716227054596
0.3921740651130676,0.3183830678462982,0.2280293107032776,0.12262195348739624
0.005542963743209839,-0.11790169030427933,-0.24068483710289001,-0.35454216599464417
-0.4507361054420471,-0.5210133790969849,-0.5586105585098267
-0.5591591596603394,-0.5213437080383301,-0.44718876481056213,-0.34194281697273254
-0.21360570192337036,-0.07215803861618042,0.0714486837387085,0.20643667876720428
0.323291540145874,0.41460496187210083,0.4755744934082031,0.5041642189025879
0.5009829998016357,0.4689379036426544,0.41273558139801025,0.33830559253692627
0.252186119556427,0.16093608736991882,0.07068033516407013,-0.013153910636901855
-0.08594325184822083,-0.14393232762813568,-0.18437117338180542
-0.20572976768016815,-0.20789888501167297,-0.19228807091712952,-0.16180402040481567
-0.12074784934520721,-0.07461284101009369,-0.029689066112041473,0.007587358355522156
0.03148582577705383,0.03784836828708649,0.024775870144367218,-0.006963271647691727
-0.053850576281547546,-0.10990360379219055,-0.16733381152153015,-0.2175154685974121
-0.25214406847953796,-0.26442980766296387,-0.2501436173915863,-0.2083384394645691
-0.1416608691215515,-0.05623514950275421,0.038901567459106445
0.1327933967113495,0.21387363970279694,0.2713947296142578,0.2967675030231476,0.28463828563690186,0.2335791438817978,0.14630064368247986,0.029361039400100708,-0.10758931934833527,-0.2529340982437134,-0.3944144546985626,-0.5204395651817322,-0.6212283968925476,-0.6897028684616089,-0.7220510840415955,-0.7178574800491333
-0.6797658801078796,-0.6127721667289734,-0.5233278870582581,-0.41844862699508667
-0.30497297644615173,-0.1890186071395874,-0.07561646401882172,0.03149016201496124
0.12986984848976135,0.21824201941490173,0.2961732745170593,0.36373552680015564
0.42122626304626465,0.46900150179862976,0.507415771484375,0.536812961101532
0.5575076341629028,0.5697290897369385,0.5735231637954712,0.5686196088790894
0.5542930364608765,0.5292808413505554,0.4918520152568817,0.44008758664131165
0.37236151099205017,0.28794682025909424,0.18761509656906128,0.07405850291252136,-0.047989167273044586,-0.17194485664367676
-0.2898438572883606,-0.3930586576461792,-0.47321659326553345,-0.5232009887695312
-0.5380821824073792,-0.5158174633979797,-0.4575978219509125,-0.3677971065044403
-0.25352680683135986,-0.12385177612304688,0.011198848485946655,0.14168433845043182
0.25873008370399475,0.35526812076568604,0.42645514011383057,0.46979525685310364
0.4850238859653473,0.4738006889820099,0.43927475810050964,0.38560473918914795
0.3174980878829956,0.239827960729599,0.15739715099334717
0.07486243546009064,-0.003256082534790039,-0.0726025179028511,-0.12915922701358795
-0.16958746314048767,-0.19165217876434326,-0.19461418688297272,-0.1794860064983368
-0.1491110622882843,-0.10807637870311737,-0.06241234391927719,-0.01899103820323944
0.015369802713394165,0.03493034839630127,0.03594301640987396,0.01729331724345684,-0.01919577643275261,-0.06883199512958527,-0.12454115599393845,-0.177779421210289
-0.21975843608379364,-0.24276401102542877,-0.24133208394050598
-0.21310622990131378,-0.15927839279174805,-0.08457168936729431,0.0032275542616844177
0.09414014220237732,0.17718073725700378,0.24171757698059082,0.2788032293319702,0.28227269649505615,0.24947941303253174,0.1815989911556244,0.08345706760883331
-0.03709307312965393,-0.17013958096504211,-0.30487632751464844,-0.4307655990123749
-0.5385375618934631,-0.6209598779678345,-0.6733347177505493,-0.6936814785003662
-0.6825863718986511,-0.6427597999572754,-0.5784144997596741
-0.49461090564727783,-0.39669352769851685,-0.2898853123188019,-0.17902183532714844,-0.06837055087089539,0.038491398096084595,0.13872118294239044,0.23016367852687836
0.31126031279563904,0.38097095489501953,0.4387369751930237,0.48449552059173584
0.5186944603919983,0.542214572429657,0.5561544895172119,0.5615110397338867,0.558845579624176,0.5480395555496216,0.5281858444213867,0.4976363182067871
0.4542476236820221,0.3958585560321808,0.32096168398857117
0.22942593693733215,0.12306547164916992,0.005884885787963867,-0.11605852097272873
-0.23513191938400269,-0.3428623676300049,-0.4308395981788635,-0.49168068170547485
-0.519961416721344,-0.5129934549331665,-0.47126299142837524,-0.3983997702598572
-0.3006908893585205,-0.18626558780670166,-0.0641297847032547,0.05678291618824005
0.16844767332077026,0.2644039988517761,0.3401414752006531,0.3931691348552704
0.42281538248062134,0.42986276745796204,0.41612541675567627
0.3840523064136505,0.3364240825176239,0.27620038390159607,0.20652583241462708
0.13084861636161804,0.053075119853019714,-0.022358588874340057,-0.09062370657920837
-0.14689356088638306,-0.1869429051876068,-0.20781776309013367,-0.20841726660728455
-0.18985457718372345,-0.15552344918251038,-0.11085125803947449,-0.06273351609706879
-0.018668152391910553,0.014324069023132324,0.03080345317721367,0.027800031006336212
0.005332261323928833,-0.03348841518163681,-0.08278783410787582
-0.13469985127449036,-0.18050897121429443,-0.21198773384094238,-0.22267398238182068,-0.20886294543743134,-0.1701844483613968,-0.1097174882888794,-0.033658966422080994
0.04940161854028702,0.12952660024166107,0.19667431712150574,0.24197354912757874
0.25882598757743835,0.24366483092308044,0.19628727436065674,0.11975346505641937
0.019902348518371582,-0.09541433304548264,-0.2172638177871704,-0.33660778403282166
-0.4451705813407898,-0.5360641479492188,-0.6041399240493774
-0.6461328268051147,-0.6606428623199463,-0.6479515433311462,-0.6097093820571899
-0.5485933423042297,-0.4680245518684387,-0.371969997882843,-0.26479244232177734
-0.15108788013458252,-0.03548029065132141,0.07760679721832275,0.18416553735733032
0.28078585863113403,0.36481472849845886,0.4345085918903351,0.4891524314880371
0.5290855169296265,0.555579423904419,0.5705351829528809,0.57600998878479
0.5736790299415588,0.5643855333328247,0.5478811264038086
0.5228006839752197,0.4868963062763214,0.43754562735557556,0.37250444293022156
0.29075130820274353,0.19317537546157837,0.08291424810886383,-0.03471218794584274
-0.15263238549232483,-0.262736976146698,-0.3567732274532318,-0.4273183345794678
-0.4687202274799347,-0.47784677147865295,-0.45448076725006104,-0.40127918124198914
-0.3233305811882019,-0.22742915153503418,-0.12120294570922852,-0.012248367071151733
0.0925850123167038,0.18768270313739777,0.2689008116722107
0.3335527777671814,0.3802019953727722,0.4083472490310669,0.418089359998703
0.40986189246177673,0.384296178817749,0.3422751724720001,0.2851802110671997
0.21524053812026978,0.1358371078968048,0.051630035042762756,-0.03157903254032135
-0.10730847716331482,-0.16917358338832855,-0.21184265613555908,-0.23194780945777893,-0.22873613238334656,-0.204314723610878,-0.1634625792503357
-0.11307118833065033,-0.061260759830474854,-0.0162360817193985,0.014950502663850784
0.02749212086200714,0.01957542635500431,-0.007314600050449371,-0.048562683165073395
-0.09708014130592346,-0.14440451562404633,-0.18205580115318298,-0.20286871492862701
-0.20206676423549652,-0.17794980108737946,-0.13213299214839935,-0.06932859122753143
0.0032777488231658936,0.07696186006069183,0.14257493615150452,0.191692054271698
0.2176428735256195,0.21624690294265747,0.18614515662193298,0.12876659631729126,0.04801221191883087,-0.05029334872961044,-0.15911677479743958
-0.27099937200546265,-0.3787750005722046,-0.47607097029685974,-0.5575447678565979
-0.6189544200897217,-0.6571734547615051,-0.6701956391334534,-0.6571555137634277
-0.6183770895004272,-0.5554055571556091,-0.47097912430763245,-0.3689466416835785
-0.25412505865097046,-0.132053405046463,-0.008626103401184082,0.11036931723356247
0.2197527289390564,0.31540364027023315,0.39459654688835144,0.45619016885757446
0.5006376504898071,0.529774010181427,0.546363115310669
0.5534484386444092,0.5536240935325623,0.5483978986740112,0.5378128886222839
0.520423173904419,0.49361762404441833,0.45423099398612976,0.3993571102619171
0.3272233307361603,0.2379383146762848,0.1339416205883026,0.020041123032569885
-0.09698482602834702,-0.20914068818092346,-0.30817174911499023,-0.3865695893764496
-0.43849366903305054,-0.46048739552497864,-0.4518588185310364,-0.4146271049976349
-0.35305097699165344,-0.27288350462913513,-0.1805436909198761
-0.08236855268478394,0.01593586802482605,0.10961253941059113,0.1949763000011444
0.26935839653015137,0.3308769464492798,0.3781035840511322,0.4097577929496765
0.424538254737854,0.42115122079849243,0.39856186509132385,0.35643714666366577
0.29567641019821167,0.21887809038162231,0.13058218359947205,0.03716951608657837
-0.05365630239248276,-0.13379065692424774,-0.1958915889263153,-0.23452937602996826
-0.2470780313014984,-0.23417474329471588,-0.19967268407344818
-0.15012289583683014,-0.09388148784637451,-0.0399402379989624,0.0033923909068107605
0.029764018952846527,0.035768214613199234,0.021442750468850136,-0.009815048426389694
-0.05186179280281067,-0.09682323783636093,-0.13635921478271484,-0.16297507286071777
-0.17115217447280884,-0.15813219547271729,-0.12427672743797302,-0.07296892255544662
-0.010074958205223083,0.056919969618320465,0.11992271989583969,0.17123398184776306
0.20443247258663177,0.21504391729831696,0.2008948028087616
0.16212141513824463,0.1009124368429184,0.021089807152748108,-0.0723869800567627
-0.17392177879810333,-0.277736097574234,-0.3782167434692383,-0.4700956642627716
-0.548491358757019,-0.6089409589767456,-0.6475360989570618,-0.6611814498901367
-0.6479169726371765,-0.6072233319282532,-0.5402278304100037,-0.44976210594177246
-0.3402823805809021,-0.21764495968818665,-0.08868449926376343,0.039408862590789795
0.15984298288822174,0.2669811248779297,0.35693424940109253
0.42786288261413574,0.4799700081348419,0.5152174234390259,0.536794900894165
0.5483863353729248,0.5533179044723511,0.5537444353103638,0.5500954389572144
0.540962278842926,0.5234495997428894,0.49388301372528076,0.4487176537513733
0.38547560572624207,0.3035453259944916,0.20470252633094788,0.09323498606681824
-0.024395331740379333,-0.14031237363815308,-0.24624653160572052,-0.33459439873695374
-0.39933404326438904,-0.43667998909950256,-0.4454036355018616
-0.4267723262310028,-0.3841180205345154,-0.3221457302570343,-0.24616330862045288
-0.16139236092567444,-0.07247525453567505,0.01674773544073105,0.10320837050676346
0.18441501259803772,0.25815343856811523,0.322140634059906,0.3737562298774719
0.4099997580051422,0.42772993445396423,0.4241268038749695,0.3972899615764618
0.3468926250934601,0.2747698128223419,0.18526548147201538,0.08516533672809601
-0.016885295510292053,-0.11143116652965546,-0.18952007591724396
-0.24401059746742249,-0.27063828706741333,-0.2686740756034851,-0.24106359481811523
-0.19399495422840118,-0.1359618753194809,-0.07650116086006165,-0.024797886610031128
0.011660896241664886,0.028172891587018967,0.023444991558790207,-0.00033749639987945557
-0.037972163408994675,-0.08214621245861053,-0.12465174496173859,-0.1577107310295105
-0.17516599595546722,-0.1733270287513733,-0.15137819945812225,-0.1113564670085907
-0.05774259567260742,0.0032493844628334045,0.06455293297767639
0.11914999783039093,0.16085343062877655,0.18487948179244995,0.1881737858057022
0.16948823630809784,0.129248708486557,0.06929992139339447,-0.0073826611042022705
-0.09695348143577576,-0.19491587579250336,-0.2963219881057739,-0.39594608545303345
-0.48837703466415405,-0.5680662393569946,-0.6295081973075867,-0.6676585674285889
-0.678493320941925,-0.6595553159713745,-0.6103923916816711,-0.5328078866004944
-0.4308645725250244,-0.3106344938278198,-0.17968225479125977
-0.04628053307533264,0.08154300600290298,0.1969561129808426,0.2950969338417053
0.3735252022743225,0.43227875232696533,0.47355225682258606,0.5010433793067932
0.5190428495407104,0.531410813331604,0.5406479835510254,0.54729163646698
0.549790620803833,0.5448769330978394,0.5283286571502686,0.4959467351436615
0.444560170173645,0.3728887438774109,0.28211480379104614,0.17605066299438477
0.060841575264930725,-0.05577334761619568
0.07285904139280319,0.030788253992795944,0.00453985296189785,0.002566548762843013,0.03009290248155594,0.08688109368085861,0.1661766916513443,0.25540199875831604
0.33861085772514343,0.40011054277420044,0.42822274565696716,0.41808757185935974,0.37268343567848206,0.3017679750919342
0.2191101759672165,0.13894012570381165,0.07274653762578964,0.027298877015709877
0.004201401490718126,0.0007252757204696536,0.011351815424859524,0.029446596279740334,0.04865438491106033,0.06382527202367783,0.07150274515151978,0.07013177126646042,0.06012037768959999,0.0437847264111042,0.025085844099521637,0.009002083912491798
0.000483371433801949,0.003145736875012517,0.018052466213703156,0.043030545115470886
0.07291379570960999,0.10082649439573288,0.12018085271120071
0.12667390704154968,0.11950232833623886,0.10133210569620132,0.07709691673517227
0.05219582840800285,0.03086736798286438,0.015324837528169155,0.0057965852320194244
0.0012003311421722174,7.145367675320813e-08,0.0008729956462047994,0.003036655019968748,0.006291524972766638,0.010909056290984154,0.0174456425011158,0.026480328291654587
0.03825261816382408,0.052248939871788025,0.06690546870231628,0.07965240627527237,0.08743388205766678,0.08763758093118668,0.07913720607757568
0.06299030035734177,0.04242091253399849,0.02205541357398033,0.0067043667659163475
9.993917046813294e-05,0.003961801994591951,0.01765071600675583,0.03843348100781441
0.062169793993234634,0.08419632166624069,0.10022487491369247,0.10711269825696945
0.10342266410589218,0.08973243087530136,0.06862123310565948,0.04426034912467003
0.02164180390536785,0.005620298441499472,8.267811608675402e-06,0.006899966858327389,0.026328537613153458,0.05635809153318405,0.09362297505140305
0.13412511348724365,0.17401088774204254,0.21013489365577698,0.24033470451831818
0.2634273171424866,0.2789861559867859,0.2869696021080017,0.2873137891292572
0.27964910864830017,0.2632712721824646,0.23743464052677155,0.2019682675600052
0.15809006989002228,0.10917500406503677,0.06115832179784775,0.022215858101844788
0.001449903124012053,0.006640449166297913,0.041626930236816406,0.10425832867622375
0.1858196258544922,0.2723906338214874,0.3479004502296448
0.3979984521865845,0.41354039311408997,0.39263206720352173,0.3406946361064911
0.2686448395252228,0.18984068930149078,0.11681701242923737,0.05879826098680496
0.020526912063360214,0.002383212326094508,0.0013805086491629481,0.012511287815868855
0.03002301976084709,0.04837987944483757,0.06288182735443115,0.0700840875506401
0.0681726485490799,0.057338789105415344,0.0400300957262516,0.020807359367609024
0.005554399453103542,2.682654667296447e-05,0.008053116500377655
0.029970888048410416,0.061978939920663834,0.09688878804445267,0.12621816992759705,0.1428927183151245,0.14346081018447876,0.1289372593164444,0.10401897132396698,0.07512014359235764,0.04813696816563606,0.026866018772125244,0.012556814588606358
0.004462737590074539,0.0008614849066361785,6.616171503992518e-07,0.0006543308845721185
0.0022701171692460775,0.004877664148807526,0.008925382047891617,0.01508419867604971
0.02395797334611416,-0.1888660490512848,-0.22233650088310242
-0.2516511082649231,-0.2729979157447815,-0.2829052805900574,-0.2788126468658447
-0.25947898626327515,-0.2251298725605011,-0.177343487739563,-0.11875884234905243
-0.05271662771701813,0.017086543142795563,0.08691541850566864,0.1532643735408783
0.21301613748073578,0.2634737491607666,0.302323579788208,0.3276169002056122
0.3378133773803711,0.3318735659122467,0.3093940317630768,0.2707560062408447
0.21722474694252014,0.1509607583284378,0.07493418455123901
-0.00725555419921875,-0.09164729714393616,-0.1742623895406723,-0.2514960765838623
-0.3204801082611084,-0.37931180000305176,-0.4271089434623718,-0.4639211595058441
-0.4905296266078949,-0.5081748366355896,-0.518243134021759,-0.5219076871871948
-0.5197603702545166,-0.5115300416946411,-0.4959789216518402,-0.4710363745689392
-0.434170126914978,-0.38291996717453003,-0.31548792123794556,-0.23129785060882568
-0.13143852353096008,-0.01889006793498993
0.10153357684612274,0.22354406118392944,0.3400143086910248,0.44377920031547546
0.528422474861145,0.5889095067977905,0.6220148205757141,0.6265547275543213,0.6034352779388428,0.5554873943328857,0.48706313967704773,0.4034409821033478
0.3101813495159149,0.212590754032135,0.11538083851337433,0.02251964807510376
-0.06276003271341324,-0.13782969117164612,-0.2004643976688385,-0.2486417591571808
-0.28042134642601013,-0.29398491978645325,-0.2878683805465698
-0.2613379955291748,-0.21480770409107208,-0.15017884969711304,-0.07100978493690491
0.017537802457809448,0.109012670814991,0.19625477492809296,0.2721819579601288
0.33066919445991516,0.3673659563064575,0.38027963042259216,0.370006799697876,0.3395819365978241,0.29396170377731323,0.23921063542366028,0.18153396248817444
0.12634481489658356,0.07754115760326385,0.037114329636096954,0.0051115043461322784,-0.020086579024791718,-0.041231296956539154,-0.061507951468229294
-0.08379864692687988,-0.11004224419593811,-0.14079886674880981,-0.17508411407470703
-0.21049927175045013,-0.2436257302761078,-0.27060142159461975,-0.2877606749534607,-0.29220443964004517,-0.2822090983390808,-0.2574235796928406,-0.21882231533527374,-0.16845180094242096
-0.10907949507236481,-0.04384513199329376,0.02402176707983017,0.09140431880950928
0.15542426705360413,0.21346350014209747,0.26308345794677734,0.30192863941192627
0.32771629095077515,0.3383523225784302,0.33216392993927,0.3082118332386017
0.266598641872406,0.20866632461547852,0.13701382279396057,0.05532427132129669
-0.03194946050643921,-0.11998963356018066,-0.204104945063591,-0.2802712917327881
-0.3455806076526642,-0.39846497774124146,-0.4386836886405945,-0.46713319420814514
-0.485531210899353,-0.49600258469581604,-0.5005903244018555,-0.5007469654083252
-0.4969107210636139,-0.48827943205833435,-0.4728457033634186,-0.447714239358902,-0.40967294573783875
-0.3559055030345917,-0.284690797328949,-0.1959669589996338,-0.09166686236858368
0.024240419268608093,0.1460287868976593,0.2667846083641052,0.37917134165763855
0.47625792026519775,0.5522657632827759,0.6031082272529602,0.6266771554946899
0.622888445854187,0.5935071706771851,0.5418053865432739,0.47211137413978577
0.3892817199230194,0.2981777787208557,0.2032788097858429,0.10851152241230011
0.017284154891967773,-0.0673510730266571,-0.14251364767551422
-0.2053608000278473,-0.2530284821987152,-0.28269246220588684,-0.29180848598480225
-0.27853599190711975,-0.24227283895015717,-0.18415115773677826,-0.10732574760913849
-0.016965121030807495,0.08006726950407028,0.17582938075065613,0.26217013597488403
0.3317409157752991,0.3789709210395813,0.40080904960632324,0.39708906412124634
0.37045854330062866,0.3258884847164154,0.2698385715484619,0.20921525359153748
0.15031617879867554,0.09795272350311279,0.054891206324100494
0.02168932557106018,-0.003075115382671356,-0.022258544340729713,-0.03940927982330322
-0.057967960834503174,-0.08054373413324356,-0.1083812415599823,-0.1411150097846985
-0.17685270309448242,-0.21253371238708496,-0.24445559084415436,-0.2688700556755066,-0.2825579345226288,-0.2832830548286438,-0.2700493335723877,-0.2431209832429886
-0.20381106436252594,-0.15413795411586761,-0.09648922085762024,-0.03338178992271423,0.032650742679834366,0.0990683063864708,0.1632753312587738
0.22253231704235077,0.2738710343837738,0.3141028881072998,0.339993953704834
0.34860771894454956,0.33775264024734497,0.3064345419406891,0.25519904494285583
0.1862647533416748,0.10340709984302521,0.011626601219177246,-0.08334840089082718
-0.17569337785243988,-0.2601839005947113,-0.33282363414764404,-0.39126071333885193
-0.4349069893360138,-0.4647752344608307,-0.4831031262874603,-0.4928293526172638
-0.4969829320907593,-0.4980492889881134,-0.49738577008247375
-0.4948124587535858,-0.48852699995040894,-0.47539204359054565,-0.4515163004398346,-0.4130113422870636,-0.3568119704723358,-0.2814265489578247,-0.18747127056121826
-0.07787701487541199,0.04228292405605316,0.1663176417350769,0.28669580817222595
0.395934522151947,0.48743295669555664,0.5561056137084961,0.5987551212310791
0.6141928434371948,0.6031359434127808,0.5679202079772949,0.5120717883110046
0.43979519605636597,0.3554769456386566,0.26332443952560425
0.167205810546875,0.07068575918674469,-0.022803515195846558,-0.10976532101631165
-0.1865188330411911,-0.24920903146266937,-0.29396578669548035,-0.31722813844680786
-0.3162336051464081,-0.2896014451980591,-0.23786625266075134,-0.1638166755437851
-0.07254411280155182,0.028844833374023438,0.13186407089233398,0.22757673263549805
0.30767878890037537,0.3655660152435303,0.3972105085849762,0.40167954564094543
0.3811738193035126,0.3405551016330719,0.28646132349967957
0.22620603442192078,0.16666574776172638,0.11331616342067719,0.06955663859844208
0.03643600642681122,0.012804973870515823,-0.004172675311565399,-0.01826370134949684
-0.03331514447927475,-0.0524706095457077,-0.07757468521595001,-0.1088453084230423
-0.14485223591327667,-0.18279582262039185,-0.21902772784233093,-0.24969063699245453
-0.27132630348205566,-0.28132444620132446,-0.2781484127044678,-0.26136475801467896
-0.23152723908424377,-0.18992751836776733,-0.13828179240226746
-0.07849760353565216,-0.012603789567947388,0.05718106031417847,0.1283179223537445
0.1978282928466797,0.2622333765029907,0.31759214401245117,0.359697163105011
0.38446351885795593,0.3884606659412384,0.3694896996021271,0.3271061182022095
0.2629418671131134,0.18069031834602356,0.08575208485126495,-0.015360012650489807
-0.1157619059085846,-0.20900389552116394,-0.2898535430431366,-0.35493582487106323
-0.403076171875,-0.4352392852306366,-0.45409590005874634
-0.46335241198539734,-0.46697697043418884,-0.4684250056743622,-0.46994704008102417
-0.47205960750579834,-0.4733138978481293,-0.4704879820346832,-0.45918744802474976
-0.43471261858940125,-0.39300957322120667,-0.33151474595069885,-0.2497471570968628
-0.14958417415618896,-0.0352034866809845,0.08731897920370102,0.21071916818618774
0.3274332582950592,0.4304732084274292,0.5141260027885437,0.57438725233078
0.6091086864471436,0.6179097890853882,0.6019303798675537
0.5634768009185791,0.5056143999099731,0.43178486824035645,0.3455330729484558
0.2503972351551056,0.1499638557434082,0.04802866280078888,-0.05123964697122574
-0.14323091506958008,-0.22297871112823486,-0.2854178249835968,-0.32580462098121643,-0.34028005599975586,-0.3265213966369629,-0.28435075283050537,-0.21613484621047974
-0.1268550306558609,-0.023799598217010498,0.08410906046628952,0.18728692829608917
0.27663034200668335,0.3446536362171173,0.38643908500671387,0.40022996068000793
0.38755160570144653,0.3528253436088562,0.30254194140434265,0.24416634440422058
0.18497130274772644,0.13097888231277466,0.08617973327636719,0.05215124040842056
0.02811301499605179,0.011379621922969818,-0.0018951483070850372,-0.01583489403128624
-0.033987972885370255,-0.05865722894668579,-0.0905168205499649,-0.1285519152879715
-0.1702938675880432,-0.21228471398353577,-0.2506677806377411,-0.28177857398986816,-0.30261555314064026,-0.31110507249832153
-0.30614805221557617,-0.2875118851661682,-0.2556408643722534,-0.21143998205661774
-0.1561138927936554,-0.09114399552345276,-0.01840948313474655,0.05961531028151512
0.13968953490257263,0.21773885190486908,0.28893449902534485,0.34796226024627686
0.38950926065444946,0.40892353653907776,0.402921199798584,0.3702000379562378
0.3118469715118408,0.23144087195396423,0.1347726285457611,0.02918228507041931
-0.07736608386039734,-0.17729073762893677,-0.26433229446411133
-0.3343171775341034,-0.38561612367630005,-0.4191743731498718,-0.43808436393737793
-0.4467996656894684,-0.4501713812351227,-0.4524988532066345,-0.4567278325557709
-0.46388235688209534,-0.47281724214553833,-0.4803536534309387,-0.48180216550827026
-0.47179996967315674,-0.44530677795410156,-0.3985759913921356,-0.3299223482608795
-0.24013763666152954,-0.13250234723091125,-0.012436896562576294,0.11314068734645844
0.23665592074394226,0.35076242685317993,0.4491095542907715
0.5268734693527222,0.5809812545776367,0.6100462675094604,0.6141195297241211
0.5943654775619507,0.5527464747428894,0.49177831411361694,0.4143698811531067
0.3237471282482147,0.22348108887672424,0.11760750412940979,0.010766297578811646
-0.09174270927906036,-0.1840803325176239,-0.2602035403251648,-0.3143922984600067
-0.34190496802330017,-0.3396763801574707,-0.30694058537483215,-0.24564290046691895
-0.16052784025669098,-0.058838412165641785,0.05037252604961395
0.15724492073059082,0.252279132604599,0.32748347520828247,0.3773377537727356,0.3994382619857788,0.39470767974853516,0.367101788520813,0.3228434920310974,0.2693294286727905,0.21392539143562317,0.1628599911928177,0.12038259208202362,0.0883137434720993,0.06605447083711624,0.051028259098529816,0.039430707693099976
0.027111653238534927,0.010419793426990509,-0.013131281360983849,-0.044463708996772766,-0.08283974975347519,-0.1260632574558258,-0.17091333866119385
-0.2137041985988617,-0.25084981322288513,-0.27930527925491333,-0.29679393768310547
-0.3018289804458618,-0.29361531138420105,-0.2719131112098694,-0.23691484332084656
-0.18916623294353485,-0.1295650154352188,-0.0594874769449234,0.018964901566505432
0.10270987451076508,0.18755432963371277,0.2682628333568573,0.3388647437095642
0.39320793747901917,0.42568719387054443,0.43203485012054443,0.4100508391857147
0.36012884974479675,0.285455584526062,0.1917906105518341
0.08678755164146423,-0.021027997136116028,-0.12338937819004059,-0.21334116160869598
-0.28610464930534363,-0.33963650465011597,-0.3747479319572449,-0.39472201466560364
-0.4044850766658783,-0.40951666235923767,-0.41475436091423035,-0.423690527677536
-0.4377520680427551,-0.45601415634155273,-0.47529152035713196,-0.4906201958656311
-0.496083527803421,-0.48585045337677,-0.4552309215068817,-0.40153902769088745
-0.3245980441570282,-0.2268231213092804,-0.11292430758476257
0.010679364204406738,0.1366412341594696,0.257547527551651,0.3667071461677551
0.4587261974811554,0.5297784805297852,0.5775793194770813,0.6011663675308228
0.6006128787994385,0.5767655372619629,0.5310661792755127,0.46548110246658325
0.3825308680534363,0.2854035198688507,0.1781083047389984,0.06559665501117706
-0.04623723030090332,-0.1507507860660553,-0.24096718430519104,-0.3101786971092224
-0.3526730537414551,-0.36449676752090454,-0.34413325786590576
-0.29294317960739136,-0.21524640917778015,-0.11800283193588257,-0.010133892297744751
0.09842553734779358,0.1978626549243927,0.27968037128448486,0.3377358019351959
0.368934690952301,0.3734791576862335,0.3546309769153595,0.3180290758609772,0.2706778645515442,0.2197788953781128,0.1716201901435852,0.13071082532405853
0.09927637875080109,0.0771792083978653,0.06226330250501633,0.05103011429309845,0.03948346525430679,0.02396363392472267,0.00182303786277771
-0.028147373348474503,-0.06558679789304733,-0.1087288111448288,-0.1547917127609253
-0.20047375559806824,-0.2424290031194687,-0.2776317596435547,-0.30359166860580444
-0.31841444969177246,-0.32072165608406067,-0.30950847268104553,-0.2840714752674103
-0.24407008290290833,-0.1896708458662033,-0.12173531949520111,-0.04206541180610657
0.04633084684610367,0.1390715092420578,0.23045042157173157,0.31377512216567993,0.38199153542518616,0.4285091757774353,0.44809818267822266
0.4377177357673645,0.3971194922924042,0.3290916979312897,0.23927804827690125
0.13555985689163208,0.027037322521209717,-0.07723557204008102,-0.16950352489948273
-0.2443198412656784,-0.2991752624511719,-0.33466702699661255,-0.3541543483734131
-0.3629128932952881,-0.36695513129234314,-0.37181806564331055,-0.38158172369003296,-0.3982082009315491,-0.42120009660720825,-0.4476328194141388
-0.47260358929634094,-0.4900234639644623,-0.4936111271381378,-0.4779318571090698
-0.43931064009666443,-0.37646248936653137,-0.2907347083091736,-0.18592879176139832
-0.06776326894760132,0.05688680708408356,0.18082115054130554,0.2972779870033264
0.4005046486854553,0.4860539436340332,0.5508116483688354,0.5928295254707336
0.6110773086547852,0.6052344441413879,0.5756018161773682,0.5231583118438721
0.4497183859348297,0.3581062853336334,0.2522886395454407,0.13743549585342407,0.019868984818458557,-0.09316160529851913,-0.19392767548561096
-0.2748897969722748,-0.3295145630836487,-0.3531147539615631,-0.34356367588043213
-0.30173754692077637,-0.23158416152000427,-0.13979606330394745,-0.035132259130477905
0.0725409984588623,0.17339308559894562,0.25880545377731323,0.3223905563354492
0.360676109790802,0.3733465075492859,0.3630251884460449,0.3346596658229828
0.29461774230003357,0.24962365627288818,0.20569881796836853,0.1672961711883545
0.13677437603473663,0.11428596079349518,0.09807349741458893
0.08508053421974182,0.07172677665948868,0.05467263609170914,0.03143035247921944
0.0007513724267482758,-0.03723916411399841,-0.08115984499454498,-0.12868516147136688
-0.17695295810699463,-0.2229669988155365,-0.2639058828353882,-0.297283798456192
-0.3209790587425232,-0.3331805467605591,-0.3323043882846832,-0.3169659972190857
-0.2860793173313141,-0.23907990753650665,-0.17621539533138275,-0.09884488582611084
-0.00971171259880066,0.08685952425003052,0.18497245013713837
0.2775009870529175,0.35675883293151855,0.41539469361305237,0.4473646283149719
0.44881510734558105,0.41873785853385925,0.3592842221260071,0.27565324306488037
0.17552486062049866,0.06808635592460632,-0.037229835987091064,-0.1320957988500595
-0.2104482501745224,-0.2692203223705292,-0.3085560202598572,-0.3315161466598511
-0.3432995676994324,-0.3500831425189972,-0.35774388909339905,-0.3707732856273651
-0.3915349245071411,-0.4198691248893738,-0.4530855417251587
-0.4863841235637665,-0.5136102437973022,-0.5282044410705566,-0.5242325067520142
-0.49734675884246826,-0.4455150067806244,-0.36936691403388977,-0.2720702588558197,-0.1587981879711151,-0.03597249090671539,0.08952474594116211,0.211055189371109
0.3227722644805908,0.4199380874633789,0.4989742338657379,0.5572942495346069
0.5930436849594116,0.6049081683158875,0.5920934677124023,0.5544886589050293,0.4929450750350952,0.40956151485443115,0.30788978934288025
0.19302740693092346,0.07155828177928925,-0.04872928559780121,-0.1593940258026123
-0.2521231174468994,-0.3196229040622711,-0.35647469758987427,-0.35984086990356445
-0.3299254775047302,-0.2700848877429962,-0.186519593000412,-0.08758342266082764
0.017180055379867554,0.11814355105161667,0.2067025750875473,0.27624374628067017
0.32283806800842285,0.3455295264720917,0.34617358446121216,0.3288847506046295
0.29920127987861633,0.2631164491176605,0.22613902390003204
0.19250880181789398,0.1646786779165268,0.14315645396709442,0.12672241032123566
0.11294098943471909,0.09882563352584839,0.08150052279233932,0.05873078107833862,0.029262065887451172,-0.007042106240987778,-0.04926116764545441,-0.09564059972763062
-0.14390048384666443,-0.19153420627117157,-0.236029714345932,-0.2749954164028168
-0.306191086769104,-0.3274751603603363,-0.33672237396240234,-0.3318079113960266,-0.3107587695121765,-0.27210333943367004,-0.21531781554222107
-0.14121927320957184,-0.05224542319774628,0.04736706614494324,0.15157748758792877,0.2528616786003113,0.3429126739501953,0.41362059116363525,0.4581431448459625
0.4718649685382843,0.45309579372406006,0.40340539813041687,0.32753896713256836
0.23291561007499695,0.12872394919395447,0.024660393595695496,-0.07049857825040817
-0.15017271041870117,-0.21082909405231476,-0.2522674798965454,-0.2773290276527405
-0.2911205589771271,-0.2998885214328766,-0.30974099040031433
-0.32549190521240234,-0.3498324751853943,-0.3828977346420288,-0.4222501814365387
-0.46328145265579224,-0.49995219707489014,-0.5257165431976318,-0.5344746112823486
-0.5214429497718811,-0.4838593006134033,-0.42140376567840576,-0.3362080752849579
-0.23245275020599365,-0.1157098114490509,0.007782071828842163,0.13176661729812622
0.25044873356819153,0.3587717115879059,0.45250409841537476,0.5281608700752258
0.5828348398208618,0.6140732765197754,0.619909942150116
0.5990871787071228,0.5514268279075623,0.4782412350177765,0.3826411962509155
0.2696393132209778,0.1460152268409729,0.01993788778781891,-0.09964797645807266
-0.20382677018642426,-0.2846226692199707,-0.33590441942214966,-0.35414671897888184
-0.33890679478645325,-0.2929162085056305,-0.22175803780555725,-0.13317425549030304
-0.03611430525779724,0.06031692773103714,0.14786957204341888,0.22001928091049194
0.2726021409034729,0.3041074872016907,0.3155657947063446
0.31007009744644165,0.29206180572509766,0.26652368903160095,0.23818454146385193
0.21082663536071777,0.1867993324995041,0.1668284684419632,0.15014761686325073
0.13490396738052368,0.11872681975364685,0.09930587559938431,0.07485217601060867
0.04437226057052612,0.007742162793874741,-0.034374967217445374,-0.08070039004087448
-0.12954646348953247,-0.17900554835796356,-0.22706511616706848,-0.271629273891449
-0.31047290563583374,-0.3411771357059479
0.062478285282850266,0.07438743859529495,0.08703690022230148,0.10005136579275131,0.11259526759386063,0.1233239695429802,0.13043326139450073,0.13186809420585632,0.12574556469917297,0.11098979413509369,0.08807332068681717,0.05965040624141693,0.030774258077144623,0.00839649885892868
1.849575164669659e-05,0.011657480150461197,0.045632291585206985,0.0989406406879425
0.1629975587129593,0.22513984143733978,0.2716747224330902,0.29162514209747314
0.27997854351997375,0.23931744694709778,0.1791892945766449,0.11333473771810532
0.05570444092154503,0.016649845987558365,0.0005459074745886028,0.005486460868269205
0.024880364537239075,0.05013710632920265,0.07339170575141907,0.08939862996339798
0.09617658704519272,0.09452120959758759,0.08688098937273026
0.076156385242939,0.06481007486581802,0.054430071264505386,0.045684508979320526
0.038511861115694046,0.0323929637670517,0.026613954454660416,0.02052188664674759,0.013828931376338005,0.006982486229389906,0.0015266648260876536,0.00029071170138195157
0.007186478469520807,0.026457209140062332,0.06143742427229881,0.11314874142408371
0.17919562757015228,0.25335967540740967,0.3261031210422516,0.38603055477142334
0.4221560060977936,0.4264935255050659,0.39625227451324463
0.33496150374412537,0.25221407413482666,0.16212980449199677,0.0808369442820549,0.023330099880695343,0.00021266234398353845,0.015060875564813614,0.06322837620973587,0.13261237740516663,0.20632825791835785,0.2666829824447632,0.2994818091392517,0.2975598871707916,0.26247847080230713,0.20373289287090302,0.13566407561302185
0.07314494252204895,0.02750374563038349,0.003928678575903177,0.0009916500421240926
0.012191735208034515,0.028786690905690193,0.04282163456082344
0.049315936863422394,0.047028638422489166,0.037847839295864105,0.02535765990614891
0.013303651474416256,0.004491116851568222,0.0003180180792696774,0.0008697796147316694
0.005362480878829956,0.012682477943599224,0.021817635744810104,0.03208085894584656
0.04313558712601662,0.05489637330174446,0.06737692654132843,0.08053207397460938
0.09411395341157913,0.10754603892564774,0.1198224127292633,0.12945832312107086
0.13455383479595184,0.13305753469467163,0.12327709048986435
0.10460170358419418,0.07829978317022324,0.04811402037739754,0.02027151733636856
0.0025898709427565336,0.0026441561058163643,0.02537013776600361,0.07084579765796661,0.13314147293567657,0.20091988146305084,0.2599097788333893,0.29667267203330994
0.302496999502182,0.27605578303337097,0.2238282710313797,0.1580887883901596,0.09317397326231003,0.041390310972929,0.009976540692150593,2.7596229301707353e-06,0.007288794498890638,0.024686578661203384,0.044694989919662476
0.06150149926543236,0.07197906821966171,0.07561426609754562,0.07369992882013321,0.06829722225666046,0.06138837710022926,0.05440600961446762,0.04810349643230438
0.04262625426054001,0.037663668394088745,0.032635994255542755,0.026922503486275673
0.020147304981946945,0.012519639916718006,0.00517869321629405,0.00043471017852425575
0.001750385039485991,0.013307999819517136,0.03909962996840477,0.08165975660085678
0.1407758891582489,-0.46111148595809937,-0.5382165312767029
-0.6012623310089111,-0.6453645825386047,-0.6663942933082581,-0.661376953125
-0.6288130879402161,-0.5688477158546448,-0.48329052329063416,-0.37556222081184387,-0.2506067752838135,-0.11472776532173157,0.024723544716835022,0.15983761847019196
0.28275710344314575,0.3863105773925781,0.4645870327949524,0.5134021043777466,0.5306492447853088,0.5165249705314636,0.47356411814689636,0.40642350912094116
0.3214147686958313,0.22585859894752502,0.12737634778022766
0.03321652114391327,-0.0503317154943943,-0.11840464919805527,-0.1678701937198639
-0.19743919372558594,-0.20757220685482025,-0.20018741488456726,-0.17821460962295532
-0.1451065093278885,-0.1044096052646637,-0.059427641332149506,-0.012971274554729462
0.03281090408563614,0.07650246471166611,0.11737783998250961,0.15527260303497314
0.19040098786354065,0.22315531969070435,0.2539275884628296,0.2829784154891968
0.3103417158126831,0.33573418855667114,0.3584543466567993
0.3772883117198944,0.39046338200569153,0.39568859338760376,0.3903064429759979
0.3715744614601135,0.33707186579704285,0.2851742208003998,0.2155056893825531
0.1292826384305954,0.029487788677215576,-0.07915066927671432,-0.19039803743362427
-0.2969997525215149,-0.39138513803482056,-0.4664902091026306,-0.5165748596191406
-0.5379010438919067,-0.5291662812232971,-0.4916436970233917,-0.42902565002441406
-0.34698790311813354,-0.2525157630443573,-0.15307924151420593
-0.05578428506851196,0.03335341811180115,0.10990062355995178,0.17124760150909424
0.21661129593849182,0.24681273102760315,0.26389652490615845,0.2706555724143982,0.2701055407524109,0.265009343624115,0.2575426697731018,0.24910226464271545
0.2402200549840927,0.23056954145431519,0.21907426416873932,0.20411317050457
0.18378059566020966,0.15614110231399536,0.11945672333240509,0.07241103798151016,0.014338657259941101,-0.05456406623125076,-0.13307471573352814
-0.21886436641216278,-0.308543860912323,-0.39784613251686096,-0.481903612613678,-0.5555559396743774,-0.6136639714241028,-0.6514701247215271,-0.6650294065475464,-0.6516520977020264,-0.6102544665336609,-0.5415342450141907,-0.4479857385158539
-0.3338235914707184,-0.2048158049583435,-0.06797361373901367,0.06890888512134552
0.19783639907836914,0.3112705945968628,0.4027731418609619,0.46752750873565674
0.5026867389678955,0.5075461864471436,0.48354747891426086,0.4341128468513489
0.3643023669719696,0.28030824661254883,0.188858300447464,0.09662558138370514
0.009714603424072266,-0.066737100481987,-0.12883660197257996,-0.1741020381450653
-0.20151421427726746,-0.2114340215921402,-0.2053687423467636,-0.18563337624073029
-0.15500317513942719,-0.11641627550125122,-0.07273801416158676,-0.026570796966552734
0.01990300416946411,0.06503158807754517,0.10774243623018265,0.1475141942501068,0.18427813053131104,0.21828855574131012
0.24996766448020935,0.2797127962112427,0.3076932430267334,0.33366501331329346
0.3568169176578522,0.37566831707954407,0.38805481791496277,0.391247421503067,0.38222557306289673,0.3580860197544098,0.3165386915206909,0.2564183473587036
0.1781255304813385,0.08390630781650543,-0.02209869772195816,-0.1340586096048355
-0.24490168690681458,-0.346973180770874,-0.4328336715698242,-0.49610352516174316
-0.5322173237800598,-0.5389559864997864,-0.5166776180267334
-0.46821725368499756,-0.3984851539134979,-0.31383970379829407,-0.22131022810935974
-0.12777143716812134,-0.03921136260032654,0.03978472948074341,0.1062927097082138,0.15907293558120728,0.19838204979896545,0.2256103903055191,0.24283814430236816
0.2524022161960602,0.25651559233665466,0.2569657862186432,0.25492507219314575
0.250895619392395,0.24476400017738342,0.2359033226966858,0.22328908741474152
0.20562615990638733,0.18148699402809143,0.14946123957633972
0.10831436514854431,0.05715850740671158,-0.004350744187831879,-0.0757957324385643
-0.1558043658733368,-0.2419455349445343,-0.3307541310787201,-0.41789448261260986
-0.4984239935874939,-0.5671030879020691,-0.6187477111816406,-0.6486577987670898
-0.6531141996383667,-0.6298635005950928,-0.5784614682197571,-0.5003989338874817
-0.3990471065044403,-0.279486745595932,-0.14821991324424744,-0.012735918164253235
0.11906860023736954,0.23956480622291565
0.3420512080192566,0.4212745428085327,0.47375163435935974,0.4979129731655121
0.4941142201423645,0.46452808380126953,0.4129003882408142,0.3441653847694397
0.2639580965042114,0.17811813950538635,0.09227950870990753,0.011561214923858643
-0.059674907475709915,-0.11801273375749588,-0.1611059308052063,-0.18773388862609863
-0.19778966903686523,-0.19218097627162933,-0.17264530062675476,-0.14152592420578003
-0.101545050740242,-0.05558360368013382,-0.006464898586273193
0.043262675404548645,0.09152471274137497,0.13685868680477142,0.17846038937568665
0.21613146364688873,0.2501349449157715,0.28099051117897034,0.30924975872039795
0.33525919914245605,0.3589077293872833,0.37939453125,0.3950851261615753
0.40352708101272583,0.40167659521102905,0.3863188624382019,0.3546074330806732
0.3046346604824066,0.23594024777412415,0.14987580478191376,0.04975880682468414
-0.059242650866508484,-0.17050375044345856,-0.27657341957092285
-0.369967520236969,-0.4440089464187622,-0.49358877539634705,-0.5157414674758911
-0.5099442005157471,-0.4780884385108948,-0.4241445064544678,-0.3535885512828827
-0.27266886830329895,-0.1876307725906372,-0.10404771566390991,-0.02634464204311371
0.04245378077030182,0.10074621438980103,0.14818760752677917,0.1853807270526886
0.21349257230758667,0.23389911651611328,0.24792784452438354,0.2566843032836914
0.2609354257583618,0.2610715329647064,0.2571592926979065
0.2490314543247223,0.23634612560272217,0.21859435737133026,0.19508866965770721
0.16498953104019165,0.12738539278507233,0.08140470087528229,0.026367157697677612,-0.0379975363612175,-0.11127930879592896,-0.19213849306106567,-0.2781587243080139
-0.36584416031837463,-0.4507671296596527,-0.5278497934341431,-0.5917367935180664
-0.6372286677360535,-0.6597802639007568,-0.6560342311859131,-0.624294102191925
-0.5648302435874939,-0.47994014620780945,-0.37377312779426575
-0.2520180642604828,-0.12152260541915894,0.010190039873123169,0.13553786277770996
0.24755246937274933,0.34046414494514465,0.4100833237171173,0.453950971364975
0.471322625875473,0.46306312084198,0.4314731955528259,0.38003864884376526
0.313111275434494,0.23556086421012878,0.15245501697063446,0.0688057392835617
-0.010627567768096924,-0.08152396231889725,-0.14021077752113342,-0.1838841736316681
-0.21078994870185852,-0.22031816840171814,-0.21299973130226135
-0.19042479991912842,-0.15508605539798737,-0.11013393104076385,-0.05905885994434357
-0.005335524678230286,0.04793043062090874,0.09830912202596664,0.1442590057849884
0.18519043922424316,0.22135886549949646,0.2536171078681946,0.28307515382766724
0.310723215341568,0.3370639681816101,0.3617924749851227,0.3835861086845398
0.40008312463760376,0.4080902636051178,0.40399983525276184,0.3843552768230438
0.34648001194000244,0.2890613377094269,0.2125878632068634
0.11957181990146637,0.01450870931148529,-0.0964425802230835,-0.20603305101394653
-0.3066991865634918,-0.39143115282058716,-0.454569011926651,-0.49239230155944824
-0.5034342408180237,-0.4885077476501465,-0.45046287775039673,-0.393716037273407,-0.32361936569213867,-0.2457713782787323,-0.16539397835731506,-0.08687721192836761
-0.01352602243423462,0.052497245371341705,0.11005931347608566,0.1588275134563446
0.19899147748947144,0.23100115358829498,0.2553795874118805,0.2726239562034607,0.2831718921661377,0.2874131202697754,0.28572791814804077,0.2785187363624573
0.2661898732185364,0.24904349446296692,0.2271200716495514,0.20007023215293884
0.16714175045490265,0.12729403376579285,0.07939620316028595,0.02248995751142502
-0.04387815669178963,-0.11930930614471436,-0.20228974521160126,-0.29006657004356384
-0.3786773681640625,-0.4631592631340027,-0.5379290580749512,-0.5972711443901062,-0.63588547706604,-0.6494719982147217
-0.6352787613868713,-0.5925144553184509,-0.5225453972816467,-0.4288243055343628
-0.31657207012176514,-0.19229549169540405,-0.0632193386554718,0.06331557035446167
0.18044432997703552,0.28230056166648865,0.3643905520439148,0.4237533211708069
0.4589173495769501,0.46974626183509827,0.4572679102420807,0.4235256016254425
0.3714451491832733,0.304695188999176,0.2275247871875763,0.14458484947681427
0.06074388325214386,-0.019115574657917023,-0.09034356474876404
-0.1488277167081833,-0.19133266806602478,-0.21580225229263306,-0.221560999751091,-0.20937921106815338,-0.18138347566127777,-0.14081284403800964,-0.09163320064544678,-0.03804405778646469,0.01604696735739708,0.06749050319194794,0.11422707885503769,0.15542328357696533,0.1913759708404541,0.2232155054807663,0.25248950719833374,0.2806984782218933,0.3088371157646179,0.33699414134025574,0.36407750844955444,0.3877531886100769,0.40464743971824646,0.41078662872314453
0.4021945595741272,0.3755493462085724,0.3288107216358185,0.26172688603401184,0.17611980438232422,0.0758790373802185,-0.03334229439496994,-0.14468035101890564,-0.25077933073043823,-0.3445783853530884,-0.4200596809387207,-0.4728540778160095,-0.5006216764450073,-0.5031635165214539,-0.4822641611099243,-0.44128862023353577
-0.38461723923683167,-0.3170485496520996,-0.24326664209365845,-0.1674339324235916,-0.0929422676563263,-0.022316783666610718,0.04272457957267761
0.10107570886611938,0.1520092487335205,0.1950063407421112,0.22967442870140076
0.2557442784309387,0.2731425166130066,0.28209587931632996,0.28318142890930176
0.2772785425186157,0.26543673872947693,0.24868984520435333,0.22784388065338135
0.20326216518878937,0.17469149827957153,0.14121468365192413,0.10140016674995422
0.05363020300865173,-0.003467939794063568,-0.07056477665901184,-0.14722611010074615
-0.2316436469554901,-0.3205556273460388,-0.4093839228153229
-0.4925774335861206,-0.5641155242919922,-0.6181029677391052,-0.6493992805480957
-0.6542312502861023,-0.6306988596916199,-0.5790700912475586,-0.5017920136451721
-0.40321290493011475,-0.2890971899032593,-0.16604843735694885,-0.04093196988105774
0.07965371757745743,0.18983151018619537,0.2847854793071747,0.36093664169311523
0.4159424304962158,0.44856104254722595,0.45848074555397034,0.44622641801834106
0.4131729006767273,0.3615973889827728,0.2946862578392029
0.21647074818611145,0.13170892000198364,0.04570288956165314,-0.035991370677948,-0.10797524452209473,-0.16550086438655853,-0.20496731996536255,-0.22432418167591095
-0.22330249845981598,-0.20342561602592468,-0.16778676211833954,-0.12061572074890137
-0.06669357419013977,-0.010709300637245178,0.043348535895347595,0.09267989546060562
0.13594666123390198,0.17326399683952332,0.20591573417186737,0.23586317896842957
0.2651490569114685,0.29530441761016846,0.326854407787323
0.3590080738067627,0.38958969712257385,0.4152153730392456,0.43169593811035156
0.4346352517604828,0.4201280474662781,0.38542914390563965,0.3294965922832489
0.2533303201198578,0.1600460410118103,0.05465753376483917,-0.05641501396894455
-0.16603335738182068,-0.26711103320121765,-0.3533554673194885,-0.41988661885261536
-0.4636397063732147,-0.48349514603614807,-0.480152428150177,-0.4558173418045044
-0.41377586126327515,-0.35791969299316406,-0.2922889292240143
-0.2206987738609314,-0.14651426672935486,-0.07258449494838715,-0.0012848451733589172
0.06539245694875717,0.12575261294841766,0.178357794880867,0.2220364511013031
0.2559405565261841,0.2796481251716614,0.2932664453983307,0.29748407006263733
0.29353100061416626,0.2830066680908203,0.2675902843475342,0.24870482087135315
0.22720837593078613,0.20318038761615753,0.17584562301635742,0.14365531504154205
0.10455402731895447,0.056429654359817505,-0.002339296042919159
-0.07235479354858398,-0.15278303623199463,-0.24113760888576508,-0.3333262503147125,-0.42395713925361633,-0.5068483352661133,-0.5756659507751465,-0.6246062517166138
-0.6490485072135925,-0.6461031436920166,-0.6149587631225586,-0.5569631457328796
-0.4754343628883362,-0.3752390146255493,-0.2622314989566803,-0.14268621802330017
-0.022814765572547913,0.09162696450948715,0.19564412534236908,0.28518053889274597,0.3571464419364929,0.4093209505081177,0.4402007758617401
0.44892606139183044,0.4353705048561096,0.40034201741218567,0.3457789123058319
0.2748463451862335,0.19189408421516418,0.10229116678237915,0.012138277292251587
-0.07217158377170563,-0.14454251527786255,-0.19985175132751465,-0.2345748245716095
-0.24720264971256256,-0.2383672595024109,-0.2106756716966629,-0.16829365491867065,-0.1163405030965805,-0.06015978753566742,-0.004551783204078674
0.04690288007259369,0.09227614104747772,0.13136447966098785,0.16538769006729126,0.1964292824268341,0.22677908837795258,0.2583009898662567,0.291906476020813
0.32719534635543823,0.36231523752212524,0.3940788209438324,0.4183381497859955
0.43056169152259827,0.4265235364437103,0.40299585461616516,0.35832998156547546
0.29283151030540466,0.20887184143066406,0.11071883141994476,0.0041035860776901245
-0.10440937429666519,-0.20813356339931488,-0.3009381592273712,-0.3777979910373688,-0.43515169620513916,-0.4710540473461151,-0.4851323962211609
-0.4783732295036316,-0.4528017044067383,-0.411126971244812,-0.35641151666641235
-0.2918148636817932,-0.22043439745903015,-0.14523692429065704,-0.06905911862850189
0.005361057817935944,0.07537446916103363,0.13848218321800232,0.19247889518737793
0.2356533259153366,0.2669992446899414,0.28636419773101807,0.2944795787334442
0.2928663492202759,0.2836173176765442,0.26905906200408936,0.2513340711593628
0.23197856545448303,0.21159003674983978,0.1896691620349884
0.16467918455600739,0.13432228565216064,0.09599444270133972,0.04735284298658371
-0.013087086379528046,-0.08543772250413895,-0.16812703013420105,-0.2578493654727936
-0.3497787117958069,-0.4380147159099579,-0.5162025094032288,-0.5782225131988525
-0.6188430190086365,-0.6342763900756836,-0.6225863099098206,-0.5838739275932312
-0.5202010869979858,-0.4352734684944153,-0.3339671194553375,-0.22180983424186707
-0.10451224446296692,0.012402132153511047,0.12385222315788269
0.22533266246318817,0.3129484951496124,0.3834085762500763,0.4340156018733978,0.4626777172088623,0.4679969251155853,0.4494866728782654,0.4078858494758606
0.3454458713531494,0.2660541236400604,0.1751197874546051,0.07922320067882538
-0.014431603252887726,-0.09869993478059769,-0.16723912954330444,-0.21522119641304016
-0.23990866541862488,-0.24098101258277893,-0.22051766514778137,-0.182602658867836
-0.1326250582933426,-0.07643347978591919,-0.01949267089366913
0.03385349363088608,0.08091448992490768,0.12087861448526382,0.15466825664043427
0.18445438146591187,0.21295422315597534,0.242670938372612,0.2752213478088379
0.31086334586143494,0.34827902913093567,0.3846278190612793,0.4158722162246704
0.43734192848205566,0.4444419741630554,0.43337684869766235,0.4017629325389862
0.3490407168865204,0.27664658427238464,0.18791848421096802,0.08773820102214813
-0.018017545342445374,-0.1231098547577858,-0.22156012058258057
-0.3081820011138916,-0.37894922494888306,-0.43115782737731934,-0.46340662240982056
-0.4754590094089508,-0.46804705262184143,-0.4426553547382355,-0.4013102650642395
-0.3464248478412628,-0.2807236611843109,-0.2072085738182068,-0.12913519144058228
-0.04997190833091736,0.026712879538536072,0.09745332598686218,0.1591506153345108
0.20936065912246704,0.2465551793575287,0.2703000605106354,0.2813056707382202
0.28132396936416626,0.2728826105594635,0.2588731050491333
0.24204637110233307,0.2245035618543625,0.20728836953639984,0.19016548991203308
0.17163711786270142,0.14920851588249207,0.11985410749912262,0.08060788363218307,0.02920137345790863,-0.035359274595975876,-0.11239500343799591,-0.1994030624628067
-0.2921695411205292,-0.3851362466812134,-0.4719834327697754,-0.546339213848114
-0.6024773120880127,-0.6358848810195923,-0.6436638832092285,-0.6247580647468567,-0.5799789428710938,-0.5118280649185181,-0.4241427779197693
-0.3216327726840973,-0.20942291617393494,-0.09270712733268738,0.023456692695617676
0.13425607979297638,0.23519131541252136,0.3221210241317749,0.39130574464797974
0.4394857585430145,0.46403563022613525,0.46324482560157776,0.43671414256095886
0.38574087619781494,0.313539981842041,0.22520974278450012,0.1274186372756958
0.027848511934280396,-0.06554659456014633,-0.14538589119911194,-0.20569683611392975
-0.24261660873889923,-0.25484031438827515,-0.24370740354061127
-0.21288172900676727,-0.16768942773342133,-0.11424337327480316,-0.05849434435367584
-0.0053604841232299805,0.04192270338535309,0.08212125301361084,0.11592824757099152
0.14551517367362976,0.17380952835083008,0.20366597175598145,0.23711906373500824
0.2748415768146515,0.3158767819404602,0.3576737940311432,0.3963896632194519
0.42739981412887573,0.44595393538475037,0.44787535071372986,0.43018627166748047
0.39156103134155273,0.33254313468933105,0.25550398230552673
0.16436654329299927,0.06415395438671112,-0.039554402232170105,-0.1411665976047516
-0.23553436994552612,-0.31827300786972046,-0.38593125343322754,-0.43602702021598816
-0.4670019745826721,-0.4781537353992462,-0.4695774018764496,-0.442118376493454
-0.3973357379436493,-0.3374864459037781,-0.2655150294303894,-0.18501341342926025
-0.10011304914951324,-0.01527327299118042,0.06502772867679596,0.13666962087154388
0.19630350172519684,0.24172472953796387,0.27211713790893555
0.2881177067756653,0.29167670011520386,0.2857157588005066,0.2736232578754425
0.25866371393203735,0.24341115355491638,0.22931046783924103,0.21642975509166718
0.20343588292598724,0.18781250715255737,0.16630573570728302,0.1355283111333847
0.09262621402740479,0.03589870035648346,-0.03474067896604538,-0.11753688752651215
-0.20893582701683044,-0.30389729142189026,-0.396418958902359,-0.4801841676235199
-0.5492427945137024,-0.5986020565032959
0.0016447140369564295,0.006375291384756565,0.014631638303399086,0.026497643440961838,0.041409119963645935,0.05797041952610016,0.07399743050336838,0.0868365466594696,0.09391239285469055,0.09337171912193298,0.08464940637350082,0.06879210472106934,0.0484350249171257,0.02741965837776661
0.010139323770999908,0.0007703644223511219,0.0025545568205416203,0.017238516360521317
0.04470694065093994,0.08282919228076935,0.12754817306995392,0.1732339859008789,0.21332597732543945,0.24129758775234222,0.25190237164497375,0.24246037006378174,0.2137836515903473,0.17037172615528107,0.11968394368886948,0.07055453211069107,0.031148280948400497,0.007054256275296211,3.7689274904550985e-05,0.00780437421053648,0.02489941567182541,0.044488102197647095,0.06039130315184593
0.06863736361265182,0.06806568056344986,0.059979863464832306,0.04719666391611099,0.03293173015117645,0.01989006996154785,0.009780023247003555,0.003277061739936471,0.00030271735158748925,0.000404014834202826,0.003046767320483923,0.0077464524656534195,0.01405786257237196,0.021479548886418343,0.02932368963956833,0.03660304844379425,0.04201735183596611,0.04413445666432381,0.04179959371685982,0.034686896950006485
0.02380354329943657,0.011726188473403454,0.0024027880281209946
0.00046958334860391915,0.010178319178521633,0.034177470952272415,0.07248831540346146,0.12201246619224548,0.176782488822937,0.22894443571567535,0.27024999260902405
0.2937144339084625,0.29507720470428467,0.2737456262111664,0.23299306631088257,0.17935898900032043,0.12140826880931854,0.06814336031675339,0.027386920526623726,0.004404011182487011,0.000995588954538107,0.01526609342545271,0.042173486202955246,0.07475486397743225,0.10571904480457306,0.12901997566223145
0.14101573824882507,0.1409146934747696,0.13043466210365295,0.11287244409322739
0.09197740256786346,0.0710088387131691,0.05219302326440811,0.036610037088394165
0.02440802752971649,0.015185521915555,0.008384852670133114,0.0035941661335527897
0.0007259295671246946,7.483244553441182e-05,0.0022544036619365215,0.00800153985619545
0.01785922981798649,0.031800463795661926,0.048916712403297424,0.06732187420129776
0.08436430245637894,0.09711890667676926,0.10302981734275818
0.10053856670856476,0.08954450488090515,0.07157342880964279,0.049602724611759186
0.02760171890258789,0.009919216856360435,0.0006382498540915549,0.00295187346637249
0.018579086288809776,0.047278694808483124,0.08657290041446686,0.13179230690002441
0.17652755975723267,0.21353957056999207,0.23608443140983582,0.23943640291690826
0.2222050279378891,0.1869940310716629,0.14009986817836761,0.09019335359334946
0.04625285416841507,0.015363400802016258,0.001075300737284124
0.002775323810055852,0.0162182804197073,0.03504914417862892,0.05280324071645737
0.06467243283987045,0.06844528019428253,0.06444630771875381,0.05474580451846123,0.04212149232625961,0.029175736010074615,0.017808198928833008,0.009067929349839687,0.003297523595392704,0.0004236155655235052,0.00023275868443306535,0.00251948949880898,0.007083455100655556,0.013620915822684765,0.021578282117843628,0.030030911788344383,0.03765242546796799,-0.2069866806268692,-0.20990696549415588
-0.20080527663230896,-0.17821994423866272,-0.1414862722158432,-0.09089292585849762
-0.027734898030757904,0.04571443051099777,0.12630251049995422,0.21017391979694366
0.29301753640174866,0.3703566789627075,0.43784523010253906,0.49153998494148254,0.5281311273574829,0.5451277494430542,0.5410206317901611,0.5154250860214233
0.46915876865386963,0.40421563386917114,0.3236469328403473,0.23138439655303955,0.13203123211860657,0.03061501681804657,-0.06771869212388992
-0.15806841850280762,-0.2361600399017334,-0.2987060546875,-0.34369438886642456
-0.370551735162735,-0.3801349103450775,-0.37454289197921753,-0.3567765951156616,-0.3302984833717346,-0.29856836795806885,-0.26461759209632874,-0.23071210086345673
-0.19815023243427277,-0.16722093522548676,-0.13733522593975067,-0.10730673372745514
-0.07571320980787277,-0.04126420617103577,-0.003115776926279068,0.038894884288311005
0.08410994708538055,0.1310396045446396,0.1774998903274536
0.22087112069129944,0.2584086060523987,0.2875318229198456,0.3060418665409088,0.3122585713863373,0.3050997257232666,0.2841101586818695,0.24944540858268738
0.20183497667312622,0.14253616333007812,0.07328976690769196,-0.0036970004439353943
-0.08574631065130234,-0.16971634328365326,-0.25204384326934814,-0.32884299755096436,-0.39607155323028564,-0.4497685432434082,-0.48636066913604736,-0.50301194190979
-0.49797651171684265,-0.4708985388278961,-0.4229969084262848
-0.35708609223365784,-0.2773946523666382,-0.18917834758758545,-0.09821625053882599
-0.01029987633228302,0.06925733387470245,0.13609126210212708,0.18719998002052307
0.22121742367744446,0.2384353131055832,0.2405320256948471,0.23010046780109406
0.21012358367443085,0.1835220754146576,0.15282665193080902,0.1199665516614914
0.08617405593395233,0.052019692957401276,0.017588607966899872,-0.017217669636011124
-0.05234396830201149,-0.08732941746711731,-0.12119714915752411
-0.1524665504693985,-0.1792384386062622,-0.19932973384857178,-0.21046222746372223
-0.21049807965755463,-0.19769790768623352,-0.17095832526683807,-0.129984050989151
-0.07538014650344849,-0.008672989904880524,0.0677235797047615,0.15059350430965424
0.23606516420841217,0.3198223412036896,0.39736801385879517,0.4643019735813141,0.5165786147117615,0.5507586598396301,0.5642580986022949,0.5555640459060669,0.524399995803833,0.47182491421699524,0.40023836493492126,0.3132740557193756,0.21558251976966858,0.11250995099544525,0.009689539670944214,-0.08740655332803726,-0.17389832437038422,-0.2458786964416504,-0.3007209897041321,-0.3372785151004791,-0.3559284210205078,-0.35842466354370117,-0.3475728929042816,-0.32678961753845215,-0.2996193468570709,-0.2692757546901703,-0.23826271295547485,-0.20811955630779266,-0.179330974817276,-0.15143002569675446,-0.12327226996421814,-0.0934043601155281,-0.060448743402957916,-0.023449018597602844
0.01787307858467102,0.06298910826444626,0.11057879775762558,0.15866655111312866
0.20483341813087463,0.24646906554698944,0.2810293436050415,0.30625420808792114
0.32031843066215515,0.32190948724746704,0.3102455735206604,0.2850651144981384
0.24660521745681763,0.19557780027389526,0.13316991925239563,0.0610852986574173
-0.018392130732536316,-0.10236161947250366,-0.1873360276222229,-0.2693489193916321
-0.34413665533065796,-0.4073984622955322,-0.45513054728507996
-0.484003484249115,-0.4917316138744354,-0.4773901104927063,-0.4416325092315674
-0.3867470324039459,-0.31650879979133606,-0.2358262836933136,-0.1502278447151184
-0.06530095636844635,0.013806723058223724,0.08279921114444733,0.13856422901153564
0.1794011890888214,0.20508381724357605,0.2166883498430252,0.21620100736618042
0.20602701604366302,0.18854518234729767,0.1657949537038803,0.13930945098400116
0.11007468402385712,0.07859273254871368,0.045030608773231506
0.0094471275806427,-0.027928560972213745,-0.06644759327173233,-0.10492090880870819
-0.14166530966758728,-0.17465561628341675,-0.20169274508953094,-0.2205551266670227
-0.2291475236415863,-0.22566230595111847,-0.2087567001581192,-0.17772217094898224
-0.1326080858707428,-0.07428905367851257,-0.004484988749027252,0.07426625490188599
0.15868698060512543,0.2448866218328476,0.32853108644485474,0.4050539433956146
0.46991968154907227,0.5189347267150879,0.5485700368881226
0.5562586784362793,0.5406677722930908,0.5019234418869019,0.44171440601348877,0.3632214665412903,0.270882248878479,0.1700335144996643,0.06648032367229462,-0.033972159028053284,-0.125998854637146,-0.2052081823348999,-0.26850757002830505
-0.3143213987350464,-0.3426281213760376,-0.35480397939682007,-0.35329723358154297
-0.34119912981987,-0.3217753767967224,-0.29801949858665466,-0.2722972631454468,-0.24612228572368622,-0.22008197009563446,-0.19392558932304382
-0.16678890585899353,-0.13749872148036957,-0.10489770770072937,-0.06814250349998474
-0.02694454789161682,0.018287118524312973,0.06644172966480255,0.11582577228546143
0.16434425115585327,0.20969745516777039,0.249570831656456,0.28180259466171265
0.3045136332511902,0.3161821663379669,0.3156625032424927,0.30217981338500977
0.27534183859825134,0.23518693447113037,0.18226732313632965,0.11774888634681702
0.04349824786186218,-0.03786972537636757,-0.12300567328929901
-0.20792250335216522,-0.2881941497325897,-0.35925057530403137,-0.4167369306087494
-0.4569011330604553,-0.476970374584198,-0.4754725396633148,-0.452456533908844
-0.40956011414527893,-0.3498901426792145,-0.2777285575866699,-0.19809845089912415,-0.11623694002628326,-0.037083521485328674,0.03511486202478409,0.09707725048065186
0.14666371047496796,0.18295049667358398,0.20616917312145233,0.21746417880058289
0.21851307153701782,0.21112169325351715,0.1968979686498642
0.17708531022071838,0.1525522917509079,0.12385809421539307,0.09135917574167252,0.05537375062704086,0.016388684511184692,-0.024752136319875717,-0.06674286723136902,-0.10783326625823975,-0.14596007764339447,-0.1789225935935974,-0.2045307755470276
-0.22071683406829834,-0.22563494741916656,-0.21777084469795227,-0.1960742324590683
-0.16009432077407837,-0.11008109152317047,-0.04705116152763367,0.027158625423908234
0.1098574548959732,0.19752715528011322,0.2859388589859009
0.3703632354736328,0.4458635747432709,0.5076466798782349,0.5514370203018188
0.5738459825515747,0.5727106332778931,0.5473617911338806,0.49877503514289856
0.4295690655708313,0.34382742643356323,0.24674934148788452,0.1441848874092102
0.04211351275444031,-0.053884439170360565,-0.13910233974456787,-0.21007734537124634
-0.2648162841796875,-0.3028429448604584,-0.32506462931632996,-0.333487331867218
-0.3308161795139313,-0.3199988007545471,-0.3037940263748169
-0.28443339467048645,-0.2634142339229584,-0.2414390742778778,-0.21847939491271973
-0.19393274188041687,-0.16685961186885834,-0.13627706468105316,-0.10144844651222229
-0.06210095435380936,-0.018535718321800232,0.028361406177282333,0.07718278467655182
0.12612129747867584,0.17313162982463837,0.216095432639122,0.25296550989151
0.2818719744682312,0.3011721968650818,0.3094535171985626,0.30553704500198364
0.2885292172431946,0.25792211294174194,0.21371832489967346
0.156565323472023,0.0878804624080658,0.009936198592185974,-0.07413027435541153,-0.160411074757576,-0.2444361001253128,-0.321491539478302,-0.38701650500297546
-0.43700897693634033,-0.468382865190506,-0.4792563021183014,-0.46915820240974426,-0.43911969661712646,-0.3915993571281433,-0.3302261233329773
-0.2594009339809418,-0.1838170289993286,-0.10798965394496918,-0.035903602838516235
0.02919994294643402,0.08494609594345093,0.12988921999931335,0.16350799798965454
0.18608513474464417,0.19845247268676758,0.20167720317840576,0.19679442048072815
0.18465858697891235,0.1659335196018219,0.1411723494529724,0.11091989278793335
0.07580302655696869,0.036614976823329926,-0.0055948905646800995,-0.04944657161831856
-0.09320998191833496,-0.1348753571510315,-0.1723089963197708,-0.20341765880584717
-0.2262418270111084,-0.23898668587207794,-0.24005447328090668,-0.22812031209468842,-0.20225585997104645,-0.16207672655582428,-0.10788056254386902
-0.04076200723648071,0.03729499503970146,0.12336616218090057,0.21361294388771057
0.303416907787323,0.38764268159866333,0.4610174298286438,0.5185710191726685
0.556081235408783,0.5704893469810486,0.5602483749389648,0.5255521535873413
0.4683903157711029,0.3924012780189514,0.30252689123153687,0.2045145034790039
0.10435803234577179,0.007760435342788696,-0.08033932000398636,-0.1561480015516281
-0.21727262437343597,-0.2627963423728943,-0.2931607961654663
-0.309900164604187,-0.3152792453765869,-0.3118824064731598,-0.3022122085094452
-0.28835391998291016,-0.27175408601760864,-0.25314849615097046,-0.23263105750083923,-0.20982038974761963,-0.18407557904720306,-0.15471933782100677,-0.12123939394950867
-0.08344533294439316,-0.041562922298908234,0.003739628940820694,0.05138402059674263
0.09996100515127182,0.14783617854118347,0.19324782490730286,0.23438283801078796
0.26943671703338623,0.29665035009384155,0.3143271505832672
0.3208611011505127,0.31480517983436584,0.29500365257263184,0.26079267263412476
0.21223171055316925,0.15029865503311157,0.07699468731880188,-0.0046696290373802185
-0.09081582725048065,-0.17694704234600067,-0.2582775056362152,-0.3301142454147339
-0.3882446885108948,-0.4292938709259033,-0.4510306119918823,-0.4525793492794037
-0.43448856472969055,-0.39864298701286316,-0.3480372726917267,-0.2864483892917633
-0.2180475890636444,-0.1469835638999939,-0.07700219750404358
-0.0112043097615242,0.04803135246038437,0.09902327507734299,0.14072808623313904
0.1726836860179901,0.19492557644844055,0.207825168967247,0.2118881195783615,0.20760123431682587,0.19537827372550964,0.17561882734298706,0.14884227514266968
0.11580273509025574,0.0775211825966835,0.03526270389556885,-0.009486779570579529
-0.05503464117646217,-0.09950965642929077,-0.14093329012393951,-0.17733410000801086
-0.2068462073802948,-0.2277335673570633,-0.23835475742816925
-0.2371424287557602,-0.22268223762512207,-0.19390979409217834,-0.15035295486450195
-0.0923413336277008,-0.02116214483976364,0.060837239027023315,0.15021660923957825
0.2425195872783661,0.3325008153915405,0.4145103394985199,0.482992947101593
0.5330309271812439,0.5608443021774292,0.5641809701919556,0.5425677299499512
0.4973958134651184,0.431803435087204,0.3503493368625641,0.2585156559944153
0.1621229350566864,0.06676070392131805,-0.02268858253955841
-0.10240095108747482,-0.1698259711265564,-0.22374580800533295,-0.26416751742362976
-0.2920723557472229,-0.30907881259918213,-0.3170873820781708,-0.317962646484375
-0.31328487396240234,-0.30418866872787476,-0.2913095951080322,-0.2748388648033142
-0.2546556890010834,-0.2304897904396057,-0.2020656019449234,-0.1692059189081192
-0.1319114863872528,-0.09043584764003754,-0.04534239321947098,0.0024850741028785706
0.05188489332795143,0.1014910340309143,0.14979657530784607
0.19517740607261658,0.23588907718658447,0.27007120847702026,0.295783668756485
0.31108754873275757,0.31417298316955566,0.30353397130966187,0.278179407119751
0.23784951865673065,0.1832025647163391,0.11593060195446014,0.03875604271888733
-0.044700849801301956,-0.1301606297492981,-0.21300461888313293,-0.2886495292186737
-0.3529331684112549,-0.40245118737220764,-0.43480879068374634,-0.4487781822681427
-0.44434431195259094,-0.4226306974887848,-0.38572928309440613
-0.3364620506763458,-0.2780958414077759,-0.2140328288078308,-0.14751634001731873
-0.08142450451850891,-0.01820576936006546,0.04009038209915161,0.09177058935165405
0.13548624515533447,0.170258030295372,0.19547778367996216,0.2108381986618042
0.21624402701854706,0.21178419888019562,0.1977880299091339,0.17491905391216278
0.14422376453876495,0.10708889365196228,0.06512763351202011,0.02006956934928894
-0.026290403679013252,-0.07211723178625107,-0.11558564007282257
-0.15494295954704285,-0.18853653967380524,-0.21477898955345154,-0.2320760041475296
-0.23878218233585358,-0.23324844241142273,-0.21398138999938965,-0.17989271879196167
-0.13059020042419434,-0.0666414350271225,0.010244905948638916,0.09714043140411377
0.18994015455245972,0.28355687856674194,0.3722769021987915,0.45025748014450073
0.5121051073074341,0.5534375905990601,0.5713396072387695,0.5646539926528931
0.5340819358825684,0.48207804560661316
0.41254889965057373,0.3303948938846588,0.2409590184688568,0.14948496222496033,0.060670703649520874,-0.021660365164279938,-0.0947495847940445,-0.15693673491477966
-0.20756807923316956,-0.2468186914920807,-0.27545928955078125,-0.2946004569530487,-0.3054443597793579,-0.309079647064209,-0.3063609302043915,-0.29788607358932495,-0.2840450406074524,-0.2651047706604004,-0.24129760265350342
-0.2128894329071045,-0.1802167296409607,-0.14369022846221924,-0.10377904772758484
-0.061002396047115326,-0.01594039797782898,0.03073783963918686,0.07823044061660767
0.12555363774299622,0.1714983582496643,0.2145930975675583,0.2530837655067444
0.28496119379997253,0.3080625534057617,0.3202335834503174,0.31952565908432007
0.30442795157432556,0.27412840723991394,0.2287556231021881,0.1695331633090973
0.09879140555858612,0.019834771752357483,-0.06330452859401703,-0.1461954265832901,-0.22437423467636108,-0.2937057316303253,-0.3507119119167328
-0.3928248882293701,-0.41852274537086487,-0.4273436963558197,-0.4198001027107239
-0.3972232937812805,-0.361574649810791,-0.31524428725242615,-0.26084962487220764
-0.20105686783790588,-0.13843871653079987,-0.07539358735084534,-0.014157764613628387
0.043146125972270966,0.09451256692409515,0.13812530040740967,0.1724761426448822
0.19647929072380066,0.20952928066253662,0.21150542795658112,0.20274768769741058
0.18402840197086334,0.1565285474061966,0.12178695201873779
0.08158563077449799,0.03778105229139328,-0.00784311443567276,-0.053634218871593475
-0.09805648773908615,-0.13965199887752533,-0.17699730396270752,-0.20864784717559814
-0.2330576330423355,-0.24851003289222717,-0.2531224489212036,-0.24496334791183472
-0.222306028008461,-0.18399196863174438,-0.12979619204998016,-0.06069272756576538
0.02100769430398941,0.11165270209312439,0.20640116930007935,0.2995525300502777
0.38504183292388916,0.4570513665676117,0.5106374025344849
0.5422511100769043,0.5500680208206177,0.5340985059738159,0.4960978329181671
0.4393061101436615,0.3680450916290283,0.28721511363983154,0.20176276564598083
0.1162048876285553,0.03428998589515686,-0.04116760939359665,-0.10830432921648026
-0.16611269116401672,-0.21426597237586975,-0.25289881229400635,-0.28239595890045166
-0.30323436856269836,-0.3158921003341675,-0.32081466913223267,-0.3184168338775635
-0.3091094195842743,-0.29335135221481323,-0.27170395851135254
-0.24484919011592865,-0.21354621648788452,-0.1785392314195633,-0.14047455787658691
-0.09987172484397888,-0.0571436882019043,-0.01264762133359909,0.03323560580611229
0.07999042421579361,0.1268395036458969,0.17262981832027435,0.21576283872127533
0.25420278310775757,0.2855834364891052,0.3074052631855011,0.3172948360443115
0.3132926821708679,0.2941354215145111,0.2594987750053406,0.21015864610671997
0.1480233520269394,0.07601858675479889,-0.00215236097574234
-0.08233186602592468,-0.16027484834194183,-0.23200707137584686,-0.29412150382995605
-0.3439866304397583,-0.37985074520111084,-0.40083637833595276,-0.406846284866333
-0.3984179198741913,-0.3765726387500763,-0.3426988124847412,-0.2984752953052521
-0.24582412838935852,-0.18687501549720764,-0.12392640113830566,-0.05941511690616608
0.004101365804672241,0.06398932635784149,0.11764625459909439,0.16268311440944672
0.1971568912267685,0.21976958215236664,0.22996044158935547
0.22788682579994202,0.2143397033214569,0.19065514206886292,0.1586228311061859
0.12032970786094666,0.07792340219020844,0.03336891531944275,-0.011697456240653992
-0.055960677564144135,-0.09830661118030548,-0.13767464458942413,-0.17291811108589172
-0.2026718556880951,-0.22525475919246674,-0.2386552393436432,-0.24063831567764282
-0.22899040579795837,-0.20188723504543304,-0.15832294523715973,-0.09849372506141663
-0.024040587246418,0.061899613589048386,0.15485192835330963
0.24934527277946472,0.3393908143043518,0.41905248165130615,0.48304829001426697
0.5272928476333618,0.5492898225784302,0.5483095645904541,0.5253444910049438
0.48287010192871094,0.4244530200958252,0.3542819321155548,0.2767018675804138
0.19580164551734924,0.11510497331619263,0.03741030395030975,-0.035218581557273865
-0.10134492814540863,-0.15999314188957214,-0.2104877233505249,-0.2523282468318939
-0.28511738777160645,-0.3085615336894989,-0.32253047823905945
-0.32713305950164795,-0.32277750968933105,-0.3101978600025177,-0.2904321551322937
-0.2647446393966675,-0.23448508977890015,-0.2008993774652481,-0.16495350003242493
-0.1272437423467636,-0.08801336586475372,-0.04725072532892227,-0.004843607544898987
0.039223723113536835,0.08465716242790222,0.13067346811294556,0.17590050399303436
0.21837139129638672,0.2556132674217224,0.28484734892845154,0.30330029129981995
0.3085666298866272,0.29894351959228516,0.27368906140327454
0.23317986726760864,0.17894938588142395,0.11358381807804108,0.040475085377693176
-0.036517590284347534,-0.11342974007129669,-0.18652714788913727,-0.25256919860839844
-0.3089678883552551,-0.35384005308151245,-0.38597214221954346,-0.40473270416259766
-0.4099658727645874,-0.40187984704971313,-0.38095754384994507,-0.3479487895965576
-0.30395957827568054,-0.25056734681129456,-0.18987628817558289,-0.12447331845760345
-0.05731256306171417,0.00841764360666275,0.0694606825709343
0.12273106724023819,0.1656009554862976,0.19617760181427002,0.21349743008613586
0.2175677865743637,0.209266796708107,0.1901528388261795,0.16222700476646423
0.12769141793251038,0.088716521859169,0.04721742868423462,0.004689954221248627,-0.0378120020031929,-0.07953409105539322,-0.119780033826828,-0.15766729414463043
-0.191945418715477,-0.22089853882789612,-0.24233661592006683,-0.2537015676498413,-0.2523195147514343,-0.23578965663909912
0.0003235524636693299,0.00045416952343657613,0.003532589413225651,0.00900882389396429,0.015911931172013283,0.022918332368135452,0.028498776257038116,0.031187226995825768,0.029988406226038933,0.02482939511537552,0.016835680231451988,0.008224557153880596,0.0017930840840563178,0.00015621497004758567
0.004962464794516563,0.01631360501050949,0.0325685553252697,0.05063214525580406
0.06670497357845306,0.07728118449449539,0.08005145192146301,0.07444018125534058
0.0616840198636055,0.04449896514415741,0.026455378159880638,0.011223605833947659
0.001887983875349164,0.0004949804861098528,0.007880788296461105,0.02370286174118519
0.0465727336704731,0.07424137741327286,0.10383227467536926,0.13213567435741425
0.15597018599510193,0.1725788712501526,0.17999398708343506
0.17730838060379028,0.16482959687709808,0.14408564567565918,0.11762898415327072
0.08864309638738632,0.06042806804180145,0.03588176518678665,0.017102155834436417
0.00518608745187521,0.0002274795842822641,0.0014719143509864807,0.007573082577437162,0.01689458265900612,0.027792876586318016,0.03881661221385002,0.04879428818821907
0.05683550983667374,0.062294162809848785,0.06474041938781738,0.06396572291851044
0.060007911175489426,0.05317629128694534,0.044069040566682816
0.033573124557733536,0.02282227948307991,0.013078046962618828,0.005528624635189772,0.0010611546458676457,8.705204527359456e-05,0.0024705268442630768,0.007564447354525328
0.014335614629089832,0.021554281935095787,0.028008215129375458,0.03269108384847641
0.034924283623695374,0.03440631926059723,0.031218359246850014,0.025813881307840347
0.01898864097893238,0.01180941704660654,0.0054932087659835815,0.0012414440279826522
4.362832987681031e-05,0.002477576257660985,0.00854539219290018
0.017599012702703476,0.028402797877788544,0.039344191551208496,0.04875221103429794
0.055234603583812714,0.05793370306491852,0.05664324387907982,0.05177697539329529
0.04421251639723778,0.035070110112428665,0.025498760864138603,0.01652495563030243
0.008983070030808449,0.0035020350478589535,0.000507177843246609,0.0002052735217148438
0.0025262245908379555,0.0070328363217413425,0.012863748706877232,0.018768254667520523
0.0232713520526886,0.025000018998980522,0.023142142221331596
0.017895199358463287,0.010666307993233204,0.003841039491817355,0.00014895522326696664
0.0018426681635901332,0.009959547780454159,0.023889686912298203,0.04139985516667366
0.05914539471268654,0.07353177666664124,0.08164367824792862,0.08192933350801468
0.07445776462554932,0.06077934056520462,0.04353173077106476,0.025917472317814827
0.01115486305207014,0.001996057340875268,0.0003876893315464258,0.007296583615243435
0.022651147097349167,0.04533667489886284,0.0732402577996254
0.10339460521936417,0.13227766752243042,0.15627452731132507,0.1722317487001419
0.1779879927635193,0.17276641726493835,0.15734431147575378,0.1339387595653534
0.10579012334346771,0.07653145492076874,0.049527641385793686,0.027363386005163193
0.011571649461984634,0.0026060789823532104,6.108897196099861e-06,0.0026770331896841526
0.00920244213193655,0.018112896010279655,0.028063016012310982,0.037909042090177536
0.0467139296233654,-0.2317848801612854,-0.24155278503894806
-0.24526385962963104,-0.2427251785993576,-0.2337993085384369,-0.21847057342529297
-0.1969100683927536,-0.16954347491264343,-0.1370968371629715,-0.10059285163879395
-0.061298638582229614,-0.020637579262256622,0.019919097423553467,0.05894971638917923
0.0951489582657814,0.12736186385154724,0.15458765625953674,0.17596831917762756
0.1907731294631958,0.19838592410087585,0.1983138471841812,0.19023366272449493
0.1740666776895523,0.15004979074001312,0.11878824234008789
0.08130062371492386,0.0390436053276062,-0.0061112865805625916,-0.05196450650691986
-0.0961482971906662,-0.13634058833122253,-0.17049247026443481,-0.19703423976898193
-0.21501851081848145,-0.22415947914123535,-0.22476382553577423,-0.2175912708044052
-0.20369049906730652,-0.18422704935073853,-0.16031119227409363,-0.13286356627941132
-0.10256639122962952,-0.0699198842048645,-0.03538140654563904,0.000464610755443573
0.03674846515059471,0.07221051305532455,0.10519951581954956
0.13375189900398254,0.15569239854812622,0.16879165172576904,0.17104892432689667
0.16107162833213806,0.1384306699037552,0.10385213792324066,0.05918246507644653
0.007174298167228699,-0.04880495369434357,-0.10506418347358704,-0.15787707269191742
-0.20379064977169037,-0.23992955684661865,-0.26423102617263794,-0.27553534507751465
-0.27351897954940796,-0.25854480266571045,-0.23149800300598145,-0.19363604485988617
-0.1464717835187912,-0.09169644117355347,-0.031135492026805878
0.03327564150094986,0.0994899794459343,0.1653173565864563,0.2284039556980133
0.28627103567123413,0.3364340662956238,0.3765919804573059,0.4048447012901306,0.419893354177475,0.4211706221103668,0.40887051820755005,0.3839164674282074,0.34789952635765076,0.30295518040657043,0.2515548765659332,0.1962483525276184
0.13942177593708038,0.08312596380710602,0.028995856642723083,-0.021757327020168304,-0.0683128833770752,-0.11017507314682007,-0.14707554876804352
-0.17885690927505493,-0.20536065101623535,-0.2263549119234085,-0.2415284663438797
-0.25054144859313965,-0.25310248136520386,-0.2490355223417282,-0.23832766711711884,-0.22118273377418518,-0.19807572662830353,-0.1697685867547989,-0.1372615396976471
-0.10169243812561035,-0.06423000246286392,-0.026008129119873047,0.011887479573488235
0.048412173986434937,0.08255557715892792,0.11332482099533081,0.1397276520729065
0.16077087819576263,0.17547500133514404,0.18292224407196045,0.1823410987854004
0.17320866882801056,0.155367910861969,0.12914365530014038,0.09542117267847061
0.05566294491291046,0.011841028928756714,-0.03371597081422806,-0.07852370291948318
-0.12015718966722488,-0.15646961331367493,-0.185793936252594,-0.20708760619163513
-0.21998712420463562,-0.22475750744342804,-0.22214429080486298,-0.21316491067409515
-0.19889262318611145,-0.18028028309345245,-0.15805111825466156,-0.1326604038476944,-0.10433661192655563,-0.07321970909833908
-0.03957303613424301,-0.003996983170509338,0.03242582082748413,0.06809984892606735
0.1010105088353157,0.12888272106647491,0.1493469774723053,0.16015204787254333
0.15947197377681732,0.14626608788967133,0.12057177722454071,0.08360236883163452
0.03762498497962952,-0.014311108738183975,-0.06871172785758972,-0.1219651848077774
-0.17062914371490479,-0.21169321238994598,-0.24280795454978943,-0.26242417097091675
-0.2697877883911133,-0.26479363441467285,-0.24778445065021515
-0.21940821409225464,-0.18057574331760406,-0.13246992230415344,-0.07654805481433868
-0.014528900384902954,0.051620692014694214,0.11968470364809036,0.18718469142913818
0.2514035701751709,0.3094979226589203,0.3587021827697754,0.39659515023231506
0.42136573791503906,0.4320032596588135,0.428379088640213,0.41122880578041077
0.3820562958717346,0.34296536445617676,0.2964283227920532,0.24502012133598328
0.1911557912826538,0.13688236474990845,0.08377523720264435
0.03295423090457916,-0.014823921024799347,-0.05906180292367935,-0.09942179173231125
-0.13561862707138062,-0.1673218458890915,-0.19409354031085968,-0.21538130939006805
-0.23058071732521057,-0.23914660513401031,-0.24070870876312256,-0.23516105115413666
-0.22270846366882324,-0.20386213064193726,-0.1793878674507141,-0.15022367238998413
-0.11739292740821838,-0.08193611353635788,-0.044866494834423065,-0.007143653929233551
0.030329588800668716,0.06667064130306244,0.10094788670539856
0.13211922347545624,0.1590118110179901,0.1803450733423233,0.19479767978191376
0.2011290043592453,0.1983465850353241,0.18589246273040771,0.163813516497612
0.1328679472208023,0.09453023970127106,0.05088996887207031,0.00446726381778717
-0.042018916457891464,-0.08591103553771973,-0.12488237768411636,-0.1571672558784485
-0.1817076951265335,-0.19818633794784546,-0.2069351226091385,-0.2087550312280655
-0.20469382405281067,-0.1958131045103073,-0.18298102915287018
-0.16673384606838226,-0.14724117517471313,-0.12438882887363434,-0.09796454012393951
-0.06789930909872055,-0.034495942294597626,0.0014094747602939606,0.038367655128240585
0.07433649897575378,0.1068388968706131,0.1332283467054367,0.15097463130950928
0.15793514251708984,0.1526358276605606,0.1345522403717041,0.1042979285120964
0.06361529231071472,0.015156783163547516,-0.0378597117960453,-0.0920063778758049
-0.14393363893032074,-0.1905861645936966,-0.22937828302383423
-0.2583344280719757,-0.27615755796432495,-0.2821837067604065,-0.27623215317726135
-0.25843507051467896,-0.22915475070476532,-0.18901965022087097,-0.13902170956134796
-0.08060133457183838,-0.01567120850086212,0.05342049151659012,0.12395823746919632
0.19295933842658997,0.2573131024837494,0.31395936012268066,0.3601287603378296
0.39362233877182007,0.41304701566696167,0.4179471731185913,0.40880781412124634,0.38694512844085693,0.3543235659599304,0.3133178651332855
0.2664424777030945,0.21609334647655487,0.16434113681316376,0.11280302703380585
0.06261251866817474,0.014491721987724304,-0.03110208548605442,-0.07381288707256317
-0.11325405538082123,-0.14893409609794617,-0.18023943901062012,-0.20645639300346375
-0.22683486342430115,-0.2407023012638092,-0.24759672582149506,-0.24736307561397552
-0.24017760157585144,-0.2265080213546753,-0.207040473818779,-0.18259626626968384
-0.15404559671878815,-0.12223109602928162,-0.08792655169963837
-0.05183825641870499,-0.014644511044025421,0.022925302386283875,0.059997089207172394
0.09547895193099976,0.1280289739370346,0.15608960390090942,0.1779904067516327
0.19209939241409302,0.19702143967151642,0.19182206690311432,0.17622871696949005
0.15076512098312378,0.11677689850330353,0.07633637636899948,0.03204222768545151
-0.013265106827020645,-0.056820858269929886,-0.09622181951999664,-0.12964893877506256
-0.15600472688674927,-0.1749354749917984,-0.18673282861709595
-0.1921488493680954,-0.19216348230838776,-0.18773922324180603,-0.1796119213104248,-0.16815660893917084,-0.15335190296173096,-0.13486669957637787,-0.11225622892379761,-0.08520878106355667,-0.05378403514623642,-0.018600724637508392,0.01905476674437523,0.05722532793879509,0.09342339634895325,0.12491319328546524,0.1490357369184494
0.16347748041152954,0.16649460792541504,0.15713782608509064,0.13545270264148712
0.10255784541368484,0.06051844358444214,0.012066014111042023
-0.03972088173031807,-0.0917142927646637,-0.14096496999263763,-0.18483613431453705
-0.22109034657478333,-0.24796341359615326,-0.264194130897522,-0.26897484064102173
-0.2618445158004761,-0.24260732531547546,-0.211350679397583,-0.16857028007507324,-0.11533020436763763,-0.053350821137428284,0.015018440783023834
0.08691062033176422,0.15908923745155334,0.22811919450759888,0.2905912399291992
0.34340327978134155,0.3840526342391968,0.4108823835849762,0.42322462797164917
0.421406626701355,0.40662410855293274,0.38071808218955994,0.34591376781463623
0.3045579791069031,0.25887444615364075,0.21076740324497223,0.16171273589134216
0.112759068608284,0.06462183594703674,0.017830736935138702,-0.02711654268205166
-0.06965005397796631,-0.10909058898687363,-0.14465640485286713,-0.1755002737045288
-0.2007768452167511,-0.2197415679693222,-0.231870636343956,-0.23695938289165497,-0.23515324294567108,-0.22690483927726746,-0.21287952363491058
-0.1938348412513733,-0.17050188779830933,-0.1435091346502304,-0.11337397992610931
-0.08054904639720917,-0.045504130423069,-0.00882924348115921,0.028666086494922638
0.06587788462638855,0.10136863589286804,0.13338710367679596,0.15997648239135742
0.1791718602180481,0.1892498880624771,0.1889863908290863,0.1778792440891266
0.15629152953624725,0.12547896802425385,0.08748621493577957,0.04492685943841934
0.0006800442934036255,-0.04244709014892578,-0.08202654868364334
-0.11624087393283844,-0.144012451171875,-0.1650136560201645,-0.17956404387950897
-0.18843796849250793,-0.19261406362056732,-0.19300641119480133,-0.19023282825946808
-0.18448108434677124,-0.1755000203847885,-0.16269752383232117,-0.14532127976417542
-0.12271663546562195,-0.0946250706911087,-0.06142550706863403,-0.024247795343399048
0.015041489154100418,0.05397558957338333,0.08974432200193405,0.11952600628137589
0.1408061683177948,0.15161514282226562,0.1506921350955963
0.13761913776397705,0.11292096227407455,0.07805796712636948,0.035253673791885376
-0.012798536568880081,-0.06324538588523865,-0.11331591755151749,-0.16045187413692474,-0.20234298706054688,-0.23693838715553284,-0.2624800503253937,-0.2775413990020752,-0.2810380160808563,-0.2722148895263672,-0.2506646513938904,-0.2164265215396881
-0.17014452815055847,-0.11320538818836212,-0.04777541756629944,0.023298434913158417
0.09668555110692978,0.16880345344543457,0.23606283962726593
0.29513585567474365,0.343239963054657,0.3783971071243286,0.39961111545562744
0.4069097638130188,0.4012316167354584,0.3841888904571533,0.3577744960784912
0.324087530374527,0.2851164937019348,0.24258527159690857,0.19786415994167328
0.15195463597774506,0.10555900633335114,0.059225261211395264,0.013518184423446655
-0.030854761600494385,-0.07301253080368042,-0.11195192486047745,-0.14663150906562805
-0.17605817317962646,-0.19938097894191742,-0.21599970757961273
-0.22565877437591553,-0.22847920656204224,-0.22491076588630676,-0.21561172604560852
-0.2012857347726822,-0.18253888189792633,-0.1598091572523117,-0.13336803019046783
-0.10337994992733002,-0.07001668214797974,-0.03360580652952194,0.00521700456738472
0.0453815795481205,0.08532467484474182,0.12303300201892853,0.1561947464942932
0.18244576454162598,0.19967089593410492,0.20629540085792542,0.20150549709796906
0.18537600338459015,0.15892213582992554,0.124061718583107
0.08343009650707245,0.04005119949579239,-0.00305340439081192,-0.04324086010456085
-0.07854561507701874,-0.10783497989177704,-0.1307964026927948,-0.14778807759284973
-0.15960776805877686,-0.1672259271144867,-0.171514630317688,-0.17301006615161896
-0.17177361249923706,-0.16739825904369354,-0.15914171934127808,-0.14613276720046997
-0.12760965526103973,-0.10316243767738342,-0.07294931262731552,-0.03784148395061493
0.0005458258092403412,0.039949607104063034,0.07767195254564285
0.11089204251766205,0.13701587915420532,0.15394477546215057,0.1602175384759903
0.15508531033992767,0.13855955004692078,0.11143450438976288,0.07523693144321442
0.03204961121082306,-0.015737101435661316,-0.06563880294561386,-0.11520278453826904
-0.16204965114593506,-0.2038760483264923,-0.23847819864749908,-0.2638246417045593
-0.2781542241573334,-0.28005897998809814,-0.26856130361557007,-0.24322448670864105
-0.2043028026819229,-0.15289545059204102,-0.09102794528007507
-0.021584905683994293,0.05191062390804291,0.12561380863189697,0.1956923007965088
0.2586227059364319,0.31145405769348145,0.35204482078552246,0.37923192977905273,0.39287805557250977,0.3937651813030243,0.38335180282592773,0.3634611666202545
0.3359833359718323,0.30265623331069946,0.26494917273521423,0.22402729094028473
0.18076488375663757,0.13580814003944397,0.08970406651496887,0.04306270182132721,-0.0033187493681907654,-0.04842090606689453,-0.09106015413999557
-0.1299976110458374,-0.1640617847442627,-0.1922779232263565,-0.21398413181304932
-0.22889339923858643,-0.23708374798297882,-0.23893041908740997,-0.2349955439567566,-0.22588130831718445,-0.21206963062286377,-0.19380399584770203,-0.17108336091041565
-0.14379733800888062,-0.11193977296352386,-0.0758020281791687,-0.03610461950302124
0.005932144820690155,0.04857456311583519,0.0896301120519638,0.126601904630661,0.15694841742515564,0.1783970594406128,0.1892426311969757
0.18858663737773895,0.17648878693580627,0.15400132536888123,0.1230662614107132
0.08627628535032272,0.04653555899858475,0.006688304245471954,-0.030822575092315674
-0.06421329081058502,-0.09248676151037216,-0.11541888117790222,-0.13342046737670898
-0.14730404317378998,-0.15799859166145325,-0.16626280546188354,-0.17245903611183167,-0.17644569277763367,-0.17759664356708527
-0.1749219000339508,-0.1672714799642563,-0.15360108017921448,-0.13325440883636475
-0.10619986802339554,-0.07316001504659653,-0.0356077179312706,0.004348229616880417
0.04414855316281319,0.08102558553218842,0.1123066395521164,0.13571886718273163
0.149581640958786,0.15286338329315186,0.14517268538475037,0.12674400210380554
0.09843824803829193,0.061712898313999176,0.018498577177524567,-0.02898601070046425
-0.07839498668909073,-0.1273398995399475,-0.1733945906162262,-0.2140844166278839
-0.24694401025772095,-0.2696641683578491,-0.28028541803359985,-0.2773738503456116
-0.26014649868011475,-0.22857895493507385,-0.18352289497852325,-0.12678463757038116
-0.06108179688453674,0.010158471763134003,0.08312492072582245,0.15399347245693207
0.2192668616771698,0.2760399281978607,0.32218000292778015,0.3564279079437256
0.3784203827381134,0.38860785961151123,0.3880543112754822,0.37816062569618225
0.3603866994380951,0.33604690432548523,0.30621787905693054,0.2717365324497223
0.23325254023075104,0.1913244128227234,0.14654864370822906
0.09969370067119598,0.05179103463888168,0.004140503704547882,-0.04177965223789215
-0.08446631580591202,-0.12255492806434631,-0.15495739877223969,-0.1809580773115158
-0.2002531886100769,-0.2129284292459488,-0.21937516331672668,-0.22015070915222168
-0.2158118039369583,-0.20676209032535553,-0.1931534856557846,-0.17488884925842285
-0.1517379730939865,-0.12351684272289276,-0.09028107672929764,-0.05250834673643112
-0.011235170066356659,0.031887978315353394,0.07464770972728729
0.11443986743688583,0.14854231476783752,0.17444872856140137,0.19021853804588318
0.1947595179080963,0.18796829879283905,0.17072725296020508,0.14478032290935516
0.11250504851341248,0.07660646736621857,0.03976460546255112,0.004292983561754227
-0.02811572700738907,-0.05651567503809929,-0.08069673180580139,-0.1010395735502243,-0.11827004700899124,-0.13317254185676575,-0.1463257074356079,-0.15790694952011108
-0.16758549213409424,-0.17452646791934967,-0.17753204703330994
-0.17529335618019104,-0.16667412221431732,-0.15095877647399902,-0.12803541123867035
-0.09849891066551208,-0.06365931034088135,-0.02545008808374405,0.013757061213254929
0.051394619047641754,0.0849432721734047,0.11216500401496887,0.13129928708076477
0.1411401927471161,0.14100049436092377,0.1306588351726532,0.11034207791090012
0.08074671030044556,0.04306056350469589,-0.0010716542601585388,-0.04963059723377228
-0.10030296444892883,-0.15053687989711761,-0.19758063554763794
-0.23854587972164154,-0.27055680751800537,-0.29100412130355835,-0.29783475399017334
-0.2897825837135315,-0.2665039896965027,-0.22864079475402832,-0.17783597111701965
-0.11667905747890472,-0.04851579666137695,0.022883370518684387,0.0937066376209259
0.16045473515987396,0.22021862864494324,0.2708469033241272,0.3110056519508362
0.3401505947113037,0.35842788219451904,0.36651328206062317,0.3653958737850189
0.3561411499977112,0.3396991491317749,0.3168201148509979
0.28808483481407166,0.25400039553642273,0.2151155322790146,0.17212888598442078
0.12596823275089264,0.07782351970672607,0.029120467603206635,-0.018564581871032715
-0.0636395514011383,-0.10466308891773224,-0.1404964029788971,-0.1703920215368271
-0.1940082609653473,-0.21136322617530823,-0.2227398306131363,-0.2285507470369339
-0.22918762266635895,-0.2248930037021637,-0.21568238735198975,-0.20133961737155914
-0.18150968849658966,-0.1558818817138672,-0.12441419064998627
-0.08753427118062973,-0.04626942425966263,-0.0022842586040496826,0.04218870773911476
0.08452757447957993,0.12198509275913239,0.1520063281059265,0.1725587546825409
0.18241316080093384,0.18130722641944885,0.1699538677930832,0.14990994334220886
0.12334917485713959,0.09277268499135971,0.0606757253408432,0.029208898544311523
-9.443983435630798e-05,-0.02644609659910202,-0.04974706843495369,-0.07039470225572586
-0.08904218673706055,-0.10635024309158325,-0.12274238467216492
-0.1382107138633728,-0.15223005414009094,-0.16379573941230774,-0.17156299948692322
-0.17406445741653442,-0.16997946798801422,-0.15840724110603333,-0.13907617330551147
-0.11243727803230286,-0.07964076101779938,-0.0424325093626976,-0.00299256294965744
0.03627171367406845,0.07293946295976639,0.10476047545671463,0.12981675565242767
0.14664307236671448,0.15423382818698883,0.15196101367473602,0.13952895998954773
0.11703010648488998,0.08506935089826584,0.04485643655061722
-0.0018149837851524353,-0.05267193168401718,-0.10507699102163315,-0.156114399433136
-0.202665776014328,-0.24155157804489136,-0.2697823643684387,-0.2848767042160034
-0.2851599454879761,-0.26996302604675293,-0.2396894097328186,-0.19577613472938538
-0.1405855417251587,-0.07723173499107361,-0.00931115448474884,0.05946953967213631
0.12569154798984528,0.18653111159801483,0.23991218209266663,0.28452539443969727
0.3197585642337799,0.3455629348754883,0.3622770607471466
0.3704308569431305,0.3705613315105438,0.36308926343917847,0.348285973072052
0.3263319730758667,0.29744887351989746,0.26205337047576904,0.22087448835372925
0.17500343918800354,0.12588000297546387,0.07521989941596985,0.02488388866186142
-0.023289352655410767,-0.06766659021377563,-0.10699114948511124,-0.14048749208450317
-0.167867049574852,-0.18924137949943542,-0.20497377216815948,-0.21551513671875,-0.22124938666820526
0.03315694257616997,0.04556632786989212,0.05659860372543335,0.06490364670753479,0.06962187588214874,0.07047392427921295,0.06772460043430328,0.0620395690202713,0.05429510772228241,0.0454009473323822,0.036170594394207,0.027257760986685753,0.019150160253047943,0.012198089621961117
0.006658067926764488,0.002722536213696003,0.0005128842894919217,4.0545543015468866e-05,0.0011604775208979845,0.0035412099678069353,0.006673136726021767,0.0099315932020545,0.012690420262515545,0.014454579912126064,0.014964805915951729,0.01423674076795578,0.012523610144853592,0.010220274329185486,0.007747606374323368,0.00545496353879571,0.0035629449412226677,0.0021529910154640675,0.0011954002548009157,0.0005979982088319957
0.0002545460010878742,7.671758794458583e-05,5.954695097898366e-06
1.1707716112141497e-05,8.346553659066558e-05,0.00021937165001872927,0.0004123665567021817
0.0006370479241013527,0.000843717367388308,0.0009665389079600573,0.0009468555799685419
0.0007643495919182897,0.00046232916065491736,0.00015351489128079265,4.1138201822832343e-07
0.00017314260185230523,0.0007955054170452058,0.001894329208880663,0.0033699010964483023
0.005003300029784441,0.006499328184872866,0.00754769891500473,0.007890800014138222
0.007393522188067436,0.006100826896727085,0.0042604245245456696
0.0022936523891985416,0.0007141974638216197,8.208532563003246e-06,0.0004962910315953195
0.002215142361819744,0.004865097347646952,0.007850822992622852,0.010417081415653229
0.011854415759444237,0.011717897839844227,0.009985238313674927,0.007095680572092533,0.0038497012574225664,0.00120103033259511,1.3400787793216296e-05,0.0008510105544701219
0.0038499338552355766,0.008714969269931316,0.01485009491443634,0.021546944975852966,0.028124697506427765,0.03398018702864647,0.0385906845331192
0.04151947796344757,0.04243447259068489,0.04113428667187691,0.0375811904668808
0.031952694058418274,0.024715740233659744,0.01668793335556984,0.009023287333548069
0.0030736366752535105,0.00013872471754439175,0.001182805048301816,0.006594391539692879
0.016036834567785263,0.02843787707388401,0.042162176221609116,0.05534691363573074
0.06629142165184021,0.07377143949270248,0.07719700038433075,0.07660293579101562,0.0725155621767044,0.06575605273246765,0.05724189803004265
0.04783155024051666,0.038235172629356384,0.028998011723160744,0.020538870245218277
0.013204436749219894,0.007298273965716362,0.003065751399844885,0.0006457008421421051
1.2845492165070027e-05,0.0009378432296216488,0.002989733824506402,0.005593031644821167,0.008133076131343842,0.010083192959427834,0.011111532337963581,0.011129860766232014
0.01027129590511322,0.008812891319394112,0.007078211288899183,0.005353063810616732,0.003833635477349162,0.002613040152937174,0.0016991407610476017
0.001048445818014443,0.0006004326278343797,0.00030105409678071737,0.00011310599074931815
1.701399560261052e-05,5.19602053827839e-06,7.23299672245048e-05,0.00020466416026465595
0.00037229686859063804,0.0005282170604914427,0.0006175455637276173,0.0005970987258478999
0.00045868739834986627,0.00024541598395444453,5.266736843623221e-05,1.2524175872385968e-05
0.0002648107474669814,0.0009204392554238439,0.002025434747338295,0.003534219693392515
0.00529957702383399,-0.08416678011417389,-0.09270176291465759
-0.09761905670166016,-0.09824316948652267,-0.09406649321317673,-0.0848269909620285
-0.07058768719434738,-0.05180475860834122,-0.02936476469039917,-0.004565432667732239,0.020971335470676422,0.045439764857292175,0.06700249016284943,0.08392453193664551
0.09470972418785095,0.09826420992612839,0.09405031055212021,0.0821656584739685
0.06332152336835861,0.038737498223781586,0.009979087859392166,-0.021221844479441643,-0.05312230437994003,-0.08412483334541321,-0.11296090483665466
-0.13881003856658936,-0.16126808524131775,-0.18018627166748047,-0.1954641342163086,-0.20690268278121948,-0.21415798366069794,-0.21675017476081848,-0.21409004926681519
-0.205521360039711,-0.19040615856647491,-0.1682753711938858,-0.1390148252248764
-0.10302717983722687,-0.06131070852279663,-0.015414446592330933,0.03270657733082771
0.08086299896240234,0.12679582834243774,0.16836419701576233,0.2037639617919922
0.23171500861644745,0.25156182050704956,0.2632714509963989
0.26732543110847473,0.2645471692085266,0.2559225559234619,0.24244359135627747
0.22500380873680115,0.20435285568237305,0.18108899891376495,0.15568260848522186,0.1285364329814911,0.10007859766483307,0.07085419446229935,0.041575364768505096,0.013116855174303055,-0.013541223481297493,-0.037406787276268005,-0.057578910142183304
-0.07335076481103897,-0.0843077078461647,-0.09040278196334839,-0.09198281913995743,-0.08973969519138336,-0.0845901295542717,-0.07752322405576706
-0.06945283710956573,-0.06109694764018059,-0.05290845036506653,-0.04507222771644592
-0.03755028545856476,-0.03014913573861122,-0.022606277838349342,-0.014693686738610268
-0.0063156913965940475,0.002428756095468998,0.0112373735755682,0.01964346319437027
0.027081754058599472,0.032963745296001434,0.03675376623868942,0.038040705025196075
0.03658798709511757,0.032344065606594086,0.025425944477319717,0.016100184991955757
0.004763582721352577,-0.00808634888380766,-0.021877169609069824
-0.03596328943967819,-0.0496198907494545,-0.06205425411462784,-0.07243280857801437
-0.07990999519824982,-0.08366364240646362,-0.08296164870262146,-0.07726012915372849,-0.06630781292915344,-0.050245121121406555,-0.02968433126807213,-0.0057379454374313354
0.020035263150930405,0.0457623265683651,0.06942714005708694,0.08905854821205139
0.1029355376958847,0.10978936403989792,0.1089596301317215,0.10045770555734634
0.0849231407046318,0.06350209563970566,0.03767868131399155,0.009081397205591202
-0.020697006955742836,-0.05023067072033882,-0.0783650279045105,-0.1043207198381424
-0.12772896885871887,-0.14852622151374817,-0.16674038767814636,-0.1822650134563446
-0.1947212666273117,-0.2034435272216797,-0.2075468897819519,-0.20603425800800323
-0.19792431592941284,-0.1824055165052414,-0.15902812778949738,-0.12789517641067505
-0.08978217840194702,-0.046133965253829956,0.0010712295770645142,0.049532994627952576,0.09684909880161285,0.14073128998279572
0.17921261489391327,0.2108222097158432,0.23469246923923492,0.2505759000778198
0.25877219438552856,0.25997740030288696,0.2550926208496094,0.24504519999027252
0.23066192865371704,0.21261714398860931,0.1914433240890503,0.16757670044898987
0.1414242833852768,0.11343926191329956,0.08419598639011383,0.05444876849651337
0.025137513875961304,-0.0026722438633441925,-0.02789761684834957,-0.04957905411720276
-0.0670190304517746,-0.07987482100725174,-0.08819428831338882
-0.09239470213651657,-0.09317979216575623,-0.09141218662261963,-0.08796683698892593
-0.08358578383922577,-0.07877113670110703,-0.07374458760023117,-0.0684637725353241
-0.06268702447414398,-0.05608774721622467,-0.04839184135198593,-0.03949283808469772
-0.029514748603105545,-0.018819237127900124,-0.007968185469508171,0.0023491941392421722
0.011415365152060986,0.01858709380030632,0.023370925337076187,0.025461547076702118
0.024754904210567474,0.02133592776954174,0.015438331291079521
0.007390214130282402,-0.002438965253531933,-0.013674680143594742,-0.025943880900740623
-0.03884988650679588,-0.051927272230386734,-0.0645996555685997,-0.07615241408348083,-0.08572486788034439,-0.09234245121479034,-0.09500439465045929,-0.0928158238530159
-0.08514972031116486,-0.07181625068187714,-0.05318603664636612,-0.03022107481956482
-0.004416521638631821,0.022327102720737457,0.04788773134350777,0.07013742625713348,0.08716888725757599,0.09751605987548828,0.10033074766397476
0.09547441452741623,0.08350179344415665,0.06553371250629425,0.04305489361286163
0.017686929553747177,-0.009032530710101128,-0.035820528864860535,-0.06172475591301918
-0.08613653481006622,-0.10878656804561615,-0.1296812891960144,-0.1489420235157013
-0.16658104956150055,-0.1822863072156906,-0.1953185498714447,-0.2045719027519226
-0.2087399959564209,-0.20650997757911682,-0.19674310088157654,-0.17864692211151123
-0.15196523070335388,-0.1171526163816452,-0.07544492185115814
-0.028769180178642273,0.020489096641540527,0.06978386640548706,0.11668376624584198,0.15907546877861023,0.19530265033245087,0.22426609694957733,0.24547240138053894,0.25899940729141235,0.26536667346954346,0.2653382420539856,0.2597365081310272
0.2493278682231903,0.2347700595855713,0.21659865975379944,0.19524963200092316
0.17111076414585114,0.14460043609142303,0.11627455055713654,0.08692442625761032
0.057588428258895874,0.029443539679050446,0.003634285181760788
-0.018887482583522797,-0.03747137635946274,-0.05182218924164772,-0.06201663613319397
-0.0684746652841568,-0.07186920940876007,-0.07298827171325684,-0.0725780576467514
-0.0712072104215622,-0.06918226182460785,-0.06652449071407318,-0.06301890313625336
-0.05832253023982048,-0.05209306627511978,-0.04411056265234947,-0.034375954419374466
-0.023167628794908524,-0.011040007695555687,0.0012362934648990631,0.01277975458651781
0.022726071998476982,0.03034995123744011,0.035165682435035706
0.036987289786338806,0.03591158986091614,0.03223581612110138,0.02636580914258957
0.018738023936748505,0.009751832112669945,-0.00028314534574747086,-0.01116747036576271
-0.022771542891860008,-0.034932125359773636,-0.047334231436252594,-0.05942842364311218
-0.07040456682443619,-0.07923658192157745,-0.08479361236095428,-0.08598697185516357
-0.08193972706794739,-0.07217410206794739,-0.05677317827939987,-0.03645831719040871,-0.0125608891248703,0.01309945434331894,0.03840738162398338
0.06118262931704521,0.07942444831132889,0.09155074506998062,0.09658686816692352
0.09426280856132507,0.08500653505325317,0.0698239728808403,0.05008648335933685
0.027290556579828262,0.0028372518718242645,-0.022140730172395706,-0.046868640929460526
-0.07092003524303436,-0.09414450824260712,-0.11657686531543732,-0.13831114768981934
-0.15931591391563416,-0.1792336106300354,-0.19724760949611664,-0.21209222078323364
-0.22221338748931885,-0.22601231932640076,-0.2220933884382248
-0.2094697654247284,-0.18772728741168976,-0.1571570634841919,-0.1188221424818039
-0.07450573891401291,-0.026520974934101105,0.022587314248085022,0.07036164402961731
0.11467064917087555,0.1538248509168625,0.18661817908287048,0.21235589683055878
0.23085375130176544,0.24236688017845154,0.2474406659603119,0.24672405421733856
0.2408280074596405,0.23026731610298157,0.2154681533575058,0.1968228965997696
0.1747640073299408,0.14983497560024261,0.12274603545665741
0.09439089149236679,0.06582161039113998,0.03817916661500931,0.012565352022647858
-0.010110657662153244,-0.02925153262913227,-0.04462594538927078,-0.05635639652609825
-0.06485876441001892,-0.07074595987796783,-0.0746956318616867,-0.07729873061180115,-0.07893764972686768,-0.07973195612430573,-0.07954122126102448
-0.07801978290081024,-0.07473404705524445,-0.06931066513061523,-0.06157141178846359
-0.05162616819143295,-0.0398983433842659,-0.02709071710705757,-0.014108862727880478
-0.0019350890070199966,0.008529417216777802,0.016604725271463394,0.02191615104675293
0.024412842467427254,0.024332309141755104,0.02211880125105381,0.01830224134027958
0.013359295204281807,0.007599261589348316,0.0011187512427568436,-0.006168441381305456
-0.014439421705901623,-0.023828040808439255,-0.03428775072097778,-0.045478515326976776
-0.056699637323617935,-0.06689931452274323,-0.07477164268493652,-0.07893985509872437,-0.07819896191358566,-0.07174932956695557,-0.05936647951602936
-0.04148968681693077,-0.01922577992081642,0.00573376752436161,0.031288083642721176
0.05518943443894386,0.07534684240818024,0.09008956700563431,0.09834177792072296
0.09970944374799728,0.09447280317544937,0.08347797393798828,0.06795189529657364
0.04927227646112442,0.028728019446134567,0.007314745336771011,-0.014393435791134834
-0.0362432599067688,-0.05834325775504112,-0.08084295690059662,-0.10378223657608032
-0.12699425220489502,-0.14999249577522278,-0.17185983061790466
-0.1912158876657486,-0.20633938908576965,-0.21542617678642273,-0.21687407791614532
-0.20952458679676056,-0.19283340871334076,-0.1669529229402542,-0.13274797797203064
-0.09175978600978851,-0.04608651250600815,0.0018467381596565247,0.04959317296743393
0.09496773034334183,0.13621971011161804,0.17208728194236755,0.2017900049686432,0.2249935269355774,0.2417270988225937,0.25225359201431274,0.25693732500076294,0.2561454772949219,0.2501956820487976,0.23935669660568237
0.22390185296535492,0.20420107245445251,0.18080884218215942,0.15450604259967804
0.12628933787345886,0.09731929749250412,0.06882881373167038,0.04199004918336868
0.017767783254384995,-0.0031951870769262314,-0.02064099907875061,-0.034692052751779556
-0.045769162476062775,-0.054458655416965485,-0.06136225908994675,-0.06696470081806183
-0.07154025137424469,-0.07509768754243851,-0.07738251984119415,-0.0779561698436737
-0.07633469998836517,-0.07214571535587311,-0.06526127457618713
-0.05588126182556152,-0.044555675238370895,-0.03213442489504814,-0.019643206149339676
-0.008118247613310814,0.001549254171550274,0.008735358715057373,0.013164056465029716
0.014922899194061756,0.014402678236365318,0.012177996337413788,0.00885238777846098
0.004905094392597675,0.0005819601938128471,-0.004149212036281824,-0.009570237249135971
-0.016108833253383636,-0.02417690120637417,-0.03398795425891876,-0.04540030658245087
-0.0578242763876915,-0.07021842896938324,-0.08118367195129395
-0.08914287388324738,-0.09258703887462616,-0.09035124629735947,-0.08185546100139618
-0.06724870204925537,-0.04741894453763962,-0.02388005703687668,0.001408170908689499
0.026258744299411774,0.04851917177438736,0.06634202599525452,0.07839987426996231
0.08401038497686386,0.08316435664892197,0.07645035535097122,0.06488708406686783
0.049694567918777466,0.03204711154103279,0.012870311737060547,-0.007269825786352158
-0.028175074607133865,-0.04991103336215019,-0.07261524349451065
-0.09631547331809998,-0.12082087993621826,-0.1456468105316162,-0.16992878913879395
-0.19236162304878235,-0.21125927567481995,-0.22476889193058014,-0.2311558723449707,-0.22906768321990967,-0.21773464977741241,-0.1970839500427246,-0.16775824129581451
-0.1310501992702484,-0.0887756496667862,-0.04309450089931488,0.00372488796710968
0.04956122487783432,0.09263838827610016,0.13161100447177887,0.16554713249206543,0.1938663125038147,0.2162710279226303,0.23267191648483276
0.24311523139476776,0.2477228194475174,0.2466510832309723,0.24008804559707642
0.22829030454158783,0.21165281534194946,0.19079585373401642,0.16661283373832703
0.14023375511169434,0.11291493475437164,0.08590342104434967,0.06032118201255798
0.037066757678985596,0.016724880784749985,-0.0004902482032775879,-0.014728019945323467
-0.02642454393208027,-0.03616753965616226,-0.0445268414914608,-0.05190178006887436
-0.05843690037727356,-0.06400828063488007,-0.06826210021972656
-0.07069146633148193,-0.07074391841888428,-0.06797005236148834,-0.06218869984149933
-0.05359455198049545,-0.04276661574840546,-0.030587133020162582,-0.018102355301380157
-0.006366627290844917,0.0037066750228405,0.011476284824311733,0.01665966585278511
0.019353002309799194,0.01997585967183113,0.01913285255432129,0.017421651631593704
0.01526910625398159,0.012845026329159737,0.010035501793026924,0.00647315289825201
0.0016408255323767662,-0.004967154003679752,-0.013656663708388805
-0.02436527982354164,-0.036565814167261124,-0.04926086217164993,-0.061073187738657
-0.07042714953422546,-0.07578505575656891,-0.07589091360569,-0.06999173015356064
-0.05800621211528778,-0.040591295808553696,-0.019080761820077896,0.0046864524483680725
0.028614655137062073,0.050630658864974976,0.06894774734973907,0.08227840065956116
0.0899544209241867,0.0919271856546402,0.08866041898727417,0.0809573158621788
0.06976792961359024,0.05599666386842728,0.040326718240976334
0.02311045676469803,0.004366561770439148,-0.01612001098692417,-0.03861371427774429
-0.0631968230009079,-0.08959516882896423,-0.11713634431362152,-0.14477863907814026
-0.1711355596780777,-0.19451168179512024,-0.21301569044589996,-0.22479736804962158
-0.2283511608839035,-0.2227596789598465,-0.20780543982982635,-0.18395546078681946,-0.15226681530475616,-0.11427128314971924
-0.07185444980859756,-0.027097128331661224,0.017935387790203094,0.0614050067961216
0.10183392465114594,0.13812631368637085,0.16951286792755127,0.1954747438430786
0.21567898988723755,0.2299339920282364,0.23816536366939545,0.24040229618549347
0.23677414655685425,0.2275390326976776,0.2131412923336029,0.19425968825817108
0.17181700468063354,0.1469419002532959,0.12088078260421753,0.09486407786607742
0.0699617937207222,0.04697860777378082,0.0263986699283123,0.008367393165826797
-0.007281320169568062,-0.02094046026468277,-0.033095359802246094,-0.044171519577503204
-0.054405659437179565,-0.06376811861991882,-0.07195582985877991,-0.07845697551965714
-0.08266182243824005,-0.08399362862110138,-0.08204908668994904,-0.07673119753599167
-0.06833422929048538,-0.057552579790353775,-0.04541298747062683,-0.0331287644803524
-0.021892312914133072,-0.012663399800658226,-0.006013551726937294,-0.0020634829998016357
-0.0005186861380934715,-0.0007717451080679893,-0.0020445361733436584,-0.0035627137403935194
-0.004745303653180599,-0.005368472076952457,-0.005640044808387756
-0.006147061940282583,-0.0076983836479485035,-0.011117847636342049,-0.017041414976119995
-0.02573590725660324,-0.036950577050447464,-0.04984487220644951,-0.0630381777882576
-0.0747993141412735,-0.08333395421504974,-0.08708594739437103,-0.08499298989772797
-0.07665856182575226,-0.06241818517446518,-0.04330768808722496,-0.020934689790010452
0.0027447789907455444,0.025703728199005127,0.04611552134156227,0.06256335228681564
0.07415899634361267,0.08057472109794617,0.08199162781238556
0.07896289229393005,0.07221634685993195,0.06245124712586403,0.05018354207277298
0.03567269816994667,0.01893870159983635,-0.00015025772154331207,-0.02174578234553337
-0.045855406671762466,-0.07217448949813843,-0.09998469799757004,-0.1281687468290329
-0.1553071141242981,-0.17979496717453003,-0.19995084404945374,-0.21414008736610413
-0.22095562517642975,-0.2194332629442215,-0.20921477675437927,-0.19058962166309357
-0.1643996387720108,-0.13186846673488617,-0.09445637464523315
-0.05376811325550079,-0.01146005094051361,0.03088533505797386,0.07188567519187927,0.11042290180921555,0.14561304450035095,0.17672093212604523,0.20309026539325714
0.22412411868572235,0.2393130362033844,0.24829010665416718,0.2508769631385803
0.24711143970489502,0.23728258907794952,0.22197256982326508,0.20207637548446655
0.1787683665752411,0.15339460968971252,0.12731961905956268,0.10177209973335266,0.07771141082048416,0.055745452642440796,0.03611943498253822
0.0187651589512825,0.0033927112817764282,-0.01039095874875784,-0.022946827113628387
-0.034476350992918015,-0.044938262552022934,-0.05403938889503479,-0.061305657029151917
-0.06619881838560104,-0.06824155896902084,-0.06713587045669556,-0.06286099553108215
-0.055732570588588715,-0.046402279287576675,-0.03579265996813774,-0.024977143853902817
-0.015010055154561996,-0.006735777482390404,-0.0006416738033294678,0.0031978150364011526
0.00508414302021265,0.005591306369751692,0.005423237569630146
0.005250696558505297,0.005542141851037741,0.006413887720555067,0.007557202596217394
0.008287355303764343,0.00769577594473958,0.004861511290073395,-0.0009217476472258568
-0.009951507672667503,-0.02198261022567749,-0.03617148846387863,-0.05112938582897186
-0.06509590148925781,-0.07620255649089813,-0.08277147263288498,-0.08358553051948547
-0.07807669043540955,-0.06641465425491333,-0.049497559666633606,-0.028830494731664658
-0.006293725222349167,0.01614108867943287,0.0366712361574173
0.05385313183069229,0.06671468913555145,0.07480350136756897,0.07815709710121155
0.07717494666576385,0.07242949306964874,0.06448535621166229,0.053773101419210434
0.04052736982703209,0.024779904633760452,0.006410721689462662,-0.014734887517988682
-0.038686759769916534,-0.06518582999706268,-0.09355278313159943,-0.122661292552948
-0.1510586440563202,-0.1771528422832489,-0.19936692714691162,-0.21624250710010529
-0.22652561962604523,-0.22928674519062042,-0.22406136989593506
-0.21092046797275543,-0.19042180478572845,-0.1634729504585266,-0.13117487728595734
-0.09471230208873749,-0.05532053858041763,-0.014296486973762512,0.027024880051612854
0.06735225021839142,0.10550931096076965,0.14043761789798737,0.17115025222301483
0.1967076063156128,0.21627172827720642,0.22921916842460632,0.235247403383255
0.23442599177360535,0.22718453407287598,0.21427330374717712,0.19672369956970215
0.1757895052433014,0.15283361077308655,0.12915992736816406
0.10584814101457596,0.08364857733249664,0.06295426934957504,0.04384595900774002
0.02618521824479103,0.009723562747240067,-0.005787958391010761,-0.020494746044278145
-0.03435276821255684,-0.04709010571241379,-0.058233294636011124,-0.06718416512012482
-0.07333490997552872,-0.07620813697576523,-0.07558518648147583,-0.07158806920051575
-0.0647016316652298,-0.05573130398988724,-0.04569484293460846,-0.03566621616482735
-0.026611942797899246,-0.019255921244621277,-0.013986025005578995
-0.010801652446389198,-0.009316101670265198,-0.008849235251545906,-0.008607504889369011
-0.00788336992263794,-0.006217322312295437,-0.003512358758598566,-9.096832945942879e-05
0.003333182306960225,0.005781250540167093,0.00621005380526185,0.003744651097804308
-0.0021090491209179163,-0.011315613985061646,-0.023248977959156036,-0.03673379495739937,-0.05018835514783859,-0.061845310032367706,-0.07001912593841553,-0.07336972653865814,-0.07110030204057693
0.0005169942742213607,0.001078645815141499,0.001512291026301682,0.0016725454479455948
0.0015522129833698273,0.0012482681777328253,0.0008943538414314389,0.0005975239328108728
0.00040795508539304137,0.00033030545455403626,0.0003613544686231762,0.0005244581261649728,0.0008761899080127478,0.001478874241001904
0.0023531701881438494,0.003436681581661105,0.004572629928588867,0.005538150668144226
0.006102740298956633,0.006097023840993643,0.005470737349241972,0.004320694133639336,0.0028779259882867336,0.001459775841794908,0.0004040051135234535,2.4164943823734575e-08
0.00042790552834048867,0.001715417834930122,0.003723765257745981,0.006165472324937582
0.008649029769003391,0.010744539089500904,0.012063657864928246,0.012341235764324665
0.011499305255711079,0.009673485532402992,0.007193149998784065
0.004520544316619635,0.002159674419090152,0.0005535288364626467,3.0405712436731847e-07
0.0006134902941994369,0.002329094335436821,0.0049494304694235325,0.008206512778997421
0.011821314692497253,0.015539760701358318,0.019145624712109566,0.022457804530858994
0.0253137294203043,0.027548206970095634,0.02898504212498665,0.029448870569467545
0.02879430539906025,0.02694566734135151,0.02393997833132744,0.01996435783803463
0.015368465334177017,0.010632302612066269,0.00629355339333415
0.0028564766980707645,0.0006994444993324578,3.3972017376981967e-07,0.0007063854136504233,0.0025583019014447927,0.005155262537300587,0.00803822185844183,0.010765770450234413
0.012967312708497047,0.014377572573721409,0.014859767630696297,0.014416362158954144
0.013179143890738487,0.011375658214092255,0.009282809682190418,0.007178715895861387
0.00529645849019289,0.0037874539848417044,0.0027078683488070965,0.002036239020526409
0.001714948215521872,0.0016944153467193246,0.0019571196753531694
0.0025078386534005404,0.003333308733999729,0.004352585878223181,0.00538855604827404
0.0061850836500525475,0.006475615780800581,0.006085171829909086,0.005022681318223476
0.003511059330776334,0.0019285825546830893,0.0006803050055168569,5.314249938237481e-05
0.00011705177166732028,0.0007129553123377264,0.0015302858082577586,0.0022377362474799156
0.002606552094221115,0.002573471050709486,0.0022248863242566586,0.0017256560968235135
0.001237631542608142,0.0008650791714899242,0.0006442707381211221
0.0005717255407944322,0.0006456798291765153,0.00089214276522398,0.0013607197906821966
0.0020937244407832623,0.0030845811124891043,0.004245583899319172,0.005402938928455114
0.006327811162918806,0.006795108783990145,0.006648666225373745,0.005852398928254843
0.0045169261284172535,0.0028966283425688744,0.001352035440504551,0.0002803788520395756
2.8620359444175847e-05,0.0008087778114713728,0.0026359439361840487,0.005303224548697472,0.008401650004088879,0.011390752159059048,0.01371225155889988
0.014917387627065182,0.014770688489079475,0.013303793966770172,0.01080735307186842,0.007761138956993818,0.004720326978713274,0.002194775501266122,0.0005574401584453881,5.0574558430049876e-11,0.0005357993068173528,0.0020382648799568415,0.004297925624996424,0.007079384755343199,0.010162406601011753,0.01336008682847023,0.016512712463736534,0.01946388930082321,0.022037474438548088,0.024029860273003578,0.025221606716513634,0.025408288463950157,-0.15635348856449127,-0.14935007691383362
-0.13824044167995453,-0.12311102449893951,-0.10430741310119629,-0.08240912109613419
-0.05816969275474548,-0.03245171159505844,-0.0061761923134326935,0.019723599776625633
0.044363267719745636,0.06696788221597672,0.08690238744020462,0.10366974771022797
0.11689192801713943,0.12629123032093048,0.13168925046920776,0.13303256034851074
0.13043980300426483,0.12425079196691513,0.1150524765253067,0.10366929322481155
0.09112925082445145,0.07860839366912842,0.06733230501413345
0.058435868471860886,0.0528130829334259,0.050981659442186356,0.052987586706876755
0.05837726220488548,0.06623883545398712,0.07529833912849426,0.08406125009059906
0.09098963439464569,0.09469938278198242,0.09415131062269211,0.08879858255386353
0.07866280525922775,0.06433028727769852,0.046875692903995514,0.02773241326212883
0.00851844996213913,-0.009181912988424301,-0.024042634293437004,-0.03515966981649399
-0.04212963581085205,-0.045064233243465424,-0.0445481576025486
-0.0415373258292675,-0.03720753639936447,-0.03277919441461563,-0.029362238943576813
-0.027845874428749084,-0.028822023421525955,-0.032540373504161835,-0.0389009565114975
-0.047479961067438126,-0.0575793981552124,-0.06829200685024261,-0.07858461141586304
-0.08739691227674484,-0.09373262524604797,-0.09672562032938004,-0.09568862617015839,-0.0901627391576767,-0.07996686547994614,-0.06523245573043823,-0.0464225634932518
-0.024335186928510666,-7.730349898338318e-05,0.024998940527439117
0.0493902824819088,0.07155683636665344,0.090054951608181,0.10368241369724274
0.11160989850759506,0.11345553398132324,0.10928686708211899,0.09957735240459442
0.08513201028108597,0.06697764247655869,0.046234630048274994,0.024000994861125946
0.0012666508555412292,-0.02114654704928398,-0.04263123497366905,-0.06281374394893646
-0.08152169734239578,-0.09871479868888855,-0.11440848559141159,-0.12859712541103363
-0.14118903875350952,-0.15197300910949707,-0.1606188863515854
-0.166710764169693,-0.1698043942451477,-0.16948936879634857,-0.1654495894908905
-0.1575186550617218,-0.14571592211723328,-0.1302589774131775,-0.11155325919389725,-0.09015289694070816,-0.06670119613409042,-0.0418807789683342,-0.0163971446454525
0.00901506096124649,0.03359438478946686,0.05657992139458656,0.0772482231259346
0.09492933750152588,0.1090044304728508,0.11893021315336227,0.12431446462869644
0.12501630187034607,0.12122976034879684,0.11351471394300461,0.10276790708303452
0.09016021341085434,0.07705525308847427,0.06489964574575424,0.05507240071892738
0.04870027303695679,0.04648309573531151,0.04858308285474777,0.05459938943386078
0.06361674517393112,0.07430896162986755,0.08508320897817612,0.09426010400056839
0.10028915107250214,0.10197246819734573,0.09864320605993271,0.09025421738624573
0.07735632359981537,0.060988470911979675,0.042530596256256104,0.023540668189525604
0.005572210997343063,-0.01001640036702156
-0.022227730602025986,-0.030529096722602844,-0.034874655306339264,-0.03565250337123871
-0.03359029442071915,-0.02964905835688114,-0.024911506101489067,-0.020464221015572548
-0.01727352850139141,-0.016079943627119064,-0.01734594628214836,-0.021248789504170418
-0.027692604809999466,-0.036324393004179,-0.04654160887002945,-0.05750419944524765
-0.06818000972270966,-0.07742457091808319,-0.08407412469387054,-0.08704699575901031
-0.08546119928359985,-0.07874838262796402,-0.06673230975866318
-0.049671273678541183,-0.02826908975839615,-0.003648020327091217,0.022719847038388252,0.04913122579455376,0.07381617277860641,0.09512067586183548,0.1116761639714241
0.12252451479434967,0.12718315422534943,0.1256580650806427,0.118404321372509,0.10623341053724289,0.09018916636705399,0.07141558825969696,0.05102664977312088,0.029987972229719162,0.009030818939208984,-0.011380812153220177,-0.031025372445583344,-0.049854762852191925,-0.06790337711572647,-0.08519250154495239
-0.10164867341518402,-0.11705619841814041,-0.1310470700263977,-0.14312633872032166
-0.15273550152778625,-0.15933531522750854,-0.16247090697288513,-0.1618082970380783
-0.15716063976287842,-0.14850816130638123,-0.13600990176200867,-0.12000466883182526
-0.10097936540842056,-0.07950564473867416,-0.05618632584810257,-0.0316365510225296
-0.006498187780380249,0.01852901093661785,0.04267524182796478,0.06512018293142319
0.08502431213855743,0.10156448185443878,0.11398493498563766
0.12167336046695709,0.12426114827394485,0.12173199653625488,0.11450304836034775
0.10343805700540543,0.08978348225355148,0.07504771649837494,0.06085333973169327
0.04878104478120804,0.04019330441951752,0.03604041785001755,0.036697447299957275
0.041885022073984146,0.05070380121469498,0.061772774904966354,0.07342204451560974
0.08389739692211151,0.09156659245491028,0.09512370079755783,0.0937657281756401
0.08729244768619537,0.07609874755144119,0.061083972454071045
0.04351401329040527,0.02484702318906784,0.00654839351773262,-0.010063236579298973,-0.023938631638884544,-0.034403301775455475,-0.04121554642915726,-0.04455095902085304
-0.04492857679724693,-0.043108824640512466,-0.03999273478984833,-0.0365283228456974,-0.033614981919527054,-0.032018981873989105,-0.03232157230377197,-0.034894123673439026
-0.039872609078884125,-0.047128621488809586,-0.05626401677727699,-0.06663370132446289,-0.0773763656616211,-0.08744654059410095,-0.09567029774188995
-0.10084999352693558,-0.10190252214670181,-0.09799038618803024,-0.08862967044115067,-0.07378006726503372,-0.05390625447034836,-0.029984023422002792,-0.003438107669353485
0.023990407586097717,0.05043558403849602,0.0741119459271431,0.09348918497562408
0.10742887854576111,0.11528481543064117,0.11694502085447311,0.11279115080833435
0.10358546674251556,0.0903281718492508,0.07411843538284302,0.05602210760116577,0.036952581256628036,0.01758776232600212,-0.0016569122672080994
-0.020595349371433258,-0.039193447679281235,-0.05746925622224808,-0.07539152354001999
-0.0928032249212265,-0.10939041525125504,-0.1246945932507515,-0.13815176486968994
-0.14914914965629578,-0.1570986658334732,-0.16151781380176544,-0.16209718585014343
-0.1587306708097458,-0.15150108933448792,-0.14063581824302673,-0.12645861506462097
-0.10935962945222855,-0.08978141844272614,-0.0681975930929184,-0.04508184641599655,-0.020902156829833984,0.003833431750535965,0.028507575392723083
0.05235558748245239,0.07448146492242813,0.09391658008098602,0.10970554500818253
0.12101271748542786,0.12724271416664124,0.128154456615448,0.12394599616527557
0.11529809236526489,0.10335738956928253,0.0896315649151802,0.07580319792032242
0.06352034211158752,0.054218024015426636,0.048968810588121414,0.048345185816287994
0.05232155695557594,0.06026074290275574,0.07099348306655884,0.08297153562307358
0.09447591006755829,0.103850819170475,0.10971765220165253
0.1111367866396904,0.1077001616358757,0.09954693168401718,0.08731033653020859
0.07200231403112411,0.05485361069440842,0.03715421259403229,0.020121503621339798
0.004791628569364548,-0.008065308444201946,-0.01799287274479866,-0.024850698187947273
-0.028782883659005165,-0.030171332880854607,-0.02957812324166298,-0.027684185653924942
-0.025237781926989555,-0.02300851047039032,-0.021736782044172287,-0.022074609994888306
-0.02452344447374344,-0.029378648847341537,-0.03667125850915909
-0.046108365058898926,-0.05704545974731445,-0.06850766390562057,-0.07925671339035034
-0.08790680766105652,-0.09308303892612457,-0.09359848499298096,-0.08862058818340302
-0.07780298590660095,-0.06136389076709747,-0.040097206830978394,-0.01530919224023819,0.011317513883113861,0.037909213453531265,0.0626014769077301
0.08373092859983444,0.10000243782997131,0.11061184108257294,0.11529485881328583
0.11428295075893402,0.10819343477487564,0.09789790213108063,0.08437447249889374
0.06855189800262451,0.0511922761797905,0.032844699919223785,0.013860557228326797
-0.00555964931845665,-0.0253069456666708,-0.04528898000717163,-0.06534639000892639
-0.0851878672838211,-0.10436829924583435,-0.12231238931417465,-0.13836927711963654
-0.15188437700271606,-0.16227543354034424,-0.16909807920455933,-0.1720915138721466
-0.17119573056697845,-0.16653043031692505,-0.1583404690027237,-0.14693157374858856,-0.13262000679969788,-0.11570808291435242,-0.09648539125919342
-0.07524915039539337,-0.05233105272054672,-0.028123747557401657,-0.003135867416858673
0.021914862096309662,0.046054963022470474,0.06812535226345062,0.0869252160191536
0.10136288404464722,0.11059223860502243,0.11413504928350449,0.11198943108320236
0.10470331460237503,0.09337414056062698,0.07955382019281387,0.06506440788507462
0.051754266023635864,0.04125440865755081,0.03478999435901642,0.03305603191256523
0.036139972507953644,0.043499477207660675,0.05402925983071327
0.06622563302516937,0.07840962707996368,0.08895189315080643,0.09646221250295639
0.09993268549442291,0.098831906914711,0.0931413471698761,0.0833209902048111
0.07020550966262817,0.0548589751124382,0.038427405059337616,0.02201639488339424
0.006606327369809151,-0.007000871002674103,-0.018219884485006332,-0.026704953983426094
-0.0323488786816597,-0.03526538610458374,-0.03576900437474251,-0.03435646370053291
-0.03168683499097824,-0.028551414608955383,-0.025817498564720154
-0.024345315992832184,-0.02489420771598816,-0.02802254818379879,-0.03398789465427399
-0.042673274874687195,-0.05355187505483627,-0.0656895861029625,-0.07780170440673828
-0.08837581425905228,-0.09584572911262512,-0.09879120439291,-0.09613587707281113
-0.08731207251548767,-0.07236207276582718,-0.0519566535949707,-0.027333494275808334
-0.00017096102237701416,0.02759391814470291,0.053990691900253296,0.07724535465240479
0.09596885740756989,0.10928165912628174,0.11686038970947266
0.11889293789863586,0.11596108973026276,0.10889191925525665,0.09860417246818542
0.08596663177013397,0.07168430835008621,0.05622757226228714,0.03982796519994736
0.02254597842693329,0.0043701715767383575,-0.014694252982735634,-0.03454894945025444
-0.05492919683456421,-0.07535740733146667,-0.09516006708145142,-0.11354504525661469
-0.1297053098678589,-0.1429198980331421,-0.15263205766677856,-0.15850016474723816
-0.16041505336761475,-0.15846578776836395,-0.15286031365394592
-0.14384302496910095,-0.13164782524108887,-0.11648965626955032,-0.09857787191867828
-0.07814200967550278,-0.05547098070383072,-0.03096805512905121,-0.005218911916017532
0.020948946475982666,0.04645737633109093,0.07004997134208679,0.09043551981449127
0.1064528226852417,0.1172121986746788,0.1222095936536789,0.12142159044742584,0.1153654009103775,0.10509451478719711,0.09210529923439026,0.07815438508987427
0.06503035873174667,0.05433813855051994,0.047322195023298264
0.044731542468070984,0.04673586040735245,0.05290864408016205,0.06228794902563095
0.07351773977279663,0.08505134284496307,0.09536837041378021,0.10316096246242523
0.10746583342552185,0.10772866755723953,0.1038147360086441,0.09598709642887115,0.0848456621170044,0.07122290134429932,0.0560588538646698,0.0402863547205925
0.02474920079112053,0.010164085775613785,-0.0028823371976614,-0.01393061876296997,-0.02266301028430462,-0.028935769572854042,-0.032811831682920456
-0.03456556051969528,-0.034658290445804596,-0.033712226897478104,-0.03248445689678192
-0.0318172350525856,-0.03255204111337662,-0.03540550917387009,-0.04082842171192169
-0.04889906197786331,-0.05927827209234238,-0.07121402770280838,-0.08358567953109741
-0.0949946939945221,-0.10391248762607574,-0.10887768119573593,-0.10870682448148727
-0.10267394036054611,-0.09062939137220383,-0.07304368168115616,-0.05096787214279175
-0.025911424309015274,0.0003444068133831024,0.025957759469747543
0.04923448711633682,0.06882800161838531,0.08388012647628784,0.09404563903808594
0.09942301362752914,0.10043388605117798,0.09767469018697739,0.09177723526954651
0.08330252021551132,0.07266950607299805,0.06012394279241562,0.04575585201382637
0.029560524970293045,0.011526942253112793,-0.00826060026884079,-0.029533345252275467
-0.05179428681731224,-0.0743328407406807,-0.09629105031490326,-0.11675797402858734
-0.13486537337303162,-0.1498754620552063,-0.16125428676605225
-0.16871151328086853,-0.17219984531402588,-0.1718806028366089,-0.1680484414100647
-0.1610211580991745,-0.15104778110980988,-0.13827988505363464,-0.12279682606458664
-0.10466092079877853,-0.08398450165987015,-0.061004847288131714,-0.036164574325084686
-0.010167762637138367,0.016010958701372147,0.04116063565015793,0.0639263391494751
0.08297501504421234,0.09719718992710114,0.10588084906339645,0.10882238298654556
0.10636752843856812,0.09938253462314606,0.08916616439819336
0.07731352001428604,0.0655304342508316,0.05541970953345299,0.048285968601703644
0.04498875513672829,0.045858971774578094,0.050685908645391464,0.05877057835459709
0.06903901696205139,0.0802014172077179,0.09092557430267334,0.09999478608369827
0.10643979907035828,0.10963118076324463,0.10930366814136505,0.10550570487976074,0.09851346164941788,0.08876237273216248
0.07680787891149521,0.06328525394201279,0.04885555058717728,0.0341658815741539
0.019847087562084198,0.006528034806251526,-0.005175362341105938,-0.014717523008584976
-0.021709706634283066,-0.026001881808042526,-0.027737846598029137,-0.027370983734726906
-0.025635607540607452,-0.023482294753193855,-0.021983051672577858,-0.022194305434823036
-0.024974584579467773,-0.030800580978393555,-0.039643317461013794,-0.050932757556438446
-0.06360843777656555,-0.07623650133609772,-0.08717343211174011,-0.09477107226848602
-0.0976082980632782,-0.09471031278371811,-0.08570268005132675,-0.07086532562971115
-0.05109310895204544,-0.027777791023254395,-0.0026188865303993225,0.02260255068540573
0.04623939469456673,0.06695860624313354,0.0838613212108612,0.09651358425617218
0.10489391535520554,0.10928498208522797,0.11013716459274292,0.10793961584568024
0.10311578959226608,0.09594128280878067,0.08650292456150055,0.07472658902406693
0.06046581268310547,0.04361730441451073,0.024237174540758133,0.002632278949022293
-0.020608363673090935,-0.04465232789516449,-0.06851159036159515
-0.09115840494632721,-0.11164289712905884,-0.1291872262954712,-0.1432521641254425
-0.15356594324111938,-0.16010230779647827,-0.16301597654819489,-0.1625511199235916
-0.1589507907629013,-0.15239112079143524,-0.14294523000717163,-0.1305917650461197
-0.11527552455663681,-0.09699486196041107,-0.07589853554964066,-0.05237904191017151
-0.027129214257001877,-0.0011397376656532288,0.024354133754968643,0.0479704812169075
0.06832930445671082,0.08423541486263275,0.09485161304473877
0.09982207417488098,0.09932885318994522,0.09408332407474518,0.08525204658508301
0.07431857287883759,0.06290449947118759,0.052571870386600494,0.04462118074297905
0.03993123397231102,0.03888963162899017,0.04140854626893997,0.04699280485510826
0.0548383891582489,0.06394949555397034,0.07326836884021759,0.08180329203605652
0.08872243762016296,0.09339695423841476,0.09540751576423645,0.09453176707029343
0.09072233736515045,0.08408161252737045,0.07484588772058487
0.06339075416326523,0.05023184418678284,0.035989515483379364,0.021343309432268143
0.007011953741312027,-0.006262511946260929,-0.017768796533346176,-0.026917193084955215
-0.03333570808172226,-0.036951713263988495,-0.03803994506597519,-0.03721942380070686
-0.03540255129337311,-0.03369138762354851,-0.03321579098701477,-0.034944597631692886
-0.03951306268572807,-0.047099269926548004,-0.05736827850341797,-0.06948408484458923
-0.08218686282634735,-0.09393828362226486,-0.10312479734420776
-0.10828761011362076,-0.10833650082349777,-0.10270210355520248,-0.09139952808618546
-0.07501211017370224,-0.054608725011348724,-0.03159179165959358,-0.007502466440200806,0.016165217384696007,0.03811580687761307,0.057361528277397156,0.07328059524297714
0.08561486750841141,0.09440064430236816,0.09984853863716125,0.10220714658498764
0.10164951533079147,0.09821431338787079,0.09181345254182816,0.08229321241378784
0.06951904296875,0.053465284407138824,0.03430736064910889
0.012495271861553192,-0.011225251480937004,-0.03586427867412567,-0.060304831713438034
-0.08343929052352905,-0.1042834147810936,-0.12206242978572845,-0.13627195358276367
-0.14670604467391968,-0.1534338891506195,-0.1567184031009674,-0.15690204501152039
-0.15429803729057312,-0.1491064727306366,-0.14136621356010437,-0.13096362352371216
-0.1177041158080101,-0.10142329335212708,-0.08211073279380798,-0.060019493103027344
-0.035733602941036224,-0.010175812989473343,0.01545398123562336
0.03980083018541336,0.06150341033935547,0.07934486865997314,0.09240324795246124
0.10018806159496307,0.1027221754193306,0.10053666681051254,0.0945875346660614
0.08612057566642761,0.07651079446077347,0.06710702180862427,0.05909853056073189
0.053407229483127594,0.05061445012688637,0.05093089118599892,0.05421364679932594,0.06002639979124069,0.06772232800722122,0.07653073966503143,0.08563657104969025
0.09424711018800735,0.1016489788889885,0.10723938047885895
0.11051875352859497,0.11107653379440308,0.10860300064086914,0.10293116420507431
0.09409060329198837,0.08234561234712601,0.06820540875196457,0.05240844190120697
0.03588391840457916,0.019686277955770493,0.004892628639936447,-0.00753428228199482
-0.01689463108778,-0.022874152287840843,-0.025605373084545135,-0.02565796487033367
-0.023973051458597183,-0.021751822903752327,-0.0202968530356884,-0.020815512165427208
-0.02421192079782486,-0.030909985303878784,-0.04075787588953972
-0.05303483083844185,-0.06654678285121918,-0.07978381216526031,-0.09111347794532776
-0.09899808466434479,-0.1022121012210846,-0.10001131147146225,-0.09222087264060974
-0.07923639565706253,-0.061943843960762024,-0.041574981063604355,-0.01952594891190529
0.002829601988196373,0.024298440665006638,0.04396306350827217,0.06120511516928673
0.07567489892244339,0.08722537755966187,0.095826156437397,0.10147246718406677
0.1041024699807167,0.10355032980442047,0.09956444054841995
0.09188580513000488,0.08034548163414001,0.06494355201721191,0.045911483466625214
0.02376016601920128,-0.0007116533815860748,-0.026467520743608475,-0.05233728513121605
-0.07715093344449997,-0.09987130761146545,-0.11970491707324982,-0.1361692249774933
-0.1490926891565323,-0.15855050086975098,-0.16476678848266602,-0.16800957918167114
-0.1684928685426712,-0.16630540788173676,-0.16138485074043274,-0.15353962779045105,-0.1425141841173172
0.008884204551577568,0.009915631264448166,0.01013118214905262,0.009516092017292976,0.00819549523293972,0.00639943964779377,0.004413779824972153,0.002533945720642805,0.0010343807516619563,0.0001522319798823446,7.55914079491049e-05,0.0009269614238291979,0.002739717485383153,0.005433180835098028
0.008794771507382393,0.012480108998715878,0.01604173332452774,0.018990492448210716
0.020885862410068512,0.021433187648653984,0.020550403743982315,0.018383221700787544
0.015272231772542,0.011683128774166107,0.008112628944218159,0.004988660104572773
0.002592669101431966,0.0010262047871947289,0.00022365555923897773,2.1919386483659764e-07
0.00011800303764175624,0.0003498430596664548,0.0005266305524855852,0.000562454282771796
0.0004554006736725569,0.00026673119282349944,8.714313298696652e-05
1.1676190752041293e-06,5.839420555275865e-05,0.0002559231943450868,0.0005349122802726924,0.0007945758989080787,0.0009249325376003981,0.0008521973504684865,0.0005827128188684583
0.0002292561694048345,5.77390937905875e-06,0.00018342547991778702,0.0010168058797717094,0.0026663190219551325,0.00514431344345212,0.008299779146909714,0.011842613108456135
0.015401028096675873,0.018598906695842743,0.02112777717411518,0.02279103547334671,0.023514987900853157,0.02333223447203636,0.022349171340465546
0.020709846168756485,0.018565407022833824,0.01605628803372383,0.013311127200722694,0.010460292920470238,0.007652674801647663,0.005061422940343618,0.002869850490242243
0.001240062527358532,0.00027709297137334943,2.2279575659922557e-06,0.00034414566471241415
0.00115203729365021,0.002228861441835761,0.0033749763388186693,0.004427938722074032,0.005286718253046274,0.0059155188500881195,0.0063295383006334305,0.006570340599864721
0.006679584737867117,0.006678576581180096,0.006558961700648069
0.006284547504037619,0.0058030784130096436,0.005069727078080177,0.004079801961779594,0.0028997522313147783,0.0016822057077661157,0.0006525649805553257,6.278348882915452e-05,0.00012331560719758272,0.0009369199397042394,0.0024561514146625996,0.004477690905332565
0.0066787004470825195,0.008688162080943584,0.010170631110668182,0.010893943719565868
0.010764502920210361,0.009828650392591953,0.008247746154665947,0.006262117065489292
0.004156670067459345,0.0022314046509563923,0.0007757163839414716
4.565335621009581e-05,0.0002420563396299258,0.001483136205933988,0.0037696154322475195,0.006954903248697519,0.010738235898315907,0.014690477401018143,0.01831226237118244
0.021116571500897408,0.022717632353305817,0.022904014214873314,0.021679216995835304
0.01925812102854252,0.016017001122236252,0.01241148728877306,0.008885268121957779
0.005793001502752304,0.003355162451043725,0.0016477464232593775,0.0006201876094564795,0.00013256371312309057,8.935601272241911e-07,4.129189619561657e-05
0.00010835178545676172,0.00012163237988715991,7.233020733110607e-05,1.032103864417877e-05,1.8775621356326155e-05,0.0001813165727071464,0.0005453737685456872,0.0010905071394518018,0.0017153193475678563,0.002254520310088992,0.002528423210605979,0.0024119277950376272
0.0018976412247866392,0.0011274405987933278,0.00037835558759979904,3.3183550840476528e-06
0.0003370081540197134,0.0015927774365991354,0.0037928454112261534,0.00675921980291605
0.010159374214708805,0.11654838919639587,0.12896206974983215
0.13779285550117493,0.14305314421653748,0.14494933187961578,0.1437947005033493
0.13992401957511902,0.13363444805145264,0.12515559792518616,0.11465176194906235
0.10225171595811844,0.0880974605679512,0.07240649312734604,0.055514976382255554
0.037877436727285385,0.02003851905465126,0.002589290961623192,-0.013892024755477905
-0.02890472114086151,-0.04208038002252579,-0.05322115868330002,-0.06231677904725075
-0.06953133642673492,-0.0751553475856781,-0.07952608168125153
-0.08293755352497101,-0.08557151257991791,-0.08745525777339935,-0.08843579888343811
-0.08817490935325623,-0.08618103712797165,-0.0818934515118599,-0.07481247186660767
-0.06462977826595306,-0.05131138116121292,-0.03512263298034668,-0.016611475497484207
0.003429492935538292,0.02402394264936447,0.04410567879676819,0.06263289600610733
0.07869759947061539,0.09160465002059937,0.10090307891368866,0.10636941343545914
0.10796550661325455,0.10580027848482132,0.10009259730577469
0.09112333506345749,0.07919132709503174,0.06459187716245651,0.04762652516365051
0.02864133194088936,0.00806981697678566,-0.01353992149233818,-0.035519473254680634
-0.057105351239442825,-0.07748635113239288,-0.09584297239780426,-0.1113835871219635
-0.12340573221445084,-0.1313752979040146,-0.1349889039993286,-0.1341947764158249
-0.1291709989309311,-0.12029119580984116,-0.10810063034296036,-0.09328828752040863
-0.07664326578378677,-0.0590052530169487,-0.041218362748622894
-0.024097155779600143,-0.008410397917032242,0.0051307110115885735,0.01589588262140751
0.023371856659650803,0.027207020670175552,0.027256842702627182,0.023623913526535034
0.016689512878656387,0.0071237217634916306,-0.004136853851377964,-0.015942495316267014
-0.02701578289270401,-0.03606778755784035,-0.04193055257201195,-0.04368249326944351
-0.04074634611606598,-0.032948605716228485,-0.020534906536340714,-0.004143558442592621
0.015262413769960403,0.036503810435533524,0.0583130344748497
0.079464390873909,0.09889788925647736,0.1158066913485527,0.1296699345111847,0.14023993909358978,0.1474941074848175,0.15156573057174683,0.15266567468643188,0.15100409090518951,0.14674024283885956,0.13998189568519592,0.13082213699817657
0.11938382685184479,0.10585153102874756,0.09049063175916672,0.07365583628416061
0.055792830884456635,0.03743613138794899,0.019183911383152008,0.001638980582356453
-0.01466858759522438,-0.02935609593987465,-0.04223422333598137,-0.05331244692206383
-0.06276732683181763,-0.07087685167789459,-0.07793724536895752,-0.08418183028697968
-0.08971379697322845,-0.09446574002504349,-0.098190538585186,-0.10048183798789978
-0.10082685947418213,-0.09869306534528732,-0.0936308279633522,-0.08535681664943695
-0.0738099217414856,-0.05919090658426285,-0.04197493568062782,-0.022885773330926895
-0.002830956131219864,0.017194190993905067,0.03620554506778717,0.053315483033657074,0.06781204789876938,0.07921931147575378
0.0872994214296341,0.09198595583438873,0.09329564869403839,0.09127099066972733
0.08596228063106537,0.07743815332651138,0.06581083685159683,0.051256682723760605
0.03403569012880325,0.014522992074489594,-0.006757872179150581,-0.029119160026311874
-0.051730651408433914,-0.07368026673793793,-0.09404835104942322,-0.11197856068611145
-0.12673735618591309,-0.1377558708190918,-0.1446610540151596,-0.14729684591293335
-0.14572584629058838,-0.14020749926567078,-0.13115423917770386
-0.11907734721899033,-0.10454938560724258,-0.08819116652011871,-0.070670947432518,-0.05270800739526749,-0.035074036568403244,-0.018587473779916763,-0.004093801602721214
0.007583384867757559,0.015725160017609596,0.019815443083643913,0.019628504291176796
0.01529085822403431,0.007305421866476536,-0.003467405214905739,-0.015858639031648636
-0.028471777215600014,-0.03981343284249306,-0.04846012219786644,-0.05322163552045822
-0.053266752511262894,-0.048196952790021896,-0.038075949996709824
-0.02341877669095993,-0.005124000832438469,0.015651844441890717,0.03764950856566429
0.05965705215930939,0.08062343299388885,0.09972037374973297,0.11635860800743103
0.1301778256893158,0.14102163910865784,0.1488894820213318,0.15385957062244415
0.15600541234016418,0.15535122156143188,0.1518872082233429,0.14561375975608826
0.13657617568969727,0.12489674240350723,0.11082105338573456,0.09475380182266235
0.07725156098604202,0.058970533311367035,0.04059039056301117
0.022744592279195786,0.005965393036603928,-0.00936487503349781,-0.023043543100357056,-0.03504764661192894,-0.04550742357969284,-0.05465426295995712,-0.06275780498981476
-0.0700547993183136,-0.07665795087814331,-0.08247998356819153,-0.08722324669361115
-0.09042725712060928,-0.09154342114925385,-0.09003092348575592,-0.08546369522809982
-0.07762309908866882,-0.06654995679855347,-0.05254112556576729,-0.03610731288790703
-0.01792193204164505,0.0012303255498409271,0.020513977855443954
0.03911145031452179,0.056283269077539444,0.07141107320785522,0.08402173221111298
0.09378966689109802,0.10051926970481873,0.10410736501216888,0.10449879616498947
0.10166288167238235,0.09559477865695953,0.08633312582969666,0.07398902624845505
0.05877244472503662,0.041009172797203064,0.021155308932065964,-0.00019038096070289612,-0.02229243516921997,-0.04431954398751259,-0.06541239470243454,-0.0847507119178772,-0.1016029566526413,-0.11536693572998047,-0.12560606002807617
-0.13206210732460022,-0.13463787734508514,-0.13337242603302002,-0.12841883301734924
-0.1200254037976265,-0.10853099077939987,-0.09437430649995804,-0.07811124622821808
-0.060435764491558075,-0.04218564182519913,-0.024317387491464615,-0.007853534072637558
0.006184682250022888,0.016849802806973457,0.023358937352895737,0.025211840867996216
0.022304432466626167,0.01499229483306408,0.004079975187778473,-0.009254954755306244
-0.023575514554977417,-0.0373196005821228,-0.04895387589931488
-0.05714046210050583,-0.06087872385978699,-0.05959091708064079,-0.05316278710961342
-0.04193764925003052,-0.02664593607187271,-0.008287202566862106,0.012005689553916454
0.033098816871643066,0.053963012993335724,0.07374309748411179,0.09179368615150452
0.10767839103937149,0.12112344056367874,0.1319451928138733,0.13999426364898682
0.14512963593006134,0.1472131609916687,0.14612261950969696,0.14178359508514404
0.13422362506389618,0.12363237887620926,0.1103801280260086
0.09498356282711029,0.07805794477462769,0.0602717325091362,0.04229145124554634
0.02471695840358734,0.008025281131267548,-0.007464174181222916,-0.021607130765914917
-0.034429315477609634,-0.046084824949502945,-0.05678382143378258,-0.06671233475208282
-0.07596181333065033,-0.08447667211294174,-0.09203480184078217,-0.09827551245689392
-0.10276336967945099,-0.1050594300031662,-0.1047770157456398,-0.1016220673918724
-0.09543780237436295,-0.08624906837940216,-0.0742780864238739
-0.059925079345703125,-0.04372413828969002,-0.026286210864782333,-0.008248616009950638
0.009754951111972332,0.02711489610373974,0.043274492025375366,0.05775751918554306,0.07017295062541962,0.08019877225160599,0.08755916357040405,0.0920037105679512
0.09330327808856964,0.09127198159694672,0.08580310642719269,0.0768970400094986
0.06467701494693756,0.04941001534461975,0.03153695911169052,0.011682946234941483,-0.009380077011883259,-0.03080713376402855,-0.0517565943300724
-0.0714488998055458,-0.08920891582965851,-0.10448732227087021,-0.11685257405042648
-0.12597119808197021,-0.13159912824630737,-0.13358518481254578,-0.13187219202518463,-0.1264851838350296,-0.11752486228942871,-0.10519549250602722,-0.08986604958772659
-0.07212826609611511,-0.05281335860490799,-0.03296291455626488
-0.013767611235380173,0.003522908315062523,0.017707863822579384,0.02774917706847191
0.03289841488003731,0.03282169997692108,0.027681125327944756,0.01814940571784973
0.0053514353930950165,-0.009257251396775246,-0.024038489907979965,-0.0373239740729332
-0.04758315533399582,-0.05359884351491928,-0.05461619049310684,-0.05042296648025513
-0.0413161925971508,-0.027967624366283417,-0.01126592606306076,0.007804928347468376
0.028250746428966522,0.04914196953177452,0.0696769505739212,0.08920887112617493
0.10723146796226501,0.12334217131137848,0.1372058391571045,0.14852461218833923,0.1570088118314743,0.1623675525188446,0.16433528065681458
0.1627192348241806,0.1574537754058838,0.1486506164073944,0.13662831485271454
0.12191525101661682,0.10521839559078217,0.0873502567410469,0.06912851333618164
0.051273345947265625,0.03432535380125046,0.018597200512886047,0.004167215898633003
-0.0090786162763834,-0.021368492394685745,-0.032955147325992584,-0.04403739422559738
-0.054699212312698364,-0.06486053764820099,-0.0742579996585846,-0.08247806131839752
-0.0890277773141861,-0.09341537952423096,-0.09522361308336258
-0.09416589885950089,-0.09011997282505035,-0.0831376239657402,-0.07343293726444244,-0.06135594844818115,-0.047358494251966476,-0.03195745125412941,-0.015696309506893158,0.0008942447602748871,0.017328599467873573,0.03317724168300629,0.04804869741201401,0.06155972182750702,0.0733182281255722,0.0829186961054802,0.0899454727768898
0.09398970752954483,0.09468453377485275,0.09175599366426468,0.08507264405488968
0.07468068599700928,0.06082628667354584,0.043954767286777496
0.02467735856771469,0.0037224367260932922,-0.01811109110713005,-0.04000271111726761
-0.06116971746087074,-0.08092615008354187,-0.09871765971183777,-0.11411409080028534
-0.12676694989204407,-0.13636493682861328,-0.14260956645011902,-0.1452140510082245
-0.14393042027950287,-0.13860198855400085,-0.12922465801239014,-0.11600338667631149
-0.09940138459205627,-0.08018093556165695,-0.059409648180007935,-0.03839508444070816
-0.018555760383605957,-0.0012873094528913498,0.012144241482019424
0.020715124905109406,0.023779258131980896,0.021191753447055817,0.013379186391830444
0.0013215523213148117,-0.013559091836214066,-0.02956596575677395,-0.04491566866636276
-0.057926878333091736,-0.0671933963894844,-0.07172605395317078,-0.07103192806243896
-0.06510989367961884,-0.054385583847761154,-0.03961283341050148,-0.0217481330037117
-0.0018164142966270447,0.01919926516711712,0.040427494794130325,0.0611412338912487
0.0807579755783081,0.0988108217716217,0.11490221321582794
0.12865450978279114,0.1396806240081787,0.14759978652000427,0.15208764374256134
0.15292733907699585,0.15005084872245789,0.14357326924800873,0.13381731510162354
0.12131629139184952,0.10677304863929749,0.09096842259168625,0.07464680075645447
0.05841711163520813,0.042695533484220505,0.0276901014149189,0.013413473963737488
-0.00027055293321609497,-0.01356243435293436,-0.026633961126208305,-0.03955470025539398
-0.05223720520734787,-0.06440971046686172,-0.07563495635986328
-0.08536539226770401,-0.09301827847957611,-0.09806257486343384,-0.10009731352329254
-0.09890813380479813,-0.09449823945760727,-0.08708164840936661,-0.077037014067173
-0.06483999639749527,-0.05099623277783394,-0.03599175438284874,-0.020266257226467133
-0.004203855991363525,0.011867333203554153,0.027663541957736015,0.04290691390633583
0.05727490782737732,0.07037854194641113,0.08177635073661804,0.09099803864955902,0.09756484627723694,0.10101798921823502,0.10097405314445496
0.097200408577919,0.08967273682355881,0.07859060913324356,0.06435287743806839
0.0475044883787632,0.028671778738498688,0.008503731340169907,-0.012363097630441189
-0.03331349790096283,-0.05375320836901665,-0.07310780137777328,-0.09081777930259705
-0.10633264482021332,-0.11911146342754364,-0.1286306232213974,-0.1343974769115448
-0.1359747052192688,-0.1330234706401825,-0.1253746747970581,-0.11312089115381241
-0.09669403731822968,-0.07690012454986572,-0.054902300238609314
-0.03215021267533302,-0.010267574340105057,0.009089192375540733,0.024401893839240074
0.03447696939110756,0.038606539368629456,0.03667044639587402,0.029163049533963203
0.017135528847575188,0.0020652543753385544,-0.0143185555934906,-0.030224885791540146
-0.04398646578192711,-0.05422692000865936,-0.05998658388853073,-0.060782309621572495
-0.05659879371523857,-0.04782707616686821,-0.03516138717532158,-0.01946338638663292
-0.0016317609697580338,0.01748068444430828,0.03711102530360222
0.05661720782518387,0.075487419962883,0.09331250190734863,0.10972891747951508
0.12435886263847351,0.1367838829755783,0.1465643346309662,0.15328700840473175
0.15662652254104614,0.1564047485589981,0.15262898802757263,0.14550507068634033
0.13542717695236206,0.12294138222932816,0.10867954045534134,0.09326774626970291
0.07723812013864517,0.06097928434610367,0.04472631588578224,0.02857259288430214
0.012509454041719437,-0.0034990981221199036,-0.019439011812210083
-0.03519712761044502,-0.05053434520959854,-0.06507326662540436,-0.07831015437841415
-0.08966957032680511,-0.09860092401504517,-0.1046757847070694,-0.10764902085065842
-0.10748497396707535,-0.10435446351766586,-0.0985974669456482,-0.09065717458724976
-0.08100544661283493,-0.07007650285959244,-0.05821223556995392,-0.04562792181968689,-0.032417237758636475,-0.018604766577482224
-0.0042235348373651505,0.010628110729157925,0.025751203298568726,0.04079709202051163
0.05522838234901428,0.0683358907699585,0.07930818200111389,0.08733270317316055
0.09170755743980408,0.09194114804267883,0.08782308548688889,0.0794462040066719
0.06716904789209366,0.0515495240688324,0.033286575227975845,0.013158552348613739
-0.008054645732045174,-0.029634276404976845,-0.05094511806964874,-0.07142318785190582
-0.09054768085479736,-0.10781778395175934,-0.1227329894900322,-0.13476964831352234
-0.1433742344379425,-0.14799685776233673,-0.14815935492515564,-0.14353658258914948
-0.13404425978660583,-0.11992929875850677,-0.10183189809322357,-0.0807887464761734
-0.058173440396785736,-0.035585418343544006,-0.014700781553983688,0.0029029231518507004
0.015925997868180275,0.023500969633460045,0.025299571454524994,0.02157025970518589,0.013097492977976799,0.0010974518954753876,-0.012933108024299145,-0.027391791343688965
-0.040737953037023544,-0.05163658410310745,-0.05907442793250084,-0.06243477389216423
-0.06150899454951286,-0.05644139647483826,-0.047632936388254166
-0.035636477172374725,-0.021065201610326767,-0.004517389461398125,0.013476857915520668
0.032464105635881424,0.05203158035874367,0.071757011115551,0.09116323292255402
0.10968810319900513,0.12668362259864807,0.14144805073738098,0.15328875184059143
0.1616073101758957,0.16598501801490784,0.16624726355075836,0.16249480843544006
0.15508998930454254,0.1445993036031723,0.13171014189720154,0.11713636666536331
0.10153044015169144,0.08541470021009445,0.06913279742002487
0.0528387650847435,0.03654637932777405,0.020220782607793808,0.0038644205778837204
-0.012432890012860298,-0.028471559286117554,-0.043919675052165985,-0.058292582631111145
-0.07098206877708435,-0.08135859668254852,-0.08890517055988312,-0.09332272410392761
-0.09456979483366013,-0.09283766150474548,-0.08849094808101654,-0.08199628442525864
-0.07384103536605835,-0.06444326788187027,-0.054075852036476135,-0.04284294322133064
-0.030718199908733368,-0.01762058213353157,-0.003503456711769104
0.011563016101717949,0.027332477271556854,0.043351877480745316,0.05897084251046181
0.0733967050909996,0.08577872812747955,0.09530653059482574,0.10131098330020905
0.10334586352109909,0.10123348236083984,0.09506744891405106,0.08517676591873169
0.07206981629133224,0.05636979639530182,0.038739077746868134,0.01980416104197502
0.0001047477126121521,-0.01992020010948181,-0.039907824248075485,-0.059517327696084976
-0.07835936546325684,-0.09592940658330917,-0.11158010363578796
-0.12454989552497864,-0.1340293288230896,-0.13924527168273926,-0.13956308364868164
-0.13460072875022888,-0.12433797121047974,-0.10920295864343643,-0.09010066837072372,-0.06836367398500443,-0.045641519129276276,-0.023737814277410507,-0.004411462694406509
0.010818656533956528,0.02084222435951233,0.025081727653741837,0.023549579083919525
0.016828501597046852,0.005977500230073929,-0.007619060575962067,-0.022429928183555603,-0.0369490422308445,-0.049834057688713074,-0.060006655752658844
-0.06671305000782013,-0.06953871995210648,-0.06838030368089676,-0.06337945908308029
-0.05483679845929146,-0.04314126446843147,-0.02872658148407936,-0.012046623975038528
0.0064274463802576065,0.02619291841983795,0.04669489711523056,0.06730420142412186
0.08730598539113998,0.10591429471969604,0.12232217192649841,0.13577981293201447
0.14567705988883972,0.15161985158920288,0.15349462628364563,0.1514861136674881
0.1460248827934265,0.137693852186203,0.1271267831325531
0.11490685492753983,0.10148753970861435,0.08716580271720886,0.07210154086351395
0.056353338062763214,0.03992176055908203,0.022806987166404724,0.005080103874206543
-0.013047738932073116,-0.03118312358856201,-0.04874951019883156,-0.06503577530384064
-0.07929757237434387,-0.09088359773159027,-0.09933487325906754,-0.1044330820441246
-0.10621584206819534,-0.10496805608272552,-0.10117191821336746,-0.09540713578462601
-0.08822039514780045,-0.0800117701292038,-0.07098423689603806
-0.06115373969078064,-0.05039559304714203,-0.038519617170095444,-0.025360800325870514
-0.010869665071368217,0.004804220050573349,0.021257631480693817,0.03783794119954109
0.05370824784040451,0.0679531842470169,0.07969316095113754,0.08817974478006363
0.09287847578525543,0.09353823214769363,0.09020885080099106,0.0831928476691246
0.07296520471572876,0.06008775532245636,0.045124661177396774,0.02857600525021553
0.010843422263860703,-0.007768459618091583,-0.027003608644008636
-0.046574629843235016,-0.0660896748304367,-0.08500037342309952,-0.10257747769355774
-0.11792224645614624,-0.13002340495586395,-0.13787463307380676,-0.14063109457492828
-0.13775381445884705,-0.129115492105484,-0.11506843566894531,-0.09646429866552353
-0.07460777461528778,-0.051148951053619385,-0.027925845235586166,-0.00676795095205307
0.010711085982620716,0.023295586928725243,0.03029179945588112,0.03157470375299454
0.027559399604797363,0.019114702939987183,0.007440827786922455
-0.006077667698264122,-0.020027510821819305,-0.03310656175017357,-0.044235534965991974
-0.05262552574276924,-0.05777944624423981,-0.05943644046783447,-0.05750332772731781
-0.05201093479990959,-0.04309514909982681,-0.03098452463746071,-0.015989720821380615
0.0015026386827230453,0.021026644855737686,0.04201443865895271,0.06376734375953674,0.08545754849910736,0.1061759814620018,0.12501025199890137,0.1411295235157013
0.15386363863945007
0.00019581175001803786,6.360615225275978e-05,2.353284799028188e-06,0.0002009979507420212,0.0008619432337582111,0.0021401788108050823,0.004081264138221741,0.006577084772288799,0.009357083588838577,0.012023624032735825,0.014128495007753372,0.01527493167668581,0.015217228792607784,0.013924874365329742
0.011593074537813663,0.008604186587035656,0.005455256439745426,0.002672410337254405,0.0007321872399188578,5.982917059554893e-07,0.0006935485871508718,0.0028565512038767338
0.006359058432281017,0.010902351699769497,0.016043469309806824,0.021241234615445137,0.02592439204454422,0.029567278921604156,0.03176051005721092,0.03227328136563301
0.031095365062355995,0.028438255190849304,0.02468903735280037,0.020331963896751404
0.015855012461543083,0.011663091368973255,0.008027187548577785
0.005081429146230221,0.0028535188175737858,0.0013072522124275565,0.0003809229237958789,1.1956970411119983e-05,0.0001453504664823413,0.0007280842401087284,0.0016941417707130313
0.0029470017179846764,0.004348562099039555,0.005723210051655769,0.006880084052681923
0.007647639140486717,0.007908604107797146,0.0076256413012743,0.006852324120700359
0.0057226261124014854,0.004416759125888348,0.0031164647080004215,0.001968338154256344
0.0010649542091414332,0.00044398539466783404,9.975022112485021e-05
1.9690668295879732e-07,0.00010342874156776816,0.00036959373392164707,0.0007658448303118348
0.0012628855183720589,0.0018244889797642827,0.0023961500264704227,0.002900273073464632
0.00324252643622458,0.003329626750200987,0.003096790984272957,0.002541087567806244
0.0017487569712102413,0.0008990436908788979,0.00023447792045772076,2.2972153601585887e-06
0.00038426838000304997,0.0014370839344337583,0.003062746487557888,0.005021109711378813
0.00698424456641078,0.008616223931312561,0.00965075846761465
0.009942002594470978,0.009480378590524197,0.008379376493394375,0.006841706577688456
0.005112992133945227,0.003433218924328685,0.0019968776032328606,0.0009294376941397786,0.00027882392168976367,1.626436278456822e-05,4.6239420044003054e-05,0.00022899825125932693
0.00041556937503628433,0.0004886531387455761,0.00039987958734855056,0.0001950026344275102
1.7360736819682643e-05,8.005133713595569e-05,0.0006073206313885748,0.0017599811544641852,0.0035687873605638742,0.005898920353502035,0.008458787575364113
0.010853048413991928,0.01266591064631939,0.013552341610193253,0.013316448777914047
0.011961606331169605,0.009698504582047462,0.0069061643444001675,0.004064206965267658
0.001683219219557941,0.00024342775577679276,0.00013874561409465969,0.0016230059554800391
0.004761883988976479,0.009402288123965263,0.01517096720635891,0.02150626666843891
0.02772131748497486,0.03309808298945427,0.037002623081207275,0.03899496793746948
0.03890626132488251,0.03686007484793663,0.033227238804101944
0.028534146025776863,0.023356057703495026,0.018215825781226158,0.013509578071534634
0.00947721116244793,0.006215397268533707,0.0037176916375756264,0.0019229695899412036
0.0007540874648839235,0.00013815201236866415,1.0793612091219984e-05,0.0003096018626820296
0.0009611110435798764,0.0018662522779777646,0.002892756601795554,0.003883631667122245
0.004681346472352743,0.005158049054443836,0.005241826176643372,0.004932149313390255
0.004298517946153879,-0.058821938931941986,-0.050527237355709076
-0.04122396185994148,-0.03141035884618759,-0.021491367369890213,-0.011751804500818253
-0.0023518651723861694,0.006653645075857639,0.015283734537661076,0.023580938577651978
0.03153848275542259,0.03903459757566452,0.04580407589673996,0.05145452544093132
0.05551309511065483,0.057477276772260666,0.056867245584726334,0.05329575389623642
0.04654943197965622,0.03665321692824364,0.023892205208539963,0.008791811764240265
-0.007926748134195805,-0.0254070982336998,-0.04272705316543579
-0.058971431106328964,-0.07330743968486786,-0.0850546658039093,-0.09373392164707184
-0.09907694160938263,-0.10100329667329788,-0.09959356486797333,-0.09506610035896301
-0.08775382488965988,-0.07808369398117065,-0.06656291335821152,-0.05378097668290138
-0.040418315678834915,-0.027234390377998352,-0.015032049268484116,-0.004616264253854752
0.0032487381249666214,0.007900534197688103,0.00886060856282711,0.005899981129914522
-0.0009447359479963779,-0.011383418925106525,-0.02488144487142563
-0.04066983982920647,-0.057782940566539764,-0.07513353228569031,-0.09159785509109497
-0.10609060525894165,-0.1176338642835617,-0.1254149079322815,-0.1288284957408905
-0.12750160694122314,-0.1212887316942215,-0.11024587601423264,-0.0946115106344223
-0.07479561865329742,-0.05136270076036453,-0.025015927851200104,0.0034088939428329468
0.03294917196035385,0.06253425031900406,0.0910247266292572,0.1172730028629303
0.14019715785980225,0.15886205434799194,0.17255932092666626
0.18086904287338257,0.18369892239570618,0.18130244314670563,0.17425595223903656
0.1633850783109665,0.14965762197971344,0.1340586245059967,0.11746825277805328,0.10057243704795837,0.08382105827331543,0.06743168085813522,0.051428429782390594
0.03571075201034546,0.02014932781457901,0.004690932109951973,-0.010564432479441166
-0.02533893845975399,-0.03919385373592377,-0.051579102873802185,-0.06191682443022728
-0.06969468295574188,-0.07454274594783783,-0.0762890949845314
-0.07498960196971893,-0.0709262490272522,-0.06456981599330902,-0.05650274083018303
-0.047322824597358704,-0.03755950182676315,-0.02761586755514145,-0.0177430659532547,-0.00805007852613926,0.0014593182131648064,0.010833857581019402,0.020116951316595078
0.029289137572050095,0.038215070962905884,0.04661072790622711,0.05404982343316078,0.06001092493534088,0.06394481658935547,0.0653451681137085,0.06381803750991821
0.05914166569709778,0.05130980908870697,0.04054862633347511,0.027295686304569244,0.01215672492980957,-0.004143066704273224,-0.02082325518131256,-0.037119533866643906
-0.05232490226626396,-0.06578950583934784,-0.07691662758588791,-0.08519269526004791
-0.09023714065551758,-0.09183082729578018,-0.08991266787052155,-0.08457040041685104
-0.07604954391717911,-0.06477044522762299,-0.05132798105478287,-0.0364675335586071
-0.02105003595352173,-0.0060219913721084595,0.00761625450104475,0.01886766031384468,0.026821319013834,0.030745815485715866
0.03017873875796795,0.024988742545247078,0.015395006164908409,0.0019513815641403198
-0.014495564624667168,-0.03287589177489281,-0.05198883265256882,-0.07060477882623672
-0.08756391704082489,-0.10185278207063675,-0.11264403909444809,-0.11930402368307114
-0.12138279527425766,-0.1186070665717125,-0.11088744550943375,-0.09832489490509033
-0.08119606226682663,-0.0599294975399971,-0.035104863345623016,-0.007475070655345917
0.02202160842716694,0.05228053033351898,0.08207941800355911
0.11015017330646515,0.13526803255081177,0.15634825825691223,0.17253835499286652
0.18330174684524536,0.18847912549972534,0.1882992833852768,0.18333087861537933
0.17439167201519012,0.16243082284927368,0.14839963614940643,0.1331334263086319
0.11726735532283783,0.10120172798633575,0.08511336892843246,0.06899294257164001
0.05270882695913315,0.03611033037304878,0.019145812839269638,0.0019461177289485931
-0.015152113512158394,-0.03163488209247589,-0.04687178134918213
-0.060196101665496826,-0.07099519670009613,-0.0787975937128067,-0.0833388939499855
-0.08459384739398956,-0.08277267217636108,-0.07828844338655472,-0.07170102745294571
-0.06363660097122192,-0.0546899177134037,-0.04533569514751434,-0.03588200360536575
-0.02648206427693367,-0.01718277484178543,-0.00797220692038536,0.0011784844100475311
0.01026886235922575,0.019224995747208595,0.027857275679707527,0.035829294472932816
0.04267062246799469,0.04784185439348221,0.050821613520383835
0.05118132382631302,0.04863722622394562,0.04308653995394707,0.034626901149749756
0.023552458733320236,0.010325878858566284,-0.004470262676477432,-0.020191393792629242,-0.03617509454488754,-0.0517643541097641,-0.06632450222969055,-0.07925847172737122
-0.0900261402130127,-0.09816528111696243,-0.10329383611679077,-0.10510849207639694
-0.10340841859579086,-0.09813664108514786,-0.08942250162363052,-0.07761761546134949
-0.06331785768270493,-0.04735766351222992,-0.030766773968935013
-0.01470119133591652,-0.00036366842687129974,0.01109330914914608,0.018690986558794975
0.021751174703240395,0.019978173077106476,0.013472003862261772,0.002692997455596924
-0.011601578444242477,-0.028438342735171318,-0.046708837151527405,-0.06525184959173203
-0.08294371515512466,-0.09877011924982071,-0.11185529828071594,-0.12145865708589554
-0.12696830928325653,-0.1279144585132599,-0.12399306148290634,-0.11507860571146011
-0.10122617334127426,-0.08267353475093842,-0.05985181778669357
-0.03340756893157959,-0.004223044961690903,0.026592716574668884,0.05775986611843109
0.08792451024055481,0.11577446758747101,0.14014416933059692,0.1600952297449112
0.17499041557312012,0.18456056714057922,0.1889215111732483,0.18852080404758453
0.18403872847557068,0.17627660930156708,0.16605105996131897,0.15409551560878754
0.1409720927476883,0.12701937556266785,0.1123635545372963,0.0969817042350769
0.08078242093324661,0.06369122862815857,0.04573590308427811
0.0271165631711483,0.008244935423135757,-0.010268833488225937,-0.027684584259986877
-0.043224841356277466,-0.056170083582401276,-0.06595037877559662,-0.07221361994743347
-0.07485946267843246,-0.07405340671539307,-0.07021632045507431,-0.0639633983373642
-0.05599610507488251,-0.04697993025183678,-0.03744864836335182,-0.02776658535003662,-0.018138475716114044,-0.008640974760055542,0.0007283668965101242,0.009991737082600594
0.01913377083837986,0.02805192396044731,0.036530785262584686
0.04425782710313797,0.05086712911725044,0.05598476529121399,0.05926632136106491
0.060425590723752975,0.05925893411040306,0.0556689128279686,0.04967828094959259
0.041427452117204666,0.03115634247660637,0.019177541136741638,0.005854276940226555
-0.008411699905991554,-0.023181337863206863,-0.03796694800257683,-0.052221305668354034
-0.06534028053283691,-0.07667864114046097,-0.08558245003223419,-0.09144516289234161
-0.09377770870923996,-0.09227412939071655,-0.08686795085668564
-0.0777716189622879,-0.06548968702554703,-0.05081256479024887,-0.034779805690050125
-0.01859213039278984,-0.0034994706511497498,0.009297702461481094,0.018743345513939857
0.02403094805777073,0.024693896993994713,0.020645830780267715,0.012161385267972946
-0.0001832135021686554,-0.015584001317620277,-0.03308834880590439,-0.05167689919471741
-0.07033155858516693,-0.08807292580604553,-0.10397820174694061,-0.11719992756843567
-0.12698659300804138,-0.13269534707069397,-0.13379913568496704
-0.1299086958169937,-0.12081675231456757,-0.10654088854789734,-0.08734562993049622,-0.06375239789485931,-0.03654942661523819,-0.006791543215513229,0.024237364530563354,0.05511680617928505,0.08442003279924393,0.11084409803152084,0.13331647217273712,0.15107707679271698,0.16373220086097717,0.17126411199569702
0.17399585247039795,0.17252616584300995,0.1676282286643982,0.16010667383670807
0.15065251290798187,0.13975685834884644,0.12770329415798187,0.11459903419017792
0.10040975362062454,0.08501458913087845,0.06830309331417084,0.0502917617559433,0.03120627999305725,0.011498983949422836,-0.00818268395960331,-0.027056749910116196
-0.04429251700639725,-0.059115052223205566,-0.07090975344181061,-0.07929648458957672
-0.08415855467319489,-0.08563698828220367,-0.08409267663955688,-0.08003553003072739
-0.0740344226360321,-0.06663227826356888,-0.05829096958041191,-0.04936174675822258,-0.04006963595747948,-0.03052734211087227,-0.020782828330993652
-0.010879630222916603,-0.0009063873440027237,0.008978140540421009,0.018538698554039
0.027468405663967133,0.035410236567258835,0.04199521988630295,0.046882323920726776
0.049791477620601654,0.050536420196294785,0.04904501885175705,0.0453433059155941
0.039518896490335464,0.031695835292339325,0.022026896476745605,0.010702792555093765
-0.0020264089107513428,-0.01583174243569374,-0.030291831120848656,-0.044886067509651184
-0.05899599939584732,-0.0719127207994461,-0.08286496996879578
-0.09108500182628632,-0.09589516371488571,-0.09679131209850311,-0.09351743012666702
-0.0861223116517067,-0.07498388737440109,-0.060794152319431305,-0.04451083391904831
-0.02728523313999176,-0.010371200740337372,0.004978824406862259,0.017623405903577805
0.02663087472319603,0.031352974474430084,0.03147424757480621,0.027028096839785576
0.01836252026259899,0.006070990115404129,-0.009077473543584347,-0.026200376451015472
-0.04436042532324791,-0.06261257827281952,-0.08003105968236923
-0.09572326391935349,-0.10884253680706024,-0.11860090494155884,-0.12427816540002823
-0.1252424269914627,-0.12099999189376831,-0.11126156151294708,-0.09600623697042465
-0.07553315162658691,-0.05048154294490814,-0.021812118589878082,0.009240487590432167
0.04124637693166733,0.07269526273012161,0.1021345853805542,0.12830299139022827
0.15022778511047363,0.16727682948112488,0.17917880415916443,0.18601851165294647
0.18819791078567505,0.18635012209415436,0.18121148645877838
0.17348498106002808,0.1637384593486786,0.15236498415470123,0.1395959109067917
0.12553511559963226,0.11020434647798538,0.09360659122467041,0.07580631226301193
0.057010941207408905,0.0376192070543766,0.018205013126134872,-0.0005530249327421188
-0.017959972843527794,-0.0333816260099411,-0.04629791900515556,-0.05634433031082153
-0.06335224211215973,-0.06736993789672852,-0.06863993406295776,-0.06753240525722504
-0.06445755064487457,-0.05979461595416069,-0.0538647398352623
-0.04693311080336571,-0.03921028971672058,-0.03085172176361084,-0.021972142159938812
-0.012682411819696426,-0.0031364355236291885,0.006443335209041834,0.015773804858326912
0.024528134614229202,0.03235229104757309,0.03889619559049606,0.043855853378772736
0.047005146741867065,0.04820486903190613,0.04739537090063095,0.04458250105381012
0.03981870785355568,0.03318300470709801,0.02476569637656212,0.01466512493789196
0.002999221906065941,-0.010064556263387203,-0.024256600067019463
-0.03915434330701828,-0.05416763201355934,-0.06856677681207657,-0.08154364675283432
-0.09228010475635529,-0.10000476241111755,-0.10406375676393509,-0.10401897132396698
-0.09973493218421936,-0.09142422676086426,-0.07964719831943512,-0.06526336073875427
-0.04934625327587128,-0.0330846831202507,-0.01767905056476593,-0.004231136292219162
0.006349426694214344,0.013395808637142181,0.016502413898706436,0.01551821082830429
0.010514773428440094,0.001752292737364769,-0.010344503447413445
-0.02520747482776642,-0.04214397072792053,-0.060353562235832214,-0.07894515991210938
-0.09695577621459961,-0.11337117105722427,-0.12714891135692596,-0.13725492358207703,-0.14272916316986084,-0.14277786016464233,-0.136871337890625,-0.12482169270515442,-0.10682501643896103,-0.08346949517726898,-0.055715471506118774,-0.024843841791152954
0.0076393745839595795,0.040133312344551086,0.07107877731323242,0.09909467399120331
0.12310650944709778,0.14243388175964355,0.1568150818347931
0.1663663387298584,0.17149460315704346,0.17279264330863953,0.17092424631118774
0.16650676727294922,0.16001974046230316,0.15176399052143097,0.1418713927268982
0.13034659624099731,0.11713093519210815,0.10218687355518341,0.08557772636413574
0.06751734018325806,0.04838717728853226,0.028724346309900284,0.00918823853135109
-0.009492769837379456,-0.026595845818519592,-0.04148300364613533,-0.05366666242480278
-0.06285250931978226,-0.06895186007022858,-0.07206082344055176
-0.07241249084472656,-0.07031767815351486,-0.06611514091491699,-0.06013838201761246,-0.05269413813948631,-0.04405655339360237,-0.03448018804192543,-0.024220973253250122
-0.013556482270359993,-0.002799171954393387,0.00771047780290246,0.017629384994506836,0.02663811482489109,0.034464046359062195,0.04090551286935806,0.04584858566522598
0.04926840588450432,0.05121146887540817,0.05175565928220749,0.05096251890063286,0.048841629177331924,0.04533318430185318,0.04031173884868622
0.03360000252723694,0.024992503225803375,0.014328645542263985,0.0016129054129123688
-0.012888502329587936,-0.02861972711980343,-0.044766899198293686,-0.060325153172016144
-0.07418905198574066,-0.08526836335659027,-0.09261899441480637,-0.09556170552968979
-0.09376438707113266,-0.08728460967540741,-0.07658166438341141,-0.062485963106155396,-0.04611407592892647,-0.02874791994690895
-0.01169871911406517,0.00381607748568058,0.016752226278185844,0.026291487738490105
0.03188980370759964,0.03329356759786606,0.03050522319972515,0.023726165294647217
0.013311648741364479,-0.00025113485753536224,-0.01635110378265381,-0.03426241874694824
-0.053156547248363495,-0.07211180776357651,-0.09012646973133087,-0.10614191740751266
-0.11908195912837982,-0.1279202103614807,-0.1317708045244217,-0.12998315691947937
-0.1222214624285698,-0.10850917547941208,-0.08924251794815063,-0.06518999487161636
-0.03746802359819412,-0.007467638701200485,0.023280374705791473,0.053278274834156036
0.08121637254953384,0.10607428848743439,0.12717050313949585,0.1441732943058014
0.1570703685283661,0.1660890281200409,0.17158980667591095,0.1739654839038849
0.17356052994728088,0.17062245309352875,0.1652846485376358,0.15757670998573303
0.1474640667438507,0.13490727543830872,0.11992787569761276,0.1026749536395073
0.08347256481647491,0.06282785534858704,0.04140327125787735,0.01996796578168869
-0.0006634816527366638,-0.019712209701538086,-0.03653199225664139
-0.0506778359413147,-0.06190814822912216,-0.07014689594507217,-0.07545550167560577
-0.07801603525876999,-0.07809858024120331,-0.07600932568311691,-0.07204218208789825
-0.06646083295345306,-0.059515275061130524,-0.051462795585393906,-0.04257361963391304
-0.03313342109322548,-0.02344173565506935,-0.013791831210255623,-0.004451548680663109
0.00433355150744319,0.01233899686485529,0.019378673285245895,0.025325339287519455
0.030120298266410828,0.03375690430402756,0.03624000772833824
0.037546418607234955,0.03759673237800598,0.03623674437403679,0.033232420682907104
0.02828940935432911,0.021115122362971306,0.011518968269228935,-0.0004941020160913467
-0.014674413949251175,-0.030515849590301514,-0.0472634918987751,-0.06394538283348083
-0.07944206893444061,-0.09259908646345139,-0.1023678258061409,-0.10793484002351761
-0.10881095379590988,-0.10488773137331009,-0.09646474570035934,-0.08423027396202087
-0.06918665766716003,-0.05252668261528015,-0.03549147769808769
-0.019257504492998123,-0.004862109199166298,0.006856410764157772,0.015301886014640331
0.020123740658164024,0.021178871393203735,0.018475497141480446,0.012130983173847198
0.0023650014773011208,-0.010479636490345001,-0.02591387927532196,-0.04329110309481621
-0.06180856004357338,-0.08051649481058121,-0.09833197295665741,-0.11407175660133362
-0.12651993334293365,-0.1345275640487671,-0.13713528215885162,-0.13369809091091156
-0.12397276610136032,-0.10814928263425827,-0.0868416503071785
-0.06104770302772522,-0.032066285610198975,-0.0013644136488437653,0.029583942145109177
0.059441663324832916,0.08710409700870514,0.111749067902565,0.13285182416439056
0.1501668393611908,0.16367526352405548,0.17350879311561584,0.1798703521490097
0.18296398222446442,0.18294604122638702,0.17990893125534058,0.17389315366744995
0.16492633521556854,0.1530846655368805,0.13854989409446716,0.12164068222045898
0.10281921923160553,0.08267740160226822,0.061896830797195435
0.04118441790342331,0.02120966464281082,0.0025649294257164,-0.014255646616220474
-0.028865978121757507,-0.040989652276039124,-0.05045892298221588,-0.057214200496673584
-0.06130184978246689,-0.06286099553108215,-0.06209142506122589,-0.05921543017029762
-0.05445912852883339,-0.048062294721603394,-0.04030301794409752,-0.03151559457182884
-0.0220867320895195,-0.012429304420948029,-0.0029461663216352463,0.006003116257488728
0.014137804508209229,0.021292638033628464,0.02742832526564598
0.0326056182384491,0.03694132715463638,0.0405610091984272,0.04355345666408539
0.04592449590563774,0.047550931572914124,0.048160068690776825,0.04735766723752022
0.04468879848718643,0.039712078869342804,0.03208604454994202,0.021661270409822464
0.008558670058846474,-0.006786246784031391,-0.023620497435331345,-0.04092346131801605
-0.05751747637987137,-0.07221013307571411,-0.0839298665523529,-0.09183286130428314
-0.09537779539823532,-0.09438060224056244,-0.08904042094945908
-0.07991597056388855,-0.06785174459218979,-0.0538657009601593,-0.03902604803442955
-0.024351757019758224,-0.010747792199254036,0.0010288543999195099,0.010379008948802948
0.0168555099517107,0.020147159695625305,0.020057257264852524,0.016481833532452583
0.009399976581335068,-0.0011062417179346085,-0.01480114459991455,-0.03124006651341915
-0.04974514618515968,-0.06941806524991989,-0.08916878700256348,-0.10776032507419586
-0.12388181686401367,-0.13624894618988037,-0.1437249332666397
-0.14544427394866943,-0.14091674983501434,-0.1300944685935974,-0.11338065564632416
-0.09157667309045792,-0.06579043716192245,-0.03732562065124512,-0.0075575001537799835
0.022194884717464447,0.050778117030858994,0.07727520912885666,0.10102786123752594
0.12161684781312943,0.1388276219367981,0.15260398387908936,0.16297009587287903
0.1699468195438385,0.17350904643535614,0.17359140515327454,0.170132115483284
0.16313885152339935,0.15274663269519806,0.13924731314182281
0.12308664619922638,0.10483443737030029,0.0851440355181694,0.06471101939678192
0.04422840476036072,0.024341177195310593,0.005603056401014328,-0.011563221924006939
-0.026882611215114594,-0.04020506143569946,-0.05145999789237976,-0.060613784939050674
-0.06763939559459686,-0.07250358164310455,-0.07517382502555847,-0.07562954723834991
-0.07387451827526093,-0.06996859610080719,-0.06406904757022858,-0.05644986405968666,-0.047488804906606674
0.02978009358048439,0.028829282149672508,0.026916146278381348,0.024256551638245583
0.021082334220409393,0.017625341191887856,0.014109290204942226,0.010740943253040314
0.007697675377130508,0.005114647094160318,0.003074333071708679,0.0016006643418222666,0.0006593323778361082,0.0001660311099840328,3.865828148263972e-06
4.743586396216415e-05,0.00018582311167847365,0.0003364091971889138,0.0004482238437049091,0.0004983544931747019,0.00048501777928322554,0.00042000378016382456,0.00032202640431933105,0.00021170967374928296,0.00010889750410569832,3.238046701881103e-05,1.6685814330230642e-07,2.7774422051152214e-05,0.00012397173850331455,0.0002858372463379055,0.0004956229240633547,0.0007201879052445292,0.0009142772178165615,0.0010304166935384274,0.0010342346504330635,0.0009183793445117772,0.000707627332303673,0.00045258839963935316
0.00021529896184802055,5.2265422709751874e-05,3.592503787785972e-07,7.040437048999593e-05
0.00024957553250715137,0.0005098842084407806,0.0008201133459806442,0.0011571203358471394
0.00151085015386343,0.0018810189794749022,0.002268481068313122,0.0026660056319087744,0.003050978761166334,0.003380597336217761,0.0035923824179917574,0.0036153732798993587
0.003393021645024419,0.0029107178561389446,0.002216621767729521,0.0014244543854147196,0.0006922141765244305,0.00018031935906037688,6.20929974104456e-10
0.00016915748710744083,0.0005954832304269075,0.0010980593506246805,0.0014650209341198206
0.001531225279904902,0.0012484680628404021,0.0007212812197394669,0.00019586135749705136,7.137930879252963e-06,0.0004982189275324345,0.0019310578936710954,0.004412452224642038
0.007854542694985867,0.011974245309829712,0.016327382996678352,0.020371070131659508
0.02354758232831955,0.02537969872355461,0.025556953623890877,0.02399369515478611,0.02085556834936142,0.016554061323404312,0.011699902825057507
0.007008394226431847,0.0031720872502774,0.0007357329595834017,7.218806331366068e-06
0.001021093688905239,0.0035538016818463802,0.007182091008871794,0.011370204389095306
0.01556843426078558,0.019301610067486763,0.02222532033920288,0.024142974987626076
0.02499389834702015,0.024828437715768814,0.023774556815624237,0.02199568971991539
0.01965983957052231,0.016933877021074295,0.013987714424729347,0.010994471609592438
0.008127359673380852,0.0055525596253573895,0.003411988029256463
0.0017970805056393147,0.0007295047398656607,0.00016277117538265884,2.711698421364872e-09,0.000116286966658663,0.00038187234895303845,0.0006846630130894482,0.0009456925909034908,0.0011221120366826653,0.0011999207781627774,0.0011837576748803258,0.0010887577664107084,0.0009349039755761623,0.0007436664309352636,0.0005369822029024363,0.0003375070227775723,0.000168520855368115,5.15887513756752e-05,1.5187445114861475e-06,2.058509926428087e-05,9.494269761489704e-05,0.0001957019412657246,0.00028537141042761505
0.0003290754684712738,0.0003080683818552643,0.00022907393577042967,0.00012300389062147588,3.326268051750958e-05,1.6317409290422802e-07,4.866179733653553e-05,0.00018323346739634871
0.00039018821553327143,0.0006460043950937688,0.0009285400155931711,0.0012262800009921193,0.0015414970694109797,0.0018860853742808104,0.002272702055051923,0.002705081133171916
0.003168812021613121,0.0036230895202606916,0.003997888881713152,0.004202971234917641,-0.06442390382289886,-0.06153416633605957,-0.055870428681373596
-0.047389864921569824,-0.036337971687316895,-0.023260999470949173,-0.00897388719022274
0.005515865981578827,0.019109677523374557,0.030722562223672867,0.03937496244907379
0.04426492378115654,0.044824082404375076,0.040762096643447876,0.03209059312939644
0.019115306437015533,0.0023990143090486526,-0.017287982627749443,-0.03901010751724243
-0.06169968098402023,-0.08419651538133621,-0.1053001880645752,-0.1238282099366188
-0.13868136703968048,-0.14891940355300903,-0.15383155643939972
-0.15297931432724,-0.14620724320411682,-0.13364174962043762,-0.11569690704345703
-0.09307226538658142,-0.06672221422195435,-0.037797801196575165,-0.007559243589639664
0.02273535169661045,0.051934171468019485,0.07906264066696167,0.10335494577884674
0.12425845861434937,0.14142866432666779,0.15471452474594116,0.16413287818431854
0.16982954740524292,0.17202213406562805,0.1709517389535904,0.16686877608299255,0.16004183888435364,0.15076960623264313,0.13938449323177338
0.12625660002231598,0.11180281639099121,0.09648419171571732,0.08079101145267487
0.06522415578365326,0.05026721954345703,0.03634926676750183,0.0238090381026268,0.01287161000072956,0.0036414936184883118,-0.0038865208625793457,-0.00979573093354702
-0.014208830893039703,-0.01726003922522068,-0.019074123352766037,-0.01974581554532051
-0.019327063113451004,-0.017834244295954704,-0.015276636928319931,-0.0116951372474432
-0.0072012171149253845,-0.002001802437007427,0.0036003508139401674
0.00921743456274271,0.014394966885447502,0.01865568570792675,0.021565861999988556
0.022802356630563736,0.022202149033546448,0.019782770425081253,0.015736887231469154
0.0104050412774086,0.004220527596771717,-0.0023651598021388054,-0.008954272605478764
-0.015260464511811733,-0.02114485576748848,-0.026621324941515923,-0.031827885657548904
-0.03696870803833008,-0.04224061593413353,-0.047763608396053314,-0.053529951721429825,-0.05937301367521286,-0.06495505571365356,-0.06978676468133926
-0.0732848197221756,-0.07485249638557434,-0.07396847009658813,-0.07027310132980347,-0.06363660097122192,-0.05420437827706337,-0.042413562536239624,-0.028963766992092133,-0.014748234301805496,-0.0007737558335065842,0.01191727165132761
0.02232944406569004,0.029604945331811905,0.03309450298547745,0.03237569332122803
0.027241192758083344,0.017700182273983955,0.003992615267634392,-0.013399021700024605
-0.03374863043427467,-0.056111134588718414,-0.07937325537204742,-0.10230793058872223
-0.12363018095493317,-0.14207284152507782,-0.1564730405807495,-0.16584989428520203
-0.1694759577512741,-0.16694015264511108,-0.1581859439611435,-0.14351841807365417
-0.12358835339546204,-0.09935052692890167,-0.07198416441679001,-0.042780935764312744
-0.013018734753131866,0.016146864742040634,0.04374585300683975,0.0690210834145546
0.09143556654453278,0.11066417396068573,0.12657231092453003,0.13916754722595215,0.14852866530418396,0.15474802255630493
0.15790319442749023,0.15805526077747345,0.15527001023292542,0.14964726567268372
0.14134851098060608,0.1306277960538864,0.11785342544317245,0.1034991666674614
0.08811537176370621,0.07229685038328171,0.05664084851741791,0.041691459715366364
0.027887292206287384,0.01553303748369217,0.004804983735084534,-0.004222231917083263
-0.011548466980457306,-0.017218226566910744,-0.021287519484758377,-0.023805249482393265
-0.024807551875710487,-0.024316029623150826,-0.022349879145622253
-0.01895757019519806,-0.014255862683057785,-0.008453493937849998,-0.001850043423473835
0.005173901095986366,0.01216692104935646,0.018627526238560677,0.024048037827014923
0.02798530086874962,0.030131546780467033,0.03035169281065464,0.0286865271627903
0.02533859759569168,0.020646557211875916,0.015038695186376572,0.00896599143743515
0.0028294632211327553,-0.0030858777463436127,-0.008647901006042957,-0.013868092559278011,-0.01886749640107155,-0.023845385760068893,-0.029037682339549065
-0.03463558480143547,-0.040685053914785385,-0.04702489823102951,-0.05328381434082985
-0.05892021209001541,-0.06329439580440521,-0.06576136499643326,-0.0657600611448288
-0.06288452446460724,-0.05694212391972542,-0.04800459370017052,-0.03643864765763283
-0.02289155125617981,-0.00822332501411438,0.006590140983462334,0.020542263984680176
0.03265606239438057,0.04203701764345169,0.047927454113960266,0.04975792393088341
0.04718547314405441,0.040105000138282776,0.028641290962696075
0.01314961165189743,-0.00577436201274395,-0.027305733412504196,-0.05043091997504234
-0.07399486750364304,-0.09674577414989471,-0.11739172041416168,-0.13468056917190552
-0.14749640226364136,-0.15495207905769348,-0.1564619541168213,-0.1517915576696396,-0.14107641577720642,-0.12480662763118744,-0.10379412025213242,-0.07911904901266098,-0.05203160643577576,-0.02381094917654991,0.0043747201561927795,0.031550854444503784,0.056957513093948364,0.08004431426525116,0.10045263171195984
0.11798227578401566,0.13254515826702118,0.1441122442483902,0.15266713500022888
0.15818199515342712,0.16062015295028687,0.15996091067790985,0.1562405377626419
0.14958922564983368,0.14024433493614197,0.1285465657711029,0.11493527889251709,0.09994014352560043,0.08415031433105469,0.06816130131483078,0.052522316575050354
0.03769439458847046,0.024023238569498062,0.011732220649719238,0.0009314753115177155,-0.008356969803571701,-0.016157783567905426,-0.022497696802020073
-0.027371704578399658,-0.030733464285731316,-0.03251497820019722,-0.0326552540063858
-0.03112019971013069,-0.027929682284593582,-0.023206407204270363,-0.01722467504441738
-0.010423809289932251,-0.0033702710643410683,0.003317694179713726,0.00905449129641056
0.013365888968110085,0.015947554260492325,0.016678426414728165,0.015599695034325123
0.012897217646241188,0.008884863927960396,0.003962129354476929,-0.0014552334323525429
-0.007008968386799097,-0.012446986511349678,-0.017639335244894028
-0.022577278316020966,-0.02736089378595352,-0.0321684256196022,-0.037202779203653336
-0.04262156784534454,-0.04847340285778046,-0.05465644598007202,-0.06090287119150162
-0.06679385900497437,-0.07179879397153854,-0.07533461600542068,-0.07684771716594696
-0.07589881122112274,-0.0722327008843422,-0.0658213347196579,-0.05686366558074951
-0.04575569927692413,-0.033057279884815216,-0.01945943757891655,-0.005746901035308838
0.0072487639263272285,0.018696574494242668,0.027800334617495537
0.03382893279194832,0.036160387098789215,0.034335069358348846,0.028102003037929535,0.01745801605284214,0.0026771873235702515,-0.015686623752117157,-0.03682028874754906,-0.0596783347427845,-0.08301991969347,-0.10547108948230743,-0.1256209909915924,-0.14213719964027405,-0.15387527644634247,-0.15997618436813354,-0.15994563698768616
-0.1536942571401596,-0.14152543246746063,-0.12408655881881714,-0.10230519622564316,-0.07730455696582794,-0.05028575658798218,-0.022397253662347794
0.005365699529647827,0.03220239281654358,0.05750277638435364,0.08082658052444458
0.10186158120632172,0.1203683540225029,0.13614515960216522,0.1490105390548706
0.15878692269325256,0.16529902815818787,0.1684015542268753,0.16803143918514252
0.16426026821136475,0.15731383860111237,0.14755849540233612,0.1354786455631256
0.12164734303951263,0.10668154060840607,0.09119369089603424,0.07574723660945892
0.060801319777965546,0.04666249081492424,0.03349411115050316
0.021380335092544556,0.010395525023341179,0.0006481148302555084,-0.007708360441029072
-0.01448762882500887,-0.019487543031573296,-0.02250542864203453,-0.02336760237812996,-0.021987266838550568,-0.01843174733221531,-0.0129594337195158,-0.006010022945702076
0.0018361462280154228,0.00991194136440754,0.01752626523375511
0.02403143420815468,0.028891578316688538,0.03174842894077301,0.03246178478002548
0.031109370291233063,0.027958009392023087,0.02341417968273163,0.01796061173081398
0.012091828510165215,0.0062482282519340515,0.000748499296605587,-0.00426024105399847
-0.008810709230601788,-0.013078669086098671,-0.017317933961749077,-0.021787483245134354
-0.02668793499469757,-0.032111093401908875,-0.03800059109926224,-0.04413795843720436
-0.050164029002189636,-0.05562445893883705,-0.0600249357521534,-0.06288757175207138
-0.06380292773246765,-0.06247375160455704,-0.05874594673514366,-0.05262308567762375
-0.04426988959312439,-0.03401205688714981,-0.022325638681650162
-0.00981169380247593,0.0028334474191069603,0.014843510463833809,0.025407228618860245
0.0337044894695282,0.03895380347967148,0.04046105593442917,0.03767137974500656,0.03023507446050644,0.018083469942212105,0.0014913082122802734,-0.018899045884609222
-0.04210217669606209,-0.06685241311788559,-0.09168800711631775,-0.11505594849586487
-0.13543905317783356,-0.1514894664287567,-0.16214998066425323,-0.16675108671188354,-0.1650589406490326,-0.15725447237491608,-0.1438695341348648
-0.12571868300437927,-0.10382097214460373,-0.07929395884275436,-0.0532325804233551
-0.0266030952334404,-0.00018827244639396667,0.025400733575224876,0.04968097060918808
0.07225758582353592,0.09278642386198044,0.11094744503498077,0.12644806504249573
0.13903215527534485,0.1484634429216385,0.15451471507549286,0.15700411796569824
0.1558646559715271,0.15120328962802887,0.1433146595954895,0.13264954090118408
0.11977212131023407,0.10532160103321075,0.08996075391769409
0.07431022822856903,0.058890148997306824,0.04408443719148636,0.030137799680233
0.017190303653478622,0.005335239693522453,-0.00532813835889101,-0.014663191512227058
-0.022481830790638924,-0.02854977175593376,-0.03262118250131607,-0.03449806571006775
-0.03409210965037346,-0.031463898718357086,-0.026836087927222252,-0.020598609000444412
-0.013302085921168327,-0.005610654130578041,0.0017809802666306496,0.008230490610003471
0.013217517174780369,0.016398807987570763,0.017643097788095474
0.017040129750967026,0.014875135384500027,0.011570383794605732,0.007607421837747097
0.0034415600821375847,-0.000578640028834343,-0.004263933282345533,-0.007591777481138706
-0.01068069413304329,-0.013750454410910606,-0.017069341614842415,-0.020892836153507233
-0.025404978543519974,-0.030670003965497017,-0.03660750389099121,-0.042997583746910095
-0.04950179532170296,-0.05568673461675644,-0.06105312332510948,-0.06508065015077591
-0.06729140877723694,-0.06731196492910385,-0.06490648537874222
-0.05998018756508827,-0.052573151886463165,-0.04285998269915581,-0.03115810826420784
-0.017933964729309082,-0.0037998016923666,0.010492655448615551,0.02406395971775055
0.03594609722495079,0.04515630751848221,0.05077854171395302,0.052037060260772705,0.04837465658783913,0.039536457508802414,0.025639817118644714,0.007205788046121597
-0.014862285926938057,-0.03934194892644882,-0.0647801086306572,-0.0896105021238327,-0.11229005455970764,-0.13141655921936035,-0.14581719040870667
-0.15462446212768555,-0.15734046697616577,-0.1538751870393753,-0.1445368081331253
-0.12995873391628265,-0.11099012941122055,-0.08859442174434662,-0.06376338005065918
-0.037439554929733276,-0.010457906872034073,0.016479333862662315,0.04278728365898132
0.06795305013656616,0.09148682653903961,0.11288817971944809,0.13164690136909485
0.14728643000125885,0.15941190719604492,0.1677308976650238,0.17206832766532898
0.17240101099014282,0.1688966602087021,0.16192491352558136
0.15202806890010834,0.13986189663410187,0.12612409889698029,0.1114821583032608
0.09650807082653046,0.08163939416408539,0.06717895716428757,0.05331798642873764
0.040168337523937225,0.027806971222162247,0.016330536454916,0.005901116877794266
-0.003244224935770035,-0.010826125741004944,-0.01657186448574066,-0.0202605240046978
-0.021764148026704788,-0.021082120016217232,-0.01836540363729,-0.013932108879089355
-0.008266122080385685,-0.001978715881705284,0.0042708455584943295
0.009868134744465351,0.014318862929940224,0.017295442521572113,0.018658645451068878
0.01845909096300602,0.016914673149585724,0.01435952726751566,0.011170237325131893
0.007686061784625053,0.00414623599499464,0.000661416444927454,-0.0027846151497215033
-0.0063166143372654915,-0.010130669921636581,-0.014439383521676064,-0.01942097395658493
-0.02517741359770298,-0.03169630840420723,-0.03883485496044159,-0.04633500054478645
-0.05385260656476021,-0.06098706275224686,-0.06730972230434418
-0.07239897549152374,-0.07587961107492447,-0.07744266092777252,-0.07684627175331116
-0.0739254504442215,-0.06861242651939392,-0.06095406785607338,-0.051125526428222656
-0.039439477026462555,-0.026346497237682343,-0.012430176138877869,0.0015921592712402344,0.014863663353025913,0.026400292292237282,0.03514942526817322,0.04009586572647095
0.040384888648986816,0.03543861210346222,0.025057010352611542,0.009485550224781036,-0.010568531230092049,-0.03398026525974274,-0.05930885300040245
-0.08493305742740631,-0.10919666290283203,-0.1305541694164276,-0.147703617811203
-0.15969154238700867,-0.16597095131874084,-0.16639815270900726,-0.16117960214614868
-0.15079165995121002,-0.1358989179134369,-0.11728167533874512,-0.09576518088579178
-0.07215223461389542,-0.047169968485832214,-0.021442808210849762,0.00449216365814209
0.030136700719594955,0.05498412996530533
0.07849150896072388,0.1000741720199585,0.1191287636756897,0.13508135080337524
0.14744919538497925,0.15590395033359528,0.16031751036643982,0.16077971458435059,0.15758848190307617,0.15121188759803772,0.14222358167171478,0.13122710585594177
0.11879319697618484,0.10542307049036026,0.09153243899345398,0.0774463638663292
0.06340470165014267,0.04958799108862877,0.03615932911634445,0.02330627292394638
0.011279050260782242,0.0004113558679819107,-0.008893514983355999,-0.01621197909116745
-0.021180227398872375,-0.023577556014060974,-0.023377489298582077,-0.020764188840985298
-0.016124902293086052,-0.010015329346060753,-0.0030945036560297012,0.003955749794840813
0.010506154969334602,0.016046226024627686,0.02023889124393463,0.022945009171962738
0.0242070984095335,0.02420128881931305,0.023176303133368492,0.021400701254606247
0.019119367003440857,0.016512062400579453,0.01366871502250433,0.01058677677065134
0.007184348069131374,0.0033322786912322044,-0.001111399382352829,-0.006274207960814238
-0.012226148508489132,-0.018927335739135742,-0.02620595321059227
-0.033780187368392944,-0.041301339864730835,-0.04839283227920532,-0.05467744171619415
-0.05979542061686516,-0.063417449593544,-0.06525750458240509,-0.06509003043174744
-0.06276227533817291,-0.05818844959139824,-0.051341913640499115,-0.0422765389084816
-0.031173381954431534,-0.018384218215942383,-0.004454972222447395,0.00987762026488781
0.02371775545179844,0.036068595945835114,0.045907601714134216,0.05226842686533928
0.054330095648765564,0.051509447395801544,0.043541811406612396
0.030538469552993774,0.013014405965805054,-0.008123304694890976,-0.031646307557821274
-0.056133758276700974,-0.0801127478480339,-0.10217331349849701,-0.1210646852850914
-0.13578122854232788,-0.1456281840801239,-0.15025408565998077,-0.14964023232460022
-0.14404802024364471,-0.1339331716299057,-0.11984936892986298,-0.10238208621740341
-0.08212945610284805,-0.05969849228858948,-0.03568878024816513,-0.010677039623260498
0.014771846123039722,0.040068093687295914,0.06456553190946579
0.08756403625011444,0.10834896564483643,0.12625417113304138,0.14073142409324646
0.1514056921005249,0.15809577703475952,0.16080698370933533,0.1597253680229187
0.1552150398492813,0.14778779447078705,0.1380271017551422,0.1264943778514862,0.11367087811231613,0.09995201975107193,0.08566813170909882,0.07110743224620819
0.05652640014886856,0.04215908795595169,0.02824762463569641,0.015080321580171585,0.003007562831044197,-0.007580451667308807,-0.016307327896356583
-0.02286822535097599,-0.0270700566470623,-0.02885480225086212,-0.028320595622062683
-0.02573808841407299,-0.02154289372265339,-0.016295110806822777,-0.010604500770568848
-0.005035843700170517,-2.728961408138275e-05,0.004145077429711819,0.007347322069108486
0.009546471759676933,0.010777013376355171,0.0111097302287817,0.01062152348458767
0.009375804103910923,0.007415383122861385,0.004764040000736713,0.0014336872845888138
-0.002566311042755842,-0.007218339946120977,-0.012486993335187435
-0.018313178792595863,-0.02460501343011856,-0.031229965388774872,-0.03801889717578888
-0.044780656695365906,-0.05132207274436951,-0.05746021494269371,-0.06302385777235031
-0.0678512305021286,-0.07177335023880005,-0.07459106296300888,-0.07607273757457733
-0.07596470415592194,-0.07399921119213104,-0.06991836428642273,-0.06352600455284119
-0.054747410118579865,-0.04368438944220543,-0.03066382184624672,-0.016263335943222046
-0.0013023391366004944,0.013204658403992653,0.026133324950933456
0.036353565752506256,0.04283328726887703,0.04474778473377228,0.04158473759889603
0.033212292939424515,0.01990298181772232,0.0023216772824525833,-0.01852608099579811
-0.041384801268577576,-0.06486492604017258,-0.08756683021783829,-0.1081947386264801
-0.12564513087272644,-0.13906775414943695,-0.14789721369743347,-0.15184909105300903,-0.15088781714439392,-0.14517228305339813,-0.13498587906360626,-0.12068268656730652,-0.10267758369445801,-0.08147090673446655,-0.05766703188419342
-0.031953707337379456,-0.005060188472270966,0.022262608632445335,0.04923136532306671
0.0750252902507782,0.09881725162267685,0.11983427405357361,0.13743183016777039
0.15115928649902344,0.16078948974609375,0.166314959526062,0.1679249256849289
0.16597329080104828,0.16093884408473969,0.1533624827861786,0.14376938343048096
0.13261093199253082,0.12023358047008514,0.10688053071498871,0.092746801674366
0.07805439084768295,0.06309372931718826,0.04823184013366699
0.033902302384376526,0.02058408036828041,0.008779248222708702,-0.0010263510048389435
-0.008431941270828247,-0.013190566562116146,-0.015251025557518005,-0.014772498048841953
-0.012111727148294449,-0.007780020125210285,-0.0023793037980794907,0.003470553085207939
0.009204993024468422,0.014369507320225239,0.018644383177161217,0.021851394325494766
0.023946382105350494,0.024993494153022766,0.025126896798610687,0.024501297622919083
0.023240406066179276,0.02141156792640686,0.019032567739486694
0.01609020307660103,0.0125576825812459,0.008407793939113617,0.0036276020109653473
-0.0017599291168153286,-0.007678329944610596,-0.013995226472616196,-0.020536912605166435
-0.027122093364596367,-0.03360090032219887,-0.0398673377931118,-0.045839160680770874
-0.05142457038164139,-0.05648806318640709,-0.060833074152469635,-0.06421010941267014
-0.06632499396800995,-0.06683944910764694,-0.06539268791675568,-0.06165691837668419,-0.05541235953569412
0.0007282124715857208,0.00048802830860950053,0.00026166479801759124,9.234456229023635e-05
7.4443587436689995e-06,1.7916605429491028e-05,0.00012469540524762124,0.0003268181753810495
0.0006276654312387109,0.0010385988280177116,0.0015789991011843085,0.002271296689286828,0.0031314189545810223,0.004156178329139948,0.005310241132974625
0.006516729015856981,0.007656106259673834,0.008578812703490257,0.009132929146289825,0.009199952706694603,0.008728480897843838,0.0077544283121824265,0.0063989064656198025
0.004844266921281815,0.0032957629300653934,0.0019397862488403916,0.0009103373158723116,0.0002707452804315835,1.2211993634991813e-05,6.709508306812495e-05,0.00033036895911209285,0.0006814143271185458,0.001003280165605247,0.0011999657144770026,0.0012116486905142665,0.0010268038604408503,0.0006901185843162239,0.0003058016300201416
3.368354373378679e-05,7.259941048687324e-05,0.0006270452868193388,0.0018592396518215537
0.0038380788173526525,0.00650144973769784,0.009644020348787308,0.01293348427861929,0.015954650938510895,0.018280940130352974,0.019561242312192917,0.019596928730607033
0.01838303543627262,0.016100913286209106,0.013074204325675964,0.009707625024020672
0.006420987192541361,0.0035874005407094955,0.0014855324989184737,0.00027928504277952015,2.5649844246800058e-05,0.0006933723925612867,0.0021791819017380476
0.004320938140153885,0.00691155344247818,0.009715830907225609,0.012488373555243015
0.014989551156759262,0.017001595348119736,0.018349550664424896,0.01892588846385479
0.01870889775454998,0.017763998359441757,0.01622769422829151,0.014281542040407658
0.012123148888349533,0.009939773008227348,0.00788543839007616,0.006064323708415031
0.00452834228053689,0.003287319326773286,0.0023228051140904427,0.0016014287248253822
0.0010848107049241662,0.0007343615870922804,0.0005139136337675154
0.00039262374048121274,0.00034830550430342555,0.00037060544127598405,0.00046179801574908197
0.0006325296708382666,0.000891977222636342,0.0012349368771538138,0.0016315786633640528
0.002026352798566222,0.0023485992569476366,0.0025314795784652233,0.0025313086807727814
0.0023403693921864033,0.001989307114854455,0.0015377836534753442,0.0010585985146462917
0.0006218113121576607,0.0002817769709508866,7.05691782059148e-05,1.1030302365933053e-10
6.978574674576521e-05,0.00027634610887616873,0.000617471756413579
0.001092407968826592,0.0016991825541481376,0.0024293267633765936,0.003259792923927307
0.004144034814089537,0.0050063044764101505,0.0057458640076220036,0.0062547046691179276
0.006442208308726549,0.006257933098822832,0.005706812720745802,0.004851900972425938
0.0038045125547796488,0.002703661099076271,0.0016875514993444085,0.0008668621303513646
0.0003091366670560092,3.543232014635578e-05,2.5454266506130807e-05,0.0002267119416501373,0.0005646737408824265,0.0009518269216641784,0.0012957219732925296
0.0015092091634869576,0.0015257535269483924,0.0013190526515245438,0.0009233462042175233
0.0004479096969589591,7.621995609952137e-05,4.397776865516789e-05,0.0005965097225271165
0.001929238555021584,0.004122413694858551,0.007091584149748087,0.010575838387012482
0.01417188998311758,0.017404694110155106,0.019819088280200958,0.02107255533337593
0.02100302278995514,0.019652176648378372,0.017240965738892555,0.01411204319447279
-0.10326313227415085,-0.08536916971206665,-0.06578006595373154
-0.04513799399137497,-0.02402595803141594,-0.0029513277113437653,0.017646295949816704
0.03737041726708412,0.05583823472261429,0.07266125828027725,0.08746211230754852
0.09993351995944977,0.10987871140241623,0.1171870231628418,0.12179508805274963
0.12368963658809662,0.12293882668018341,0.1197136715054512,0.11428121477365494
0.10697700083255768,0.09817372262477875,0.08825176954269409,0.07757823169231415
0.06650552898645401,0.0553780198097229,0.04453461244702339
0.034317467361688614,0.025079481303691864,0.017171714454889297,0.010919364169239998
0.006594646722078323,0.004379910416901112,0.004328893031924963,0.006333105266094208
0.010095491074025631,0.015133846551179886,0.0208272747695446,0.0264909490942955
0.03146080672740936,0.03517245128750801,0.03721984475851059,0.03738690912723541
0.035653211176395416,0.03217605873942375,0.02725626714527607,0.021292541176080704
0.014712845906615257,0.007892584428191185,0.0010982025414705276
-0.005536793731153011,-0.012013898231089115,-0.018441569060087204,-0.024983737617731094
-0.03180449455976486,-0.03901074081659317,-0.04659346491098404,-0.05438639968633652
-0.06206722557544708,-0.06920419633388519,-0.07532123476266861,-0.07995730638504028
-0.08271937072277069,-0.08332905918359756,-0.08164840936660767,-0.07768009603023529
-0.07155538350343704,-0.06351152062416077,-0.05385648459196091,-0.04293707758188248
-0.03111971914768219,-0.018776785582304,-0.006278408691287041
0.00600274745374918,0.017667558044195175,0.028256338089704514,0.03723841533064842
0.04404636472463608,0.04813147336244583,0.04901141673326492,0.046307120472192764
0.039783913642168045,0.02941146492958069,0.015428856015205383,-0.0016226079314947128
-0.020927980542182922,-0.041480038315057755,-0.06216976419091225,-0.08186674863100052
-0.09950734674930573,-0.11418820917606354,-0.12523329257965088,-0.13221031427383423
-0.1349056363105774,-0.13329431414604187,-0.12752585113048553
-0.11790648847818375,-0.10486246645450592,-0.08889938145875931,-0.07057641446590424
-0.05049126595258713,-0.02925410121679306,-0.007453426718711853,0.01435430720448494,0.0356319323182106,0.05585755780339241,0.07453823834657669
0.09123260527849197,0.10557343065738678,0.11728354543447495,0.12618690729141235
0.13221228122711182,0.13538691401481628,0.1358329951763153,0.1337668001651764
0.12948012351989746,0.12330375611782074,0.11557327210903168,0.10660853236913681,0.09671204537153244,0.08618216961622238,0.0753244161605835,0.06445683538913727,0.05392143875360489,0.04409503936767578,0.03537854179739952,0.02816353738307953,0.022785844281315804,0.019471758976578712,0.01829209178686142,0.019144592806696892,0.02176368050277233,0.025739111006259918,0.030538635328412056,0.03554331138730049,0.040110066533088684,0.04365998134016991,0.04575023055076599,0.046109676361083984,0.04465951770544052,0.041508715599775314,0.03691333904862404
0.031224630773067474,0.024826964363455772,0.01806029863655567,0.011157529428601265
0.004222545772790909,-0.0027564004994928837,-0.009875677525997162,-0.017278987914323807
-0.025110675022006035,-0.033455587923526764,-0.042283639311790466,-0.05142495036125183
-0.06058115139603615,-0.06935839354991913,-0.07730373740196228,-0.08394221216440201
-0.08882640302181244,-0.09159597754478455,-0.09202448278665543,-0.09004072099924088
-0.08572244644165039,-0.07926306873559952,-0.07092849165201187
-0.06102559342980385,-0.04988856241106987,-0.037875931710004807,-0.025369767099618912
-0.012777362018823624,-0.000539291650056839,0.010860476642847061,0.020898759365081787,0.029035164043307304,0.034733667969703674,0.037484124302864075,0.036840811371803284
0.03247973322868347,0.024265991523861885,0.012315645813941956,-0.0029731299728155136
-0.02093248814344406,-0.04067186266183853,-0.06114846095442772,-0.08125287294387817,-0.09990253299474716,-0.11613729596138,-0.12919551134109497
-0.13854707777500153,-0.14388597011566162,-0.14510230720043182,-0.14225950837135315
-0.13558104634284973,-0.12541913986206055,-0.11220064014196396,-0.09638769924640656
-0.07847505807876587,-0.0589960515499115,-0.0385037325322628,-0.017536841332912445
0.0033994074910879135,0.02382906712591648,0.04329242557287216,0.061343785375356674
0.07757139205932617,0.09163558483123779,0.10329805314540863,0.11241797357797623
0.11893079429864883,0.12284165620803833,0.12423546612262726
0.12327414005994797,0.1201668456196785,0.1151341125369072,0.10839012265205383,0.10015472024679184,0.09068582952022552,0.08029992878437042,0.06937309354543686,0.05833966284990311,0.047678060829639435,0.03787548840045929,0.02939407154917717,0.022644435986876488,0.017953969538211823,0.015523722395300865,0.015380258671939373,0.017348306253552437,0.021062012761831284,0.026000842452049255,0.03153381496667862
0.03698056936264038,0.041698671877384186,0.04517316073179245
0.04707488417625427,0.047276902943849564,0.04583617299795151,0.04295893758535385,0.038952771574258804,0.03415431082248688,0.028854211792349815,0.02325167879462242,0.01743977703154087,0.01141367107629776,0.005094772204756737,-0.0016385284252464771,-0.008913378231227398,-0.016816888004541397,-0.02534935250878334,-0.03439290076494217
-0.04370817542076111,-0.05294516682624817,-0.0616583377122879,-0.06934583187103271
-0.07551629841327667,-0.07975181937217712,-0.08174741268157959
-0.08133690059185028,-0.07850509136915207,-0.07337132096290588,-0.06614784896373749
-0.05709564685821533,-0.04649975150823593,-0.03467026352882385,-0.02195204421877861,-0.008729523047804832,0.0045632775872945786,0.01741953380405903,0.02924462780356407
0.03937860578298569,0.04714951664209366,0.05192871391773224,0.05318630114197731
0.05055686831474304,0.04390658810734749,0.033380214124917984,0.019403062760829926,0.0026376545429229736,-0.01607847958803177,-0.03579820320010185
-0.055529989302158356,-0.07430122792720795,-0.0912262499332428,-0.10557107627391815
-0.11678838729858398,-0.12452051788568497,-0.12858664989471436,-0.12896156311035156
-0.12575027346611023,-0.11915520578622818,-0.10943646728992462,-0.09688730537891388
-0.08184226602315903,-0.06470660865306854,-0.04597075283527374,-0.026183925569057465
-0.005911149084568024,0.014294121414422989,0.033906225115060806,0.05243966728448868
0.06945900619029999,0.08459736406803131,0.0975811555981636
0.10823950916528702,0.11648650467395782,0.12229099124670029,0.12565678358078003
0.1266179382801056,0.12523873150348663,0.12160938233137131,0.11584026366472244
0.10807345062494278,0.09851589053869247,0.08746998012065887,0.07534937560558319,0.06267549097537994,0.050050150603055954,0.038117293268442154,0.0275176502764225
0.0188298337161541,0.01250266283750534,0.00879302341490984,0.007723724469542503,0.009074321016669273,0.012411529198288918,0.01714213378727436
0.022571753710508347,0.027978360652923584,0.032694168388843536,0.03617754578590393
0.03807152062654495,0.03823750466108322,0.03675665333867073,0.03388969972729683
0.02998657338321209,0.025390904396772385,0.02038516290485859,0.015156442299485207
0.009761445224285126,0.004120223224163055,-0.0019336212426424026,-0.008573484607040882
-0.01591772958636284,-0.024000372737646103,-0.032759908586740494,-0.04202893376350403
-0.051529280841350555,-0.060889944434165955
-0.06968829780817032,-0.07750383019447327,-0.08397049456834793,-0.08880952000617981
-0.09183666855096817,-0.09294934570789337,-0.09210365265607834,-0.08929481357336044
-0.08454699069261551,-0.07791192084550858,-0.06947572529315948,-0.05937578156590462,-0.04782531037926674,-0.035131536424160004,-0.02169990912079811
-0.00803302600979805,0.005268918350338936,0.0175153985619545,0.02796217054128647
0.03588159382343292,0.040638189762830734,0.04174889624118805,0.03893591836094856
0.032172005623579025,0.021701103076338768,0.008023887872695923,-0.0081510404124856
-0.025979017838835716,-0.04455327242612839,-0.0629681646823883,-0.0803719162940979
-0.09601081162691116,-0.10926537960767746,-0.11967182159423828,-0.12691518664360046
-0.13079899549484253,-0.1312171220779419,-0.12814217805862427,-0.1216227263212204
-0.11178266257047653,-0.0988280400633812,-0.08306566625833511,-0.06492624431848526,-0.044970013201236725,-0.023852795362472534,-0.002265390008687973
0.019121084362268448,0.039694953709840775,0.058928776532411575,0.0763876736164093
0.09173329174518585,0.10473513603210449,0.11527814716100693,0.12334038317203522,0.1289445012807846,0.1321246325969696,0.13292387127876282,0.13139966130256653
0.12762977182865143,0.12172572314739227,0.1138521283864975,0.10424483567476273
0.09322366118431091,0.08120910823345184,0.06874080002307892,0.05647139251232147
0.04511751979589462,0.03537215664982796,0.027807720005512238
0.022805385291576385,0.02051434852182865,0.02082809805870056,0.023383507505059242
0.027606647461652756,0.03280939906835556,0.0382927805185318,0.043417103588581085
0.04765227064490318,0.05062415450811386,0.05213874205946922,0.052171964198350906
0.050832781940698624,0.048310015350580215,0.04481884837150574,0.0405568853020668
0.03567558154463768,0.030272994190454483,0.024391377344727516,0.018009604886174202
0.011052241548895836,0.003428274765610695,-0.004911286756396294
-0.013921760022640228,-0.02344512939453125,-0.03322359174489975,-0.042926765978336334
-0.05218178778886795,-0.060611240565776825,-0.06787703931331635,-0.07371468842029572
-0.0779447853565216,-0.08046059310436249,-0.08120398223400116,-0.08014458417892456
-0.07726509124040604,-0.07255340367555618,-0.06601230800151825,-0.05768658220767975,-0.04769220948219299,-0.036240652203559875,-0.023660272359848022,-0.010412152856588364
0.002910355105996132,0.015607470646500587,0.026918435469269753
0.03607768192887306,0.0423789918422699,0.045245274901390076,0.044300712645053864
0.03942425176501274,0.030756577849388123,0.018668746575713158,0.0037201810628175735
-0.013380231335759163,-0.03181511163711548,-0.050720471888780594,-0.06926079839468002
-0.08668121695518494,-0.10232816636562347,-0.11565215140581131,-0.12619712948799133
-0.13358768820762634,-0.13752877712249756,-0.13781991600990295,-0.1343783736228943
-0.127253457903862,-0.11662755161523819,-0.10282544046640396
-0.08632911741733551,-0.06776590645313263,-0.04785554111003876,-0.027334097772836685
-0.006889469921588898,0.012882458046078682,0.03151625394821167,0.048693180084228516
0.06421127170324326,0.07793916761875153,0.0897880494594574,0.09969095885753632
0.10757625848054886,0.11334873735904694,0.11688929796218872,0.11807238310575485
0.11679837852716446,0.11303374171257019,0.10685304552316666,0.0984705314040184
0.0882473737001419,0.07668379694223404,0.06440494954586029
0.05213074013590813,0.040613628923892975,0.030546534806489944,0.02247384563088417
0.016734609380364418,0.013441728428006172,0.012490014545619488,0.013579852879047394
0.016255293041467667,0.019965704530477524,0.02413439378142357,0.028216643258929253
0.03175497055053711,0.03442567586898804,0.03605825453996658,0.03662233054637909
0.03618837147951126,0.03488092124462128,0.03283727541565895,0.03017263673245907
0.02695983089506626,0.023222927004098892,0.018933052197098732
0.014012737199664116,0.008366996422410011,0.0019348394125699997,-0.005272000562399626
-0.013157440349459648,-0.021548818796873093,-0.03022271767258644,-0.0389363095164299,-0.047446612268686295,-0.05551820620894432,-0.0629282295703888,-0.06947444379329681
-0.07497677206993103,-0.07926001399755478,-0.08213114738464355,-0.08337461948394775
-0.08277006447315216,-0.08012071996927261,-0.07528219372034073,-0.06818728893995285,-0.05886756256222725,-0.04747782275080681,-0.03432248532772064
-0.019873619079589844,-0.004771772772073746,0.010200563818216324,0.024171579629182816
0.03624778985977173,0.04560021311044693,0.05155954509973526,0.053685110062360764
0.05179494246840477,0.04596702381968498,0.03651390224695206,0.02393486723303795
0.008854730054736137,-0.008040612563490868,-0.02605445683002472,-0.04449949413537979
-0.0626937597990036,-0.07996012270450592,-0.09563857316970825,-0.10909805446863174
-0.11974798887968063,-0.12705779075622559,-0.13059499859809875
-0.13008207082748413,-0.12544134259223938,-0.11679894477128983,-0.10445915162563324
-0.08888707309961319,-0.07071086019277573,-0.05070461332798004,-0.029712866991758347
-0.008536364883184433,0.012156600132584572,0.03185669332742691,0.05019834637641907
0.06693574786186218,0.08192584663629532,0.09511200338602066,0.1064867153763771
0.11603641510009766,0.12369150668382645,0.12929902970790863,0.1326374113559723
0.13347384333610535,0.13163204491138458,0.12704870104789734
0.11981990933418274,0.11023380607366562,0.09877867996692657,0.08611954748630524
0.07303904742002487,0.060352303087711334,0.04882124066352844,0.039081208407878876
0.03157523274421692,0.02650611661374569,0.02383049577474594,0.02329776994884014
0.02451164647936821,0.026990432292222977,0.030217157676815987,0.03368625044822693,0.03695165365934372,0.039667870849370956
0.04161061346530914,0.04267113655805588,0.04283218830823898,0.04213807359337807
0.040660567581653595,0.03845839574933052,0.03554166853427887,0.03186124563217163
0.027333226054906845,0.0218886099755764,0.015516771003603935,0.008275037631392479,0.0002741105854511261,-0.008337226696312428,-0.017389146611094475,-0.02670903503894806
-0.03612760081887245,-0.04547780752182007,-0.054593369364738464,-0.06329856812953949
-0.07139407098293304,-0.07865388691425323,-0.08483356237411499,-0.08967974036931992
-0.09293484687805176,-0.09433680772781372,-0.09362606704235077,-0.09057579189538956
-0.0850435271859169,-0.07702453434467316,-0.0666823461651802,-0.05435371398925781
-0.04053744301199913,-0.02586069330573082,-0.011037107557058334,0.0031577646732330322
0.01591631770133972,0.02645842730998993,0.034108031541109085,0.03836102783679962
0.038923367857933044,0.03572050482034683,0.02888593077659607,0.018734678626060486
0.005736019462347031,-0.009516366757452488,-0.02634989097714424,-0.04406590014696121
-0.06197473406791687,-0.07939942181110382,-0.09566958248615265
-0.11013627052307129,-0.1222008690237999,-0.13133886456489563,-0.13712312281131744
-0.13925114274024963,-0.1375696063041687,-0.1320892721414566,-0.12298255413770676
-0.11056971549987793,-0.09531444311141968,-0.07782185077667236,-0.05880200117826462
-0.0389869399368763,-0.01903429999947548,0.0005325917154550552,0.019328515976667404
0.03707824647426605,0.05358710139989853,0.06872117519378662,0.08238962292671204
0.09450961649417877,0.10494842380285263,0.11347679048776627
0.1197759285569191,0.12350589781999588,0.124405138194561,0.1223706603050232
0.11748861521482468,0.11002602428197861,0.10041777044534683,0.08926492184400558
0.07731058448553085,0.06536708772182465,0.054216887801885605,0.04451404884457588
0.03671546280384064,0.031064528971910477,0.027603548020124435,0.026191603392362595
0.02653544582426548,0.02823369763791561,0.030833056196570396,0.03389444947242737
0.03704381734132767,0.039989642798900604,0.04252061992883682
0.044502127915620804,0.04587078467011452,0.04661187902092934,0.046720150858163834
0.04616604000329971,0.04488648846745491,0.04279942438006401,0.039822742342948914
0.035885270684957504,0.030933372676372528,0.024940824136137962,0.017927682027220726
0.00997631624341011,0.0012209452688694,-0.008185193873941898,-0.01808677241206169
-0.028305107727646828,-0.03860459476709366,-0.04868531972169876,-0.05821201950311661
-0.06685224175453186,-0.07428812980651855,-0.08020615577697754
-0.08429324626922607,-0.0862509235739708,-0.08582735061645508,-0.0828540176153183
-0.07727175205945969,-0.06915222108364105,-0.05871505290269852,-0.04632756859064102
-0.03249489143490791,-0.017846696078777313,-0.0031023938208818436,0.01098623126745224
0.02369159646332264,0.03435501456260681,0.04242498427629471,0.047497041523456573
0.049350805580616,0.04795612767338753,0.0434337742626667,0.03600635007023811
0.025973841547966003,0.01370377466082573,-0.0003802254796028137
-0.015813395380973816,-0.03210597112774849,-0.04874948412179947,-0.06521128118038177
-0.08092808723449707,-0.09530149400234222,-0.1077045127749443,-0.11751310527324677
-0.12416183948516846,-0.12720882892608643,-0.12638553977012634,-0.12162229418754578
-0.11305598169565201,-0.10102193802595139,-0.08603616803884506,-0.0687675029039383
-0.049981072545051575,-0.03044075518846512,-0.010804571211338043,0.008418205194175243
0.026847831904888153,0.04420863091945648,0.06030505895614624
0.07498891651630402,0.08812344819307327,0.09954468160867691,0.10903095453977585
0.11630112677812576,0.12104937434196472,0.12300876528024673,0.12202059477567673
0.11808373034000397,0.11138127744197845,0.10229713469743729,0.09141260385513306
0.07946106046438217,0.06724405288696289,0.05553410202264786,0.04498828947544098
0.03609095886349678,0.029128413647413254,0.024183029308915138,0.021145379170775414
0.01975177228450775,0.019646577537059784,0.020456509664654732
0.021854162216186523,0.023592758923768997,0.025505430996418,0.027483562007546425
0.02946123480796814,0.03139693662524223,0.03322757035493851,0.03481581062078476
0.0359354093670845,0.03630410507321358,0.03563324362039566,0.033670663833618164
0.03024044632911682,0.02527535706758499,0.018828267231583595,0.011066185310482979
0.002252264879643917,-0.007291915826499462,-0.01723629981279373,-0.02728508785367012
-0.037201784551143646,-0.04680684953927994,-0.05595816671848297
-0.06453970819711685,-0.07245147228240967,-0.07958169281482697,-0.08577187359333038
-0.09079752117395401,-0.09437325596809387,-0.09617798030376434,-0.09589381515979767
-0.093252994120121,-0.08808784186840057,-0.08037953078746796,-0.07029711455106735
-0.05821271240711212,-0.04467761144042015,-0.03035929426550865,-0.015970289707183838
-0.002220354974269867,0.010221414268016815,0.020776348188519478,0.02900148555636406
0.034605152904987335,0.03742489218711853,0.037383634597063065
0.0344623327255249,0.02870553731918335,0.02023475430905819,0.009249027818441391
-0.003980064764618874,-0.019104424864053726,-0.03567807376384735,-0.05312829837203026
-0.07074117660522461,-0.08768041431903839,-0.10304908454418182,-0.11597545444965363
-0.125686377286911,-0.1315619945526123,-0.1331896334886551,-0.13041597604751587
-0.12337389588356018,-0.11246155202388763,-0.09827345609664917,-0.08151651918888092,-0.06294459849596024
0.0006843480514362454,0.0011300018522888422,0.0014557759277522564,0.0015644388040527701,0.0014271405525505543,0.0010882413480430841,0.0006516188150271773,0.00025199149968102574
2.1168018065509386e-05,5.901311305933632e-05,0.00041483540553599596,0.001082477974705398,0.002008617389947176,0.003108547069132328,0.004281927365809679
0.005425016395747662,0.006441652309149504,0.00725312065333128,0.007801584899425507
0.008046443574130535,0.007961060851812363,0.007536410819739103,0.006789684295654297,0.005770370364189148,0.004561141133308411,0.0032753662671893835,0.002049407921731472
0.0010248192120343447,0.0003213354793842882,1.2419191989465617e-05,0.00011402880772948265
0.0005852648173458874,0.0013392666587606072,0.0022646912839263678,0.003249360481277108
0.004196980968117714,0.005036649759858847,0.0057250927202403545
0.006240469869226217,0.006573778577148914,0.006724589504301548,0.006700411438941956
0.006515872199088335,0.006190765183418989,0.005749329924583435,0.005221894010901451
0.004645904991775751,0.00406288355588913,0.0035120155662298203,0.003023799741640687
0.0026166709139943123,0.0022978961933404207,0.002066876972094178,0.001917864428833127
0.001841580611653626,0.0018266768893226981,0.001861176104284823,0.001933170249685645
0.0020307733211666346,0.002142482902854681,0.0022580467630177736
0.0023682177998125553,0.0024629170075058937,0.0025296008680015802,0.002553217811509967,0.002517556771636009,0.0024068523198366165,0.0022070561535656452,0.001909456797875464
0.0015190402045845985,0.0010644111316651106,0.0006032173987478018,0.00021948988432995975
1.2634448466997128e-05,7.981087401276454e-05,0.0004952456220053136,0.0012904636096209288
0.002440914511680603,0.0038658271078020334,0.00544230779632926,0.00702708913013339,0.008478133007884026,0.009671508334577084,0.010512028820812702
0.010937861166894436,0.010920633561909199,0.010463031940162182,0.009596224874258041
0.008379748091101646,0.006904640235006809,0.0052954936400055885,0.0037029257509857416
0.0022823826875537634,0.0011638244614005089,0.0004222907591611147,6.07374677201733e-05
1.1959778930759057e-05,0.00015820520638953894,0.00036344476393423975,0.0005108493496663868
0.0005336270551197231,0.00042817473877221346,0.0002461583644617349,7.248667679959908e-05
1.2275526728444675e-07,0.00010783633479150012,0.0004437360621523112
0.0010183657286688685,0.0018086025957018137,0.0027677190955728292,0.0038352746050804853
0.004943977575749159,0.006024029105901718,0.007005021907389164,0.007815590128302574
0.008384023793041706,0.008642868138849735,0.008538588881492615,0.008046538569033146
0.007186717353761196,0.006029777694493532,0.004688072483986616,0.003299664007499814
0.002012886805459857,0.000968300155363977,0.0002769215789157897,3.5863081393472385e-06
0.00016055141168180853,0.0007084065000526607,0.0015643343795090914
0.0026194839738309383,0.003760755527764559,0.004887476563453674,0.005917865317314863
0.006788712926208973,0.007454280741512775,0.007885913364589214,0.008072679862380028
0.00802342128008604,0.007764694280922413,0.007333998568356037,0.0067762103863060474
0.006141976919025183,0.005482429638504982,0.004843365866690874,0.00426191883161664
0.0037643590476363897,0.0033661453053355217,0.0030742064118385315,0.002888432238250971,0.05293289199471474,0.052928414195775986,0.0535694882273674
0.05467428267002106,0.05609974265098572,0.057758454233407974,0.05958465859293938,0.061495549976825714,0.06338316202163696,0.0651216059923172,0.06656266748905182
0.06751465797424316,0.06773023307323456,0.06692442297935486,0.06480228155851364
0.0610835887491703,0.05554206669330597,0.04805685952305794,0.03865120932459831
0.027502834796905518,0.01493106596171856,0.001370009034872055,-0.012671289965510368,-0.026662178337574005,-0.04010724276304245,-0.05257995054125786
-0.06372746080160141,-0.07327929139137268,-0.08106441795825958,-0.08700394630432129
-0.09106797724962234,-0.09321524947881699,-0.09335531294345856,-0.09136681258678436
-0.08715478330850601,-0.08070571720600128,-0.07211920619010925,-0.061617761850357056,-0.04955555871129036,-0.03643607348203659,-0.02291172742843628,-0.009737331420183182
0.002314498648047447,0.012543873861432076,0.020393479615449905,0.025487447157502174,0.027646329253911972,0.02689116634428501,0.023429779335856438
0.017614824697375298,0.009887956082820892,0.0007245494052767754,-0.009415680542588234
-0.02012396790087223,-0.031060438603162766,-0.04195253178477287,-0.05257505178451538
-0.06272180378437042,-0.07217997312545776,-0.08071522414684296,-0.08806636184453964,-0.0939459502696991,-0.09804681688547134,-0.10006164014339447,-0.09972677379846573,-0.09688321501016617,-0.09152345359325409,-0.08378887921571732,-0.07392619550228119
-0.06226896494626999,-0.04925481602549553,-0.03540318086743355
-0.021235015243291855,-0.007201967760920525,0.006329190917313099,0.019064374268054962
0.030778268352150917,0.041313353925943375,0.05057309567928314,0.058503683656454086
0.06506279855966568,0.07019767165184021,0.0738438069820404,0.0759434849023819
0.07648962736129761,0.07556860148906708,0.073360875248909,0.07010944187641144
0.0660955160856247,0.06163768470287323,0.05709443986415863,0.05283376947045326
0.04917018115520477,0.04630814865231514,0.04432305321097374
0.043180592358112335,0.04277097433805466,0.042938414961099625,0.04350828006863594
0.04431605339050293,0.04523135721683502,0.0461769737303257,0.04713806137442589,0.048142533749341965,0.04922229051589966,0.05037843436002731
0.05154972895979881,0.05258994549512863,0.05326846241950989,0.0532890148460865
0.052316758781671524,0.05001688376069069,0.046105846762657166,0.04040414094924927,0.03287629410624504,0.023644760251045227,0.012975430116057396,0.0012481622397899628
-0.011081761680543423,-0.023537300527095795,-0.03568238765001297,-0.04716779664158821
-0.05774080753326416,-0.06722965091466904,-0.0755210816860199,-0.08253376930952072
-0.08818568289279938,-0.09235875308513641,-0.09487011283636093,-0.09546881914138794
-0.09387604147195816,-0.08986100554466248,-0.08331941068172455,-0.07431934773921967
-0.06311065703630447,-0.050125159323215485,-0.03597088158130646,-0.02139781042933464,-0.007231846451759338,0.005707336589694023,0.016686145216226578
0.025122473016381264,0.030632227659225464,0.033053990453481674,0.03244825452566147
0.02906828373670578,0.023307044059038162,0.015635143965482712,0.006541552022099495
-0.003519076853990555,-0.014162138104438782,-0.02507687546312809,-0.03600534424185753
-0.04671624302864075,-0.05696853622794151,-0.06646832078695297,-0.07485972344875336
-0.08175849169492722,-0.08679312467575073,-0.08963878452777863,-0.09005050361156464
-0.08789844810962677,-0.08319981396198273,-0.07612081617116928
-0.0669366717338562,-0.05599071457982063,-0.04368861764669418,-0.03050067275762558
-0.016914628446102142,-0.003347853198647499,0.009891994297504425,0.02257438749074936
0.03451009467244148,0.04554077982902527,0.05553707107901573,0.0643952414393425
0.07203011214733124,0.07836341857910156,0.08330745249986649,0.08676433563232422
0.08865956217050552,0.08899109810590744,0.08786553144454956,0.08549617975950241
0.08216134458780289,0.07816993445158005,0.07385572791099548
0.06956350803375244,0.0656096413731575,0.06223725154995918,0.05958610400557518
0.05768495798110962,0.05646498128771782,0.0557921826839447,0.05551513284444809
0.05550806596875191,0.05568595230579376,0.055996373295784,0.05641033500432968
0.056917816400527954,0.05752294510602951,0.05823107808828354,0.05901361256837845
0.05975852534174919,0.060245271772146225,0.06016820669174194,0.05919176712632179
0.057000502943992615,0.053328219801187515,0.047984931617975235
0.04089423641562462,0.03212171047925949,0.02187895029783249,0.010504497215151787
-0.001588422805070877,-0.013986354693770409,-0.026327475905418396,-0.03831837326288223
-0.04973703995347023,-0.06042645126581192,-0.07027573138475418,-0.0791931301355362,-0.08706687390804291,-0.0937214344739914,-0.09889660030603409,-0.10225870460271835
-0.10343918949365616,-0.10209846496582031,-0.09800052642822266,-0.09107980132102966,-0.0814899206161499,-0.06961958110332489,-0.05607099086046219
-0.041615910828113556,-0.027130119502544403,-0.013494100421667099,-0.0014916621148586273
0.008250475861132145,0.01529235951602459,0.019394919276237488,0.020517712458968163
0.018806373700499535,0.014559956267476082,0.008172395639121532,7.256679236888885e-05
-0.009316204115748405,-0.019599802792072296,-0.03042711317539215,-0.041488438844680786
-0.052495092153549194,-0.06315407902002335,-0.07315259426832199,-0.0821545273065567
-0.08980673551559448,-0.09576037526130676,-0.0997098982334137
-0.10143253207206726,-0.1008128970861435,-0.09785208106040955,-0.09266253560781479
-0.08545656502246857,-0.07652784138917923,-0.06621155887842178,-0.054844748228788376
-0.04275522753596306,-0.03024681657552719,-0.017567358911037445,-0.004911897704005241
0.007540757767856121,0.01961538754403591,0.03114442341029644,0.04195462167263031,0.05185037851333618,0.06061499938368797,0.06802871823310852,0.07389603555202484
0.07807517796754837,0.08050468564033508,0.08122414350509644
0.08038656413555145,0.07825692743062973,0.0751868486404419,0.0715651661157608
0.0677662193775177,0.06411677598953247,0.06087297573685646,0.058194275945425034
0.05613018572330475,0.05463676527142525,0.053618017584085464,0.05297577381134033
0.05264382064342499,0.052594296634197235,0.052831411361694336,0.053386881947517395
0.05431319773197174,0.0556643083691597,0.05745643004775047,0.05961846187710762
0.06196431815624237,0.06420744955539703,0.06599937379360199
0.0669674277305603,0.06674660742282867,0.06501546502113342,0.061543770134449005
0.05623703822493553,0.04915127530694008,0.04046889767050743,0.030453898012638092
0.019414767622947693,0.007676821202039719,-0.004455437883734703,-0.016734633594751358
-0.028974397107958794,-0.04101482033729553,-0.05267246812582016,-0.06370867788791656
-0.07382851839065552,-0.08269545435905457,-0.08994099497795105,-0.0951637253165245,-0.09794504195451736,-0.09790824353694916,-0.09479980170726776
-0.08855181932449341,-0.07931388914585114,-0.06746143102645874,-0.05358164757490158,-0.03843546286225319,-0.022896088659763336,-0.007869074121117592,0.005791952833533287
0.017359839752316475,0.026294395327568054,0.03227957338094711,0.03522184491157532
0.035217490047216415,0.0325147919356823,0.0274769589304924,0.02053152211010456,0.012105667963624,0.00257895328104496,-0.007720469497144222,-0.018493149429559708
-0.029446175321936607,-0.0402832105755806,-0.05070454999804497
-0.06039959192276001,-0.06903690844774246,-0.07628107070922852,-0.08183299005031586
-0.08546340465545654,-0.08702796697616577,-0.08647134155035019,-0.08382677286863327
-0.07921404391527176,-0.07283318787813187,-0.06494001299142838,-0.05580087751150131
-0.04565645754337311,-0.03471560403704643
-0.023161526769399643,-0.011163227260112762,0.0010930951684713364,0.013373598456382751
0.02540278062224388,0.03689704090356827,0.0475853867828846,0.057195503264665604
0.06544125080108643,0.0720512866973877,0.07681818306446075,0.07964077591896057
0.08055435121059418,0.07973554730415344,0.07747381180524826,0.07412636280059814
0.07008069008588791,0.06572960317134857,0.06144552305340767,0.05754493921995163
0.054244525730609894,0.05162753537297249,0.04965338855981827,0.048212870955467224
0.04718848317861557,0.04648531973361969,0.04603816196322441,0.045820385217666626
0.045854441821575165,0.046201180666685104,0.04692121595144272,0.048026520758867264
0.049457479268312454,0.051096659153699875,0.05277852341532707,0.05427192151546478
0.05526905506849289,0.055404819548130035,0.054302413016557693,0.051641058176755905
0.04722069948911667,0.040989749133586884,0.03304186463356018,0.02359999716281891
0.012980518862605095,0.0015426762402057648,-0.010356777347624302,-0.022404111921787262
-0.03435752913355827,-0.046045709401369095,-0.0573391392827034,-0.06810660660266876
-0.07817486673593521,-0.08730992674827576,-0.09521503746509552
-0.10154148191213608,-0.1059112548828125,-0.10794273018836975,-0.10729628801345825
-0.1037505716085434,-0.09727292507886887,-0.08805131167173386,-0.07649348676204681
-0.06320574134588242,-0.04894175007939339,-0.03452320396900177,-0.020757675170898438
-0.008368054404854774,0.0020611323416233063,0.010120494291186333,0.015598690137267113
0.018480144441127777,0.018907703459262848,0.017120756208896637,0.013396122492849827
0.008017231710255146,0.0012628836557269096,-0.006606303155422211
-0.015357093885540962,-0.024773847311735153,-0.03462711721658707,-0.04463709145784378
-0.05445919930934906,-0.06369703263044357,-0.07193433493375778,-0.07877509295940399
-0.0838794857263565,-0.08699429035186768,-0.08796997368335724,-0.08676529675722122
-0.08345281332731247,-0.07821036130189896,-0.07128029316663742,-0.06291401386260986,-0.05333447456359863,-0.04273248836398125,-0.03128350153565407,-0.019157327711582184
-0.006519811227917671,0.0064423568546772,0.019482458010315895
0.032287947833538055,0.04450332745909691,0.055752530694007874,0.06567052006721497
0.07394792139530182,0.0803653821349144,0.08480866253376007,0.08727957308292389
0.08790823072195053,0.08694232255220413,0.0847012847661972,0.08153535425662994
0.07781518250703812,0.07391617447137833,0.07017304003238678,0.06682860851287842,0.06400340795516968,0.061704572290182114,0.05987486615777016,0.05844597890973091
0.057368356734514236,0.05662993714213371,0.05626995861530304
0.056369420140981674,0.057016704231500626,0.05826710909605026,0.06010866537690163
0.06244327500462532,0.06508660316467285,0.06777572631835938,0.07018168270587921
0.07193562388420105,0.0726650208234787,0.07203467935323715,0.06979550421237946,0.06582985818386078,0.060166142880916595,0.0529538169503212,0.04442203417420387,0.03484112396836281,0.024484355002641678,0.01359180361032486,0.0023511219769716263,-0.009099619463086128,-0.020660746842622757,-0.03225557878613472
-0.04379631578922272,-0.055135246366262436,-0.06602743268013,-0.07612235844135284
-0.08498330414295197,-0.09212423861026764,-0.09705951064825058,-0.09936413913965225
-0.09873442351818085,-0.09503942728042603,-0.0883583053946495,-0.07899384945631027
-0.06745406985282898,-0.05440531298518181,-0.040604960173368454,-0.026825107634067535
-0.013788573443889618,-0.0021280162036418915,0.0076451776549220085,0.015166403725743294
0.02022329345345497,0.02274232916533947,0.022768817842006683
0.02043650858104229,0.015933837741613388,0.009487958624958992,0.0013627856969833374,-0.008141926489770412,-0.018690813332796097,-0.029912708327174187,-0.04139837622642517
-0.05270127207040787,-0.0633605420589447,-0.07294361293315887,-0.08107879757881165
-0.08746800571680069,-0.09189694374799728,-0.09424973279237747,-0.09451466798782349
-0.09277269244194031,-0.08917373418807983,-0.08391032367944717,-0.077192522585392
-0.06921539455652237,-0.060132019221782684
-0.050059910863637924,-0.03910044580698013,-0.027350444346666336,-0.014935089275240898
-0.0020615477114915848,0.010952424257993698,0.023687992244958878,0.03565950319170952
0.04637506231665611,0.05541688948869705,0.06250879168510437,0.06753905117511749
0.07053908705711365,0.07165674865245819,0.07115456461906433,0.06940405070781708
0.06683588773012161,0.0638604685664177,0.06080494821071625,0.057896051555871964
0.05527899041771889,0.05303361266851425,0.051170408725738525
0.04963209480047226,0.04832645505666733,0.047182347625494,0.046196382492780685
0.04543989151716232,0.045027945190668106,0.045076124370098114,0.04566599801182747
0.04682605713605881,0.04851850867271423,0.05062047019600868,0.05291256308555603
0.05510091781616211,0.05686759576201439,0.057915862649679184,0.0579957589507103
0.05691815912723541,0.054562103003263474,0.05088485777378082,0.04593389853835106
0.03983189910650253,0.03272832930088043,0.024752095341682434
0.015994343906641006,0.006522864103317261,-0.003597795031964779,-0.014302355237305164
-0.025518551468849182,-0.03713858500123024,-0.048980385065078735,-0.06075359135866165
-0.0720461755990982,-0.08234764635562897,-0.09109628945589066,-0.09773233532905579
-0.10175509005784988,-0.10277600586414337,-0.10056638717651367,-0.09510785341262817,-0.08662695437669754,-0.07558370381593704
-0.06261420249938965,-0.0484568290412426,-0.0338849276304245,-0.019649624824523926
-0.00643119215965271,0.005200332961976528,0.014810489490628242,0.022112509235739708,0.02696504071354866,0.029347755014896393,0.029329564422369003,0.02704700268805027
0.02268565073609352,0.01645958423614502,0.008599886670708656,-0.000635526143014431
-0.010934843681752682,-0.02190982550382614,-0.03310197964310646,-0.04401818662881851
-0.05416874587535858,-0.0631018579006195,-0.07044896483421326,-0.0759640485048294
-0.07952912896871567,-0.08112849295139313,-0.0808127298951149,-0.0786701887845993
-0.07481390982866287,-0.06937581300735474,-0.06248648464679718,-0.054242756217718124
-0.04470359906554222,-0.03393959626555443,-0.02210192382335663,-0.00944737158715725
0.0036940742284059525,0.016952529549598694,0.029916813597083092,0.04213099926710129
0.05312729999423027,0.062496479600667953,0.06996601074934006,0.07544255256652832
0.07899954915046692,0.08083204925060272,0.08121327310800552,0.0804717093706131
0.07896842807531357,0.07704062014818192,0.07493942975997925
0.0728176087141037,0.07075433433055878,0.0687778890132904,0.06688512861728668
0.06505342572927475,0.06323826313018799,0.061391446739435196,0.05951307713985443
0.05769137293100357,0.05609390139579773,0.05491305887699127,0.054301273077726364
0.05433599650859833,0.055013302713632584,0.05624467507004738,0.05785132944583893
0.05957620590925217,0.061123333871364594,0.0621982216835022,0.06253121793270111
0.06189296022057533,0.06010287255048752,0.057036142796278
0.05264067277312279,0.046945516020059586,0.04003795236349106,0.0320206880569458
0.022977299988269806,0.012968819588422775,0.0020603854209184647,-0.00965355709195137
-0.02204296551644802,-0.034934151917696,-0.048079945147037506,-0.061125852167606354
-0.07361309230327606,-0.08502565324306488,-0.09484174847602844,-0.10256559401750565
-0.10775782912969589,-0.11007802188396454,-0.10933075845241547,-0.10550510883331299
-0.09879444539546967,-0.08958623558282852,-0.0784202590584755
-0.06591882556676865,-0.052720844745635986,-0.03945446386933327,-0.026722151786088943
-0.015070667490363121,-0.004970034584403038,0.003195982426404953,0.009148222394287586,0.012726441025733948,0.013888705521821976,0.012703408487141132,0.00932901818305254
0.003988196142017841,-0.0030394596979022026,-0.011413266882300377,-0.020744195207953453
-0.030626211315393448,-0.040667612105607986,-0.05050583556294441,-0.0598057396709919,-0.06825949251651764,-0.07559937238693237,-0.08161680400371552
-0.08617466688156128,-0.08920132368803024,-0.0906655341386795,-0.0905517116189003
-0.08885230123996735,-0.08556532859802246,-0.08068917691707611,-0.07422538846731186
-0.0661848857998848,-0.05660353973507881,-0.04558520019054413,-0.03333831578493118
-0.02017585188150406,-0.006511865183711052,0.007149094715714455,0.02027103677392006
0.032364219427108765,0.04303479939699173,0.052015043795108795,0.05918409302830696
0.06456391513347626,0.06828613579273224,0.07055936753749847
0.0716542899608612,0.07187777012586594,0.07152101397514343,0.07081131637096405
0.06989659368991852,0.0688590258359909,0.06773289293050766,0.06651518493890762
0.06517952680587769,0.0637008547782898,0.062083251774311066,0.06038087606430054
0.058706823736429214,0.05722428858280182,0.056115973740816116,0.05554012209177017
0.055596355348825455,0.05631553754210472,0.05766211450099945,0.05953430011868477
0.06175893172621727,0.06408791244029999,0.06621813774108887
0.06784138083457947,0.06869359314441681,0.06858048588037491,0.06737802177667618
0.06501403450965881,0.06144866347312927,0.056663528084754944,0.05065154656767845
0.04339538887143135,0.03484680876135826,0.02494903653860092,0.013708647340536118
0.0012592263519763947,-0.012132496573030949,-0.026100849732756615,-0.0402054637670517
-0.053937457501888275,-0.06673748791217804,-0.078034907579422,-0.08729711920022964
-0.09407620131969452,-0.098039910197258,-0.098990298807621
-0.09688340127468109,-0.09184461086988449,-0.0841653048992157,-0.07428102195262909
-0.06273491680622101,-0.05013018846511841,-0.03708173707127571,-0.02417614310979843
-0.011943962424993515,-0.0008444655686616898,0.00873939786106348,0.01650206372141838
0.022215314209461212,0.025727514177560806,0.026964768767356873,0.02593362145125866
0.02272670902311802,0.017522970214486122,0.01057245209813118,0.00218199472874403
-0.007288541179150343,-0.01743379421532154,-0.027822256088256836
-0.0380280539393425,-0.047666676342487335,-0.05641525238752365,-0.06401775777339935
-0.07029400765895844,-0.075147345662117,-0.07854582369327545,-0.08047926425933838
-0.08092082291841507,-0.07981078326702118,-0.07706780731678009,-0.07262067496776581
-0.06643089652061462,-0.058498870581388474,-0.04889098182320595,-0.03779181092977524
-0.025526270270347595,-0.012527480721473694,0.0007059816271066666,0.013639850541949272
0.025751987472176552,0.03660041466355324,0.045870013535022736
0.05338958650827408,0.05913819372653961,0.06323133409023285,0.06587917357683182
0.06733939051628113,0.06788253784179688,0.06776294112205505,0.06718514859676361
0.06627516448497772,0.06507483124732971,0.06357041001319885,0.06174305081367493
0.05960962176322937,0.05723661556839943,0.05473090335726738,0.052227433770895004
0.0498921163380146,0.04792475327849388,0.046533022075891495,0.04587465897202492,0.04600367322564125
0.00029117619851604104,0.00014522438868880272,4.498474299907684e-05,1.018021748677711e-06,2.4987870347104035e-05,0.000125736856716685,0.00030569155933335423,0.0005583586171269417
0.0008679985767230392,0.0012119640596210957,0.0015648690750822425,0.0019030129769816995,0.0022089777048677206,0.0024767026770859957,0.0027130774687975645
0.0029329112730920315,0.0031516191083937883,0.003380408976227045,0.0036240334156900644,0.003880192758515477,0.004139428958296776,0.004385512787848711,0.0045984950847923756
0.004760468378663063,0.00486117135733366,0.004900522530078888,0.0048872544430196285
0.004835159983485937,0.004759771283715963,0.004676916636526585,0.004600964952260256,0.004541648551821709,0.004500997718423605,0.004471115302294493,0.004434592556208372,0.004368780646473169,0.004250590223819017,0.0040589189156889915
0.0037761579733341932,0.0033919019624590874,0.0029089506715536118,0.0023474174086004496
0.001743706059642136,0.0011467873118817806,0.0006155857117846608,0.00021589233074337244
1.3451512131723575e-05,6.50494548608549e-05,0.00041088162106461823,0.0010662288405001163
0.0020098593086004257,0.0031740639824420214,0.004444807302206755,0.00567465228959918
0.006705323234200478,0.007395463529974222,0.007647376973181963,0.007427946664392948
0.0067792232148349285,0.005810040049254894,0.004667828790843487
0.0035034543834626675,0.002442551776766777,0.0015687483828514814,0.0009177590254694223
0.0004815030551981181,0.00022144765534903854,8.629483636468649e-05,2.7269101337878965e-05
6.9951079240127e-06,2.1687092157662846e-06,2.5077474674617406e-06,7.987545359355863e-06
2.536708961997647e-05,6.493710679933429e-05,0.00013816944556310773,0.000256098312092945,0.00042723273509182036,0.0006540987524203956,0.0009297030046582222,0.0012361431727185845
0.0015462272567674518,0.0018276460468769073,0.0020484188571572304
0.002182349329814315,0.002214503474533558,0.0021454892121255398,0.0019912945572286844
0.0017782730283215642,0.0015357648953795433,0.001289096544496715,0.0010558022186160088
0.0008452223264612257,0.0006595260929316282,0.0004960391670465469,0.00035085767740383744
0.00022223565611056983,0.00011334980081301183,3.418200140004046e-05,2.5639204181970854e-07
2.7806723664980382e-05,0.00012804908328689635,0.00030281348153948784,0.0005430534947663546
0.0008306732634082437,0.0011423643445596099,0.001453848322853446
0.0017445302801206708,0.002002595691010356,0.002227723365649581,0.0024286864791065454
0.002617086051031947,0.0028016213327646255,0.0029861819930374622,0.0031707503367215395
0.003352144733071327,0.0035240130964666605,0.0036774359177798033,0.003802345599979162
0.003889643121510744,0.003934461157768965,0.003938794601708651,0.003910415805876255
0.003859008429571986,0.0037933208514004946,0.003720387350767851,0.0036452661734074354,0.0035704178735613823,0.0034957232419401407,0.0034196225460618734
0.0033389555756002665,0.0032466070260852575,0.003130366327241063,0.0029748559463769197
0.002764597535133362,0.0024869246408343315,0.002135918941348791,0.001717576989904046
0.0012543046614155173,0.0007871855050325394,0.0003747852460946888,8.81687446963042e-05
2.9330012694117613e-06,0.00018851476488634944,0.0006948714726604521,0.0015384065918624401
0.002690935041755438,0.004075163509696722,0.005569462198764086,0.00702265789732337
-0.09097639471292496,-0.0958792194724083,-0.09836404025554657
-0.09843330830335617,-0.09623648971319199,-0.09204164147377014,-0.08619829267263412
-0.07910902798175812,-0.07120661437511444,-0.06292522698640823,-0.054661836475133896
-0.04674284905195236,-0.03941597789525986,-0.032864104956388474,-0.027221934869885445
-0.02258429117500782,-0.01901053451001644,-0.01653255522251129,-0.015162555500864983
-0.014892629347741604,-0.01568428799510002,-0.017459891736507416,-0.02010655216872692,-0.023480810225009918,-0.027401922270655632,-0.03164298087358475
-0.035935841500759125,-0.03999272733926773,-0.04353674501180649,-0.046330779790878296
-0.048199478536844254,-0.04904809594154358,-0.048872750252485275,-0.0477522648870945
-0.045831527560949326,-0.043299101293087006,-0.04034360498189926,-0.037106890231370926
-0.033669572323560715,-0.03005966916680336,-0.026260357350111008,-0.022221341729164124
-0.017876386642456055,-0.013153072446584702,-0.007984163239598274,-0.0023497305810451508
0.003678206354379654,0.009950201958417892,0.01629473827779293
0.022552331909537315,0.028581887483596802,0.03426413983106613,0.039505843073129654
0.044242776930332184,0.048451393842697144,0.052156414836645126,0.0554049015045166
0.058225229382514954,0.06061992794275284,0.06259346008300781,0.0641774833202362
0.06543535739183426,0.06645368784666061,0.06733006983995438,0.06815622746944427
0.06899616122245789,0.06987740844488144,0.0708097368478775,0.07180730253458023
0.07288506627082825,0.0740353986620903,0.07520794123411179
0.07631395757198334,0.07725359499454498,0.07793422788381577,0.0782698392868042
0.0781790241599083,0.07758552581071854,0.07642050087451935,0.07462428510189056
0.07213696837425232,0.06888829171657562,0.06480410695075989,0.05981481820344925
0.05385338515043259,0.04685645177960396,0.03877405822277069,0.029588427394628525
0.019343852996826172,0.008167175576090813,-0.0037354379892349243,-0.016086261719465256
-0.028537584468722343,-0.04067891836166382,-0.05205710977315903
-0.06221385300159454,-0.07074179500341415,-0.07733999192714691,-0.08183963596820831
-0.08419465273618698,-0.08446281403303146,-0.08279688656330109,-0.07943671941757202,-0.07468701153993607,-0.06888044625520706,-0.06234266608953476
-0.055374179035425186,-0.048249054700136185,-0.04121971130371094,-0.034515317529439926
-0.028337083756923676,-0.022862931713461876,-0.01825396902859211,-0.014653904363512993
-0.012187205255031586,-0.010952760465443134,-0.01101183332502842,-0.012375551275908947
-0.014987236820161343,-0.018705835565924644,-0.02330676093697548,-0.028499145060777664
-0.03394841030240059,-0.039303258061409,-0.04423059523105621,-0.048448845744132996
-0.05174556374549866,-0.05397942289710045,-0.05508257448673248,-0.05507542937994003
-0.05407290160655975,-0.052255965769290924,-0.04982271045446396,-0.046947915107011795
-0.043766964226961136,-0.04038451611995697,-0.03687961399555206,-0.03328459709882736,-0.02956310100853443,-0.025616655126214027,-0.021320588886737823
-0.01658511906862259,-0.011415505781769753,-0.005920402705669403,-0.00026471447199583054
0.005381522700190544,0.010868148878216743,0.016075247898697853,0.020924188196659088
0.025386279448866844,0.029476413503289223,0.03323417901992798,0.036708153784275055
0.039946336299180984,0.042985182255506516,0.04583697393536568,0.048480864614248276
0.050868477672338486,0.05295226722955704,0.05471933260560036,0.056196536868810654
0.057425111532211304,0.058442164212465286,0.0592879094183445
0.06001686677336693,0.06068867817521095,0.06133926287293434,0.061955634504556656
0.06247938051819801,0.06283654272556305,0.06296480447053909,0.0628192275762558,0.06236371770501137,0.061563096940517426,0.060387760400772095,0.05882818251848221
0.05689563229680061,0.05459761619567871,0.05190820246934891,0.04875728115439415
0.04503948614001274,0.0406251959502697,0.035364534705877304,0.029096711426973343
0.02168056182563305,0.01304289698600769,0.0032249651849269867
-0.007594868075102568,-0.019116058945655823,-0.030954798683524132,-0.04267546534538269
-0.05380948632955551,-0.06388282775878906,-0.0724598616361618,-0.07919244468212128
-0.08385679125785828,-0.08636268228292465,-0.08673815429210663,-0.08510428667068481
-0.08165386319160461,-0.07664186507463455,-0.07037248462438583,-0.06316810846328735
-0.05533585697412491,-0.0471537746489048,-0.03888431936502457,-0.030803948640823364
-0.02322009950876236,-0.016454186290502548,-0.010803602635860443
-0.006513907574117184,-0.0037652337923645973,-0.0026546851731836796,-0.003173355245962739
-0.005191536620259285,-0.008468828164041042,-0.012699256651103497,-0.017562154680490494
-0.022735856473445892,-0.027888629585504532,-0.032685741782188416,-0.036815378814935684
-0.040025897324085236,-0.04216304421424866,-0.043185535818338394,-0.043156370520591736
-0.04221900552511215,-0.04056418314576149,-0.03839417174458504,-0.0358852781355381
-0.03315435349941254,-0.030248023569583893,-0.02715771272778511
-0.02384004183113575,-0.020228896290063858,-0.016249220818281174,-0.011842863634228706
-0.006990052759647369,-0.0017166947945952415,0.0038905118126422167,0.009671797044575214
0.01542885322123766,0.020992353558540344,0.026261527091264725,0.0311953853815794
0.035786278545856476,0.04003908857703209,0.04395660012960434,0.04753626510500908
0.05078018456697464,0.053705696016550064,0.05634241923689842,0.058715179562568665
0.06083028391003609,0.06268332153558731,0.06428564339876175
0.06568359583616257,0.0669495090842247,0.06815161556005478,0.06932517886161804
0.07046592980623245,0.07154698669910431,0.07253006100654602,0.07335223257541656
0.0739106610417366,0.0740736573934555,0.07371953129768372,0.07278083264827728
0.07126640528440475,0.06925423443317413,0.06686709821224213,0.06424220651388168
0.06150981783866882,0.058778055012226105,0.05609562620520592,0.05340323597192764
0.05051705241203308,0.04715196415781975,0.0429672971367836
0.03762569651007652,0.03085177019238472,0.022473443299531937,0.012453194707632065
0.0009194202721118927,-0.011820673942565918,-0.025302041321992874,-0.03895067796111107
-0.05214708298444748,-0.06428937613964081,-0.07484801858663559,-0.08340655267238617
-0.08968748152256012,-0.09357041865587234,-0.09509526193141937,-0.09443468600511551
-0.09184406697750092,-0.08761779218912125,-0.08206629753112793,-0.0755026564002037
-0.06822174042463303,-0.06048374995589256,-0.05253713205456734
-0.044666483998298645,-0.037211399525403976,-0.030546102672815323,-0.02503991685807705
-0.02100461721420288,-0.018640965223312378,-0.01800907403230667,-0.019028423354029655
-0.02149258181452751,-0.02508971281349659,-0.02943274937570095,-0.03410235792398453
-0.038695186376571655,-0.04286345839500427,-0.04634242504835129,-0.04897189885377884
-0.05070451274514198,-0.051588062196969986,-0.051734112203121185,-0.05129367485642433
-0.05044066905975342,-0.04934961721301079,-0.04815681651234627
-0.04691838100552559,-0.04559789225459099,-0.04409142956137657,-0.04226510971784592
-0.03998363018035889,-0.037128496915102005,-0.03361981362104416,-0.029444854706525803
-0.02466515079140663,-0.01938421092927456,-0.013711920008063316,-0.007768120616674423
-0.001701817847788334,0.004323541186749935,0.0101699223741889,0.01575133204460144
0.021037034690380096,0.026035737246274948,0.030771756544709206,0.03526725620031357
0.03953023999929428,0.043552376329898834,0.047317322343587875
0.050799764692783356,0.05395939573645592,0.056755755096673965,0.05918065086007118
0.0612773671746254,0.06312742084264755,0.06481840461492538,0.06641727685928345
0.0679597407579422,0.06945058703422546,0.07086174935102463,0.07212339341640472,0.07311992347240448,0.07370922714471817
0.07377047836780548,0.07325613498687744,0.07221255451440811,0.07076087594032288
0.06906560808420181,0.06731177866458893,0.06567646563053131,0.0642801970243454
0.06313292682170868,0.06210533156991005,0.06094474345445633,0.05931660532951355
0.05683740973472595,0.05310304835438728,0.04773766174912453,0.04046330973505974
0.031171318143606186,0.019972562789916992,0.007210496813058853,-0.0065666623413562775
-0.02067779377102852,-0.03440515324473381,-0.04707607626914978,-0.05812686309218407
-0.06715373694896698,-0.07393456250429153,-0.07841802388429642,-0.08068367838859558,-0.08089122176170349,-0.07925397902727127,-0.07602715492248535,-0.07147820293903351
-0.06585657596588135,-0.05939234793186188,-0.05231409892439842,-0.04486893117427826
-0.037340495735406876,-0.030050497502088547,-0.023331373929977417,-0.017489735037088394
-0.012778524309396744,-0.009376409463584423,-0.007377569563686848,-0.006785120349377394
-0.007504235487431288,-0.009352290071547031,-0.012081796303391457,-0.015401128679513931
-0.01900499314069748,-0.022615229710936546,-0.026009563356637955,-0.029035581275820732
-0.031617581844329834,-0.033751510083675385,-0.03548450395464897
-0.03688470274209976,-0.03801468759775162,-0.03891497850418091,-0.03958618640899658
-0.03996828943490982,-0.03994109854102135,-0.039360854774713516,-0.038108646869659424
-0.036119651049375534,-0.033390361815690994,-0.02996903471648693,-0.025937633588910103
-0.02140481397509575,-0.016506114974617958,-0.011386120691895485,-0.006173048168420792
-0.000980808399617672,0.004075873177498579,0.008897232823073864,0.013435743749141693
0.01771169900894165,0.021795090287923813,0.025768142193555832
0.02968212030827999,0.03352835774421692,0.037248529493808746,0.040774423629045486
0.044051721692085266,0.04702902212738991,0.04964841157197952,0.051872190088033676
0.05372454226016998,0.05530248582363129,0.05673864856362343,0.05814392492175102
0.059573229402303696,0.061020463705062866,0.062425367534160614,0.06368769705295563
0.06468525528907776,0.0652916431427002,0.06540249288082123,0.06497108936309814
0.06403195858001709,0.06269048154354095,0.06108595430850983
0.05935986340045929,0.057639408856630325,0.05601569637656212,0.05451097711920738
0.05305164307355881,0.05145720764994621,0.04945139214396477,0.04670044034719467
0.042861949652433395,0.037627119570970535,0.03077087178826332,0.022210827097296715
0.012041755020618439,0.0005318876355886459,-0.011908275075256824,-0.024771833792328835
-0.03750324249267578,-0.04955003410577774,-0.06042098253965378,-0.06973812729120255
-0.07727308571338654,-0.08295547962188721,-0.08684048056602478
-0.08905162662267685,-0.08973127603530884,-0.08901291340589523,-0.08701251447200775
-0.08382958173751831,-0.07954689860343933,-0.07424089312553406,-0.06802143901586533
-0.06107499450445175,-0.053672488778829575,-0.04614546149969101,-0.03885383903980255
-0.03215651586651802,-0.026385875418782234,-0.021821027621626854,-0.018654651939868927
-0.016959907487034798,-0.01667214371263981,-0.017597347497940063,-0.01945262774825096
-0.021924741566181183,-0.024714410305023193,-0.027559563517570496
-0.03025689907371998,-0.03268088400363922,-0.03478509932756424,-0.03658253699541092
-0.038111165165901184,-0.03939667344093323,-0.04042407125234604,-0.041128553450107574
-0.04141213372349739,-0.04117012768983841,-0.040307339280843735,-0.0387515127658844
-0.036469776183366776,-0.03347618505358696,-0.02982891909778118,-0.02562132105231285,-0.02097374200820923,-0.01603248156607151,-0.010953966528177261,-0.005861647427082062
-0.0008115395903587341,0.004203793127089739,0.009220920503139496
0.014268453232944012,0.019359156489372253,0.024509746581315994,0.02974061667919159
0.03502119332551956,0.04020749405026436,0.045060545206069946,0.049350909888744354
0.052957307547330856,0.055884379893541336,0.0582105815410614,0.06003541871905327
0.061479270458221436,0.06271132081747055,0.06394155323505402,0.06536480039358139
0.06709377467632294,0.0691210925579071,0.07133539021015167,0.07357335090637207
0.0756574422121048,0.07740182429552078,0.07862037420272827
0.07916507124900818,0.07897277176380157,0.07808469235897064,0.07663039118051529
0.07479164749383926,0.07276801764965057,0.07074572145938873,0.06885620951652527
0.0671316608786583,0.0654790997505188,0.06368522346019745,0.0614490881562233
0.058430418372154236,0.0543033592402935,0.04880445823073387,0.04176788404583931
0.03315942734479904,0.0231051966547966,0.01188289001584053,-0.0001239180564880371
-0.012476135976612568,-0.024721143767237663,-0.0364278107881546
-0.047215040773153305,-0.05677678808569908,-0.06490233540534973,-0.07147721201181412
-0.07646042108535767,-0.07985255867242813,-0.08166339993476868,-0.0818905308842659
-0.08052511513233185,-0.0775839313864708,-0.07314656674861908,-0.06737449020147324
-0.06051201373338699,-0.05288774147629738,-0.04492093622684479,-0.03710615262389183
-0.029955554753541946,-0.0239257775247097,-0.019363198429346085,-0.016470296308398247
-0.015290751121938229,-0.015714222565293312,-0.017497749999165535
-0.020304733887314796,-0.023756708949804306,-0.02748384326696396,-0.031168336048722267
-0.03457816690206528,-0.037582557648420334,-0.04014625772833824,-0.042302921414375305
-0.04411197453737259,-0.045620545744895935,-0.04684305563569069,-0.04775276407599449
-0.048288386315107346,-0.04837431386113167,-0.04794099181890488,-0.04694252088665962
-0.04536742717027664
-0.043226443231105804,-0.04052739590406418,-0.03727748245000839,-0.03351682424545288
-0.029342802241444588,-0.02489854022860527,-0.020328663289546967,-0.015730489045381546
-0.011141803115606308,-0.006567139178514481,-0.0020049670711159706,0.0025436668656766415
0.007081272546201944,0.011620271019637585,0.016164295375347137,0.02066669426858425
0.025017717853188515,0.029089663177728653,0.03279629722237587,0.0361187607049942
0.03909643739461899,0.04180527850985527,0.044343866407871246,0.04682439938187599
0.04935508966445923,0.05201290547847748,0.05481604114174843,0.05770992487668991,0.06056750938296318
0.06319774687290192,0.06537668406963348,0.06690040975809097,0.06762652099132538
0.06749344617128372,0.06652854382991791,0.06484900414943695,0.06265833973884583
0.06023097410798073,0.05787314474582672,0.055867213755846024,0.05441616475582123
0.0535963699221611,0.05332620069384575,0.053364336490631104,0.05334348976612091
0.052827559411525726,0.051369842141866684,0.04856109991669655,0.044075872749090195
0.03772317245602608,0.029492251574993134,0.019569862633943558
0.008310960605740547,-0.0038226498290896416,-0.016326244920492172,-0.028702445328235626
-0.040497101843357086,-0.0513220876455307,-0.06086362898349762,-0.06888459622859955
-0.07522670179605484,-0.07980135828256607,-0.08256591856479645,-0.08350291103124619
-0.08262056112289429,-0.07997559756040573,-0.07569605857133865,-0.0699804499745369
-0.06308171153068542,-0.05530738830566406,-0.04703798145055771,-0.03872867301106453
-0.03086991235613823,-0.023917177692055702,-0.018225308507680893
-0.014015646651387215,-0.011367886327207088,-0.010219418443739414,-0.01038512121886015
-0.011607135646045208,-0.013602951541543007,-0.016087595373392105,-0.018787480890750885
-0.021465830504894257,-0.0239541195333004,-0.026168949902057648,-0.02810000441968441
-0.02977963723242283,-0.031253017485141754,-0.03254885599017143,-0.033653564751148224
-0.03450370579957962,-0.03499367833137512,-0.034991905093193054,-0.03437227010726929
-0.03305218368768692,-0.031016645953059196,-0.02832186408340931
-0.02508198842406273,-0.021444078534841537,-0.017558634281158447,-0.013556789606809616
-0.00953865796327591,-0.005557199940085411,-0.001597028225660324,0.002415166236460209
0.006561443209648132,0.010888108052313328,0.01539292186498642,0.020039403811097145,0.02477470226585865,0.029523935168981552,0.03417297452688217,0.038575898855924606
0.042595960199832916,0.04615281522274017,0.049246031790971756,0.05194830149412155
0.05437061935663223,0.056622281670570374,0.05880125239491463
0.06100212410092354,0.0632994994521141,0.06570430099964142,0.06812810897827148
0.0703858807682991,0.0722428411245346,0.07348402589559555,0.07396610081195831
0.07363079488277435,0.07250475883483887,0.07070939242839813,0.06846205145120621
0.06604395806789398,0.06374154984951019,0.0617903433740139,0.0603393018245697
0.059426452964544296,0.05896056443452835,0.05872145667672157,0.0583820603787899
0.05754683539271355,0.055800944566726685
0.05275991931557655,0.04811658337712288,0.04168626666069031,0.03344178944826126
0.02352704107761383,0.012242566794157028,-1.9222497940063477e-06,-0.01275242306292057
-0.025556715205311775,-0.037988655269145966,-0.04967026039958,-0.06028738617897034
-0.06959691643714905,-0.07742704451084137,-0.08366475999355316,-0.08823558688163757
-0.09108629077672958,-0.09217361360788345,-0.0914580225944519,-0.08892526477575302
-0.08464635163545609,-0.07882547378540039,-0.07180134952068329
-0.06401729583740234,-0.05597615987062454,-0.048192139714956284,-0.041140176355838776
-0.03519587963819504,-0.030589468777179718,-0.027404043823480606,-0.02560725063085556
-0.025084376335144043,-0.02565361000597477,-0.027070648968219757,-0.029054265469312668
-0.03133666142821312,-0.03370434045791626,-0.03601285070180893,-0.0381828248500824
-0.040187008678913116,-0.04202989488840103,-0.04371820390224457,-0.045235250145196915
-0.04653197154402733,-0.04752824082970619,-0.048113953322172165
-0.04815954715013504,-0.047552574425935745,-0.04624437168240547,-0.04427028074860573
-0.04173090681433678,-0.038757435977458954,-0.03549029305577278,-0.032066576182842255
-0.028593983501195908,-0.02512236125767231,-0.021637752652168274,-0.01806548610329628
-0.014279955998063087,-0.01015559770166874,-0.005626260302960873,-0.0006895698606967926
0.004616504535079002,0.010221126489341259,0.016018670052289963,0.021867860108613968
0.027600154280662537,0.03304421156644821,0.0380575992166996
0.0425499752163887,0.04649493098258972,0.049938447773456573,0.05299278721213341
0.05580269545316696,0.05850235000252724,0.06118587404489517,0.0638933777809143
0.06660289317369461,0.06922339648008347,0.07159793376922607,0.0735289603471756
0.07483046501874924,0.07539191097021103,0.07521507143974304,0.07440468668937683
0.07313700765371323,0.07162842154502869,0.07010926306247711,0.06880077719688416
0.06788335740566254,0.06745149195194244,0.06746713072061539
0.06773845851421356,0.06794951856136322,0.06772203743457794,0.0666627511382103
0.06438770890235901,0.06055987998843193,0.05495743080973625,0.04753997176885605
0.038470834493637085,0.0280781053006649,0.016774751245975494,0.004992106929421425
-0.006854440551251173,-0.01839495822787285,-0.029330143705010414,-0.03943806141614914
-0.048565059900283813,-0.05660097301006317,-0.06344658136367798,-0.06899195164442062,-0.07311087846755981
0.004792795516550541,0.004395158961415291,0.004002184607088566,0.0036330900620669127
0.0033033336512744427,0.003023908706381917,0.0027993919793516397,0.002626260742545128,0.0024920026771724224,0.0023750218097120523,0.0022471195552498102,0.0020792775321751833,0.0018488614587113261,0.001546324579976499,0.0011810878058895469
0.0007856577285565436,0.00041425228118896484,0.00013289843627717346,3.4669978958845604e-06
6.838653644081205e-05,0.0003409974160604179,0.0008033907506614923,0.0014120149426162243
0.0021083559840917587,0.0028312020003795624,0.00352778029628098,0.004160144831985235,0.004704788327217102,0.00514818774536252,0.005483017768710852,0.00570731470361352,0.00582466833293438,0.005841107573360205,0.005759881809353828,0.005582393147051334,0.0053166477009654045,0.004984366707503796,0.004619482439011335
0.004258277360349894,0.003928738180547953,0.0036458673421293497,0.0034118848852813244,0.003218441503122449,0.0030493508093059063,0.0028835947159677744,0.0027000103145837784
0.0024828945752233267,0.0022258819080889225,0.0019337235717102885,0.0016221245750784874
0.0013141791569069028,0.0010334814433008432,0.0007973515312187374,0.0006135191069915891
0.00048081731074489653,0.0003924814227502793,0.00033967726631090045,0.00031356955878436565,0.00030605861684307456,0.00030976091511547565,0.00031779438722878695
0.0003242923994548619,0.00032566103618592024,0.0003213354793842882,0.00031324831070378423
0.00030440802220255136,0.0002975947572849691,0.0002947963948827237,0.0002967935870401561,0.0003019321011379361,0.0003048461221624166,0.0002973054361063987,0.00027141321334056556,0.00022307697508949786,0.00015474467363674194,7.800175808370113e-05,1.6105102986330166e-05,4.0463187360728625e-06,8.283263741759583e-05,0.00028880633180961013,0.0006427405751310289,0.0011432566680014133,0.001766401226632297,0.00246938643977046
0.003196560777723789,0.003888931358233094,0.004496144596487284,0.004985293839126825
0.005342619959264994,0.005568602588027716,0.005670891143381596,0.005660362541675568
0.005550649017095566,0.005358842667192221,0.005105787422508001,0.004814303945749998
0.00450658705085516,0.0042028408497571945,0.0039205122739076614,0.0036740172654390335
0.0034751130733639,0.0033325941767543554,0.0032496582716703415,0.0032195160165429115
0.0032235512044280767,0.003234078176319599,0.003218321828171611
0.0031414867844432592,0.0029709043446928263,0.00268363649956882,0.0022762168664485216
0.0017723784549161792,0.001224714214913547,0.0007066084071993828,0.00029524590354412794
5.2147686801617965e-05,8.046441507758573e-06,0.00015755710774101317,0.0004653148353099823
0.0008796813199296594,0.0013475845335051417,0.0018243658123537898,0.002276727696880698
0.002682057674974203,0.0030267892871052027,0.003303753910586238,0.0035092781763523817
0.0036412898916751146,0.003698992542922497,0.0036844112910330296
0.003604352241382003,0.003470723982900381,0.0032995883375406265,0.003109809011220932
0.002920394064858556,0.0027462905272841454,0.0025947829708456993,0.00246420013718307
0.0023446667473763227,0.002220879541710019,0.002076653530821204,0.0018996709259226918
0.0016849781386554241,0.001436585676856339,0.0011674421839416027,0.000897421850822866
0.0006486158818006516,0.00043935078429058194,0.00027937040431424975,0.00016838533338159323
-0.009929630905389786,-0.007678988389670849,-0.006235414184629917
-0.005511782132089138,-0.005347585305571556,-0.005549196619540453,-0.005929821170866489
-0.006344683468341827,-0.006713183596730232,-0.007021638099104166,-0.007311818189918995,-0.007660591509193182,-0.008149132132530212,-0.008827276527881622,-0.009686932899057865,-0.010651258751749992,-0.011578908190131187,-0.012283364310860634,-0.012561500072479248
-0.012218384072184563,-0.011082136072218418,-0.009011349640786648,-0.005905533209443092,-0.0017257342115044594,0.003482490312308073,0.009573319926857948
0.01630808599293232,0.023397453129291534,0.030555009841918945,0.0375274159014225
0.04409152269363403,0.050045762211084366,0.055228590965270996,0.05954619497060776
0.06297015398740768,0.0655074194073677,0.06717254221439362,0.06798350811004639
0.06797780096530914,0.06722716242074966,0.06583766639232635,0.06393401324748993
0.06164706125855446,0.059127990156412125,0.05656326562166214,0.05414930731058121
0.05204307660460472,0.050329193472862244,0.04901602864265442
0.048041731119155884,0.047273676842451096,0.046516142785549164,0.045532580465078354
0.04406987130641937,0.04188673198223114,0.03878473863005638,0.034630436450242996
0.029371364042162895,0.02305007167160511,0.015799617394804955,0.00781845673918724
-0.0006502754986286163,-0.009335554204881191,-0.017968807369470596,-0.026315877214074135
-0.03419099375605583,-0.04145541787147522,-0.04801275581121445,-0.05381065979599953
-0.058843303471803665,-0.06313569843769073,-0.06671658158302307
-0.06960418820381165,-0.07180708646774292,-0.07333190739154816,-0.07419699430465698
-0.0744425356388092,-0.07413242757320404,-0.07335273176431656,-0.0722002387046814
-0.07076762616634369,-0.06913614273071289,-0.06736159324645996,-0.06545323878526688
-0.06336730718612671,-0.061018459498882294,-0.05829911306500435,-0.055100273340940475
-0.05133304372429848,-0.046958208084106445,-0.04201791435480118,-0.036644257605075836
-0.03104136884212494,-0.02546362765133381,-0.02019495517015457
-0.01551475003361702,-0.01165330782532692,-0.008758450858294964,-0.006879949942231178
-0.0059611075557768345,-0.005843935534358025,-0.006302980240434408,-0.0070974756963551044,-0.00801294855773449,-0.00887729600071907,-0.009570807218551636
-0.010044299066066742,-0.010321582667529583,-0.01046952698379755,-0.01055162400007248
-0.010593168437480927,-0.010575043968856335,-0.010443272069096565,-0.010104862041771412
-0.009415359236299992,-0.00819731317460537,-0.006289116106927395,-0.0035832133144140244
-2.9063783586025238e-05,0.004383955150842667,0.00961857195943594,0.015552185475826263
0.0219692625105381,0.028610901907086372,0.03524240851402283,0.041698239743709564
0.0478813573718071,0.05371804162859917,0.05912118777632713,0.06400255858898163
0.06829971820116043,0.07197774946689606,0.07501140981912613,0.07736693322658539
0.07899829745292664,0.07986126840114594,0.07993517816066742,0.07924128323793411,0.07785008102655411,0.07588106393814087,0.07350189983844757
0.07091675698757172,0.06833656877279282,0.06594399362802505,0.0638660117983818,0.062160953879356384,0.060817427933216095,0.05975258722901344,0.0588109977543354
0.057778578251600266,0.05641097202897072,0.054459601640701294,0.05169468745589256
0.04793873801827431,0.04310049116611481,0.0371926985681057,0.030330155044794083,0.022701259702444077,0.014524290338158607,0.00601644441485405,-0.0026173796504735947,-0.011187922209501266,-0.019527863711118698,-0.02750052511692047
-0.03500278294086456,-0.041957125067710876,-0.04829477518796921,-0.05394294485449791
-0.05882280319929123,-0.0628545731306076,-0.06597722321748734,-0.06817035377025604
-0.06945198029279709,-0.06987083703279495,-0.0695185512304306,-0.06854499876499176
-0.06715226918458939,-0.06555917114019394,-0.06394347548484802,-0.06239119917154312
-0.060887597501277924,-0.05934904143214226,-0.057663220912218094,-0.0557117760181427
-0.05337510630488396,-0.05054531991481781,-0.047166552394628525
-0.043280813843011856,-0.039042603224515915,-0.03469012677669525,-0.030490441247820854
-0.026689676567912102,-0.023483052849769592,-0.020993389189243317,-0.019252825528383255
-0.018194591626524925,-0.01766163483262062,-0.01744256727397442,-0.017328791320323944
-0.017164038494229317,-0.016870077699422836,-0.016457345336675644,-0.016014806926250458
-0.015659015625715256,-0.015479013323783875,-0.015526990406215191,-0.015823081135749817
-0.016346242278814316,-0.017033860087394714,-0.017778923735022545
-0.01841772347688675,-0.01874459534883499,-0.01855408400297165,-0.017677828669548035
-0.016002707183361053,-0.01346642803400755,-0.01004289835691452,-0.005744161084294319
-0.0006440728902816772,0.00510874018073082,0.011332760564982891,0.017886683344841003
0.024684490635991096,0.0316309817135334,0.03856205567717552,0.0452597513794899
0.05152025818824768,0.05720118060708046,0.062186405062675476,0.0662994533777237
0.0692896693944931,0.07093691825866699,0.07118137180805206
0.07017523050308228,0.06823572516441345,0.06580732762813568,0.06347678601741791
0.061840008944272995,0.061218276619911194,0.061501722782850266,0.06216452643275261
0.06245825067162514,0.061784449964761734,0.05989318713545799,0.056744083762168884
0.052309345453977585,0.046542178839445114,0.039530713111162186,0.03167618438601494
0.02365664578974247,0.01612558774650097,0.00939556397497654,0.0033968836069107056
-0.0021338993683457375,-0.007437015883624554,-0.012610068544745445
-0.01768815889954567,-0.022772330790758133,-0.027968090027570724,-0.03320448845624924
-0.0381135419011116,-0.04213511943817139,-0.0448344387114048,-0.046129170805215836
-0.046267542988061905,-0.045643579214811325,-0.04460109397768974,-0.04336729645729065
-0.04210897162556648,-0.04104261472821236,-0.040470514446496964,-0.04062023013830185
-0.04144224151968956,-0.042557716369628906,-0.04339272528886795,-0.043441686779260635
-0.0424230694770813,-0.040224794298410416,-0.036819856613874435
-0.03229387477040291,-0.026993509382009506,-0.021632663905620575,-0.01717309094965458
-0.014516016468405724,-0.014205589890480042,-0.016359083354473114,-0.02075900509953499,-0.026935579255223274,-0.03431353718042374,-0.04230066016316414,-0.050152335315942764,-0.05691757798194885,-0.06165345385670662,-0.06376208364963531,-0.06327064335346222,-0.060765065252780914,-0.05691317096352577,-0.051983002573251724,-0.04578008875250816,-0.03800147399306297,-0.028620973229408264,-0.017959928140044212
-0.006425989791750908,0.005756169557571411,0.01848783902823925,0.03148884326219559
0.04406154900789261,0.05516800656914711,0.06382530182600021,0.06948545575141907
0.07209913432598114,0.07192717492580414,0.06932464241981506,0.06470312178134918
0.05868636444211006,0.05219037085771561,0.04621119424700737,0.04145969823002815
0.03814470395445824,0.03606301173567772,0.035023245960474014,0.03526761010289192
0.03730124607682228,0.0413292795419693,0.04692663997411728
0.05297737568616867,0.05797979608178139,0.06069343909621239,0.06044502556324005
0.05691959336400032,0.04996872320771217,0.03973546624183655,0.026959456503391266
0.01309162750840187,-4.985928535461426e-05,-0.010978939943015575,-0.018993524834513664,-0.023941202089190483,-0.025770198553800583,-0.02433994598686695,-0.019493073225021362
-0.011375410482287407,-0.0006158081814646721,0.011952330358326435,0.025651048868894577
0.040032923221588135,0.0546315535902977,0.06862393766641617
0.08077685534954071,0.08975205570459366,0.09453628957271576,0.09463218599557877,0.08996115624904633,0.08076148480176926,0.06751323491334915,0.050939857959747314,0.032156310975551605,0.012654859572649002,-0.005990751087665558,-0.02249213680624962,-0.03609222173690796,-0.04651027172803879
-0.05368386209011078,-0.057683251798152924,-0.05893922224640846,-0.05847499892115593
-0.057795245200395584,-0.058465320616960526,-0.06160905212163925,-0.0676770806312561
-0.07662829756736755,-0.08804965764284134,-0.10108351707458496,-0.11455333232879639
-0.1271333396434784,-0.13735732436180115,-0.14373824000358582,-0.14507456123828888
-0.14080213010311127,-0.1312505602836609,-0.11754566431045532,-0.10107312351465225
-0.08295466750860214,-0.06401998549699783,-0.04505791515111923,-0.026904240250587463
-0.010260656476020813,0.004625704139471054,0.017987597733736038,0.0300969909876585
0.0408451221883297,0.04971188306808472,0.05610856041312218,0.05982446298003197
0.06115758419036865,0.06063766032457352,0.05867559835314751,0.0555017925798893
0.051401734352111816,0.04700104147195816,0.04326574131846428,0.04095861688256264
0.040047064423561096,0.0397355742752552,0.039010968059301376,0.03740518167614937
0.03527180850505829,0.03295289725065231,0.029940124601125717,0.02505115233361721
0.017129480838775635,0.005835916846990585,-0.007962137460708618,-0.022778550162911415
-0.037533849477767944,-0.051920417696237564,-0.06576630473136902
-0.07820110768079758,-0.08755244314670563,-0.09213906526565552,-0.09137994796037674
-0.086032435297966,-0.0773211121559143,-0.06610648334026337,-0.05270085483789444
-0.03728686645627022,-0.020577870309352875,-0.003818519413471222,0.011946456506848335
0.026435162872076035,0.04000183939933777,0.05305483192205429,0.06569185853004456
0.07782845199108124,0.0894584059715271,0.10061224550008774,0.11102984845638275
0.12008318305015564,0.12698128819465637,0.1309063732624054
0.13128957152366638,0.12820860743522644,0.12249407917261124,0.11542440205812454
0.10817793756723404,0.10149204730987549,0.09574075043201447,0.09111236035823822
0.08744212239980698,0.08375673741102219,0.0783746987581253,0.06965603679418564
0.056592222303152084,0.03906695544719696,0.017650030553340912,-0.006935453042387962
-0.03386184945702553,-0.06205281242728233,-0.0903579369187355,-0.11759204417467117
-0.14251381158828735,-0.16407525539398193,-0.18171659111976624
-0.19548173248767853,-0.20579546689987183,-0.21285030245780945,-0.2159469872713089
-0.21351167559623718,-0.20390591025352478,-0.18613632023334503,-0.160032719373703
-0.1260778158903122,-0.08513210713863373,-0.0385766476392746,0.011276371777057648
0.0612412765622139,0.10786717385053635,0.14826542139053345,0.18070760369300842
0.20460599660873413,0.22001279890537262,0.22717002034187317,0.2265070378780365
0.2188689410686493,0.20556268095970154,0.18803483247756958
0.1672670692205429,0.14358918368816376,0.1171388179063797,0.0882563367486
0.05758151412010193,0.02587750554084778,-0.006330840289592743,-0.038695648312568665
-0.07057567685842514,-0.10083623975515366,-0.12810662388801575,-0.15120263397693634
-0.16945065557956696,-0.18278145790100098,-0.19139304757118225,-0.1952749341726303
-0.19433444738388062,-0.18898144364356995,-0.1804305762052536,-0.1702563464641571
-0.15932220220565796,-0.14721734821796417,-0.13291917741298676
-0.11583811044692993,-0.09620559215545654,-0.07461381703615189,-0.05133625119924545
-0.02619558572769165,0.0008454695343971252,0.028949998319149017,0.05646834895014763
0.08173912018537521,0.10379894077777863,0.12262531369924545,0.1386568248271942
0.1520286202430725,0.1624772846698761,0.16968227922916412,0.17347851395606995
0.17391857504844666,0.17112646996974945,0.1650235503911972,0.1551913022994995
0.14117315411567688,0.12306515127420425,0.10180149227380753
0.07896913588047028,0.05614375323057175,0.03420976549386978,0.013522598892450333
-0.0055390577763319016,-0.022426461800932884,-0.0366072915494442,-0.04798000305891037
-0.05705217272043228,-0.06449435651302338,-0.0706440880894661,-0.07551538199186325
-0.07920054346323013,-0.08213356882333755,-0.08497875928878784,-0.08837854862213135
-0.0926416665315628,-0.09760546684265137,-0.10280557721853256,-0.10760273784399033
-0.11128455400466919,-0.11317061632871628,-0.1125098466873169
-0.10839078575372696,-0.09990864247083664,-0.08658021688461304,-0.06869105994701385
-0.04710552841424942,-0.022707082331180573,0.003924600780010223,0.03230650722980499
0.06162652373313904,0.09061124920845032,0.11777438223361969,0.14189456403255463
0.1622917801141739,0.17852282524108887,0.18998266756534576,0.19588834047317505
0.19557851552963257,0.1889934241771698,0.17686453461647034,0.16031387448310852
0.14031882584095,0.1175263524055481,0.09240507334470749
0.06547258049249649,0.037401266396045685,0.008805755525827408,-0.0200873501598835
-0.0492885559797287,-0.07863395661115646,-0.10762803256511688,-0.13543418049812317
-0.16104820370674133,-0.1835862547159195,-0.20238982141017914,-0.21695546805858612
-0.22670051455497742,-0.2308710217475891,-0.22893327474594116,-0.22104331851005554,-0.2080232948064804,-0.19074717164039612,-0.16960524022579193,-0.14471903443336487
-0.11652585864067078,-0.08610329031944275,-0.05491107702255249
-0.024101130664348602,0.005802694708108902,0.03461458534002304,0.06206783652305603
0.08766574412584305,0.11096621304750443,0.1319018006324768,0.1507219672203064
0.16762816905975342,0.18236832320690155,0.1942078173160553,0.20221632719039917
0.2055603712797165,0.2037874162197113,0.19676409661769867,0.18431377410888672,0.16612671315670013
0.14193859696388245,0.11188898980617523,0.07686763256788254,0.038395486772060394
-0.0017876438796520233,-0.04201972484588623,-0.08074820041656494,-0.11631940305233002
-0.14681509137153625,-0.1702786087989807,-0.18537947535514832,-0.19190435111522675,-0.19056370854377747,-0.18252459168434143,-0.16901779174804688,-0.1511184126138687,-0.12983734905719757,-0.10618136823177338,-0.08099065721035004,-0.05484497547149658
-0.028155766427516937,-0.0013679414987564087,0.024902744218707085,0.049855444580316544
0.0725560411810875,0.09211863577365875,0.10795177519321442,0.11991859972476959,0.1282534897327423
0.1332675963640213,0.13527852296829224,0.13484489917755127,0.13291090726852417
0.13055504858493805,0.12837402522563934,0.1261124610900879,0.1229424998164177
0.11800709366798401,0.11075253039598465,0.10086631774902344,0.08808200806379318
0.07223788648843765,0.05358438193798065,0.03307819366455078,0.012232091277837753
-0.007457327097654343,-0.024952370673418045,-0.03981504216790199,-0.052015915513038635
-0.0615520216524601,-0.06836414337158203,-0.07257134467363358
-0.0747058317065239,-0.07565096020698547,-0.07620525360107422,-0.07672765851020813
-0.07713335007429123,-0.0771666094660759,-0.07673518359661102,-0.07593327760696411
-0.07490140199661255,-0.07372437417507172,-0.07230150699615479,-0.07046592235565186
-0.06821189075708389,-0.06559868156909943,-0.062479227781295776,-0.05830181762576103
-0.05223372206091881,-0.043675746768713,-0.032671764492988586,-0.019760195165872574
-0.005461540073156357,0.009911945089697838,0.025924764573574066
0.04166019707918167,0.055691394954919815,0.06653589010238647,0.07327788323163986
0.07570119202136993,0.07403847575187683,0.06876221299171448,0.06053108349442482
0.05029170215129852,0.03926439210772514,0.02869819849729538,0.01958221010863781
0.012374946847558022,0.006844366900622845,0.0021560145542025566,-0.0027482546865940094
-0.008732165209949017,-0.016377737745642662,-0.026093024760484695,-0.03813404217362404
-0.05248543247580528,-0.06864255666732788,-0.08557981997728348
-0.10201804339885712,-0.11677134782075882,-0.12896770238876343,-0.13797752559185028
-0.143193781375885,-0.14394252002239227,-0.13961295783519745,-0.12998327612876892
-0.11537351459264755,-0.09644412249326706,-0.07398105412721634,-0.04879895597696304
-0.02176782861351967,0.006098899990320206,0.03369521722197533,0.05992147698998451
0.08377052843570709,0.10443094372749329,0.12129690498113632,0.1339397132396698
0.14211946725845337,0.14583046734333038,0.14535783231258392
0.14129891991615295,0.13451462984085083,0.12586647272109985,0.11593218892812729
0.10508257895708084,0.09370560944080353,0.08230303972959518,0.07136832922697067
0.06102316826581955,0.05086550861597061,0.040258727967739105,0.028730269521474838
0.016175992786884308,0.0027043819427490234,-0.01163819245994091,-0.026890374720096588
-0.04298022761940956,-0.059496890753507614,-0.07566387951374054,-0.09056252241134644
-0.10338053852319717,-0.11353792250156403,-0.1206037774682045
-0.12414243072271347,-0.1237020418047905,-0.11887408047914505,-0.10942542552947998
-0.09545940160751343,-0.07738051563501358,-0.05569648742675781,-0.03090066835284233
-0.0036170482635498047,0.02514866553246975,0.0539817214012146,0.08128688484430313
0.1056535542011261,0.12606292963027954,0.14172664284706116,0.15192514657974243
0.156131774187088,0.15428516268730164,0.146972194314003,0.13526959717273712
0.120322085916996,0.10301242768764496,0.08396192640066147
0.06376921385526657,0.043101243674755096,0.022561457008123398,0.0025456659495830536
-0.01679455302655697,-0.03536184877157211,-0.05289106070995331,-0.06895057111978531
-0.08304298669099808,-0.09474711865186691,-0.10381843149662018,-0.11011344194412231
-0.11347845941781998,-0.1137278825044632,-0.11075390875339508,-0.10469887405633926
-0.09602885693311691,-0.08549227565526962,-0.07389945536851883,-0.061836838722229004
-0.049631517380476,-0.03751194477081299,-0.02577253431081772
-0.014791108667850494,-0.0048314593732357025,0.004091828595846891,0.012108534574508667
0.019272634759545326,0.025440312922000885,0.030438529327511787,0.03433515504002571
0.0374671034514904,0.04023227468132973,0.042878422886133194,0.04546390101313591
0.0479254424571991,0.05012812837958336,0.05186422914266586,0.0528077632188797
0.05255381390452385,0.05072467401623726,0.047050535678863525,0.041536856442689896
0.03459400311112404,0.02691994607448578,0.01923806220293045
0.012065846472978592,0.00568742398172617,0.00027894601225852966,-0.004038804676383734
-0.0072435038164258,-0.009510491043329239,-0.01122978050261736,-0.012826521880924702
-0.014582988806068897,-0.016605230048298836,-0.018911737948656082,-0.021526239812374115
-0.024414032697677612,-0.027378180995583534,-0.030078480020165443,-0.032159365713596344
-0.03343615680932999,-0.03400430828332901,-0.03418273478746414,-0.034310974180698395
-0.03454522788524628,-0.03484036773443222,-0.03499342128634453
-0.034646205604076385,-0.03333570808172226,-0.030538421124219894,-0.025759922340512276
-0.018680771812796593,-0.00920432060956955,0.0025017131119966507,0.015927575528621674
0.030262421816587448,0.04458288848400116,0.05806445702910423,0.0700380951166153
0.07992036640644073,0.08716437220573425,0.09128421545028687,0.09197349101305008
0.0891578420996666,0.08288144320249557,0.07320546358823776,0.06022106111049652
3.383585135452449e-05,5.2374951337696984e-05,7.586917490698397e-05,0.00010290876525687054,0.00013144768308848143,0.00015903297753538936,0.0001830171822803095,0.00020087537996005267,0.00021044797904323786,0.00021005306916777045,0.00019857673032674938,0.00017596279212739319,0.00014427199494093657,0.00010804930207086727,7.27987862774171e-05,4.2820382077479735e-05
2.043417225650046e-05,6.408459739759564e-06,4.06755845006046e-07,1.2221532870171359e-06,7.048559837130597e-06,1.586781581863761e-05,2.5701716367620975e-05,3.4633361792657524e-05,4.0988750697579235e-05,4.375587741378695e-05,4.274152161087841e-05,3.825721796602011e-05,3.090640893788077e-05,2.1843470676685683e-05,1.2870899809058756e-05,5.810632046632236e-06
1.6164061662493623e-06,7.639214061327948e-08,2.6914861450677563e-07,1.2468948398236535e-06,2.4600979031674797e-06,3.8324747038132045e-06,5.68497716812999e-06
8.684064596309327e-06,1.386679559800541e-05,2.267773925268557e-05,3.677502172649838e-05
5.732888530474156e-05,8.399248326895759e-05,0.0001143901827163063,0.0001445646194042638
0.0001698697597021237,0.00018620175251271576,0.00019143342797178775,0.00018599499890115112
0.00017232957179658115,0.00015388743486255407,0.00013393661356531084,0.00011454201012384146
9.639652125770226e-05,7.940414070617408e-05,6.32778464932926e-05,4.7935554903233424e-05
3.3739994250936434e-05,2.1469890270964243e-05,1.200662609335268e-05
5.787537247670116e-06,2.4352013952011475e-06,1.0093494893226307e-06,5.907261311222101e-07
6.798403546781628e-07,1.1581641956581734e-06,1.8758365740723093e-06,2.3454281290469225e-06
1.9901356154150562e-06,8.187901130440878e-07,4.2538869649000333e-10,1.7302796777585172e-06
8.002852155186702e-06,1.8643191651790403e-05,3.027487764484249e-05,3.769027171074413e-05
3.684672628878616e-05,2.7503861929289997e-05,1.3811147255182732e-05,2.6486097794986563e-06
6.498410698441148e-07,1.097333642974263e-05,3.1357125408248976e-05
5.48123280168511e-05,7.293994713108987e-05,7.992896280484274e-05,7.470348646165803e-05
6.0330366977723315e-05,4.18639974668622e-05,2.4238745027105324e-05,1.0877749446080998e-05
3.0656538001494482e-06,1.5471883330064884e-07,5.343018187886628e-07,2.6765642360260244e-06
5.511151357495692e-06,8.213149158109445e-06,1.0134250260307454e-05,1.113930375140626e-05
1.1788373740273528e-05,1.3125712939654477e-05,1.653637627896387e-05,2.3972666895133443e-05
3.832394941127859e-05,6.344814755721018e-05,0.00010360686428612098
0.00016230183246079832,0.00024040525022428483,0.00033410527976229787,0.0004340514715295285
0.0005267186788842082,0.0005978800472803414,0.0006362131680361927,0.0006353287026286125
0.0005947872996330261,0.0005206259666010737,0.00042471339111216366,0.0003218045749235898
0.00022517646721098572,0.00014377711340785027,8.186471677618101e-05,3.9841987018007785e-05
1.5198654182313476e-05,3.5884283988707466e-06,1.2582994202148257e-07,4.6898057348698785e-07
1.4237823506846325e-06,1.3318255014382885e-06,3.6128892588749295e-07
1.3726862846397125e-07,2.6430020625412e-06,9.087249964068178e-06,1.928226811287459e-05
3.16330224450212e-05,4.356225690571591e-05,5.2358464017743245e-05,5.6280539865838364e-05
5.532443174161017e-05,5.110606798552908e-05,4.593235644279048e-05,4.173598426859826e-05,3.95559000025969e-05,3.966654549003579e-05,4.186941441730596e-05,4.556030762614682e-05
4.9624832172412425e-05,5.246598811936565e-05,5.251503534964286e-05,-0.007003656588494778,-0.006520177237689495,-0.005834819283336401,-0.004989784210920334
-0.004015965852886438,-0.0029335692524909973,-0.0017572571523487568,-0.0004901285283267498
0.0008890499593690038,0.002423790516331792,0.004152248613536358,0.006069321651011705
0.008106810040771961,0.010148320347070694,0.012064079754054546,0.01373089849948883
0.015030093491077423,0.015851125121116638,0.01612219586968422,0.015857985243201256
0.015184827148914337,0.014311324805021286,0.013468760997056961,0.012860153801739216
0.012614232487976551,0.01274937205016613,0.01317763514816761
0.013740874826908112,0.01424768939614296,0.014505625702440739,0.014353631995618343
0.013689382933080196,0.01248691976070404,0.010802551172673702,0.008764225989580154
0.006551205180585384,0.004369635134935379,0.0024199686013162136,0.0008643113542348146
-0.0001952692400664091,-0.0007205778383649886,-0.0007292607333511114,-0.0002932308125309646
0.00046710361493751407,0.0014159856364130974,0.0024455860257148743,0.003492460586130619
0.004522840958088636,0.0055100880563259125,0.006423282437026501
0.00723214540630579,0.007913023233413696,0.008442319929599762,0.00879300944507122,0.008946661837399006,0.008910613134503365,0.0087288748472929,0.008473624475300312
0.008212845772504807,0.007980985566973686,0.00778160709887743,0.007615803275257349
0.007500375155359507,0.007449966389685869,0.007442448288202286,0.007406318094581366,0.007241679821163416,0.006858948618173599,0.006213725544512272,0.005319096613675356
0.004226676654070616,0.002992879133671522,0.0016617740038782358
0.0002689538523554802,-0.0011548309121280909,-0.0025875638239085674,-0.004019460175186396
-0.005448361858725548,-0.0068658506497740746,-0.00824451819062233,-0.009534834884107113
-0.01066777016967535,-0.011562714353203773,-0.0121463593095541,-0.01237616315484047
-0.012253087013959885,-0.011816566810011864,-0.011126073077321053,-0.010245573706924915
-0.00924015138298273,-0.008166548795998096,-0.007053175009787083,-0.00589552940800786
-0.004672937095165253,-0.003371795639395714,-0.0020028636790812016
-0.0006029424257576466,0.0007693364750593901,0.002032330259680748,0.0030898344703018665
0.0038551590405404568,0.004272259771823883,0.004329847637563944,0.0040719942189753056,0.003592369845137,0.0030080326832830906
0.0024353363551199436,0.0019868977833539248,0.0017603141022846103,0.0017882026731967926
0.001989752519875765,0.0021769520826637745,0.0021130109671503305,0.0015853591030463576
0.0004634243668988347,-0.001270228996872902,-0.003523876890540123,-0.006127775646746159
-0.008861664682626724,-0.011474281549453735,-0.013719222508370876,-0.015401419252157211
-0.0164109468460083,-0.01673952490091324,-0.01647397316992283,-0.015765555202960968
-0.014792284928262234,-0.013721145689487457,-0.012671709060668945,-0.011693068780004978
-0.010757937096059322,-0.009778451174497604,-0.008648705668747425,-0.007291613146662712
-0.005683253984898329,-0.0038563269190490246,-0.0018949871882796288,7.635192014276981e-05
0.0019099621567875147,0.003458625404164195,0.004606327507644892,0.005294052883982658
0.005526173859834671,0.005354326218366623,0.004855336621403694,0.004118938930332661
0.0032364274375140667,0.002280306536704302,0.00128714251331985,0.00026632228400558233
-0.0007712766528129578,-0.0018024060409516096,-0.002805267460644245,-0.0037721486296504736
-0.004713338799774647,-0.005650120787322521,-0.006591816432774067,-0.007513036020100117,-0.00835337582975626,-0.009044833481311798,-0.009544617496430874,-0.009840784594416618
-0.009933089837431908,-0.009819475933909416,-0.009502287954092026
-0.009000984951853752,-0.008346404880285263,-0.007556374184787273,-0.006629961542785168
-0.005573853384703398,-0.004425648134201765,-0.0032491222955286503,-0.0021124188788235188
-0.0010677780956029892,-0.0001372318947687745,0.0006974598509259522,0.001490932540036738
0.002311310265213251,0.0032143930438905954,0.004229634068906307,0.005357889458537102
0.006569862365722656,0.007801269181072712,0.008960399776697159,0.009948406368494034
0.01067882776260376,0.011096812784671783,0.011191760189831257
0.010996658354997635,0.010586363263428211,0.01007064525038004,0.009560312144458294
0.009120483882725239,0.008746786043047905,0.008375681936740875,0.007921559736132622
0.007319783791899681,0.0065539442002773285,0.005663374438881874,0.004730564542114735
0.003860305529087782,0.0031724581494927406,0.0027991279494017363,0.0028612276073545218
0.0034211152233183384,0.004436652176082134,0.0057587637566030025,0.0071817366406321526
0.00850501749664545,0.009565772488713264,0.010244432836771011
0.010472888126969337,0.010253065265715122,0.009671220555901527,0.008896922692656517
0.008151903748512268,0.007653877139091492,0.007566673215478659,0.007965737953782082
0.008819136768579483,0.009996672160923481,0.011306132189929485,0.012538125738501549
0.01350039429962635,0.014046053402125835,0.014106198213994503,0.013705787248909473
0.012945365160703659,0.01196528971195221,0.010910620912909508,0.00989864207804203
0.008992616087198257,0.008196189068257809,0.007469987031072378
0.00675240671262145,0.005975781008601189,0.005077284760773182,0.004009160213172436
0.0027601970359683037,0.0013729133643209934,-6.894557736814022e-05,-0.0014684107154607773
-0.002738575218245387,-0.003822392551228404,-0.004707994870841503,-0.005431167781352997
-0.006057325750589371,-0.0066564022563397884,-0.007290258537977934,-0.008004363626241684
-0.00881502777338028,-0.009694550186395645,-0.010560248047113419,-0.011283813044428825
-0.011727111414074898,-0.011791420169174671,-0.01145060732960701
-0.010743729770183563,-0.009741456247866154,-0.00851750560104847,-0.007140445057302713
-0.005680959206074476,-0.004219898022711277,-0.0028495807200670242,-0.0016683917492628098
-0.0007710454519838095,-0.00022869498934596777,-5.803979001939297e-05,-0.00021512183593586087
-0.0006350686890073121,-0.001277096918784082,-0.002134314039722085,-0.0032145516015589237
-0.004518911242485046,-0.00602502329275012,-0.007672982290387154,-0.009373875334858894
-0.011041686870157719,-0.012611452490091324,-0.01403011567890644
-0.015246632508933544,-0.016221772879362106,-0.016948185861110687,-0.017454873770475388
-0.017779726535081863,-0.017934057861566544,-0.017904076725244522,-0.01768016815185547
-0.017269786447286606,-0.016695275902748108,-0.015990154817700386,-0.015183225274085999
-0.014278878457844257,-0.013260360807180405,-0.012110491283237934,-0.010813632979989052
-0.009336473420262337,-0.00761987641453743,-0.005597092676907778,-0.0032341238111257553
-0.0005716322921216488,0.0022563538514077663,0.005031941458582878
0.0074931541457772255,0.009395120665431023,0.010556699708104134,0.01088216807693243
0.010376924648880959,0.009153459221124649,0.007420152425765991,0.0054560271091759205
0.003568044863641262,0.0020350762642920017,0.0010533430613577366,0.000700100907124579
0.000927129527553916,0.0015824874863028526,0.0024509865324944258,0.003301318036392331
0.003928281366825104,0.004185025580227375,0.00400345865637064,0.0033981185406446457
0.002454373287037015,0.0013066455721855164,0.0001087292330339551
-0.000998212257400155,-0.0019104665843769908,-0.0025713229551911354,-0.0029638533014804125
-0.0030973106622695923,-0.0029951296746730804,-0.0026819147169589996,-0.0021676463074982166
-0.0014346716925501823,-0.00044011964928358793,0.000858816783875227,0.0024686402175575495
0.0043377261608839035,0.00636221282184124,0.008404294028878212,0.010306952521204948,0.011912202462553978,0.013084235601127148,0.01371893472969532,0.013744419440627098
0.013143911026418209,0.011990843340754509,0.01045321673154831
0.008758665062487125,0.007140288129448891,0.005786352790892124,0.004810602404177189
0.004241772461682558,0.004028406925499439,0.004067633301019669,0.00424989266321063
0.004481015261262655,0.0046697985380887985,0.004717359319329262,0.0045343125239014626
0.004075727425515652
0.0033626072108745575,0.0024669577833265066,0.0014762980863451958,0.00046168710105121136
-0.0005403489340096712,-0.0015159874456003308,-0.002439523581415415,-0.0032534082420170307
-0.0038790281396359205,-0.004241714254021645,-0.004287763498723507,-0.003987135365605354
-0.0033331564627587795,-0.0023475580383092165,-0.00108316820114851,0.0003860100405290723
0.0019786092452704906,0.0036102784797549248,0.0051979729905724525,0.006667697802186012
0.007955474779009819,0.009009215980768204,0.009792419150471687,0.010283228009939194
0.010480314493179321,0.010414489544928074,0.010152476839721203,0.009785053320229053,0.009398805908858776,0.009050587192177773,0.008765663020312786,0.008556796237826347,0.008439662866294384
0.008425249718129635,0.008498083800077438,0.00859701819717884,0.008615167811512947
0.008427776396274567,0.00792502611875534,0.007029884494841099,0.005710294935852289,0.003991685342043638,0.001962346490472555,-0.0002334360033273697,-0.0024123876355588436
-0.004376622848212719,-0.005943862721323967,-0.006978996563702822,-0.007420551497489214
-0.007294971961528063,-0.0067153205163776875,-0.005863246042281389,-0.004953088704496622
-0.004185741301625967,-0.003702766727656126,-0.0035551446489989758
-0.003706266637891531,-0.004058110527694225,-0.004469172563403845,-0.004772590938955545
-0.00482079666107893,-0.004537501372396946,-0.003936395049095154,-0.00309903547167778,-0.002127669984474778,-0.0010956353507936,-3.482308238744736e-05,0.0010316355619579554
0.0020639856811612844,0.003010084619745612,0.003807692788541317,0.004377108067274094,0.004622325301170349,0.004446974024176598,0.0037751744966953993,0.0025654963683336973
0.0008148571942001581,-0.0014450392918661237,-0.004150840919464827
-0.007203093264251947,-0.010456559248268604,-0.013718223199248314,-0.016765311360359192
-0.019376304000616074,-0.02136458083987236,-0.022615540772676468,-0.02311147190630436
-0.02292591519653797,-0.02219775877892971,-0.02109653316438198,-0.01978420466184616
-0.018389064818620682,-0.01699882000684738,-0.015660947188735008,-0.014384161680936813
-0.013148740865290165,-0.011922892183065414,-0.010679409839212894,-0.009416934102773666
-0.008172821253538132,-0.0070094759576022625,-0.005986700765788555
-0.005144280847162008,-0.004498546943068504,-0.004037752281874418,-0.003713799873366952
-0.0034494067076593637,-0.0031629204750061035,-0.0027905034366995096,-0.002295467769727111
-0.001669642748311162,-0.0009356666123494506,-0.00014780799392610788,0.0006216011242941022
0.0013048944529145956,0.0018499200232326984,0.0022156634368002415,0.0023694708943367004
0.002296829130500555,0.002012876560911536,0.0015573949785903096,0.0009799852268770337
0.000333664589561522,-0.0003265947743784636,-0.0009485541377216578
-0.0014842938398942351,-0.0018799682147800922,-0.0020695189014077187,-0.001995454542338848
-0.001633350388146937,-0.00099064817186445,-9.707373101264238e-05,0.000999590614810586
0.002238401211798191,0.0035467203706502914,0.004840811714529991,0.0060376389883458614
0.007075112778693438,0.007929831743240356,0.008627183735370636,0.009239079430699348
0.009865417145192623,0.010594945400953293,0.01145578920841217,0.012399011291563511
0.013329077512025833,0.014142122119665146,0.014751693233847618
0.015101655386388302,0.015163159929215908,0.014930772595107555,0.014433548785746098
0.013749543577432632,0.013000519946217537,0.012321166694164276,0.01182126346975565,0.011560184881091118,0.011538972146809101,0.011705946177244186,0.011962372809648514
0.012170171365141869,0.012180726043879986,0.011877330020070076,0.011210665106773376
0.010211968794465065,0.008973645977675915,0.007610911503434181,0.00622753007337451
0.004902176558971405,0.0036945724859833717,0.0026504306588321924
0.00179765815846622,0.001139672240242362,0.0006481672171503305,0.0002677213051356375
-5.7743542129173875e-05,-0.0003516402211971581,-0.0005903452401980758,-0.0007151099853217602
-0.0006554150022566319,-0.00035423680674284697,0.00020742032211273909,0.0009944111807271838
0.0019183146068826318,0.002862307708710432,0.003713220125064254,0.004376744851469994
0.004786360077559948,0.0049159228801727295,0.0047859991900622845,0.00446089543402195
0.004035278223454952,0.003608932951465249
0.0032574119977653027,0.003011112567037344,0.0028483890928328037,0.002703053178265691
0.0024873598013073206,0.002118166768923402,0.0015301969833672047,0.0006811637431383133,-0.00044153211638331413,-0.0018130422104150057,-0.0033659376204013824,-0.004996398463845253
-0.00658788438886404,-0.008037516847252846,-0.00926814042031765,-0.010228414088487625
-0.010886995121836662,-0.011232585646212101,-0.011288045905530453,-0.011118028312921524
-0.010814470238983631,-0.010468563064932823,-0.010140631347894669
-0.009846869856119156,-0.00957702100276947,-0.009320886805653572,-0.00907202623784542,-0.008812705054879189,-0.008501419797539711,-0.008072776719927788,-0.007454592268913984
-0.006585539318621159,-0.005408821627497673,-0.003873483743518591,-0.0019788527861237526
0.0001826356165111065,0.0024347358848899603,0.004561787471175194,0.006349727511405945
0.007612492889165878,0.008211635053157806,0.008075552992522717,0.007218569982796907
0.005743653047829866,0.0038148174062371254,0.0016151294112205505
-0.0006863372400403023,-0.002948637120425701,-0.0050636595115065575,-0.006963661871850491
-0.008621599525213242,-0.010040516033768654,-0.011240017600357533,-0.012233899906277657
-0.013010390102863312,-0.013538237661123276,-0.013781114481389523,-0.013700046576559544
-0.013258674181997776,-0.012442922219634056,-0.011290030553936958,-0.009908038191497326,-0.008463169448077679
-0.0071404557675123215,-0.00610099732875824,-0.005445930175483227,-0.005184612702578306
-0.005216569639742374,-0.0053558675572276115,-0.005398394539952278,-0.005180730484426022
-0.004593403544276953,-0.003572378307580948,-0.0021074835676699877,-0.0002683158963918686
0.0017794285668060184,0.0037935383152216673,0.005515025928616524,0.006737657822668552
0.007355379872024059,0.00737509410828352,0.006889659445732832,0.006028060335665941
0.004916816484183073,0.003668554127216339,0.0023820011410862207,0.0011269720271229744
-7.556832861155272e-05,-0.0012437663972377777,-0.0023982729762792587,-0.003531223861500621,-0.004602947272360325
-0.005559616256505251,-0.0063416967168450356,-0.006882183253765106,-0.0071217673830688
-0.0070375241339206696,-0.006661091465502977,-0.006071580108255148,-0.005370712373405695
-0.004665720742195845,-0.004059060011059046,-0.0036272250581532717,-0.0033963785972446203
-0.003330410923808813,-0.003331167856231332,-0.003248210297897458,-0.00290986942127347
-0.0021770265884697437,-0.0009921758901327848,0.0006044402252882719,0.002501566894352436
0.004561531823128462,0.006639400031417608,0.008580033667385578
0.010228808969259262,0.011464593932032585,0.012232224456965923,0.01254426222294569
0.012452137656509876,0.012020761147141457,0.011328648775815964,0.010480654425919056
0.009607256390154362,0.00884805154055357,0.008333960548043251,0.008161336183547974
0.008361432701349258,0.008897513151168823,0.009689019992947578,0.010635187849402428
0.011622251942753792,0.012514842674136162,0.013161667622625828,0.013427840545773506
0.013221275061368942,0.012501556426286697,0.011287208646535873
0.009663719683885574,0.007780140265822411,0.005825042724609375,0.0039950525388121605
0.0024728928692638874,0.0014086386654525995,0.0008945198496803641,0.0009439375717192888,0.0014972478384152055,0.0024548042565584183,0.003706900868564844,0.005139882676303387
0.0066294497810304165,0.008045943453907967,0.009279923513531685,0.01026229839771986
0.01096091978251934,0.01137180533260107,0.0115108797326684,0.011395531706511974
0.011028271168470383,0.01039938721805811,0.009507408365607262
0.008387645706534386,0.00712833646684885,0.005852497648447752,0.004683495033532381
0.003733143676072359,0.003102764254435897,0.0028663529083132744,0.0030353942420333624
0.0035243781749159098,0.004150332883000374,0.004678214900195599,0.004875031299889088
0.004545507021248341,0.0035583442077040672,0.0018672531004995108,-0.0004752350505441427
-0.003313799388706684,-0.006415857467800379,-0.009526551701128483,-0.012417159974575043
-0.01490873098373413,-0.016879256814718246,-0.018262578174471855
-0.019049976021051407,-0.019296374171972275,-0.019108906388282776,-0.018602650612592697
-0.01785110868513584,-0.01687663421034813,-0.01568308286368847,-0.014285825192928314
-0.012702574953436852,-0.010931085795164108,-0.008969726972281933,-0.006869843229651451
-0.004764426965266466,-0.0028524408116936684,-0.001342227915301919,-0.0003817034885287285
-2.5388319045305252e-05,-0.00024553490220569074,-0.0009563550120219588,-0.0020375289022922516
-0.003349235514178872,-0.004740445874631405,-0.006069788709282875
-0.0072350697591900826,-0.008194360882043839,-0.00897223874926567,-0.009643560275435448
-0.01029839925467968,-0.011005907319486141,-0.011791025288403034,-0.012628300115466118
-0.01345168799161911,-0.014176364056766033,-0.014721591025590897,-0.015025864355266094
-0.015049961395561695,-0.014769555069506168,-0.01417699083685875,-0.013295330107212067
-0.01217842847108841,-0.01089492253959179,-0.009517519734799862,-0.00811872910708189
-0.006764188874512911,-0.00551099656149745,-0.004411037545651197
-0.003497505094856024,-0.002758042886853218,-0.002128253225237131,-0.0015139714814722538
-0.0008231285028159618,1.189683098345995e-05,0.0010296410182490945,0.0022451383993029594,0.0036563114263117313,0.005240174010396004,0.006936721503734589,0.008642678149044514
0.010223589837551117,0.011534078046679497,0.012442339211702347,0.01285181287676096
0.012717364355921745,0.01205857377499342,0.010963698849081993,0.0095776142552495,0.008074289187788963,0.006623019929975271,0.005354853812605143
0.0043318248353898525,0.003538367338478565,0.002907795598730445,0.00236279284581542
0.001842765137553215,0.0013152139727026224,0.0007815005956217647,0.00027513608802109957
-0.00014783110236749053,-0.00041479399078525603,-0.0004453336005099118,-0.00017748231766745448
0.00039821851532906294,0.0012202694779261947,0.002168839331716299,0.0030991474632173777
0.0038689167704433203,0.0043565318919718266,0.004486008081585169,0.004261634312570095
0.003789452603086829,0.0032557714730501175,0.0028703520074486732
0.002810174599289894,0.0031804461032152176,0.003992187324911356,0.005155621096491814
0.006497801281511784,0.007812779396772385,0.008920246735215187,0.009701600298285484
0.010113004595041275,0.010181598365306854,0.009989971294999123,0.009657534770667553
0.009313929826021194,0.009057313203811646,0.008915080688893795,0.0088352020829916
0.008706901222467422,0.008393755182623863,0.007773647550493479,0.006771774962544441
0.005377369001507759,0.003652024082839489,0.0017227181233465672
-0.0002446665894240141,-0.0020744698122143745,-0.003607745049521327,-0.004724848084151745
-0.005357137881219387,-0.005490024108439684,-0.0051603117026388645,-0.004450354725122452
-0.0034761275164783,-0.0023590819910168648,-0.0011891978792846203,-1.2933975085616112e-05,0.0011359138879925013,0.0022058456670492887,0.003143477253615856,0.0039299894124269485
0.004592255689203739,0.005177289247512817,0.005711769685149193,0.0061904205940663815
0.00011179584544152021,0.0001465895475121215,0.00017518117965664715,0.00018924909818451852
0.00018380285473540425,0.00015969335800036788,0.00012336036888882518,8.425491250818595e-05
5.093728395877406e-05,2.789946665870957e-05,1.506126773165306e-05,9.759233762451913e-06
9.628492989577353e-06,1.4558527254848741e-05,2.672660593816545e-05,4.881420318270102e-05
8.156965486705303e-05,0.0001224011357408017,0.00016562012024223804,0.000204000883968547
0.00023114384384825826,0.00024340703384950757,0.0002403540856903419,0.0002240981993963942
0.00019827317737508565,0.00016695265367161483,0.0001337681314907968,0.00010155063500860706
7.246718450915068e-05,4.811085818801075e-05,2.9331424229894765e-05,1.616947520233225e-05
8.033277481445111e-06,3.836594714812236e-06,2.2157612420414807e-06,2.12838585866848e-06
3.3366936804668512e-06,6.182672677823575e-06,1.0814180313900579e-05
1.63343247550074e-05,2.0497083824011497e-05,2.06757085834397e-05,1.580226671649143e-05
7.78800585976569e-06,1.1761821951949969e-06,9.322172331849288e-07,9.872186637949198e-06
2.719898839131929e-05,4.8436853830935434e-05,6.704349652864039e-05,7.719910354353487e-05
7.6149073720444e-05,6.50428919470869e-05,4.814221756532788e-05,3.068282239837572e-05
1.65726087288931e-05,7.327028924919432e-06,2.448208533678553e-06,4.981575898455048e-07
2.250645536605589e-08,1.3074890503617098e-08,1.7020791887034648e-08
7.260076984039188e-10,7.413913039044928e-08,2.981855686812196e-07,6.805368002460455e-07
1.2149233725722297e-06,1.8811970221577212e-06,2.631527650009957e-06,3.404436483833706e-06
4.1587722989788745e-06,4.883172096015187e-06,5.602480086963624e-06,6.376906185323605e-06
7.308431122510228e-06,8.58141174830962e-06,1.046981105901068e-05,1.3335898984223604e-05
1.756357596605085e-05,2.3256534404936247e-05,3.002764242410194e-05,3.725475107785314e-05
4.4402546336641535e-05,5.106817843625322e-05,5.692244303645566e-05
6.16878314758651e-05,6.50666406727396e-05,6.662565283477306e-05,6.602128269150853e-05
6.329360621748492e-05,5.862538091605529e-05,5.2099563617957756e-05,4.3973075662506744e-05
3.4964763472089544e-05,2.608804607007187e-05,1.828204949561041e-05,1.217120916408021e-05
7.94444713392295e-06,5.41811959919869e-06,4.257564341969555e-06,4.1823113861028105e-06
5.072494786872994e-06,6.888318239361979e-06,9.408156074641738e-06,1.2068413525412325e-05,1.4120586456556339e-05,1.4888399164192379e-05,1.4010640370543115e-05
1.1654813533823472e-05,8.499891919200309e-06,5.446490376925794e-06,3.2026659937400836e-06
2.023474735324271e-06,1.854430138337193e-06,2.855243565136334e-06,5.859631528437603e-06
1.2275408153072931e-05,2.3455770133296028e-05,3.9972179365577176e-05,6.102545012254268e-05
8.430622983723879e-05,0.00010656806261977181,0.0001243793813046068,0.00013504225353244692,0.00013757942360825837,0.00013273252989165485,0.00012198298645671457,0.00010656267841113731,8.74457837198861e-05,6.607474642805755e-05,4.4654476369032636e-05
2.5835262931650504e-05,1.1846855159092229e-05,3.5492923871061066e-06,2.735102668793843e-07
2.8992900524826837e-07,1.4694509218315943e-06,2.0737127215397777e-06,1.476584657211788e-06
3.4739889542834135e-07,1.120505785934256e-07,1.9955302832386224e-06,6.111238690209575e-06
1.1117200301669072e-05,1.4720679246238433e-05,1.4937961168470792e-05,1.143680219684029e-05
5.950605100224493e-06,1.3368677400649176e-06,1.04292240621362e-07,-0.0018469810020178556
-0.0032709671650081873,-0.004487131722271442,-0.005446584429591894
-0.006150185130536556,-0.006623489782214165,-0.006904111243784428,-0.007045137230306864
-0.007107171230018139,-0.0071386247873306274,-0.007153659127652645,-0.007113448344171047
-0.006946155335754156,-0.006602275650948286,-0.006093322765082121,-0.005491267424076796
-0.004901457577943802,-0.0044305650517344475,-0.004161279648542404,-0.0041425395756959915
-0.004397670738399029,-0.004926491528749466,-0.005693113896995783,-0.0066275084391236305
-0.007654429413378239,-0.008723469451069832,-0.009808085858821869
-0.010882976464927197,-0.011909537017345428,-0.01283720787614584,-0.013616877608001232
-0.014208323322236538,-0.014571246691048145,-0.014665264636278152,-0.014465211890637875
-0.013976383022964,-0.013249083422124386,-0.012378327548503876,-0.011484792456030846
-0.010691017843782902,-0.0100892698392272,-0.009719254449009895,-0.009571337141096592
-0.009597022086381912,-0.009728735312819481,-0.009907355532050133,-0.01008465327322483
-0.010204019024968147,-0.010206794366240501,-0.010057940147817135
-0.009745600633323193,-0.009268885478377342,-0.008640182204544544,-0.007887238636612892
-0.007045905105769634,-0.006143228150904179,-0.005176679231226444,-0.004111899062991142
-0.0029019606299698353,-0.001515478128567338,3.5499921068549156e-05,0.0016866563819348812
0.0033341259695589542,0.004855849780142307,0.0061373938806355,0.00708757946267724
0.0076400660909712315,0.007757893297821283,0.007443044800311327,0.006747522857040167
0.005779029335826635,0.00468800263479352,0.00363260880112648
0.0027282708324491978,0.0020205448381602764,0.0015074636321514845,0.0011707894736900926
0.0009882531594485044,0.0009341269615106285,0.0009818081744015217,0.0011278835590928793
0.0014129927149042487,0.0019045871449634433,0.0026625720784068108,0.0037149041891098022,0.00504534225910902,0.006594768259674311,0.008270958438515663,0.009952070191502571
0.011486794799566269,0.01271459087729454,0.013511556200683117,0.013831254094839096,0.013717436231672764,0.013292023912072182,0.012716369703412056
0.01213804166764021,0.011654479429125786,0.011303314939141273,0.011075351387262344
0.010936509817838669,0.010837644338607788,0.010717461816966534,0.010513938032090664,0.010182288475334644,0.009710470214486122
0.009124529547989368,0.008481185883283615,0.007848905399441719,0.007287915330380201
0.006837425287812948,0.006507229991257191,0.006279944442212582,0.006118032615631819
0.005961630027741194,0.0057318550534546375,0.005350098945200443,0.0047690970823168755
0.004000125452876091,0.003104689298197627,0.002163792261853814,0.0012655744794756174
0.0005066731246188283,-1.5541445463895798e-05,-0.00022394313418772072,-8.356627222383395e-05,0.0003920127055607736,0.0011523505672812462,0.002127578714862466,0.003237482625991106,0.004391614813357592,0.005489089526236057,0.0064204419031739235,0.007075772620737553
0.007362491451203823,0.0072225178591907024,0.006644200999289751,0.005663160700351
0.004345729481428862,0.0027813389897346497,0.0010907293763011694,-0.0005838151555508375
-0.0021039850544184446,-0.003357348730787635,-0.004274166189134121,-0.004827749449759722
-0.005022860132157803,-0.004891939926892519,-0.004498382098972797,-0.003931844141334295
-0.003284980310127139,-0.002630383474752307,-0.002021036110818386,-0.0015061700250953436
-0.0011412572348490357,-0.0009791695047169924,-0.0010568677680566907,-0.0013931856956332922
-0.001987841911613941,-0.0028165318071842194,-0.003824451006948948,-0.004923445172607899
-0.0060033779591321945,-0.006956089287996292,-0.007697157096117735
-0.008169746026396751,-0.008334368467330933,-0.008166825398802757,-0.007674632128328085,-0.006923936307430267,-0.006043002940714359,-0.005172181874513626,-0.004403643310070038
-0.003773812670260668,-0.003299239557236433,-0.0030064773745834827,-0.002923873718827963,-0.003049126360565424,-0.0033344351686537266,-0.003695365972816944,-0.0040300944820046425,-0.004250612575560808,-0.004310591146349907,-0.004213627427816391,-0.004005321767181158,-0.0037588533014059067,-0.0035652632359415293,-0.003517403034493327
-0.0036783141549676657,-0.004054744262248278,-0.004593707621097565,-0.005206130910664797
-0.005800708197057247,-0.00630140257999301,-0.00665264343842864,-0.0068274992518126965
-0.0068382201716303825,-0.006740633398294449,-0.00661679869517684,-0.00653804512694478
-0.0065351142548024654,-0.006596078164875507,-0.006691285874694586,-0.006794386077672243
-0.006877051200717688,-0.006899312138557434,-0.006818142719566822,-0.006611027754843235
-0.006301195826381445,-0.005967934150248766,-0.00572624197229743
-0.005678484681993723,-0.005868243053555489,-0.0062627349980175495,-0.00676650321111083,-0.007253583520650864,-0.00759190134704113,-0.007655087858438492,-0.007338384166359901,-0.006576979532837868,-0.005364229902625084,-0.0037632971070706844,-0.0018968121148645878,7.991911843419075e-05,0.0020072762854397297,0.003738825209438801,0.0051445867866277695
0.006117154844105244,0.006586892995983362,0.006530492100864649,0.005964989773929119,0.004938930738717318,0.0035374904982745647,0.0018867556937038898
0.00013447226956486702,-0.0015709229046478868,-0.0030897175893187523,-0.004304862581193447
-0.00513369869440794,-0.005531729198992252,-0.00549303088337183,-0.005042125005275011
-0.004229859448969364,-0.0031379233114421368,-0.0018715059850364923,-0.000543160829693079
0.0007438842440024018,0.0019166407873854041,0.0029359590262174606,0.003772820346057415
0.004399071913212538,0.00481453537940979,0.005070604383945465,0.005261214450001717
0.005496679339557886,0.005873556714504957,0.006446785759180784
0.007222805172204971,0.008174460381269455,0.00925657618790865,0.010416707955300808
0.011599843390285969,0.012741112150251865,0.013758867047727108,0.014559306204319
0.015051793307065964,0.01516897976398468,0.014876837842166424,0.014177453704178333
0.013112897053360939,0.011760687455534935,0.010225489735603333,0.008638122119009495
0.007152019068598747,0.00592413917183876,0.005087556317448616,0.00472656125202775
0.004854199010878801,0.00540586281567812,0.006259308196604252
0.007260389160364866,0.008238069713115692,0.009021114557981491,0.009473755955696106,0.009540177881717682,0.009262173436582088,0.008755934424698353,0.00817058328539133
0.007649595849215984,0.007301206234842539,0.007178729400038719,0.007276465650647879
0.00754225067794323,0.007888326421380043,0.008200924843549728,0.008363584987819195
0.008283191360533237,0.007910123094916344,0.007246030960232019,0.00632993970066309
0.0052237557247281075,0.004010283853858709,0.0027817864902317524
0.001611680956557393,0.0005329221021384001,-0.0004583414411172271,-0.0013797336723655462
-0.002238950924947858,-0.0030225368682295084,-0.003693218808621168,-0.00419501680880785
-0.004475974477827549,-0.004513859283179045,-0.004319028928875923,-0.003923734650015831
-0.0033823016565293074,-0.0027809764724224806,-0.0022388731595128775,-0.0018861808348447084
-0.0018299114890396595,-0.002134838839992881,-0.0028188261203467846,-0.003848716616630554
-0.005145950708538294,-0.006601342931389809,-0.008092029951512814
-0.009499378502368927,-0.010714953765273094,-0.011643856763839722,-0.012224475853145123
-0.012439648620784283,-0.012295871041715145,-0.01180572435259819,-0.011005242355167866
-0.009978220798075199,-0.00885444413870573,-0.007785096764564514,-0.006918043829500675
-0.006380846723914146,-0.006261383183300495,-0.006588824559003115,-0.007325553800910711
-0.008378992788493633,-0.009624175727367401,-0.010914729908108711,-0.012095499783754349
-0.013030522502958775,-0.013625148683786392,-0.013833833858370781
-0.013659005984663963,-0.01314094103872776,-0.012346570380032063,-0.011361239477992058,-0.010274844244122505,-0.00916743092238903,-0.00810494739562273,-0.007137312088161707
-0.00629555806517601,-0.005594922695308924,-0.005039751064032316,-0.004625013098120689,-0.004337435122579336
-0.004163202829658985,-0.004097760654985905,-0.004141667857766151,-0.004288699943572283
-0.004519101232290268,-0.004792617633938789,-0.005042224191129208,-0.005178246647119522
-0.005111574660986662,-0.004785798955708742,-0.004186425823718309,-0.0033319967333227396
-0.002275486011058092,-0.0011036195792257786,8.006545249372721e-05,0.0011811214499175549
0.0021406111773103476,0.0029405902605503798,0.0035886703990399837,0.004109841305762529
0.004548652097582817,0.0049622757360339165,0.00539963785558939,0.005886037368327379
0.006422718055546284,0.006983472034335136,0.007506790570914745,0.007906332612037659
0.00809449702501297,0.007997154258191586,0.007564851548522711,0.006789129693061113
0.00571718392893672
0.004457296337932348,0.0031629730947315693,0.001988567179068923,0.001045997953042388
0.00039692968130111694,6.27164845354855e-05,2.856727223843336e-05,0.0002503241703379899
0.0006604906520806253,0.0011728379176929593,0.0017023615073412657,0.0021890790667384863
0.0026022791862487793,0.0029262970201671124,0.0031453934498131275,0.003248996566981077
0.0032544513233006,0.003214010503143072,0.0031909046228975058,0.0032299680169671774,0.0033495586831122637,0.003554457565769553,0.0038527450524270535
0.004258452914655209,0.0047791022807359695,0.0054075284861028194,0.006123112048953772
0.00688929995521903,0.007650773972272873,0.008336985483765602,0.008869163691997528,0.009176120162010193,0.00921265035867691,0.008963972330093384,0.0084400475025177
0.0076690237037837505,0.00669451616704464,0.005581970792263746,0.004423077683895826
0.0033212052658200264,0.002363573992624879,0.001606120029464364,0.0010822449112311006,0.0008106454042717814,0.0007878580363467336,0.0009848714107647538
0.0013566708657890558,0.0018516047857701778,0.002410787856206298,0.0029707071371376514
0.0034830260556191206,0.00393310934305191,0.004334241151809692,0.004705355502665043
0.005052279680967331,0.005360611714422703,0.005609223619103432,0.005799276288598776
0.005966083146631718,0.0061610909178853035,0.0064198290929198265,0.006738745141774416
0.007073784247040749,0.007348683197051287,0.0074653709307312965,0.007318999618291855
0.006819481961429119,0.005927822086960077,0.004694182425737381
0.0032614110969007015,0.001821222947910428,0.0005523031577467918,-0.0004160521784797311,-0.0010005496442317963,-0.0011428679572418332,-0.0008070823969319463,-1.4402961824089289e-05,0.0011199073633179069,0.002401442965492606,0.0036187348887324333,0.004598442930728197,0.005220321007072926,0.0054078251123428345,0.005128619726747274,0.004408722277730703,0.003334488719701767,0.0020335346926003695,0.000642081955447793,-0.000733414082787931,-0.0020384162198752165,-0.0032644756138324738,-0.004430769011378288
-0.00556530524045229,-0.006684484891593456,-0.0077699352987110615,-0.008750507608056068
-0.00949995405972004,-0.00986645370721817,-0.009739112108945847,-0.009109956212341785
-0.008083393797278404,-0.006838754750788212,-0.0055892132222652435,-0.004559674765914679
-0.003964629024267197,-0.003968397621065378,-0.00464255828410387,-0.005945914890617132
-0.007733608596026897,-0.009787525050342083,-0.011856945231556892,-0.013689491897821426
-0.015054832212626934,-0.01578739657998085,-0.015827948227524757
-0.015226056799292564,-0.014114546589553356,-0.012670106254518032,-0.011070489883422852
-0.00947626680135727,-0.008028807118535042,-0.0068404534831643105,-0.0059866528026759624
-0.005506277550011873,-0.005400735419243574,-0.005636812187731266,-0.0061605884693562984
-0.006910298485308886,-0.00782048236578703,-0.008824018761515617,-0.009856672026216984
-0.010858926922082901,-0.011767091229557991,-0.012504746206104755,-0.012987388297915459
-0.013142595067620277,-0.01293931994587183,-0.012398358434438705
-0.011575167998671532,-0.010536784306168556,-0.009344994090497494,-0.008055104874074459
-0.0067217606119811535,-0.005387625657021999,-0.004072278738021851,-0.0027811997570097446
-0.0015180432237684727,-0.000293494900688529,0.0008712414419278502,0.001955141080543399
0.002955563133582473,0.0038988450542092323,0.0048280879855155945,0.005770677700638771
0.006716073490679264,0.007620960474014282,0.008427669294178486,0.009077961556613445
0.009517612867057323,0.009696310386061668,0.009566958993673325
0.009094394743442535,0.008277005515992641,0.007158842869102955,0.005819147918373346,0.004359606187790632,0.0029047285206615925,0.0016068059485405684,0.0006381398998200893
0.0001562288962304592,0.00026069401064887643,0.0009758645319379866,0.0022484322544187307
0.003938804380595684,0.0058249542489647865,0.00764402886852622,0.009161263704299927
0.010230530053377151,0.01081980112940073,0.010997433215379715,0.010893747210502625
0.010656054131686687,0.010411184281110764,0.01024811714887619
0.010219162330031395,0.010344091802835464,0.010609786957502365,0.010967717505991459,0.011336538940668106,0.011621887795627117,0.011749844066798687,0.011696084402501583,0.01149575412273407,0.011222160421311855,0.010944128036499023,0.010696415789425373,0.010477679781615734,0.010257365182042122,0.009977757930755615,0.00955892726778984,0.008915169164538383,0.007980478927493095,0.00673351576551795,0.005212634336203337,0.0035218060947954655,0.0018252641893923283,0.00032266112975776196
-0.0007900175987742841,-0.0013632784830406308,-0.0013286327011883259,-0.0007136859931051731,0.00036641512997448444,0.0017358551267534494,0.0031905430369079113,0.004533660598099232,0.005607394501566887,0.006309662479907274,0.0065967971459031105,0.0064745331183075905
0.005991145968437195,0.005235785618424416,0.004323324654251337,0.003368792589753866
0.002459723735228181,0.001632005674764514,0.0008694377029314637,0.0001291633816435933,-0.0006240190123207867,-0.0013910240959376097,-0.002132243476808071,-0.002786377677693963
-0.0033020274713635445,-0.0036541628651320934,-0.003842573147267103,-0.0038853210862725973,-0.0038095188792794943,-0.0036525402683764696,-0.0034723756834864616,-0.003344282042235136
-0.003337558824568987,-0.0034870095551013947,-0.003782704472541809,-0.004181629046797752
-0.004624712280929089,-0.005050502717494965,-0.0054000429809093475,-0.00561700901016593
-0.005660852417349815,-0.0055309790186584,-0.005275239236652851,-0.0049703228287398815,-0.0046917288564145565,-0.004497330170124769
-0.004429622553288937,-0.004524958319962025,-0.00480674859136343,-0.00525030680000782,-0.005762909539043903,-0.006227326113730669,-0.006571381352841854,-0.006790343206375837
-0.006912630051374435,-0.006955125369131565,-0.006906817201524973,-0.006742808036506176
-0.006445129401981831,-0.006015231367200613,-0.005482182372361422,-0.004904290195554495
-0.004358278587460518,-0.003924600780010223,-0.0036744510289281607,-0.0036553218960762024,-0.0038714176043868065,-0.004265983588993549,-0.004735228605568409
-0.0051756929606199265,-0.005519249476492405,-0.005732095800340176,-0.00579589931294322
-0.00569662731140852,-0.005433487705886364,-0.005038384813815355,-0.00458883959800005
-0.004197980277240276,-0.003974542021751404,-0.003980184905230999,-0.004215001594275236
-0.004627839662134647,-0.005141087342053652,-0.0056792087852954865,-0.006181058939546347
-0.006596339400857687,-0.006890249904245138,-0.007063441444188356,-0.0071617173962295055
-0.007255256175994873,-0.007398455403745174,-0.007599386386573315
-0.007816469296813011,-0.007972721010446548,-0.007976021617650986,-0.007738891523331404
-0.007194068282842636,-0.0063126045279204845,-0.005119046196341515,-0.003696947358548641
-0.002187150064855814,-0.0007581147365272045,0.00045141088776290417,0.0013674654765054584
0.0019789719954133034,0.002324057277292013,0.0024682367220520973,0.002478476380929351
0.0024151778779923916,0.002342388965189457,0.0023260554298758507,0.0024104760959744453
0.0025985748507082462,0.0028507476672530174,0.003100308356806636
0.0032782722264528275,0.0033303871750831604,0.003226224100217223,0.002962482161819935
0.002550755627453327,0.002009177580475807,0.0013769257348030806,0.0007318606367334723
0.00018082326278090477,-0.0001812376722227782,-0.00031097340979613364,-0.0002311028802068904
-1.661395072005689e-05,0.00024240580387413502,0.0004829953541047871,0.0006991408881731331
0.000939386198297143,0.0012713773176074028,0.0017491939943283796,0.0024038199335336685
0.003247263375669718,0.004276050720363855,0.0054680705070495605
0.006784191820770502,0.00818134006112814,0.009616812691092491,0.011033641174435616,0.012355141341686249,0.01350208930671215,0.01440727524459362,0.015016965568065643
0.015295826829969883,0.01523952279239893,0.014874088577926159,0.01423826813697815
0.013375584967434406,0.012341510504484177,0.011207576841115952,0.010055387392640114
0.008966704830527306,0.008014735765755177,0.007250996306538582,0.006692421622574329
0.006323761772364378,0.0061126574873924255,0.006025431677699089
0.006032613571733236,0.006102608982473612,0.006207117810845375,0.0063444580882787704
0.006543055176734924,0.006834062281996012,0.007227947469800711,0.007710544858127832
0.008245373144745827,0.00877245794981718,0.009203662164509296,0.009427687153220177
0.009339835494756699,0.008882081136107445,0.00806649774312973,0.006973698269575834
0.005727910436689854,0.004461298231035471,0.003290186170488596,0.0023095160722732544
0.0015894998796284199,0.0011615217663347721,0.0010006552329286933
0.0010229076724499464,0.001104589318856597,0.0011154322419315577,0.000950539659243077
0.000552479992620647,-7.521500810980797e-05,-0.0008671856485307217,-0.0017146317986771464
-0.0024981433525681496,-0.0031223478727042675,-0.0035421866923570633,-0.0037759621627628803
-0.003900324460119009,-0.004021350294351578,-0.004231847822666168,-0.004585764370858669,-0.005101212300360203,-0.005775013007223606,-0.0065909200347959995,-0.0075102378614246845,-0.008458523079752922,-0.00933786015957594,-0.010065590962767601
-0.01061011478304863,-0.010991779156029224,-0.01124497689306736,-0.01138194277882576
-0.011401518248021603,-0.011326879262924194,-0.011223679408431053,-0.01117937732487917
-0.011254499666392803,-0.011445353738963604,-0.01169596891850233,-0.011940150521695614
-0.012128791771829128,-0.012229947373270988,-0.012223126366734505,-0.012107749469578266
-0.011914325878024101,-0.011696687899529934,-0.011504171416163445,-0.011352203786373138
-0.011218414641916752,-0.01106746681034565,-0.010871697217226028
-0.01060094777494669,-0.010200056247413158,-0.009597736410796642,-0.008747957646846771
-0.007661875803023577,-0.006409591529518366,-0.00509945023804903,-0.0038502789102494717
-0.0027721649967134,-0.0019585213158279657,-0.001474478980526328,-0.0013386213686317205
-0.0015220349887385964,-0.001964587951079011,-0.002588138449937105,-0.0033087905030697584
-0.004045701585710049,-0.004720858298242092,-0.0052623930387198925,-0.005614263936877251,-0.0057397265918552876,-0.0056227874010801315,-0.005276306997984648
-0.004743844736367464,-0.004085206892341375,-0.0033541875891387463,-0.0025880010798573494
-0.0018104016780853271,-0.0010279202833771706,-0.00022039457689970732,0.0006526208017021418
0.0016245938604697585,0.0026958840899169445,0.0038319332525134087,0.004977623000741005
0.0060682217590510845,0.007035373710095882,0.007813049480319023,0.008349000476300716,0.008614021353423595,0.008595161139965057,0.008292359299957752
0.0001411640550941229,0.00014369827113114297,0.0001429614785593003,0.00014122184074949473
0.00014085223665460944,0.00014323732466436923,0.00014833227032795548,0.00015499608707614243,0.00016141400556080043,0.00016515447350684553,0.0001635330991121009,0.0001547855936223641
0.0001390986581100151,0.00011847673886222765,9.572271665092558e-05,7.349695806624368e-05
5.395495827542618e-05,3.856548573821783e-05,2.7802621843875386e-05,2.1208481484791264e-05,1.7954216673388146e-05,1.731642259983346e-05,1.8800148609443568e-05,2.2067597456043586e-05,2.6809329938259907e-05,3.263133476139046e-05,3.8980593672022223e-05,4.5066000893712044e-05,4.9972808483289555e-05,5.2988692914368585e-05,5.365478136809543e-05,5.166051414562389e-05,4.702138539869338e-05,4.022481880383566e-05,3.208699854440056e-05,2.3575355953653343e-05
1.5653233276680112e-05,9.092615982808638e-06,4.343348336988129e-06
1.4623670949731604e-06,1.7238883742720645e-07,8.972368448212364e-08,8.86896600604814e-07
2.2735057427780703e-06,3.948474386561429e-06,5.645205419568811e-06,7.229712991829729e-06
8.740365046833176e-06,1.0339462278352585e-05,1.2234064342919737e-05,1.462861109757796e-05
1.7770838894648477e-05,2.203849726356566e-05,2.7868160032085143e-05,3.550167821231298e-05
4.47846541646868e-05,5.5202614021254703e-05,6.61443846183829e-05,7.706921314820647e-05
8.725214865989983e-05,9.54993738560006e-05,0.00010039003973361105
0.00010095216566696763,9.729222801979631e-05,9.049541404237971e-05,8.169445936800912e-05
7.150689634727314e-05,6.05665409239009e-05,5.0063110393239185e-05,4.139083102927543e-05
3.556129377102479e-05,3.306750295450911e-05,3.4101816709153354e-05,3.8825666706543416e-05
4.736165647045709e-05,5.935653098276816e-05,7.352860848186538e-05,8.780910138739273e-05
0.00010006702359532937,0.0001088544013327919,0.00011376919428585097,0.00011541818093974143
0.00011506638111313805,0.00011402737436583266,0.00011300425103399903
0.0001118213331210427,0.00010970713628921658,0.00010579692025203258,9.955401765182614e-05
9.096810390474275e-05,8.046205039136112e-05,6.876082625240088e-05,5.691860496881418e-05
4.6146866225171834e-05,3.7339308619266376e-05,3.0824616260360926e-05,2.649887574079912e-05
2.400887751718983e-05,2.2830694433650933e-05,2.225876960437745e-05,2.1464529709191993e-05
1.979030821530614e-05,1.704424175841268e-05,1.3514847523765638e-05,9.802435670280829e-06
6.569358902197564e-06,4.239213922119234e-06,2.8503457087936113e-06
2.2107044514996232e-06,2.1426724288176047e-06,2.566115654190071e-06,3.391757900317316e-06
4.322672793932725e-06,4.79170739708934e-06,4.27114036938292e-06,2.7679154754878255e-06
9.83925133368757e-07,1.120149750732935e-08,8.409485872107325e-07,3.963004928664304e-06
9.169971235678531e-06,1.556539791636169e-05,2.180911906179972e-05,2.6610043278196827e-05
2.9222230295999907e-05,2.9574279324151576e-05,2.8052279958501458e-05,2.530416713852901e-05
2.212680919910781e-05,1.9246623196522705e-05,1.7077039956348017e-05
1.565167804074008e-05,1.4766155800316483e-05,1.4181561709847301e-05,1.3714912711293437e-05
1.3243536159279756e-05,1.2708377653325442e-05,1.209605579788331e-05,1.141248139902018e-05
1.071158294507768e-05,1.014361532725161e-05,9.885598046821542e-06,9.991828846978024e-06,1.0320668479835149e-05,1.0586943972157314e-05,1.054644599207677e-05,1.0159144949284382e-05,9.532307558401953e-06,8.798007911536843e-06,8.130004061968066e-06,0.002787768840789795,0.002820828929543495,0.0029763770289719105,0.0032638651318848133
0.0036933347582817078,0.004283476155251265,0.005050478503108025,0.0059875380247831345
0.007052434608340263,0.008167706429958344,0.009234460070729256,0.010157818906009197
0.010863358154892921,0.011293450370430946,0.011403373442590237,0.011172532103955746
0.010614361613988876,0.009770844131708145,0.0087055629119277,0.0075025674887001514,0.006263823714107275,0.0051004355773329735,0.004110346548259258,0.0033522117882966995
0.002836839994415641,0.002533716382458806,0.0023857939522713423
0.0023294128477573395,0.0023104913998395205,0.0022979085333645344,0.002292084274813533
0.002321988809853792,0.0024337396025657654,0.0026762797497212887,0.0030833773780614138
0.0036527959164232016,0.0043383752927184105,0.005063194781541824,0.005741005763411522
0.006290861405432224,0.006635497789829969,0.006699183024466038,0.006431689485907555,0.005845832172781229,0.005032993387430906,0.00414350675418973,0.0033447202295064926
0.0027781932149082422,0.0025306176394224167,0.0026203214656561613
0.002996449824422598,0.003551594913005829,0.004149202257394791,0.004658389370888472
0.00498194620013237,0.005067077465355396,0.004898039158433676,0.004486330319195986
0.0038700932636857033,0.0031086162198334932,0.0022651711478829384,0.0013918557669967413
0.0005209258524700999,-0.0003394822124391794,-0.0012021140428259969,-0.002091685077175498,-0.0030312188901007175,-0.004025591071695089,-0.005055254325270653,-0.006082269363105297,-0.007054965477436781,-0.007907722145318985,-0.008568272925913334
-0.008978134021162987,-0.009106241166591644,-0.008938143029808998,-0.008468953892588615
-0.0077302660793066025,-0.006818064954131842,-0.005877445451915264,-0.005057703237980604
-0.004476986359804869,-0.004209716804325581,-0.004287034273147583,-0.0046965088695287704
-0.0053817033767700195,-0.006254082545638084,-0.007212993688881397,-0.008163999766111374
-0.009031884372234344,-0.009760122746229172,-0.010305729694664478,-0.010651485994458199
-0.010824846103787422,-0.010890894569456577,-0.010923626832664013
-0.010983862914144993,-0.011105732060968876,-0.011290818452835083,-0.011515745893120766,-0.01173890009522438,-0.011903319507837296,-0.011945795267820358,-0.011809025891125202,-0.011457978747785091,-0.010899651795625687
-0.010190004482865334,-0.009415180422365665,-0.0086615439504385,-0.007997239008545876
-0.007465191185474396,-0.007085131015628576,-0.006859116721898317,-0.006769187282770872
-0.006779600400477648,-0.006850170437246561,-0.006942254025489092,-0.007016001734882593
-0.007029163185507059,-0.006939191836863756,-0.00670964689925313,-0.006316930986940861
-0.005758658051490784,-0.005062257871031761,-0.004273065831512213,-0.003424945753067732
-0.0025283482391387224,-0.0015847571194171906,-0.0006009540520608425,0.0004123580292798579
0.0014437190257012844,0.0024740605149418116,0.0034657688811421394,0.004355414770543575
0.005059218965470791,0.005494560115039349,0.005600569769740105,0.005350318271666765
0.004768631421029568,0.003954051993787289,0.0030783843249082565,0.002346053486689925
0.0019351597875356674,0.0019573760218918324,0.0024485555477440357,0.0033788494765758514
0.004661476239562035,0.006153182592242956,0.0076699815690517426,0.009028871543705463
0.010089831426739693,0.010771499946713448,0.011035471223294735,0.010864773765206337
0.01026853732764721,0.009306913241744041,0.008104975335299969,0.006838920060545206
0.005695942789316177,0.00482260761782527,0.0042970916256308556,0.004142513498663902
0.004350907169282436,0.004889114759862423,0.005693442188203335
0.006675126031041145,0.0077436743304133415,0.008828802034258842,0.00988110899925232
0.010856863111257553,0.011704986914992332,0.012365872040390968,0.012781564146280289
0.012907243333756924,0.012717862613499165,0.012216181494295597,0.01143813505768776
0.010450299829244614,0.00934446882456541,0.008223057724535465,0.00717688724398613
0.006274957675486803,0.00556741701439023,0.005087418016046286,0.004847192671149969
0.0048315986059606075,0.0049958303570747375,0.0052722119726240635
0.005578778218477964,0.005825969856232405,0.005933570209890604,0.00585126131772995
0.005560596939176321,0.00506235845386982,0.004370078910142183,0.003516504541039467,0.0025617205537855625,0.001591347623616457,0.0007038218900561333,-5.621695891022682e-06,-0.0004592737532220781,-0.0006176553433761001,-0.000500244612339884,-0.00018109893426299095,0.000234469844144769,0.0006329116877168417,0.0009177029132843018,0.001025347737595439,0.000924083695281297,0.0006122427876107395,0.00011651200475171208
-0.0005121389986015856,-0.0011978549882769585,-0.0018457192927598953,-0.0023613334633409977,-0.002673358889296651,-0.0027483031153678894,-0.002595324767753482,-0.002266606781631708
-0.0018527396023273468,-0.0014643314061686397,-0.001201587961986661,-0.0011311438865959644,-0.0012810525950044394,-0.0016397673171013594,-0.0021551307290792465,-0.0027494318783283234
-0.0033506369218230247,-0.003921030089259148,-0.004464676603674889,-0.005013409070670605,-0.005607720464468002,-0.006277508568018675,-0.007025795057415962
-0.007819618098437786,-0.008577405475080013,-0.009165730327367783,-0.009433217346668243
-0.009267217479646206,-0.008637038990855217,-0.007604334969073534,-0.006303173489868641
-0.004905303940176964,-0.0035876138135790825,-0.0025153832975775003,-0.001834204187616706
-0.0016518784686923027,-0.00201224978081882,-0.00287643913179636,-0.0041199843399226665,-0.005551996640861034,-0.006959098391234875,-0.008155793882906437,-0.009017786011099815
-0.009490367956459522,-0.009580371901392937,-0.009348493069410324
-0.008894716389477253,-0.008325055241584778,-0.007722828537225723,-0.007145398762077093
-0.006634068675339222,-0.006218296475708485,-0.005910595878958702,-0.005698189605027437
-0.005545544438064098,-0.005415088962763548,-0.00528913177549839,-0.005176897626370192
-0.005107289645820856,-0.005116036161780357,-0.005235845223069191,-0.005485153757035732
-0.00585390068590641,-0.006296360399574041,-0.006736986804753542,-0.007089006714522839
-0.00727448146790266,-0.0072371382266283035,-0.006946951150894165
-0.006401729770004749,-0.005637476686388254,-0.004728077445179224,-0.0037615811452269554
-0.0028219830710440874,-0.001983646536245942,-0.0013106889091432095,-0.0008562040748074651
-0.0006450334331020713,-0.0006533707492053509,-0.0008117701509036124,-0.0010261714924126863
-0.0012013927334919572,-0.001259855693206191,-0.001154595986008644,-0.0008725202642381191
-0.00042588316136971116,0.0001554915215820074,0.0008235878776758909,0.0015103210462257266
0.0021409885957837105,0.002666160464286804,0.00308353453874588
0.0034294750075787306,0.0037482627667486668,0.004060606472194195,0.00435431906953454
0.0045995572581887245,0.004773931577801704,0.004878107458353043,0.004931233823299408
0.004951595328748226,0.004929156042635441,0.004813906736671925,0.004546379670500755
0.004107429645955563,0.003544161794707179,0.0029555943328887224,0.002454241970553994
0.0021424596197903156,0.0021084174513816833,0.0024080551229417324,0.0030402005650103092
0.003947390243411064,0.005037734750658274,0.006206268444657326
0.007347690407186747,0.008365550078451633,0.009185017086565495,0.00976559892296791
0.01010286808013916,0.01022079773247242,0.010170340538024902,0.010032243095338345
0.00989972148090601,0.00984714925289154,0.009919694624841213,0.010134638287127018
0.010470039211213589,0.010859409347176552,0.01120850071310997,0.011426210403442383
0.011453209444880486,0.011272362433373928,0.010903401300311089,0.010392476804554462
0.00980045273900032,0.009192515164613724,0.008631154894828796
0.008168513886630535,0.00783600751310587,0.007636939641088247,0.007543691899627447
0.007500531617552042,0.007438712753355503,0.0073003689758479595,0.007054870016872883
0.006699034944176674,0.0062509761191904545,0.005745653063058853,0.005223571788519621,0.004711037501692772
0.004209273960441351,0.00370114017277956,0.003163320245221257,0.002576767234131694
0.0019347609486430883,0.0012406606692820787,0.0005057220114395022,-0.00024222186766564846
-0.0009552992996759713,-0.0015701358206570148,-0.002014689613133669,-0.002227125223726034
-0.002180918585509062,-0.0018912062514573336,-0.0014044692507013679,-0.0007940982468426228
-0.0001589279854670167,0.00038496428169310093,0.0007201004191301763,0.0007495406316593289
0.000415707821957767,-0.00028764340095221996,-0.001315580797381699,-0.002590135671198368
-0.004024098627269268,-0.0055302102118730545,-0.007013265509158373,-0.008374478667974472
-0.009539373219013214,-0.010470425710082054,-0.011150568723678589,-0.011570381931960583,-0.011725611053407192
-0.011608214117586613,-0.011202500201761723,-0.010505519807338715,-0.009561963379383087
-0.008480376563966274,-0.007411617320030928,-0.006509257946163416,-0.00589614687487483
-0.005644613411277533,-0.005773008801043034,-0.006254072766751051,-0.007026428822427988
-0.008004676550626755,-0.009090160951018333,-0.010183213278651237,-0.01119537465274334
-0.012062132358551025,-0.01274182926863432,-0.01319673378020525,-0.013387462124228477
-0.013289965689182281,-0.012906753458082676,-0.01225904282182455
-0.01137736439704895,-0.010307994671165943,-0.009121738374233246,-0.007906555198132992
-0.006755600217729807,-0.00576383201405406,-0.00502061378210783,-0.004586878232657909
-0.00447431392967701,-0.004647580906748772,-0.005038157105445862,-0.005550382658839226
-0.006065974943339825,-0.006458886433392763,-0.006620923988521099,-0.006488400045782328
-0.0060532670468091965,-0.005358543246984482,-0.0044865962117910385,-0.003535742871463299
-0.0025911943521350622,-0.0017135166563093662,-0.0009446956682950258
-0.00030686904210597277,0.00021077354904264212,0.0006543351337313652,0.0010795890120789409
0.001517420052550733,0.0019650463946163654,0.002395462943241,0.0027628913521766663
0.0030136764980852604,0.0031088548712432384,0.0030462993308901787,0.002868120325729251
0.002644625958055258,0.002448013983666897,0.0023383020889014006,0.002367056906223297
0.0025843391194939613,0.003025449812412262,0.0036778817884624004,0.004462533630430698
0.005254687741398811,0.005931473337113857,0.006411909591406584
0.006667380221188068,0.006707760505378246,0.0065645137801766396,0.00628489488735795
0.0059340824373066425,0.005588289815932512,0.005315800197422504,0.005159274209290743
0.00511580565944314,0.005125902127474546,0.005100224167108536,0.004964085295796394
0.004684971645474434,0.004280718509107828,0.003808909561485052,0.0033427374437451363
0.002949808957055211,0.002682717749848962,0.0025766429025679827,0.00264800526201725
0.0028964856173843145,0.0033072729129344225,0.0038516749627888203
0.004492083564400673,0.005184502340853214,0.005879736505448818,0.006535302381962538
0.007125965319573879,0.007642876356840134,0.008088033646345139,0.00846340786665678
0.008761666715145111,0.008968404494225979,0.009067755192518234,0.009041568264365196
0.008862730115652084,0.008496072143316269,0.007918698713183403,0.007141808979213238
0.006208380218595266,0.005174724850803614,0.004099458456039429,0.0030427579768002033
0.0020693806000053883,0.0012532116379588842,0.000673467293381691
0.0003979490138590336,0.0004679184057749808,0.0008965037995949388,0.0016730880597606301
0.0027577432338148355,0.004066822584718466,0.005470980890095234,0.006816029082983732
0.007949329912662506,0.008732025511562824,0.009044736623764038,0.008810141123831272
0.008026511408388615,0.006777893751859665,0.005216097924858332,0.003530572634190321
0.001911155879497528,0.0005202775355428457,-0.0005157371051609516,-0.0011112159118056297
-0.0012342871632426977,-0.0009229494025930762,-0.00028200558153912425
0.0005473967175930738,0.0014307625824585557,0.002271948615089059,0.0030155680142343044
0.003630500053986907,0.004094612784683704,0.004389747977256775,0.004503616597503424
0.0044235959649086,0.004124949686229229,0.0035716653801500797,0.0027335742488503456
0.0016059717163443565,0.00021537975408136845,-0.0013859556056559086,-0.003120651701465249
-0.004880516789853573,-0.006529349368065596,-0.00792108103632927,-0.008927996270358562
-0.009470347315073013,-0.009529761970043182,-0.009141145274043083
-0.008385751396417618,-0.007391791790723801,-0.006325821857899427,-0.0053693619556725025
-0.004683571867644787,-0.00437542051076889,-0.004480409435927868,-0.004957448225468397
-0.005699058994650841,-0.00656562065705657,-0.007425787393003702,-0.008182404562830925
-0.008783336728811264,-0.009224058128893375,-0.009538627229630947,-0.009776460006833076
-0.009982852265238762,-0.010193144902586937,-0.010436487384140491,-0.010738516226410866
-0.011105732060968876,-0.011506298556923866,-0.011872392147779465
-0.012123556807637215,-0.012202330864965916,-0.012095984071493149,-0.011824425309896469
-0.011420290917158127,-0.010925285518169403,-0.010391982272267342,-0.009879164397716522
-0.009436084888875484,-0.009079566225409508,-0.008784950710833073,-0.008501945063471794
-0.008183745667338371,-0.007812825962901115,-0.007405461277812719,-0.006990398280322552
-0.006586520466953516,-0.006204065401107073,-0.005858924705535173,-0.005569991189986467
-0.005337059497833252,-0.0051281750202178955,-0.004893777426332235
-0.0045930384658277035,-0.004204067401587963,-0.0037169731222093105,-0.0031316273380070925
-0.0024600329343229532,-0.0017211935482919216,-0.0009314644848927855,-0.00010415841825306416
0.00074013601988554,0.0015678454656153917,0.0023332000710070133,0.0029798082541674376
0.003447414841502905,0.003685027826577425,0.0036679264158010483,0.0034088988322764635
0.0029542366974055767,0.002377753611654043,0.0017803874798119068,0.0012808111496269703
0.0009949890663847327,0.0010152575559914112,0.001393803278915584,0.0021350267343223095
0.0031988450791686773,0.004510567057877779,0.005971315782517195,0.007460875902324915
0.0088417399674654,0.009985147044062614,0.010800804942846298,0.011238669976592064
0.011283415369689465,0.01097004022449255,0.010394218377768993,0.009687966667115688
0.00897769071161747,0.008355299010872841,0.007875887677073479,0.007566693238914013
0.007426753640174866,0.00742731150239706,0.007526817265897989,0.007691189646720886,0.007904072292149067,0.008162486366927624
0.008471076376736164,0.00884473416954279,0.00930589810013771,0.00986651610583067
0.010505222715437412,0.011155836284160614,0.01171145960688591,0.012044645845890045
0.012048806995153427,0.011680650524795055,0.010973671451210976,0.01001988910138607
0.00893165823072195,0.007811432704329491,0.006748697720468044,0.005824259947985411
0.005106152966618538,0.00463878782466054,0.00442868797108531,0.004442306235432625
0.004620661959052086,0.004892195574939251,0.005174815654754639
0.005381657276302576,0.005439553875476122,0.005306355655193329,0.004978280980139971
0.004486790858209133,0.0038847154937684536,0.0032333945855498314,0.0025946293026208878
0.0020191476214677095,0.0015357141382992268,0.0011471835896372795,0.0008294646395370364
0.0005369170103222132,0.00022237602388486266,-0.0001404455688316375,-0.000548601325135678
-0.0009762271656654775,-0.0013908428372815251,-0.0017657307907938957,-0.0020801923237740993
-0.0023225462064146996,-0.002495270688086748,-0.0026086121797561646
-0.002675766823813319,-0.0027163370978087187,-0.002753137145191431,-0.002803132403641939
-0.002869297983124852,-0.0029361748602241278,-0.002978223143145442,-0.002973831258714199
-0.002908201888203621,-0.002770492108538747,-0.0025556655600667,-0.0022704708389937878
-0.0019420299213379622,-0.0016256743110716343,-0.0014022396644577384,-0.0013591097667813301
-0.001567126135341823,-0.0020695142447948456,-0.0028835462871938944,-0.004002080298960209
-0.0053773606196045876,-0.006891505792737007,-0.008355327881872654
-0.009558966383337975,-0.010339416563510895,-0.010623086243867874,-0.010430467315018177
-0.009847627952694893,-0.008990244939923286,-0.007985565811395645,-0.006965582258999348
-0.006058578845113516,-0.00537690706551075,-0.004993497394025326,-0.004918898455798626
-0.005105593241751194,-0.005473984405398369,-0.005940581206232309,-0.006436842493712902
-0.0069090984761714935,-0.007311138790100813,-0.007606365252286196,-0.007777412422001362
-0.007835568860173225,-0.007815353572368622,-0.007748435251414776
-0.007643619552254677,-0.0074877990409731865,-0.007250793278217316,-0.006895193364471197
-0.006399108562618494,-0.005771312862634659,-0.005050089210271835,-0.004301218315958977
-0.0036175884306430817,-0.0031072692945599556,-0.002862156368792057,-0.002924456726759672,-0.0032797411549836397,-0.0038768528029322624,-0.004644901491701603,-0.005488273221999407
-0.006279613822698593,-0.006881738547235727,-0.007188722956925631,-0.007147692609578371,-0.00675667729228735,-0.00605805404484272,-0.0051295338198542595
-0.004071270115673542,-0.002990317065268755,-0.0019872989505529404,-0.0011502662673592567
-0.000541722634807229,-0.00018011912470683455,-4.2408646550029516e-05,-8.414564945269376e-05
-0.0002560035791248083,-0.0005106564494781196,-0.000798465043772012,-0.0010634481441229582
-0.0012526102364063263,-0.0013294527307152748,-0.0012780333636328578,-0.0011000899830833077
-0.000807077856734395,-0.0004043912631459534,0.00011681701289489865,0.0007702764123678207
0.0015574984718114138,0.0024504675529897213,0.003386981785297394
0.004287569783627987,0.00508019607514143,0.005717989057302475,0.0061826035380363464
0.006470991764217615,0.006576648913323879,0.006477744784206152,0.006146162282675505
0.005585270002484322,0.004863460082560778,0.004101707134395838,0.003427039133384824
0.0029399513732641935,0.0027139997109770775,0.0028003505431115627,0.003222194965928793
0.003965124953538179,0.0049597108736634254,0.006081094034016132,0.00718764029443264
0.008165240287780762,0.008951164782047272,0.009528071619570255
0.00989285297691822,0.010040465742349625,0.009980281814932823,0.009757461957633495
0.009450231678783894,0.009142821654677391,0.008897803723812103,0.008748743683099747
0.00871073454618454,0.008789918385446072,0.008982404135167599,0.009260617196559906
0.009558169171214104,0.009777341037988663,0.009822912514209747,0.009647196158766747
0.009279469959437847,0.008812341839075089,0.008356494829058647,0.008002332411706448
0.007803153712302446,0.007767693605273962,0.007860942743718624
0.008019874803721905,0.008172868750989437,0.008252497762441635,0.008203553035855293
0.007992840372025967,0.007622702047228813,0.00713372090831399,0.006588032003492117
0.006043883040547371,0.005536952987313271,0.005076397210359573,0.00464673712849617
0.004209462553262711,0.0037097132299095392,0.0030903606675565243,0.002309920731931925
0.0013581786770373583,0.00026883266400545835,-0.0008785220561549067,-0.0019782448653131723
-0.002927518915385008,-0.0036425688304007053,-0.004058073274791241
-0.004129267297685146,-0.0038513895124197006,-0.003275817260146141,-0.0025036174338310957
-0.001664588926360011,-0.0008969437330961227,-0.00033054326195269823,-6.359262624755502e-05
-0.00013764409231953323,-0.0005280441837385297,-0.001160619780421257,-0.0019499717745929956,-0.0028299810364842415,-0.0037598200142383575,-0.004713239148259163,-0.005664929747581482
-0.006596223451197147,-0.007514376193284988,-0.008447691798210144
4.740343865705654e-05,4.712766167358495e-05,4.5713426516158506e-05,4.307186100049876e-05,3.9343467506114393e-05,3.497493889881298e-05,3.0637358577223495e-05,2.693899477890227e-05,2.4240573111455888e-05,2.2690535843139514e-05,2.2350925064529292e-05,2.3212935047922656e-05,2.506644705135841e-05,2.7391712137614377e-05,2.9467044441844337e-05,3.069758167839609e-05
3.083932097069919e-05,2.992520239786245e-05,2.8109523555031046e-05,2.5540161004755646e-05
2.2267826352617703e-05,1.8333594198338687e-05,1.3935169590695295e-05,9.43846953305183e-06
5.300321390677709e-06,2.039687842625426e-06,2.1878702227695612e-07,2.873086089039134e-07
2.3049808532960014e-06,5.793618583993521e-06,9.801655323826708e-06,1.3110398867866024e-05
1.4603096133214422e-05,1.372863152937498e-05,1.0796372407639865e-05,6.868158834549831e-06,3.2581610867055133e-06,9.173404009743535e-07,4.313148593837468e-08
1.0301110364707711e-07,2.7206183972339204e-07,1.0135161687685468e-07,9.8752188648632e-08
1.766726200003177e-06,6.799353286623955e-06,1.5911013178993016e-05,2.8113201551605016e-05
4.079645805177279e-05,5.076313755125739e-05,5.583641541306861e-05,5.584848258877173e-05
5.234354466665536e-05,4.759108924190514e-05,4.3718580855056643e-05,4.223684300086461e-05
4.396969234221615e-05,4.923008236801252e-05,5.794538446934894e-05,6.959464371902868e-05,8.31271245260723e-05,9.716942440718412e-05,0.0001105333722080104
0.00012263291864655912,0.00013341297744773328,0.00014288892270997167,0.0001508886052761227
0.00015711679589003325,0.0001610554609214887,0.0001617235830053687,0.0001577285147504881
0.00014782037760596722,0.00013179704546928406,0.00011096593516413122,8.769678242970258e-05
6.464930629590526e-05,4.42076416220516e-05,2.806603333738167e-05,1.687648727966007e-05
1.0191115507041104e-05,6.924269655428361e-06,6.099669008108322e-06,7.391231520159636e-06
1.117398733185837e-05,1.802192309696693e-05
2.7946549380430952e-05,4.0031911339610815e-05,5.2708841394633055e-05,6.423379818443209e-05
7.305268081836402e-05,7.820611062925309e-05,7.965999975567684e-05,7.810448005329818e-05
7.438284228555858e-05,6.907928036525846e-05,6.24333624728024e-05,5.4514417570317164e-05
4.5485878217732534e-05,3.5762397601502016e-05,2.5983803425333463e-05,1.6902149582165293e-05
9.261440027330536e-06,3.6879280287394067e-06,6.095252160775999e-07,1.0439489983582462e-07
1.7982462168220081e-06,5.02981174577144e-06,9.08100810192991e-06
1.3252815733721945e-05,1.6882426280062646e-05,1.9445837097009644e-05,2.0729694369947538e-05
2.0924619093420915e-05,2.0493984266067855e-05,1.9887351299985312e-05,1.933409475896042e-05
1.882188007584773e-05,1.822416379582137e-05,1.7443433534936048e-05,1.6431262338301167e-05
1.5126436665013898e-05,1.3461438356898725e-05,1.1511578122735955e-05,9.607523679733276e-06
8.188832907762844e-06,7.584737886645598e-06,8.001950845937245e-06,9.682493328000419e-06
1.3077941730443854e-05,1.887096368591301e-05,2.7617410523816943e-05
3.911957537638955e-05,5.2197636250639334e-05,6.514659617096186e-05,7.632227789144963e-05
8.449942106381059e-05,8.906608127290383e-05,9.005971514852718e-05,8.81744344951585e-05,8.472261833958328e-05,8.125085878418759e-05,7.900102355051786e-05,7.869424734963104e-05
8.059379615588114e-05,8.455500937998295e-05,8.996884571388364e-05,9.564601350575686e-05
9.990904800361022e-05,0.00010111493611475453,9.828561451286077e-05,9.144189971266314e-05
-0.00903058610856533,-0.008375627920031548,-0.0076719908975064754
-0.006998374592512846,-0.0064262584783136845,-0.006010033655911684,-0.0057748728431761265
-0.005706222262233496,-0.005750972777605057,-0.005835871212184429,-0.005896962247788906
-0.005898879840970039,-0.005833847913891077,-0.00571487657725811,-0.00557557400316
-0.00547218369320035,-0.0054705492220819,-0.005613331217318773,-0.005897223949432373
-0.006281794514507055,-0.006711414083838463,-0.007125174161046743,-0.0074513014405965805
-0.007602456957101822,-0.007489712908864021,-0.0070513272657990456
-0.006276208907365799,-0.005210133269429207,-0.003943141084164381,-0.0025796284899115562
-0.0012054296676069498,0.000124869286082685,0.0013788074720650911,0.0025339757557958364
0.003572304267436266,0.004480944015085697,0.005252547562122345,0.005875518079847097
0.006328065879642963,0.006588433403521776,0.006648007780313492,0.006517256610095501
0.006221742834895849,0.0057889423333108425,0.005241943523287773,0.004612495191395283
0.0039573488757014275,0.00335087813436985,0.0028574680909514427
0.002514599822461605,0.0023347120732069016,0.0023117864038795233,0.0024270517751574516
0.002650977112352848,0.0029473290778696537,0.0032778556924313307,0.003588140709325671
0.003798231016844511,0.003833382623270154,0.0036592211108654737,0.0032846725080162287
0.0027548472862690687,0.002151972148567438,0.0015911192167550325,0.0011988815385848284
0.0010823687771335244,0.0013061384670436382,0.0018883934244513512,0.0028107629623264074
0.004027031362056732,0.00546535849571228,0.007027410436421633
0.008591961115598679,0.010031089186668396,0.011233558878302574,0.01212004479020834
0.012646080926060677,0.012799105606973171,0.012597479857504368,0.012094084173440933
0.011371984146535397,0.01052421797066927,0.009631221182644367,0.0087505541741848
0.007917525246739388,0.007146565243601799,0.0064307814463973045,0.0057440330274403095
0.00505279703065753,0.004342278931289911,0.003640145529061556,0.003015211084857583
0.0025527048856019974,0.002324281958863139,0.00236910511739552
0.0026912549510598183,0.003263707971200347,0.0040294453501701355,0.004901922773569822
0.005773117765784264,0.006535131484270096,0.0071062929928302765,0.007446448318660259,0.007558417972177267,0.007478466257452965,0.007257960271090269
0.006943823769688606,0.006568387616425753,0.006149319466203451,0.005692434962838888
0.005191048141568899,0.0046236286871135235,0.003961313981562853,0.003183133201673627
0.0022833861876279116,0.0012733580078929663,0.00018823007121682167,-0.0009085128549486399
-0.0019315611571073532,-0.0027842537965625525,-0.0033731674775481224,-0.0036308635026216507
-0.0035374548751860857,-0.0031288687605410814,-0.0024865949526429176,-0.0017157495021820068
-0.0009257702622562647,-0.00021567021030932665,0.00033839940442703664,0.0006851939833723009
0.0007921789074316621,0.0006440308643504977,0.00024731887970119715,-0.0003650773724075407
-0.0011370014399290085,-0.002006378024816513,-0.002927327062934637,-0.0038740066811442375
-0.004823137074708939,-0.00573077704757452,-0.006524533499032259
-0.007131319027394056,-0.007516527082771063,-0.007691002916544676,-0.007694804109632969
-0.007584991864860058,-0.007429807912558317,-0.007303621154278517,-0.007276515942066908
-0.007400305941700935,-0.007700949441641569,-0.008180994540452957,-0.008825788274407387
-0.009606360457837582,-0.01048235036432743,-0.011407066136598587,-0.012324490584433079
-0.013160635717213154,-0.013828879222273827,-0.014252379536628723,-0.01438708696514368
-0.01422809436917305,-0.013792579062283039,-0.013096972368657589
-0.01215437427163124,-0.010993987321853638,-0.009679991751909256,-0.008309198543429375,-0.00699226837605238,-0.005836907308548689,-0.004937651567161083,-0.004364883527159691
-0.004152944777160883,-0.004295625723898411,-0.004746452439576387,-0.00541973439976573
-0.00620421115309,-0.006989808287471533,-0.007689786143600941,-0.008244260214269161,-0.008606684394180775,-0.008736979216337204,-0.00861273892223835,-0.008238347247242928
-0.0076398397795856,-0.006854378152638674,-0.005923757329583168
-0.0048916032537817955,-0.003798728808760643,-0.002679610624909401,-0.0015652838628739119
-0.00048569729551672935,0.0005308973486535251,0.001453787088394165,0.002246401971206069,0.0028718633111566305,0.0033009496983140707,0.003521658480167389,0.00355161027982831
0.003440345637500286,0.003258565440773964,0.003084372030571103,0.002988675143569708
0.0030229277908802032,0.0032145532313734293,0.00356723228469491,0.004058751277625561
0.004632539115846157,0.00519816018640995,0.005658617243170738
0.005948182195425034,0.006052170414477587,0.0060012140311300755,0.00585475517436862
0.005690075922757387,0.00558484997600317,0.005584130063652992,0.005681617185473442
0.0058347019366919994,0.0059920125640928745,0.006113996729254723,0.006189466454088688
0.006244816351681948,0.006330909673124552,0.00649243826046586,0.0067476024851202965
0.007093071937561035,0.007518059108406305,0.008004855364561081,0.008521651849150658
0.009027199819684029,0.009481913410127163,0.009856551885604858
0.01013936847448349,0.010331671684980392,0.010432000271975994,0.01042747963219881
0.010307356715202332,0.010088742710649967,0.009821048937737942,0.009557879529893398
0.009324357844889164,0.009113186970353127,0.008904995396733284,0.008676115423440933
0.008390898816287518,0.008005407638847828,0.007481908891350031,0.006803260650485754
0.005983091425150633,0.005065467674285173,0.0041193002834916115,0.003229497466236353
0.0024776076897978783,0.001922626281157136,0.0015963595360517502
0.0015090598026290536,0.0016587297432124615,0.002039155922830105,0.0026363558135926723
0.0034162262454628944,0.004315371625125408,0.00523932371288538,0.006077190861105919
0.006729305721819401,0.007117738947272301,0.007176615297794342,0.006852949969470501
0.006126340012997389,0.005031248088926077,0.003659898415207863,0.002137539442628622
0.0005905225407332182,-0.0008745978120714426,-0.002177311573177576,-0.003258261363953352
-0.004072228446602821,-0.004588107578456402,-0.004804383032023907
-0.004763216711580753,-0.004535289015620947,-0.004188996739685535,-0.003774314885959029
-0.003328872611746192,-0.0028934746515005827,-0.0025092235300689936,-0.0021944160107523203
-0.0019368731882423162,-0.0017135877860710025,-0.0015180143527686596,-0.0013735026586800814
-0.001321067800745368,-0.0013987066922709346,-0.0016348984790965915,-0.0020477338694036007
-0.0026359255425632,-0.003367034252732992,-0.004172052256762981,-0.004953002091497183
-0.005604231730103493,-0.006039991043508053,-0.006220791954547167
-0.006170202977955341,-0.005975928157567978,-0.005770123563706875,-0.005688370671123266
-0.005825423635542393,-0.00621115742251277,-0.006813931744545698,-0.007560526020824909
-0.008356445468962193,-0.009100589901208878,-0.00969632901251316,-0.010064441710710526
-0.010163405910134315,-0.010007509961724281,-0.009665263816714287,-0.009234611876308918
-0.008807932958006859,-0.008445565588772297,-0.008169259876012802,-0.007971154525876045
-0.007820408791303635,-0.0076638152822852135,-0.007437714375555515
-0.007088876329362392,-0.006589616183191538,-0.005948587786406279,-0.005215635057538748
-0.004476187750697136,-0.003835170529782772,-0.0033889194019138813,-0.0031976704485714436
-0.003275698982179165,-0.0035961070097982883,-0.004101103637367487,-0.004716236609965563
-0.00536578381434083,-0.005984485149383545,-0.006523349788039923,-0.006947573274374008
-0.007228996139019728,-0.007343381643295288,-0.007275836076587439,-0.007026960141956806
-0.00661661010235548,-0.006080825347453356,-0.005455505568534136
-0.0047622062265872955,-0.004016547463834286,-0.003246713662520051,-0.0024963843170553446
-0.0018091786187142134,-0.001211759401485324,-0.0007131579332053661,-0.00031501759076491
-1.4660879969596863e-05,0.00019559700740501285,0.00032449825084768236,0.00038522452814504504,0.0004071685252711177,0.0004355184792075306
0.0005185356130823493,0.0006985485088080168,0.0010042516514658928,0.0014414996840059757
0.0019898423925042152,0.0026088152080774307,0.0032576294615864754,0.003913893364369869
0.004564621951431036,0.005179993808269501,0.0057054487988352776,0.006078806240111589
0.006251924205571413,0.006199336145073175,0.005909121595323086,0.005373117979615927
0.004606451839208603,0.0036856485530734062,0.0027540395967662334,0.001982166199013591
0.0015188988763839006,0.0014599681599065661,0.0018369575263932347,0.002618888858705759
0.0037208697758615017,0.0050216675736010075,0.006389787420630455,0.007707836572080851
0.008885608986020088,0.009864713996648788,0.010617073625326157,0.011137336492538452
0.011438464745879173,0.01155296340584755,0.011529767885804176,0.01142067089676857
0.011259622871875763,0.011052017100155354,0.010787253268063068,0.010460788384079933,0.010083439759910107,0.009669902734458447,0.00922223087400198,0.008735047653317451
0.008218929171562195,0.007709123659878969,0.007246128749102354,0.006849919445812702
0.006511160638183355,0.006202350370585918,0.005898089613765478,0.005587782245129347,0.005277035757899284,0.004988968838006258,0.004765945021063089
0.0046687861904501915,0.004771484062075615,0.0051350947469472885,0.005769041366875172
0.006620586849749088,0.00759811932221055,0.008595328778028488,0.009495355188846588
0.010164589621126652,0.010462375357747078,0.010276874527335167,0.009565875865519047
0.00836818665266037,0.0067800674587488174,0.004927603993564844,0.002951265312731266
0.0009970797691494226,-0.0007903255755081773,-0.00228844559751451,-0.0034267434384673834
-0.004192586988210678,-0.004611473996192217,-0.004724608734250069
-0.004581144079566002,-0.004249547608196735,-0.003824765095487237,-0.00341053050942719
-0.0030904978048056364,-0.0029130568727850914,-0.0029006069526076317,-0.0030706492252647877,-0.0034391318913549185,-0.003998343832790852,-0.004701714031398296,-0.005476636812090874
-0.006246121600270271,-0.006942002102732658,-0.00750701455399394,-0.007885510101914406
-0.008022144436836243,-0.00788642093539238,-0.007497499231249094,-0.0069115497171878815,-0.006190977059304714,-0.005406114272773266,-0.0046580820344388485
-0.004074681084603071,-0.003776539582759142,-0.003844453254714608,-0.004311400465667248
-0.00516750430688262,-0.006353209726512432,-0.007758860941976309,-0.009251498617231846
-0.010705957189202309,-0.012017609551548958,-0.013095708563923836,-0.013856599107384682
-0.014239555224776268,-0.014225702732801437,-0.01383369229733944,-0.013105947524309158
-0.012104162946343422,-0.010915878228843212,-0.009657077491283417,-0.008452693931758404
-0.007404875475913286,-0.006574732251465321,-0.005987615790218115
-0.005646263249218464,-0.005531602073460817,-0.005595738999545574,-0.005764607340097427
-0.0059592584148049355,-0.0061180382035672665,-0.006191520020365715,-0.006129864603281021
-0.005896451883018017,-0.005493601784110069,-0.004974066279828548,-0.004429181106388569
-0.003957340493798256,-0.0036333417519927025,-0.0034920810721814632,-0.0035242135636508465
-0.003684660419821739,-0.003908068872988224,-0.004121460020542145,-0.004252881743013859
-0.0042364103719592094,-0.004020212683826685,-0.0035807674285024405
-0.0029303934425115585,-0.002108382759615779,-0.0011654740665107965,-0.00015554146375507116
0.0008701308397576213,0.0018688802374526858,0.0028064504731446505,0.003657878376543522
0.00440756231546402,0.005037136375904083,0.005515442229807377,0.005804023705422878
0.0058703068643808365,0.005700718145817518,0.0053086611442267895,0.004738636314868927
0.004067898727953434,0.0033951762598007917,0.0028186198323965073,0.002421311102807522
0.0022685814183205366,0.0024037302937358618,0.0028339079581201077
0.0035163634456694126,0.0043631307780742645,0.005263630300760269,0.006100608501583338
0.006747943349182606,0.007071706932038069,0.00696150166913867,0.006383727304637432
0.00541010731831193,0.0041962540708482265,0.0029312847182154655,0.0017907842993736267
0.00091700186021626,0.00041869969572871923,0.0003640170907601714,0.0007690302445553243
0.0015933271497488022,0.0027446448802948,0.004102679435163736,0.005551171489059925
0.006991100963205099,0.008339270949363708,0.009527318179607391
0.01049907598644495,0.011208249256014824,0.011621474288403988,0.011721787974238396
0.011512581259012222,0.011027689091861248,0.01033621747046709,0.009527104906737804
0.00868106260895729,0.00784683134406805,0.007035782095044851,0.0062409802339971066
0.005465733353048563,0.004736307542771101,0.004089361522346735,0.003548958571627736
0.0031194649636745453,0.00280414754524827,0.0026244085747748613,0.0026081937830895185
0.0027599476743489504,0.0030521471053361893,0.0034399793948978186
0.003874782007187605,0.004310653544962406,0.0047022197395563126,0.005004129372537136
0.005189613904803991,0.005268807057291269,0.005286496598273516,0.005303309299051762,0.005364842247217894,0.005479458719491959,0.00562546169385314,0.0057704513892531395
0.005876083392649889,0.005889079999178648,0.005740917753428221,0.0053692348301410675
0.004745516926050186,0.0038849213160574436,0.002839252119883895,0.0016906906384974718,0.0005432451143860817,-0.0004959250218234956,-0.0013352970127016306
-0.0019127577543258667,-0.0022048840764909983,-0.0022326004691421986,-0.0020618224516510963
-0.0017886250279843807,-0.0015133904526010156,-0.0013236276572570205,-0.0012893615057691932
-0.0014551448402926326,-0.0018226621905341744,-0.002345696557313204,-0.0029499856755137444
-0.00355854956433177,-0.004107047338038683,-0.004549707286059856,-0.004860060755163431,-0.005037724506109953
-0.005110582336783409,-0.005106918513774872,-0.00502818962559104,-0.004861890804022551
-0.004608749412000179,-0.004300722852349281,-0.004007274284958839,-0.0038125095888972282,-0.0037761235143989325,-0.003920757211744785,-0.004252368118613958,-0.004785417579114437
-0.005548623390495777,-0.006562271621078253,-0.007807397283613682,-0.009218535386025906
-0.010698861442506313,-0.012140756472945213,-0.013442431576550007,-0.014515772461891174
-0.015292157419025898,-0.01573105715215206,-0.015822147950530052,-0.015580070205032825
-0.015040848404169083,-0.014255383983254433,-0.013277930207550526,-0.012165133841335773,-0.01098628994077444
-0.009822157211601734,-0.008745812810957432,-0.0078084454871714115,-0.007041116710752249
-0.0064574978314340115,-0.006050567142665386,-0.00578948762267828,-0.005624666810035706
-0.0055021909065544605,-0.005376147571951151,-0.005217007361352444,-0.005019274540245533
-0.004796870984137058,-0.004568278323858976,-0.004348364192992449,-0.004148763604462147
-0.003983024507761002,-0.003867694176733494,-0.0038092464674264193,-0.0037931990809738636
-0.0037880302406847477,-0.003750449977815151,-0.0036298406776040792
-0.0033801773097366095,-0.002978875767439604,-0.0024419124238193035,-0.0018156517762690783
-0.0011484217830002308,-0.00047618814278393984,0.000164245895575732,0.0007268189219757915
0.001178100472316146,0.0015236923936754465,0.0018069758079946041,0.002083363477140665
0.0023913620971143246,0.0027424125000834465,0.0031293784268200397,0.0035355014260858297
0.003940834663808346,0.00433123204857111,0.004702143836766481,0.0050483825616538525
0.00535524170845747,0.005614034365862608,0.0058474051766097546
0.00610882043838501,0.006451373919844627,0.0068925488740205765,0.007398488000035286
0.007892449386417866,0.008284026756882668,0.008502120152115822,0.008506550453603268
0.00828489288687706,0.00785377249121666,0.007259028032422066,0.0065735699608922005
0.005898446310311556,0.005354505963623524,0.0050598811358213425,0.005106762517243624
0.005542554426938295,0.006356093566864729,0.007476721424609423,0.008785882964730263
0.010135330259799957,0.011370210908353329,0.01235121302306652
0.012975700199604034,0.013201288878917694,0.01305422093719244,0.012604926712810993
0.011929547414183617,0.011094870045781136,0.010173122398555279,0.009248850867152214
0.008391330018639565,0.007619407493621111,0.0068982443772256374,0.006174531765282154
0.00542218703776598,0.004660868085920811,0.0039396388456225395,0.003309273859485984
0.0028078663162887096,0.0024630404077470303,0.0022958822082728148,0.002320024184882641
0.0025308090262115,0.0028851251117885113,0.0033003678545355797
0.0036825346760451794,0.0039549171924591064,0.004072525072842836,0.004026387818157673
0.0038382108323276043,0.0035525052808225155,0.003233551513403654,0.0029586327727884054
0.002798784524202347,0.0027923742309212685,0.0029252811800688505,0.0031293081119656563
0.0033022710122168064,0.003339214250445366,0.0031557378824800253,0.00270052719861269
0.0019653262570500374,0.000988376559689641,-0.00015454040840268135,-0.0013649538159370422
-0.0025351110380142927,-0.0035644625313580036,-0.004382780287414789
-0.004966572858393192,-0.005330475512892008,-0.005497520323842764,-0.005483238026499748
-0.005309900268912315,-0.005020598415285349,-0.004670358262956142,-0.004305155016481876
-0.003954903222620487,-0.003649362362921238,-0.0034296284429728985,-0.0033370100427418947
-0.0033937327098101377,-0.0035931330639868975,-0.003908245824277401,-0.004311305936425924
-0.0047775618731975555,-0.005264207720756531,-0.005701619666069746,-0.006022442132234573
-0.0061917114071547985,-0.006209890358150005,-0.006106485612690449
-0.005930115003138781,-0.005733335390686989,-0.005566690117120743,-0.005480342078953981
-0.005519990809261799,-0.005716873332858086,-0.0060746814124286175,-0.0065655168145895
-0.007146209944039583,-0.007777590304613113,-0.008428656496107578,-0.009070384316146374
-0.00966778676956892,-0.010174866765737534,-0.010541137307882309,-0.010730712674558163
-0.010731445625424385,-0.010540725663304329,-0.010145612061023712,-0.00952245481312275
-0.008665756322443485,-0.007616816088557243,-0.006458210293203592
-0.005291132256388664,-0.0042215995490550995,-0.0033529321663081646,-0.0027767701540142298
-0.0025534823071211576,-0.0026846351101994514,-0.003107137279585004,-0.003722978523001075
-0.004433125257492065,-0.005144178401678801,-0.0057596731930971146,-0.006183531600981951
-0.006340974010527134,-0.006200400181114674,-0.0057782516814768314,-0.005131371784955263
-0.0043464782647788525,-0.003519304096698761,-0.0027284733951091766,-0.002024119021371007
-0.0014327107928693295,-0.0009672136511653662,-0.0006358744576573372
-0.00044131226604804397,-0.0003703255206346512,-0.0003913941327482462,-0.0004658372199628502
-0.000559733307454735,-0.0006510619423352182,-0.0007329349173232913,-0.0008074010838754475
-0.0008708959212526679,-0.0009026821353472769,-0.000865922134835273,-0.0007228063768707216
-0.0004509541904553771,-4.592473851516843e-05,0.0004851536941714585,0.0011261014733463526
0.0018497952260077,0.0026131265331059694,0.0033544693142175674,0.0040060486644506454
0.004514637868851423,0.004854836966842413,0.005032372660934925
0.005076434463262558,0.005023048259317875,0.00489801773801446,0.004708386491984129
0.004455855116248131,0.004166141618043184,0.0038966285064816475,0.0037131845019757748
0.00366868544369936,0.003794211894273758,0.004094993695616722,0.004553750157356262
0.005134179722517729,0.0057769957929849625,0.006406237371265888,0.0069554452784359455,0.007393485400825739,0.0077318428084254265,0.00801108032464981,0.008274829015135765
4.1209757910110056e-05,3.795125667238608e-05,3.240070873289369e-05,2.5232580810552463e-05,1.733454155328218e-05,9.885914550977759e-06,4.150786026002606e-06,8.934716788644437e-07
1.4345264975901273e-09,7.343971333284571e-07,2.24778682422766e-06,3.907357950083679e-06
5.303847956383834e-06,6.140462119219592e-06,6.189617124618962e-06,5.400951067713322e-06
4.033943241665838e-06,2.5685762921057176e-06,1.4106680055192555e-06,7.006418627497624e-07,3.6896102528771735e-07,3.00958930665729e-07,4.986562203157519e-07,1.210723894473631e-06
2.8958320399397053e-06,5.935684839641908e-06,1.0333795216865838e-05,1.5675201211706735e-05
2.133571615559049e-05,2.669989589776378e-05,3.124953946098685e-05,3.460796142462641e-05
3.653098610811867e-05,3.6825615097768605e-05,3.545930303516798e-05,3.283842306700535e-05
2.9788210667902604e-05,2.7199273972655647e-05,2.5727318643475883e-05
2.5773051675059833e-05,2.765459066722542e-05,3.1696145015303046e-05,3.812598151853308e-05,4.689783963840455e-05,5.7488483435008675e-05,6.875136023154482e-05,7.912212458904833e-05,8.719405013835058e-05,9.218366903951392e-05,9.398332622367889e-05,9.293948824051768e-05
8.961433923104778e-05,8.474582136841491e-05,7.933729648357257e-05,7.448645192198455e-05
7.09384330548346e-05,6.87635038048029e-05,6.738944648532197e-05,6.60654841340147e-05
6.446021870942786e-05,6.269381265155971e-05,6.0819194914074615e-05
5.858971053385176e-05,5.573395173996687e-05,5.2234649047022685e-05,4.837217420572415e-05,4.455351518117823e-05,4.106035703443922e-05,3.7955203879391775e-05,3.516305150697008e-05,3.262833342887461e-05,3.043540709768422e-05,2.8742419090121984e-05,2.7568103178055026e-05,2.6688159778132103e-05,2.5836328859440982e-05,2.5006071155075915e-05,2.444081474095583e-05,2.4310798835358582e-05,2.446158032398671e-05,2.448377745167818e-05,2.3947917725308798e-05,2.2510297640110366e-05,1.991710814763792e-05,1.6125704860314727e-05
1.1504016583785415e-05,6.814120752096642e-06,2.940172635135241e-06,5.907184572606639e-07
2.0317310500672647e-08,8.560233482057811e-07,2.254635774079361e-06,3.3209639695996884e-06
3.4760182643367443e-06,2.66222377831582e-06,1.3658652733283816e-06,3.1993127436180657e-07
3.2715634645796854e-09,3.271450452757563e-07,7.476688779206597e-07,7.211282877506164e-07
2.3038379026729672e-07,5.3844509295686294e-08,1.4886990129525657e-06,5.6904941629909445e-06
1.3132838830642868e-05,2.3461223463527858e-05,3.565880979294889e-05
4.830937905353494e-05,5.9928264818154275e-05,6.919509905856103e-05,7.487792026950046e-05
7.592800102429464e-05,7.202044798759744e-05,6.392208160832524e-05,5.3311727242544293e-05
4.2228894017171115e-05,3.236339398426935e-05,2.4592676709289663e-05,1.9075341697316617e-05
1.562981378810946e-05,1.4071347322897054e-05,1.4431191630137619e-05,1.702187910268549e-05
2.2349771825247444e-05,3.092362021561712e-05,4.302847446524538e-05,5.8467761846259236e-05
7.624438148923218e-05,9.438441338716075e-05,0.00011020648526027799
0.00012107102520531043,0.00012535091082099825,0.00012305706331972033,0.00011559803533600643,0.00010493838635738939,9.29843881749548e-05,8.145161700667813e-05,7.172195182647556e-05
6.454958929680288e-05,6.000061330269091e-05,5.7706452935235575e-05,5.716733357985504e-05
5.7875298807630315e-05,5.921392221353017e-05,6.0390299040591344e-05,6.066025889595039e-05
5.967087417957373e-05,5.7569453929318115e-05,5.4808115237392485e-05,0.007197465281933546,0.006980874575674534,0.00675478670746088,0.006521284114569426
0.0062803952023386955,0.006023211870342493,0.005736375227570534,0.005412460304796696,0.005053022876381874,0.004664325155317783,0.004255659878253937,0.003840984543785453,0.0034323071595281363,0.003025285666808486,0.002598229795694351,0.0021330437157303095,0.0016344143077731133,0.0011254174169152975,0.0006272826576605439,0.00014425808330997825,-0.0003312834014650434,-0.0007983961259014904,-0.001238563796505332,-0.0016267818864434958,-0.0019427628722041845,-0.0021752475295215845,-0.002319423481822014
-0.0023648899514228106,-0.0022981739602983,-0.0021323170512914658,-0.0019234654027968645
-0.0017464718548581004,-0.001658176421187818,-0.001683696755208075,-0.0018302274402230978
-0.00210880720987916,-0.002538527362048626,-0.0031329221092164516,-0.003887925995513797
-0.004776821471750736,-0.005749401170760393,-0.006738059688359499,-0.00766798434779048
-0.008454252034425735,-0.008994437754154205,-0.00919854175299406,-0.009044219739735126
-0.008599761873483658,-0.007999952882528305,-0.00739348353818059
-0.006895248778164387,-0.006578303873538971,-0.0064915562979876995,-0.006664586253464222
-0.0070911129005253315,-0.007712230551987886,-0.008425947278738022,-0.009121006354689598,-0.009707658551633358,-0.01013188436627388,-0.010376717895269394,-0.01045256108045578
-0.010382074862718582,-0.01019294373691082,-0.009919815696775913,-0.009604252874851227,-0.009286032989621162,-0.00898824818432331,-0.008707107976078987,-0.008414560928940773,-0.008070196956396103,-0.007639806717634201,-0.007116973400115967
-0.006530649960041046,-0.005935079418122768,-0.005398683249950409,-0.004989977926015854
-0.004756605252623558,-0.004711277317255735,-0.004829020705074072,-0.0050565823912620544
-0.0053333863615989685,-0.005609562620520592,-0.005849093664437532,-0.006022083573043346
-0.0060989405028522015,-0.006051528733223677,-0.005858313292264938,-0.005511966068297625,-0.005025090184062719,-0.004427117295563221,-0.003752252086997032,-0.003025476122274995
-0.0022560940124094486,-0.001444927416741848,-0.0005982017610222101
0.00026455934857949615,0.0011104382574558258,0.0019006709335371852,0.0026006815023720264
0.0031741273123770952,0.003571731736883521,0.003745460882782936,0.003675778629258275,0.003382334718480706,0.0029148291796445847
0.0023390932474285364,0.0017316481098532677,0.0011743690120056272,0.0007421983173117042
0.0004978941869921982,0.0004915705067105591,0.0007502794614993036,0.0012666131369769573
0.001999800791963935,0.0028870301321148872,0.0038577443920075893,0.004843237344175577
0.0057770549319684505,0.006591422483325005,0.007215545047074556,0.007577108684927225,0.007616073824465275,0.007311178371310234,0.006698488723486662,0.005868935491889715,0.004948493093252182,0.0040721953846514225,0.00336440559476614,0.002924481639638543,0.0028071855194866657,0.0030075623653829098,0.0034739882685244083,0.004142459481954575,0.004956691525876522,0.0058610690757632256,0.006791634019464254,0.007683970499783754,0.00848771259188652,0.009170658886432648,0.009710019454360008,0.01008613407611847
0.010285202413797379,0.010302351787686348,0.010144520550966263,0.00983014702796936
0.009379840455949306,0.008810244500637054,0.008139542303979397,0.00740079814568162,0.006656034849584103,0.005986540112644434,0.00545646483078599,0.0050922660157084465
0.004894551355391741,0.004853857681155205,0.0049499282613396645,0.005139504559338093
0.005355880130082369,0.005537046585232019,0.005657524801790714,0.005724202375859022
0.005748271942138672,0.005734633654356003,0.005691849160939455
0.005641867872327566,0.005615591537207365,0.005636470392346382,0.005708962678909302
0.005816067568957806,0.005922961514443159,0.0059858569875359535,0.005957465153187513
0.005787101108580828,0.0054239630699157715,0.0048338742926716805,0.0040245866402983665
0.0030553359538316727,0.002020679647102952,0.0010176487267017365,0.0001177758676931262
-0.0006348411552608013,-0.0012138115707784891,-0.001605787081643939,-0.0018046795157715678
-0.001811980502679944,-0.0016492203576490283,-0.001363225281238556
-0.0010114404140040278,-0.0006453676614910364,-0.0003109847311861813,-5.843618419021368e-05
5.410940502770245e-05,-2.8607930289581418e-05,-0.0003359117254149169,-0.0008607537019997835,-0.0015749207232147455,-0.0024475641548633575,-0.0034501724876463413,-0.004550500772893429
-0.0056995004415512085,-0.006823334842920303,-0.007827872410416603,-0.008605394512414932
-0.009049581363797188,-0.009090466424822807,-0.00872250460088253,-0.00800540205091238,-0.00705364253371954,-0.006021397653967142,-0.005078638903796673
-0.004382174462080002,-0.004046916961669922,-0.0041260989382863045,-0.004610490053892136
-0.005443021189421415,-0.006535602733492851,-0.007782044354826212,-0.009068317711353302
-0.010281577706336975,-0.011316568590700626,-0.01208372414112091,-0.01252691075205803
-0.012636860832571983,-0.012442527338862419,-0.011995070613920689,-0.011362171731889248
-0.010625816881656647,-0.009872316382825375,-0.009177464991807938,-0.008601410314440727
-0.008189852349460125,-0.007965730503201485,-0.007920682430267334
-0.00801908876746893,-0.008211705833673477,-0.00844929926097393,-0.008685201406478882
-0.008872571401298046,-0.008963828906416893,-0.008912108838558197,-0.008685221895575523
-0.008288107812404633,-0.007768718991428614,-0.007193096913397312,-0.006602226756513119
-0.005989609751850367,-0.0053227245807647705,-0.004582596011459827,-0.003781300038099289
-0.0029462059028446674,-0.0020974508952349424,-0.001246746862307191,-0.0004130342276766896
0.00036741001531481743,0.001049415091983974,0.0015937212156131864
0.0019734101369976997,0.002178207738325,0.002216694410890341,0.0021126940846443176
0.0019058797042816877,0.001651416183449328,0.001406294759362936,0.0012155326548963785
0.0011105466401204467,0.0011066293809562922,0.0011911209439858794,0.0013202341506257653
0.0014388340059667826,0.0015119281597435474,0.001544626196846366,0.0015738991787657142
0.0016454518772661686,0.001802018377929926,0.0020840910729020834,0.002528257668018341
0.003157681319862604,0.003971909172832966,0.004935463424772024
0.005963867995887995,0.006928292103111744,0.007692169863730669,0.008157823234796524
0.008291544392704964,0.008122552186250687,0.00773546053096652,0.007256323471665382
0.006816809996962547,0.006516424007713795,0.006409608758985996,0.006509325001388788
0.0067979199811816216,0.007238193415105343,0.007772546261548996,0.008325600996613503
0.008824080228805542,0.009215733036398888,0.009478073567152023,0.009619239717721939
0.009669668972492218,0.009672706946730614,0.00967380404472351
0.009702680632472038,0.009762370027601719,0.00983492936939001,0.009893408976495266
0.00990834180265665,0.009846353903412819,0.009666782803833485,0.009326094761490822
0.008797422051429749,0.008096015080809593,0.007284815888851881,0.006451210472732782
0.005673290230333805,0.005001029931008816,0.004466539714485407,0.004100751597434282,0.0039242641068995,0.003927539102733135,0.004069292452186346,0.004290924407541752
0.004536425229161978,0.004764961078763008,0.0049453843384981155
0.0050478531047701836,0.0050486051477491856,0.004937674850225449,0.004719451069831848,0.004409571178257465,0.0040320148691535,0.0036125415936112404,0.0031636778730899096
0.0026744597125798464,0.0021214978769421577,0.0014903966803103685,0.0007846722146496177
1.927709672600031e-05,-0.000786092015914619,-0.0016027370002120733,-0.0023844032548367977
-0.0030682054348289967,-0.0035871402360498905,-0.003885202342644334,-0.003926560282707214
-0.003701835870742798,-0.0032352544367313385,-0.002583612920716405
-0.0018281443044543266,-0.001069552730768919,-0.00042047095485031605,1.154397614300251e-05
0.00014589354395866394,-4.907784386887215e-05,-0.0005422891699708998,-0.001248372020199895
-0.002062583342194557,-0.0029021315276622772,-0.0037198010832071304,-0.004484415054321289,-0.00516321649774909
-0.005725415423512459,-0.006147240288555622,-0.006413398310542107,-0.006526995450258255
-0.006513789761811495,-0.006414562463760376,-0.006284087430685759,-0.00619232002645731
-0.006213366985321045,-0.006402045954018831,-0.0067660147324204445,-0.007261938415467739
-0.00783047080039978,-0.008432568982243538,-0.009051031433045864,-0.009666984900832176
-0.010240884497761726,-0.010715723037719727,-0.011036391369998455,-0.011167061515152454
-0.011094248853623867,-0.01081782765686512,-0.010343300178647041,-0.009681775234639645
-0.008860885165631771,-0.007940422743558884,-0.007008627988398075,-0.006159354001283646
-0.005475047510117292,-0.005022397264838219,-0.0048462082631886005,-0.004950297996401787
-0.005284467246383429
-0.005761540494859219,-0.00628677336499095,-0.006772750988602638,-0.00714487861841917
-0.007346747908741236,-0.00734669016674161,-0.007150568533688784,-0.006806536111980677,-0.006383322179317474,-0.005940647330135107,-0.005516984034329653,-0.005134292878210545
-0.004807668272405863,-0.004546948708593845,-0.004346336238086224,-0.004171878099441528
-0.003960535861551762,-0.0036363888066262007,-0.0031378513667732477,-0.0024432071950286627,-0.0015791933983564377,-0.0006107769440859556,0.00037390616489574313
0.0012782157864421606,0.0020147424656897783,0.0025217444635927677,0.0027701337821781635,0.0027613372076302767,0.0025220077950507402,0.0021005228627473116,0.0015659998171031475
0.000998235889710486,0.00046592706348747015,1.789384987205267e-05,-0.00030626505031250417
-0.0004724175378214568,-0.0004624337889254093,-0.00028223905246704817,4.205486038699746e-05
0.0004778019501827657,0.0009991107508540154,0.0015896405093371868,0.0022382917813956738
0.0029370682314038277,0.00367859099060297
0.004443146288394928,0.005180465988814831,0.0058118971064686775,0.006261216476559639
0.006486207712441683,0.006491291802376509,0.0063242483884096146,0.006055647972971201
0.0057529062032699585,0.0054783895611763,0.005304642021656036,0.005310383625328541
0.005554554518312216,0.006053126882761717,0.006775106769055128,0.007658828515559435
0.008631308563053608,0.009613815695047379,0.010521583259105682,0.011271508410573006
0.011792519129812717,0.012034542858600616,0.011979860253632069
0.01164820697158575,0.011089777573943138,0.010374685749411583,0.009585294872522354
0.00880719069391489,0.008115152828395367,0.007556742988526821,0.007138925138860941
0.006833675783127546,0.006603213958442211,0.006416855845600367,0.0062520457431674
0.006095320452004671,0.0059459013864398,0.005818899255245924,0.005746038164943457
0.0057654245756566525,0.005901820957660675,0.006150555331259966,0.006471977569162846
0.006800422910600901,0.007063886150717735,0.007197572849690914
0.0071486528031528,0.006885654293000698,0.006411729380488396,0.00576925789937377
0.0050301034934818745,0.004276747815310955,0.0035863681696355343,0.00302085536532104,0.002614766824990511,0.0023641777224838734,0.002230788115411997,0.0021585319191217422
0.0020855837501585484,0.0019521485082805157,0.0017154125962406397,0.001363332848995924
0.0009097808506339788,0.00037796085234731436,-0.00020412600133568048,-0.0007908102124929428,-0.0013153781183063984,-0.0017173046944662929,-0.0019741535652428865
-0.0021030432544648647,-0.002136670984327793,-0.0021042050793766975,-0.0020362769719213247
-0.001982935005798936,-0.0020129091572016478,-0.002183144446462393,-0.002511754399165511
-0.002984358463436365,-0.0035800370387732983,-0.004289081785827875,-0.00510779395699501
-0.006018437445163727,-0.006974953226745129,-0.007898306474089622,-0.008692939765751362
-0.009291170164942741,-0.009677630849182606,-0.009867213666439056,-0.009879103861749172,-0.009739313274621964,-0.009500251151621342,-0.009244821965694427
-0.009054677560925484,-0.008969532325863838,-0.008982587605714798,-0.009068052284419537,-0.009202281013131142,-0.009365590289235115,-0.009536229074001312,-0.00968937948346138
-0.009806865826249123,-0.009886905550956726,-0.009939325042068958,-0.009971346706151962
-0.00997828971594572,-0.009941551834344864,-0.009833058342337608,-0.009624520316720009
-0.009293154813349247,-0.008823082782328129,-0.008208977989852428,-0.007460842840373516,-0.006609681062400341,-0.00571628101170063,-0.004870681092143059
-0.0041725472547113895,-0.003704394679516554,-0.003513120347633958,-0.0036081259604543447,-0.003969933837652206,-0.004555606283247471,-0.005302385427057743,-0.006133107468485832,-0.006958421785384417,-0.007675609085708857,-0.008173956535756588,-0.008356189355254173,-0.008166790008544922,-0.007610012777149677,-0.006746675819158554,-0.005668334662914276
-0.004468240775167942,-0.0032267565838992596,-0.0020054185297340155,-0.0008430811576545238,0.0002415041672065854,0.0012378792744129896,0.0021299903746694326
0.0028917244635522366,0.0034935157746076584,0.0039099459536373615,0.004124151077121496
0.004132810980081558,0.003950122743844986,0.0036104887258261442,0.003166791284456849
0.0026769021060317755,0.0021910578943789005,0.0017553356010466814,0.0014195351395756006
0.0012346069561317563,0.0012428450863808393,0.0014666463248431683,0.0018995944410562515,0.0025061750784516335,0.0032268897630274296,0.003984822891652584,0.004699351266026497
0.005302947014570236,0.005753885954618454,0.0060426704585552216
0.006182884331792593,0.006193730514496565,0.006096486933529377,0.005922739859670401
0.005719607695937157,0.005543095991015434,0.005441233515739441,0.005440890789031982
0.005541685037314892,0.005716769490391016,0.005923732649534941,0.006118974648416042
0.006270264741033316,0.006361581385135651,0.006388045847415924,0.006356816738843918,0.006299285218119621
0.006274542771279812,0.006349967792630196,0.0065680937841534615,0.006923156790435314
0.007367721293121576,0.00784122571349144,0.008286099880933762,0.008641544729471207
0.008843371644616127,0.008843466639518738,0.008628513664007187,0.008216961286962032
0.007641849108040333,0.006946420297026634,0.006193252746015787,0.0054617999121546745
0.0048292409628629684,0.004352276213467121,0.0040601762011647224,0.003958951681852341
0.004040257073938847,0.004280447494238615,0.00463446881622076,0.005044857040047646
0.00546594662591815,0.005883947480469942,0.006309708580374718,0.006746925879269838,0.007168271578848362
0.007520250976085663,0.007745954208076,0.007802179083228111,0.0076614427380263805
0.007302244193851948,0.006701591424643993,0.005849402863532305,0.004777340684086084
0.003569674212485552,0.002340262057259679,0.001193447271361947,0.00020132656209170818
-0.0005895736394450068,-0.001146645750850439,-0.001462107407860458,-0.001569670159369707
-0.0015355743234977126,-0.0014335432788357139,-0.0013280725106596947,-0.0012703227112069726
-0.0013022279599681497,-0.0014519025571644306,-0.0017123222351074219
-0.0020312024280428886,-0.002329776296392083,-0.0025361417792737484,-0.0026131339836865664
-0.00256176246330142,-0.002404139144346118,-0.0021747194696217775,-0.0019281016429886222
-0.0017418217612430453,-0.0016972384182736278,-0.0018502279417589307,-0.002217584289610386,-0.0027796849608421326,-0.00347485626116395,-0.004194725304841995,-0.0048166499473154545
-0.005255595780909061,-0.005490466021001339,-0.005563345272094011,-0.005565898958593607,-0.005611578933894634,-0.005798446945846081,-0.0061800675466656685
-0.006756899878382683,-0.007488876581192017,-0.008312670513987541,-0.009146193973720074
-0.009896533563733101,-0.010488584637641907,-0.010891536250710487,-0.011119616217911243
-0.011214207857847214,-0.01122258324176073,-0.01118236780166626,-0.011120147071778774
-0.011057675816118717,-0.011007463559508324,-0.010963057167828083,-0.010897711850702763
-0.010769504122436047,-0.010532370768487453,-0.010149925947189331,-0.009607227519154549
-0.008920050226151943,-0.008129844442009926,-0.007289654575288296
-0.006464027799665928,-0.005732368212193251,-0.0051778084598481655,-0.004872025456279516
-0.004862343426793814,-0.005156382452696562,-0.005710333585739136,-0.006430578418076038
-0.00719011016190052,-0.007856287062168121,-0.008319031447172165,-0.008502754382789135
-0.008361579850316048,-0.007874472066760063,-0.0070464275777339935,-0.005909426603466272
-0.004519724752753973,-0.0029535675421357155,-0.0013040904887020588,0.0003211735747754574
0.0018076974665746093,0.0030485843308269978,0.00395928043872118
0.00448976457118988,0.0046332478523254395,0.004427901469171047,0.003953767009079456
0.0033152548130601645,0.0026079677045345306,0.0019002414774149656,0.001240897225216031
0.0006738376105204225,0.00024590431712567806,3.573077265173197e-06,-1.816383155528456e-05
0.00019566479022614658,0.0006393195362761617,0.0012901521986350417,0.0021138687152415514
0.0030673695728182793,0.004093455150723457,0.005118627566844225,0.00606728158891201
0.006876804865896702,0.007492505479604006,0.007854687049984932
0.007911655120551586,0.0076601807959377766,0.007172637619078159,0.006580996792763472
0.006032084580510855,0.005649982951581478,0.005521186627447605,0.005692444276064634
0.00616953382268548,0.0069080740213394165,0.007803213316947222,0.008703389205038548
0.009450428187847137,0.009921440854668617,0.010053117759525776,0.00984324049204588
0.0093395309522748,0.008632345125079155,0.007847128435969353,0.007119885645806789
0.006564383395016193,0.006250400561839342,0.006197250448167324
0.0063800448551774025,0.006741294637322426,0.007203281857073307,0.007681805640459061
0.008097944781184196,0.008385660126805305,0.0084980558604002,0.008417682722210884
0.008167630061507225,0.00780617818236351,0.00740110594779253,0.007003106642514467
0.006635348312556744,0.00630158931016922,0.005999238695949316,0.005721624940633774,0.005455712787806988,0.005189188756048679,0.004923039581626654,0.004677475895732641,0.004486133810132742,0.0043798526749014854,0.0043683042749762535
0.004430316388607025,0.004516532178968191,0.0045649027451872826,0.004519757814705372
0.004334680736064911,0.003964537754654884,0.003372314153239131,0.0025518322363495827
0.0015453447122126818,0.00043973815627396107,-0.0006548184319399297,-0.0016277682734653354
-0.0023903106339275837,-0.002895662561058998,-0.0031432867981493473,-0.003166754264384508
-0.003019636496901512,-0.0027629947289824486,-0.0024544275365769863,-0.002146185375750065
-0.001888309489004314,-0.0017248342046514153,-0.0016844319179654121
-0.00177100975997746,-0.0019616088829934597,-0.0022200869861990213,-0.002513520885258913
-0.0028142943046987057,-0.003096878295764327,-0.0033407825976610184,-0.0035365759395062923
-0.003689020173624158,-0.0038142793346196413,-0.003932003863155842,-0.004049588926136494
-0.004142224323004484,-0.004157904535531998,-0.004062390420585871,-0.003881771583110094
-0.003696990665048361,-0.003606736660003662,-0.003701236564666033,-0.004049879964441061
-0.00468520587310195,-0.005591503344476223,-0.006710250861942768
-0.00795922800898552,-0.009254660457372665,-0.010518832132220268,-0.011674302630126476
-0.012646442279219627,-0.013377810828387737,-0.013837565667927265,-0.014014417305588722
-0.013901201076805592,-0.013489658012986183,-0.012782398611307144,-0.011810802854597569
-0.010640601627528667,-0.00936091784387827,-0.008067331276834011,-0.006846271920949221
-0.005766555201262236,-0.004878182429820299,-0.004208051599562168,-0.0037545079831033945
1.9011464246432297e-05,1.2214294656587299e-05,6.309770924417535e-06,2.327342372154817e-06,4.32410359962887e-07,7.493877185460462e-10,7.282944380904155e-08,3.395049219534485e-08
7.867710394293681e-08,1.1450359806985944e-06,4.388814886624459e-06,1.059938676917227e-05
1.9891076590283774e-05,3.156097591272555e-05,4.381724284030497e-05,5.3669256885768846e-05,5.793517630081624e-05
5.518159377970733e-05,4.6697325160494074e-05,3.555800867616199e-05,2.4893732188502327e-05
1.6671894627506845e-05,1.145757869380759e-05,8.953650649345946e-06,8.763962796365377e-06
1.0944921086775139e-05,1.619911563466303e-05,2.5630924938013777e-05,4.003588401246816e-05
5.910393156227656e-05,8.117434481391683e-05,0.00010362781904404983,0.0001235367963090539
0.00013837141159456223,0.0001465481473132968,0.0001476963807363063,0.0001427740789949894
0.00013374004629440606,0.0001226450112881139,0.00011084539437433705
9.885457984637469e-05,8.672899275552481e-05,7.45593715691939e-05,6.263967225095257e-05
5.135667743161321e-05,4.111490852665156e-05,3.238688441342674e-05,2.5649689632700756e-05
2.1144936908967793e-05,1.875524321803823e-05,1.808485649235081e-05,1.861483724496793e-05
1.9859744497807696e-05,2.1431909772218205e-05,2.2978696506470442e-05,2.4130160454660654e-05
2.4575776478741318e-05,2.423646037641447e-05,2.3356356905424036e-05,2.2413880287786014e-05
2.196380592067726e-05,2.2505551896756515e-05,2.4359478629776277e-05
2.752953878371045e-05,3.159165498800576e-05,3.5720182495424524e-05,3.890305379172787e-05
4.0153838199330494e-05,3.8604397559538484e-05,3.378037945367396e-05,2.6119065296370536e-05
1.7142074284492992e-05,8.887419426173437e-06,3.006284259754466e-06,2.406415262612427e-07
4.5016957983534667e-07,2.813872924889438e-06,6.068361017241841e-06,8.9423410827294e-06,1.062828869180521e-05,1.096656978916144e-05,1.0283295523549896e-05,9.08329548110487e-06,7.830738468328491e-06,6.840308287792141e-06,6.2457875174004585e-06
6.053077413525898e-06,6.213216693140566e-06,6.654021944996202e-06,7.28917439118959e-06
8.045471076911781e-06,8.926046575652435e-06,1.0067756193166133e-05,1.1718514542735647e-05
1.414607231708942e-05,1.7563061192049645e-05,2.2045142031856813e-05,2.7260795832262374e-05
3.218897836632095e-05,3.5484510590322316e-05,3.638696580310352e-05,3.5139401006745175e-05
3.261944584664889e-05,2.9787324820063077e-05,2.741979005804751e-05,2.6196063117822632e-05
2.6850100766750984e-05,3.013802233908791e-05,3.673654282465577e-05
4.71412786282599e-05,6.146785017335787e-05,7.920936332084239e-05,9.900742588797584e-05
0.00011853352043544874,0.00013485339877661318,0.00014530785847455263,0.00014847805141471326
0.0001446972310077399,0.00013567488349508494,0.0001235675299540162,0.00011031102621927857
9.745404531713575e-05,8.609513315605e-05,7.676967652514577e-05,6.949662929400802e-05
6.393047806341201e-05,5.9490223065949976e-05,5.55365695618093e-05,5.1583268941612914e-05
4.743102545035072e-05,4.313011231715791e-05,3.878572169924155e-05
3.444509275141172e-05,3.0194396458682604e-05,2.6235140467179008e-05,2.279018735862337e-05
2.0013239918625914e-05,1.801666439860128e-05,1.6904719814192504e-05,1.6744386812206358e-05
1.7518364984425716e-05,1.9082790458924137e-05,2.1157438823138364e-05,2.335285535082221e-05
2.5183479010593146e-05,2.610053888929542e-05,2.558641972427722e-05,2.3299346139538102e-05
1.9293835066491738e-05,1.416171835444402e-05,-0.002979543525725603,-0.002104052109643817
-0.0012033593375235796,-0.0003303161356598139,0.0004779727023560554
0.0011904480634257197,0.001779924612492323,0.0022304095327854156,0.002539257053285837
0.0027121417224407196,0.0027607050724327564,0.0027045300230383873,0.0025741453282535076
0.0024079110007733107,0.002241053618490696,0.0020986180752515793,0.0019980319775640965
0.001955962972715497,0.001995113445445895,0.002147540682926774,0.002449335064738989
0.002926870249211788,0.0035815290175378323,0.004377251490950584,0.005231446586549282
0.006016438361257315,0.006584410089999437,0.006814288906753063
0.006656871642917395,0.006152887362986803,0.005419639870524406,0.004616260528564453
0.0039007612504065037,0.0034001837484538555,0.0032023824751377106,0.0033538690768182278
0.0038598962128162384,0.004690790548920631,0.005783579312264919,0.007042525336146355
0.008355467580258846,0.009619288146495819,0.010753883048892021,0.011701291427016258
0.012420174665749073,0.012879068963229656,0.013054907321929932,0.012943061999976635
0.01256680116057396,0.01197664812207222,0.01123985555022955
0.01041934359818697,0.00955613236874342,0.008674636483192444,0.00780116394162178
0.006970727350562811,0.006215917412191629,0.005551357287913561,0.004973013885319233,0.004472183529287577,0.004045423120260239,0.0036937568802386522,0.0034147074911743402
0.0031989680137485266,0.0030444073490798473,0.0029674272518604994,0.00298701343126595
0.003101913956925273,0.003292842535302043,0.003541699843481183,0.003838778007775545
0.004173059947788715,0.004523433744907379
0.0048640696331858635,0.0051794517785310745,0.00546935573220253,0.005735413637012243
0.005963713396340609,0.006118621677160263,0.006152525544166565,0.006023360416293144
0.005704944487661123,0.005185202229768038,0.00446344306692481,0.003556307405233383
0.0025023415219038725,0.001358627574518323,0.00019644293934106827,-0.0009056228445842862
-0.0018712232122197747,-0.002634422853589058,-0.0031508319079875946,-0.0034077733289450407
-0.00342455692589283,-0.0032468729186803102,-0.0029396959580481052
-0.0025802263990044594,-0.002254256745800376,-0.002049002330750227,-0.002035156823694706
-0.002248975448310375,-0.0026879552751779556,-0.003318379633128643,-0.00408412329852581,-0.004914230667054653,-0.005735879763960838
-0.006484429817646742,-0.007094781380146742,-0.007496843114495277,-0.007644106633961201
-0.007545262109488249,-0.007261712569743395,-0.006885829847306013,-0.006518975365906954
-0.006247674115002155,-0.006130217108875513,-0.00619920901954174,-0.006463445257395506
-0.006909347139298916,-0.007507182192057371,-0.008215830661356449,-0.008989043533802032
-0.009781577624380589,-0.01054585911333561,-0.011230564676225185,-0.011789301410317421
-0.012183972634375095,-0.012381709180772305,-0.012354186736047268,-0.012077666819095612
-0.01153656281530857,-0.010734468698501587,-0.009705900214612484,-0.008518585935235023
-0.007262912578880787,-0.006032875739037991,-0.004913876298815012,-0.003988722339272499
-0.003341472242027521,-0.003036153269931674,-0.0030872186180204153,-0.0034499417524784803
-0.004036110360175371,-0.004744548350572586,-0.005485204979777336,-0.006181417964398861
-0.006762310862541199,-0.007166711147874594,-0.0073600816540420055,-0.007347647100687027
-0.00716688297688961,-0.0068604848347604275,-0.006453974638134241,-0.005955117754638195
-0.0053664520382881165,-0.004695642273873091,-0.003956369590014219,-0.003164558671414852
-0.002338428981602192,-0.0014987972099334002,-0.000665357569232583,0.00014089839532971382
0.0008880322566255927,0.001535606337711215,0.0020546922460198402
0.0024438612163066864,0.002719111740589142,0.002887709066271782,0.0029432724695652723
0.002888278802856803,0.0027467927429825068,0.002551420358940959,0.002328957663848996
0.0021035782992839813,0.0019046635134145617,0.0017613458912819624,0.0016926730750128627
0.001706870156340301,0.0018055374966934323,0.001986841205507517,0.00224771979264915
0.0025893086567521095,0.003020673058927059,0.003546691033989191,0.00414145877584815
0.004731674678623676,0.005218143574893475,0.0055260369554162025
0.005637744441628456,0.005585971288383007,0.005429703742265701,0.005233157891780138
0.005043265409767628,0.004878076259046793,0.004744100384414196,0.004657536279410124
0.004642381798475981,0.0047196922823786736,0.004906785674393177,0.0052209715358912945
0.005677702836692333,0.006282469257712364,0.007018632721155882,0.007842805236577988
0.00869573000818491,0.009514524601399899,0.010239021852612495,0.010817116126418114
0.011208198964595795,0.011386816389858723,0.011346767656505108
0.011101874522864819,0.010683401487767696,0.010132508352398872,0.00948939099907875
0.008786852471530437,0.008049465715885162,0.007294295355677605,0.006535128690302372
0.005787961650639772,0.005073267035186291,0.004420205485075712,0.003869932144880295
0.003469883929938078,0.003264591796323657,0.003288761479780078,0.0035571197513490915
0.0040517812594771385,0.004720063880085945,0.00548253208398819,0.0062427818775177
0.006901984103024006,0.0073759229853749275,0.007607391104102135
0.007574846968054771,0.0072937714867293835,0.006807032972574234,0.006172822788357735
0.005455711856484413,0.004718473646789789,0.004016189835965633,0.003393501276150346
0.0028796186670660973,0.002477960893884301,0.002159335184842348,0.001871149055659771
0.001558359363116324,0.001178560545668006,0.000707790139131248,0.00014626438496634364
-0.000484732270706445,-0.001162324333563447,-0.0018727157730609179,-0.002601153450086713
-0.0033256644383072853,-0.00402125995606184,-0.004659635480493307
-0.005209037102758884,-0.00564339105039835,-0.005952227860689163,-0.00614390941336751
-0.006238581147044897,-0.006252508610486984,-0.00618996424600482,-0.00604975875467062
-0.005838082171976566,-0.005573380272835493,-0.005268843844532967,-0.004915318451821804
-0.004499512724578381,-0.004041693639010191,-0.0036146892234683037,-0.003325230674818158
-0.0032693296670913696,-0.003497496945783496,-0.0040105124935507774,-0.004775417968630791,-0.005737427622079849,-0.0068184928968548775,-0.007921788841485977
-0.008951764553785324,-0.009832222014665604,-0.010515544563531876,-0.01098738331347704
-0.011263318359851837,-0.011379798874258995,-0.011385852470993996,-0.011336195282638073
-0.011281708255410194,-0.01125553622841835,-0.011262980289757252,-0.011282392777502537
-0.011275100521743298,-0.011197921819984913,-0.01101090107113123,-0.010679841041564941
-0.010182907804846764,-0.00952195841819048,-0.008726275525987148,-0.007847931236028671
-0.006955109070986509,-0.006118426565080881,-0.00539418775588274
-0.004822437651455402,-0.004436565097421408,-0.0042619770392775536,-0.004301047883927822
-0.00451910775154829,-0.004844482988119125,-0.005190787371248007,-0.0054859016090631485
-0.005679029040038586,-0.005730741657316685,-0.005611003376543522,-0.0053079077042639256
-0.004831571597605944,-0.004204472526907921,-0.003449666313827038,-0.002588538685813546
-0.0016444313805550337,-0.0006445678882300854,0.0003833243972621858,0.0014101701090112329
0.0023932650219649076,0.0032665347680449486,0.003948983270674944
0.00437089242041111,0.004498294088989496,0.004333768039941788,0.0039017575327306986
0.0032466240227222443,0.002444833517074585,0.0016078967601060867,0.0008676316356286407
0.0003488175570964813,0.00013768719509243965,0.0002650048700161278,0.0007110136211849749
0.001422686967998743,0.0023339232429862022,0.003372450824826956,0.004452848806977272
0.005479389801621437,0.006360268220305443,0.00701395096257329,0.007369511760771275
0.007381902541965246,0.0070604123175144196,0.006481771357357502
0.005773585755378008,0.005078105255961418,0.004514550790190697,0.004159706644713879
0.0040504541248083115,0.004187288694083691,0.004531913436949253,0.005019521806389093
0.005590925458818674,0.00621596397832036,0.006878923624753952,0.007545334752649069,0.00815902091562748
0.008669923059642315,0.009053737856447697,0.009309928864240646,0.00944721419364214
0.009471891447901726,0.009393833577632904,0.009236341342329979,0.009032314643263817
0.00881551206111908,0.008610696531832218,0.008423985913395882,0.008243468590080738
0.008048338815569878,0.007822833955287933,0.007565977051854134,0.00728205032646656
0.0069650388322770596,0.006597690749913454,0.0061646075919270515,0.005671095568686724
0.005149852484464645,0.004645730834454298,0.0041983178816735744,0.0038414199370890856
0.0036105469334870577,0.0035384302027523518,0.0036398782394826412,0.003902389435097575
0.0042876675724983215,0.004741029813885689,0.005202742293477058,0.005611790344119072
0.005903958808630705
0.006016453728079796,0.00590274203568697,0.005547272972762585,0.004962441977113485
0.004171611275523901,0.003207065165042877,0.0021263279486447573,0.001018049195408821
-1.552270259708166e-05,-0.0008846884011290967,-0.001530204201117158,-0.0019255481893196702
-0.002067673485726118,-0.0019720338750630617,-0.0016782899620011449,-0.0012573575368151069
-0.000809849938377738,-0.0004450895357877016,-0.00024672021390870214,-0.00025445641949772835,-0.00046985907829366624,-0.0008694985881447792,-0.0014159693382680416
-0.0020611672662198544,-0.0027466025203466415,-0.0034151647705584764,-0.004028938245028257
-0.004572811536490917,-0.005040190182626247,-0.0054173837415874004,-0.005680334288626909
-0.005798634607344866,-0.005737873259931803,-0.005471444223076105,-0.005007334519177675
-0.004403384868055582,-0.003756499383598566,-0.003180683823302388,-0.002783806761726737
-0.002648401539772749,-0.002825141418725252,-0.003332585794851184,-0.004153472371399403
-0.00523929251357913,-0.006524818949401379,-0.007929215207695961
-0.009345254860818386,-0.01064482145011425,-0.011705232784152031,-0.012439047917723656
-0.012813528999686241,-0.012851535342633724,-0.01261834055185318,-0.012203125283122063
-0.011695487424731255,-0.011165125295519829,-0.01065587718039751,-0.010189422406256199,-0.009770387783646584,-0.00939279142767191,-0.009046218357980251,-0.008717489428818226
-0.008389284834265709,-0.008039477281272411,-0.007643812336027622,-0.007182450965046883
-0.006648475769907236,-0.00605547521263361,-0.0054384940303862095
-0.004845730494707823,-0.004324591252952814,-0.003909422550350428,-0.0036190105602145195
-0.003460246603935957,-0.003431841032579541,-0.0035293661057949066,-0.003742594737559557
-0.004039858002215624,-0.0043577393516898155,-0.004612770862877369,-0.0047291843220591545
-0.004660594277083874,-0.004390686750411987,-0.00392318656668067,-0.0032769045792520046
-0.0024874575901776552,-0.001613060710951686,-0.00073473178781569,6.422132719308138e-05
0.0007273738738149405,0.0012334438506513834,0.0015820374246686697
0.0017764030490070581,0.0018172466661781073,0.001712621422484517,0.0014903368428349495
0.0011922261910513043,0.0008590772049501538,0.0005290268454700708,0.0002465536817908287
6.900564767420292e-05,6.28813577350229e-05,0.0002839764638338238,0.0007585371495224535
0.0014861822128295898,0.002448252635076642,0.0036060460843145847,0.0049011921510100365
0.00625657569617033,0.007565183099359274,0.008682476356625557,0.009450320154428482
0.009747276082634926,0.009531551972031593,0.008853716775774956
0.007837214507162571,0.006644323468208313,0.005448406096547842,0.004410523921251297
0.0036589247174561024,0.0032794582657516003,0.0033057306427508593,0.0037070761900395155
0.004399488680064678,0.005280057899653912,0.006256511900573969,0.007253494579344988
0.008201325312256813,0.009035954251885414,0.009719369933009148,0.010248273611068726
0.01063877996057272,0.010907289572060108,0.011058487929403782,0.011085600592195988
0.01097950804978609,0.010732406750321388,0.010333861224353313
0.009776219725608826,0.009078112430870533,0.008296072483062744,0.007504553999751806
0.0067711141891777515,0.0061468398198485374,0.005667097866535187,0.005348791368305683
0.00517798587679863,0.0051071252673864365,0.005074276123195887,0.005026289727538824
0.0049305325374007225,0.004780133720487356,0.004591945558786392,0.004392445087432861
0.00420745462179184,0.004063731990754604,0.003986204043030739,0.003986113704741001
0.004051904194056988,0.004152626730501652,0.004250203724950552
0.004305439069867134,0.004277707077562809,0.004131524357944727,0.0038489631842821836
0.003436211496591568,0.0029173758812248707,0.0023223513271659613,0.0016838880255818367
0.00103990628849715,0.00042790535371750593,-0.00011937064118683338,-0.0005727476673200727
-0.0009139621979556978,-0.0011462282855063677,-0.0012884930474683642,-0.0013600606471300125
-0.0013824909692630172,-0.0013909481931477785,-0.0014250192325562239,-0.0015086436178535223
-0.001644306699745357,-0.0018278539646416903,-0.002071240684017539
-0.0024050017818808556,-0.002858955878764391,-0.0034418348222970963,-0.004129691980779171
-0.004872494377195835,-0.005613246466964483,-0.00630381191149354,-0.006903811823576689
-0.007354890462011099,-0.007574209477752447,-0.007503945380449295,-0.007160183507949114
-0.006621507462114096,-0.005988155025988817,-0.0053632622584700584,-0.004845104180276394
-0.004512683488428593,-0.00442121084779501,-0.004604504909366369,-0.005072778556495905
-0.005809272173792124,-0.006768287159502506,-0.007883360609412193
-0.009081993252038956,-0.01028504315763712,-0.011395305395126343,-0.012307478114962578
-0.012941107153892517,-0.013258926570415497,-0.013256794773042202,-0.012947465293109417
-0.01235289592295885,-0.011506635695695877,-0.010463870130479336,-0.009304153732955456
-0.008116821758449078,-0.006980560254305601,-0.005951281171292067,-0.005064722616225481
-0.004347287118434906,-0.003819460514932871,-0.0034911981783807278,-0.0033588940277695656
-0.0034054159186780453,-0.0036026525776833296,-0.003916704095900059,-0.004314325749874115
-0.0047682118602097034,-0.0052542174234986305,-0.005739981308579445,-0.0061771259643137455
-0.006509169936180115,-0.006689535919576883,-0.006687888875603676,-0.006484871730208397
-0.006076910998672247,-0.005490337498486042,-0.0047812554985284805,-0.0040121846832334995
-0.003226185915991664,-0.0024422197602689266,-0.0016701854765415192,-0.0009253507014364004
-0.0002296922029927373,0.00039708855911158025,0.0009469338692724705,0.0014239231823012233,0.0018376016523689032,0.0021951738744974136
0.0024951761588454247,0.002725183265283704,0.0028646790888160467,0.002891089301556349
0.0027872882783412933,0.002552156103774905,0.002210741862654686,0.0018155777361243963
0.001437808619812131,0.0011534057557582855,0.001028878497891128,0.0011083442950621247
0.001409044023603201,0.0019317716360092163,0.002673348179087043,0.003617824986577034
0.004704311490058899,0.00581072922796011,0.006790241226553917,0.00753065338358283
0.007982390001416206,0.00814872793853283,0.008064894005656242
0.0077843512408435345,0.007369226776063442,0.006878478452563286,0.0063635921105742455
0.0058725327253341675,0.005448180250823498,0.005123191513121128,0.004917179234325886
0.004835238680243492,0.004875708371400833,0.005045029334723949,0.005361154675483704
0.005840229336172342,0.006472864653915167,0.007207668852061033,0.007969357073307037
0.008699450641870499,0.009369000792503357,0.009952429682016373,0.010404684580862522
0.010668842121958733,0.010699531994760036,0.010479147545993328
0.010020929388701916,0.009361634962260723,0.008551203645765781,0.007649020757526159
0.0067237261682748795,0.005853983573615551,0.005122696980834007,0.0045908126048743725
0.004275698680430651,0.004159269854426384,0.004203733988106251,0.0043641384690999985
0.004602393135428429,0.004886831622570753,0.005179740488529205,0.005438362248241901
0.005626128055155277,0.0057160742580890656,0.005690069869160652,0.005540162790566683
0.005271163769066334,0.004901774227619171,0.00445939414203167
0.003976142033934593,0.0034923118073493242,0.0030528840143233538,0.002693293849006295
0.002433540066704154,0.002281405497342348,0.0022317864932119846,0.0022675483487546444
0.0023595253005623817,0.00246039149351418,0.0025073285214602947,0.0024384241551160812
0.002213760744780302,0.0018289029831066728,0.0013096083421260118,0.0006935177370905876
1.6277190297842026e-05,-0.0006914687692187726,-0.001408610143698752,-0.0021278385538607836
-0.0028469040989875793,-0.0035624271258711815,-0.004275419283658266
-0.004992312286049128,-0.00571649894118309,-0.006437214091420174,-0.0071265846490859985
-0.007751363329589367,-0.008285213261842728,-0.00870149489492178,-0.008953101933002472
-0.008975733071565628,-0.00872858427464962,-0.008233623579144478,-0.007574046496301889
-0.006858875975012779,-0.006186372134834528,-0.00562624167650938,-0.005224068649113178
-0.00501434039324522,-0.005016917362809181,-0.005217153578996658,-0.005559723358601332
-0.0059730601496994495,-0.006405165884643793,-0.00684223510324955
-0.007296031806617975,-0.0077711837366223335,-0.008250372484326363,-0.00871350709348917
-0.009161163121461868,-0.009611506015062332,-0.010073533281683922,-0.010525723919272423
-0.010919967666268349,-0.011198087595403194,-0.011301911436021328,-0.011182455345988274
-0.010817009955644608,-0.010221255011856556,-0.009445562027394772,-0.008564427495002747
-0.007667485624551773,-0.006849431898444891,-0.006194469053298235,-0.005756784230470657
-0.0055517880246043205,-0.0055665248073637486,-0.005766384303569794
-0.00609021820127964,-0.006460332311689854,-0.006802986841648817,-0.007054447196424007
-0.007159940432757139,-0.007077143061906099,-0.006782036740332842,-0.006277298089116812
-0.005594503600150347,-0.004780814051628113,-0.0038811881095170975,-0.0029271929524838924
-0.0019334033131599426,-0.0009074085392057896,0.00013277260586619377,0.0011562446597963572
0.002129939151927829,0.003020907286554575,0.0037869131192564964,0.0043703229166567326
0.004712218884378672,0.004781921859830618,0.004590117372572422
0.0041752103716135025,0.003587177488952875,0.0028829993680119514,0.0021323116961866617
0.001426471397280693,0.0008699072059243917,0.0005478132516145706,0.0004998501972295344
0.0007188662420958281,0.001162962755188346,0.0017731195548549294,0.002491069259122014
0.003262855112552643,0.004034311510622501,0.004754865542054176,0.00538217555731535
0.00588405504822731,0.006245651748031378,0.006474259775131941,0.006598145235329866
0.0066659715957939625,0.006738214287906885,0.006865471135824919
0.007068965584039688,0.007332534994930029,0.00760630052536726,0.007825744338333607
0.00793977826833725,0.007928211241960526,0.007800860796123743,0.007589944172650576
0.007342593278735876,0.007109278813004494,0.006928469054400921,0.006814848631620407,0.006761182565242052,0.006752857472747564,0.0067784469574689865,0.006831808015704155
0.006912153214216232,0.007019421085715294,0.007149174809455872,0.007294451352208853,0.007446667179465294,0.007591451983898878,0.007710553240031004
0.0077914344146847725,0.00782991386950016,0.007820765487849712,0.007747020106762648
0.007579033263027668,0.007288407534360886,0.006871930789202452,0.006367988418787718
0.005848744418472052,0.005390091333538294,0.005045256577432156,0.004843973089009523
0.004802948795258999,0.004925696179270744,0.005191400647163391,0.005543261766433716,0.0058912960812449455,0.006133642513304949,0.006183365359902382
