5.465538561111316e-05,5.801424049423076e-05,6.076698991819285e-05,6.302887049969286e-05
6.47241686237976e-05,6.550161197083071e-05,6.509600643767044e-05,6.368215690599754e-05,6.182223296491429e-05,6.0148136981297284e-05,5.907353988732211e-05,5.86735550314188e-05
5.871658504474908e-05,5.8831425121752545e-05,5.889108797418885e-05,5.9444115322548896e-05
6.163584475871176e-05,6.648663838859648e-05,7.405768701573834e-05,8.296067971969023e-05,9.058778960024938e-05
9.424515883438289e-05,9.242226224159822e-05,8.514306682627648e-05,7.350765372393653e-05
5.927303936914541e-05,4.459446790860966e-05,3.1487572414334863e-05,2.116416180797387e-05
1.3848129128746223e-05,9.14132488105679e-06,6.478258910647128e-06,5.388672889239388e-06
5.6067110563162714e-06,7.066596481308807e-06,9.730534657137468e-06,1.3345925253815949e-05
1.7369196939398535e-05,2.106358624587301e-05,2.359016434638761e-05,2.4164750357158482e-05
2.2395915948436595e-05,1.8529572116676718e-05,1.3345174011192285e-05
7.866075975471176e-06,3.1818913157621864e-06,3.9001884033496026e-07,3.740421732345567e-07
3.3711139622027986e-06,8.74276247486705e-06,1.5230612916639075e-05,2.144106474588625e-05,2.6165316739934497e-05,2.8480277251219377e-05,2.78424377029296e-05,2.4272429072880186e-05
1.8521379388403147e-05,1.1986620847892482e-05,6.216152542037889e-06,2.2686590455123223e-06
3.7530131180574244e-07,7.190359863074036e-09,2.550344788687653e-07,3.616207493450929e-07
1.360342594125541e-07,2.5332859365789773e-08,8.622289442428155e-07
3.5402590583544225e-06,8.737354619370308e-06,1.664576484472491e-05,2.6805548259289935e-05
3.808556357398629e-05,4.881929999100976e-05,5.722505011362955e-05,6.197678885655478e-05
6.260178633965552e-05,5.953907748335041e-05,5.3869687690166757e-05,4.6872639359207824e-05
3.9661506889387965e-05,3.3056989195756614e-05,2.7610367396846414e-05,2.365249747526832e-05
2.1329589799279347e-05,2.060054066532757e-05,2.12314298551064e-05,2.2843632905278355e-05
2.503144605725538e-05,2.7549700462259352e-05,3.0422968848142773e-05
3.3804051781771705e-05,3.7696754588978365e-05,4.173707202426158e-05,4.5181670429883525e-05
4.725668622995727e-05,4.7635661758249626e-05,4.663432628149167e-05,4.5121989387553185e-05
4.4143085688119754e-05,4.4337335566524416e-05,4.564209666568786e-05,4.736911796499044e-05
4.8406556743429974e-05,4.759443618240766e-05,4.427013118402101e-05,3.8654394302284345e-05
3.18204693030566e-05,2.516960012144409e-05,1.973267353605479e-05,1.588569830346387e-05
1.354999312752625e-05,1.2528366823971737e-05,1.2707536370726302e-05
1.4040615496924147e-05,1.6404617781518027e-05,1.9500850612530485e-05,2.2915037334314547e-05
2.6257350327796303e-05,2.9146725864848122e-05,3.108900273218751e-05,3.151782584609464e-05
2.998948548338376e-05,2.6408451958559453e-05,2.1182679120101966e-05,1.5156918379943818e-05
9.35061507334467e-06,4.637120127881644e-06,1.5216169231280219e-06,1.1841878944096607e-07
2.2313584224775695e-07,1.3755043255514465e-06,2.947750090243062e-06,4.316198101150803e-06
5.073632564744912e-06,5.139343102200655e-06,4.672241630032659e-06
3.8858815969433635e-06,2.946399490610929e-06,2.0016077542095445e-06,1.2130237792007392e-06
6.903285338921705e-07,4.3565557916736e-07,4.007304141850909e-07,5.925319896959991e-07
1.1213644484087126e-06,2.1440380351123167e-06,3.7533088743657572e-06,5.926073754380923e-06
8.610159056843258e-06,1.1846714187413454e-05,-0.003967058379203081,-0.004500249866396189
-0.005004979204386473,-0.005431424360722303,-0.00573741365224123,-0.005902394652366638
-0.00593544589355588,-0.005875787232071161,-0.005779544357210398
-0.005699553061276674,-0.005671790800988674,-0.005715483799576759,-0.005842963233590126
-0.006070178467780352,-0.0064147948287427425,-0.006877687759697437,-0.007427344564348459
-0.008005395531654358,-0.008552689105272293,-0.009038753807544708,-0.009467525407671928
-0.009850372560322285,-0.01017099991440773,-0.010380623862147331,-0.010436494834721088
-0.010349527932703495,-0.010189688764512539,-0.010036264546215534,-0.00991976261138916
-0.009807350113987923,-0.00962867122143507,-0.009313414804637432
-0.008820559829473495,-0.008141578175127506,-0.007287715561687946,-0.006289985496550798
-0.0052086422219872475,-0.004130942281335592,-0.0031519983895123005,-0.0023500295355916023
-0.0017732572741806507,-0.0014431565068662167,-0.001358743174932897,-0.0014921725960448384
-0.0017911028116941452,-0.002196086570620537,-0.002654869109392166,-0.0031235869973897934
-0.0035615768283605576,-0.003927615471184254,-0.004181836731731892,-0.0042873565107584
-0.004210164770483971,-0.003925665747374296,-0.0034269634634256363
-0.0027286948170512915,-0.0018681944347918034,-0.0008995395619422197,0.00011441705282777548
0.001101756701245904,0.0019810490775853395,0.0026753246784210205,0.0031381663866341114
0.0033698794431984425,0.0034075432922691107,0.003299492411315441,0.0030854279175400734
0.0027902701403945684,0.00243191746994853,0.0020377342589199543,0.001653975574299693
0.0013422572519630194,0.001168039278127253,0.0011799766216427088,0.001388707896694541
0.0017641980666667223,0.002254592487588525,0.0028124647215008736
0.003410250646993518,0.00403563492000103,0.004677171818912029,0.005316213238984346
0.005928174592554569,0.006486143916845322,0.006962692365050316,0.00733228400349617
0.007576108444482088,0.007686804514378309,0.007670705206692219,0.007542859297245741,0.007314831949770451,0.0069923726841807365,0.006590415723621845,0.006145981140434742,0.005712213460355997,0.005338649265468121,0.005053358618170023,0.00486035319045186,0.0047542802058160305,0.004736647009849548,0.004818408749997616
0.0050108302384614944,0.005311225540935993,0.005691579543054104,0.0061011891812086105
0.006482858210802078
0.006796036846935749,0.0070451064966619015,0.007286637555807829,0.007586614228785038
0.007960245944559574,0.008348933421075344,0.008646521717309952,0.008749958127737045
0.008599165827035904,0.008188718929886818,0.007557617500424385,0.006773347035050392
0.005918694660067558,0.005078837275505066,0.0043295444920659065,0.003726756200194359
0.0032987382728606462,0.0030472902581095695,0.0029532338958233595,0.0029825703240931034
0.0030992822721600533,0.003273568581789732,0.0034741314593702555,0.0036593989934772253
0.0037808180786669254,0.0037947220262140036,0.0036745036486536264,0.0034084762446582317
0.002985954750329256,0.0023999663535505533,0.0016662762500345707,0.0008313460275530815
-3.730074968189001e-05,-0.0008702341583557427,-0.001612548716366291,-0.0022224229760468006
-0.002660420723259449,-0.0028956872411072254,-0.002924020169302821,-0.002772525418549776
-0.0024857530370354652
-0.0021065822802484035,-0.001670104218646884,-0.0012074316618964076,-0.0007449515396729112
-0.00030642643105238676,7.656781235709786e-05,0.0003594282898120582,0.0004966420237906277
0.0004637181118596345,0.00026821912615559995,-5.864797276444733e-05,-0.00048226019134745
-0.0009839412523433566,-0.0015669709537178278,-0.002243052003905177,-0.0030083160381764174
-0.0038294815458357334,-0.004654848948121071,-0.0054433103650808334,-0.006182461977005005
-0.006879899650812149,-0.007543886546045542,-0.008168842643499374
-0.008733918890357018,-0.009215368889272213,-0.009595800191164017,-0.009868490509688854
-0.010039540007710457,-0.010117338970303535,-0.010101573541760445,-0.009987127035856247
-0.00977267138659954,-0.009464314207434654,-0.009078463539481163,-0.008646847680211067
-0.008218202739953995,-0.007849816232919693,-0.007590746507048607,-0.007472359109669924
-0.00750896567478776,-0.007694991771131754,-0.007999295368790627,-0.008360551670193672
-0.008687619119882584,-0.008877139538526535,-0.008843092247843742
-0.00853661261498928,-0.007949817925691605,-0.007114519830793142,-0.006099472288042307
-0.0049987430684268475,-0.003912454005330801,-0.0029296809807419777,-0.0021203882060945034
-0.0015341921243816614,-0.0011959333205595613,-0.0011019299272447824,-0.001229737070389092
-0.0015526741044595838,-0.00204040901735425,-0.0026503452099859715,-0.003325271885842085
-0.003995739854872227,-0.004585471004247665,-0.005022869445383549,-0.00524954404681921
-0.0052226632833480835,-0.004918226040899754,-0.00433361204341054
-0.0034885364584624767,-0.0024254866875708103,-0.0012042562011629343,0.00010346586350351572
0.0014114624354988337,0.0026239249855279922,0.003656781045719981,0.004456774331629276,0.005006750114262104,0.005317586474120617,0.005407939199358225,0.005290139000862837,0.004975515883415937,0.004485185723751783,0.003856683149933815,0.003143520560115576
0.002405842300504446,0.001704515190795064,0.0011011617025360465,0.000651434762403369
0.000393527967389673,0.000345804903190583,0.0005145973991602659
0.0009004924213513732,0.0014966892777010798,0.0022802590392529964,0.003203905187547207
0.004198775626718998,0.005185982212424278,0.006089585833251476,0.0068491543643176556
0.007428955286741257,0.007821815088391304,0.008046001195907593,0.008133100345730782
0.008110743016004562,0.007991824299097061,0.007780406624078751,0.0074876053258776665
0.007139455992728472,0.006770770531147718,0.0064131286926567554,0.00608553271740675
0.005795123055577278,0.005547848995774984,0.00535808177664876
0.005252875853329897,0.005266872234642506,0.005419888999313116,0.005695384461432695
0.0060525634326040745,0.0064700995571911335,0.006970972288399935,0.007586820051074028
0.008298791944980621,0.009021563455462456,0.009634489193558693,0.010020731016993523
0.01009124331176281,0.009793984703719616,0.009118394926190376,0.008100191131234169
0.006818633060902357,0.0053839604370296,0.003922212403267622,0.00255929259583354
0.0014070835895836353,0.0005512440111488104,3.587384708225727e-05
-0.00014368721167556942,-2.681223486433737e-05,0.00033601291943341494,0.0008954286458902061
0.0015985833015292883,0.0023822265211492777,0.0031811867374926805,0.003940451890230179
0.004605780355632305,0.005104987882077694,0.005352721083909273,0.0052816011011600494
0.004873156547546387,0.004163803532719612,0.003226284170523286,0.0021485756151378155
0.0010227477177977562,-6.387499161064625e-05,-0.0010445383377373219,-0.001886085607111454
-0.0025782305747270584,-0.0031108902767300606,-0.003469373332336545
-0.003642314113676548,-0.003626673948019743,-0.0034333481453359127,-0.003091421676799655
-0.0026476047933101654,-0.002167006488889456,-0.001727583585307002,-0.0013998181093484163
-0.0012229320127516985,-0.0011950997868552804,-0.0012931297533214092,-0.0015103748301044106
-0.0018725302070379257,-0.002416053554043174,-0.0031527183018624783,-0.004049668554216623
-0.005038761533796787,-0.006041816435754299,-0.0069887954741716385,-0.007826808840036392
-0.008524034172296524,-0.00906238704919815,-0.009425656870007515
-0.009597158059477806,-0.009564999490976334,-0.009329927153885365,-0.008912092074751854
-0.0083533376455307,-0.007716038729995489,-0.007072315085679293,-0.006484519224613905
-0.0059944987297058105,-0.005627649370580912,-0.005403013899922371,-0.005342165008187294
-0.005474412348121405,-0.00583505816757679,-0.006448071915656328,-0.007293409202247858
-0.008287770673632622,-0.009306076914072037,-0.010222231969237328,-0.010928519070148468
-0.011329342611134052,-0.011341831646859646,-0.010921784676611423
-0.010087596252560616,-0.008916029706597328,-0.007520181126892567,-0.00602643471211195
-0.004556290339678526,-0.0032126414589583874,-0.0020724255591630936,-0.0011916228104382753
-0.0006128307431936264,-0.00036175630521029234,-0.0004394688585307449,-0.0008170363726094365
-0.0014329793630167842,-0.0022023613564670086,-0.0030351411551237106,-0.0038423100486397743
-0.00453190878033638,-0.005017758347094059,-0.005236804019659758,-0.005160198081284761
-0.0047923908568918705,-0.004156902898102999,-0.0032827414106577635,-0.00220392644405365
-0.0009701044764369726,0.0003389454213902354,0.0016134331235662103,0.0027393121272325516
0.003628675127401948,0.0042326562106609344,0.004538468085229397,0.004559437744319439
0.004327085800468922,0.0038929542060941458,0.003331291489303112,0.0027253173757344484
0.002143265912309289,0.0016262768767774105,0.0011975568486377597,0.0008867200231179595
0.0007435823208652437,0.0008180440054275095,0.0011251370888203382,0.0016307183541357517,0.002267859410494566,0.0029690356459468603
0.003689231351017952,0.004407726693898439,0.005113562569022179,0.005789116956293583
0.0064051710069179535,0.006926704663783312,0.007328064180910587,0.007609460037201643
0.0077959150075912476,0.007921434938907623,0.008012797683477402,0.008076786994934082
0.008097088895738125,0.008047759532928467,0.007909358479082584,0.007671720813959837
0.0073326583951711655,0.006900581531226635,0.006396223325282335,0.005848391447216272
0.005286181811243296,0.00474180094897747,0.004260324873030186
0.003894416382536292,0.0036857312079519033,0.0036530715879052877,0.0037980249617248774
0.004126555286347866,0.004658594727516174,0.00539992842823267,0.006308934185653925
0.007295884191989899,0.008245209231972694,0.009044613689184189,0.009605931118130684
0.009865311905741692,0.009781045839190483,0.00934603251516819,0.008600583299994469
0.007626330479979515,0.0065202051773667336,0.005367557052522898,0.004236101172864437
0.0031913025304675102,0.0023077824153006077,0.0016525920946151018
0.0012531455140560865,0.0010868357494473457,0.0011062102857977152,0.0012730695307254791
0.0015672268345952034,0.001966663170605898,0.002424634527415037,0.0028696677181869745
0.0032285344786942005,0.0034487463999539614,0.0035026725381612778,0.003375366562977433
0.0030554174445569515,0.0025457486044615507,0.0018798804376274347,0.0011161186266690493
0.00031321216374635696,-0.0004854220023844391,-0.001243282575160265,-0.001913639367558062
-0.0024462887085974216,-0.0028152181766927242,-0.0030279625207185745
-0.0031019358430057764,-0.0030358696822077036,-0.0028121971990913153,-0.0024316853377968073
-0.0019444436766207218,-0.0014454906340688467,-0.0010426235385239124,-0.0008257034933194518
-0.0008474411442875862,-0.0011143111623823643,-0.001588448416441679,-0.002201980445533991
-0.0028879321180284023,-0.003612280823290348,-0.004375597462058067,-0.005182749591767788
-0.0060131484642624855,-0.00681963050737977,-0.007555457763373852,-0.008200730197131634
-0.008761085569858551,-0.009243851527571678,-0.009638583287596703
-0.009919220581650734,-0.010060019791126251,-0.010047396644949913,-0.00988216232508421
-0.009575811214745045,-0.009146351367235184,-0.008620264008641243,-0.008034552447497845
-0.007430539932101965,-0.006847054231911898,-0.006318798754364252,-0.005881705321371555
-0.005587868392467499,-0.005512130446732044,-0.005722962785512209,-0.006229159887880087
-0.006950083654373884,-0.007737444713711739,-0.008433394134044647,-0.008921182714402676
-0.009138161316514015,-0.009065371006727219,-0.0087125264108181
-0.00810415018349886,-0.007277963683009148,-0.0062869274988770485,-0.005194267723709345
-0.004074579570442438,-0.0030166092328727245,-0.002112125977873802,-0.0014364728704094887
-0.0010378042934462428,-0.0009395570959895849,-0.0011393867898732424,-0.0015974580310285091
-0.0022292998619377613,-0.0029193582013249397,-0.0035550612956285477,-0.004055740311741829
-0.004372770898044109,-0.004472496919333935,-0.004326341673731804,-0.003916997462511063
-0.003256102092564106,-0.002395565388724208,-0.0014171497896313667
-0.00040495581924915314,0.0005805703112855554,0.001507261535152793,0.0023509736638516188
0.0030757393687963486,0.00364115322008729,0.004020341672003269,0.0042033204808831215
0.004192108288407326,0.00400005467236042,0.0036604679189622402,0.003230195725336671
0.0027712027076631784,0.002323384862393141,0.0018960002344101667,0.0014892721083015203
0.0011270834365859628,0.0008673567790538073,0.0007762298337183893,0.0008898949017748237
0.0011981325224041939,0.001656711334362626,0.0022185316774994135
0.0028587589040398598,0.003567089792340994,0.004324472509324551,0.005101160146296024
0.0058723208494484425,0.006621391046792269,0.00732317753136158,0.007934916764497757,0.008412720635533333,0.008731653913855553,0.008889096789062023,0.008890198543667793
0.008729910477995872,0.008389386348426342,0.007855759933590889,0.0071533797308802605
0.006352914497256279,0.005548547953367233,0.004820587113499641,0.00421400461345911,0.003750304225832224,0.0034450767561793327,0.0033105805050581694
0.003352631814777851,0.003570437664166093,0.003962602466344833,0.004539362154901028
0.005320413038134575,0.006298859603703022,0.007402192335575819,0.008497344329953194,0.009442350827157497,0.010143629275262356,0.010574700310826302,0.010708831250667572
0.010434478521347046,0.009645398706197739,0.008424434810876846,0.007044100668281317
0.005766567308455706,0.004657964687794447,0.0036187944933772087,0.002589383628219366,0.0016777676064521074,0.0010718554258346558,0.0008636692073196173
0.0009940771851688623,0.0013512035366147757,0.001871617161668837,0.002499439287930727
0.0030870186164975166,0.0034301201812922955,0.003424383932724595,0.003165933769196272,0.0028586513362824917,0.002601312007755041,0.0022974119056016207
0.001785118831321597,0.0010311953956261277,0.00017804652452468872,-0.0005949760670773685
-0.0012245720718055964,-0.0017531135817989707,-0.002197172027081251,-0.0024897430557757616
-0.002554362639784813,-0.0023910014424473047,-0.0020689170341938734,-0.0016477648168802261
-0.0011498017702251673,-0.0006262720562517643,-0.0001998518710024655,3.9592268876731396e-06
-2.828911237884313e-05,-0.00018018345872405916,-0.000329761445755139,-0.00047916866606101394
-0.0007540143560618162,-0.0012935474514961243,-0.002154901158064604,-0.0032834052108228207
-0.004507789853960276,-0.0055940961465239525,-0.006398532539606094,-0.00697504635900259
-0.007482826244086027,-0.008008706383407116,-0.008500736206769943,-0.008848650380969048
-0.009002878330647945,-0.008989976719021797,-0.008845639415085316
-0.00857137143611908,-0.008164998143911362,-0.007679040543735027,-0.007221835665404797
-0.006900390610098839,-0.006745895370841026,-0.006717506796121597,-0.006782755721360445
-0.006957011763006449,-0.007266911678016186,-0.007675412110984325,-0.008084764704108238
-0.008437557145953178,-0.00876627117395401,-0.009144647046923637,-0.009608026593923569
-0.010092618875205517,-0.01043423917144537,-0.01042854506522417,-0.009945303201675415,-0.009036353789269924,-0.007900504395365715,-0.006739092990756035
-0.005664501804858446,-0.004698345437645912,-0.003808721899986267,-0.0029701285529881716,-0.0022236972581595182,-0.001662891125306487,-0.001357312430627644,-0.001313151209615171
-0.001487409695982933,-0.0018194589065387845,-0.0022427565418183804,-0.0026775277219712734
-0.0030503342859447002,-0.003309752093628049,-0.003421652829274535,-0.0033784001134335995
-0.0031862559262663126,-0.002846958115696907,-0.002369294874370098,-0.0017668006476014853
-0.0010543710086494684,-0.0002843959955498576,0.0004402332124300301
0.0010355109116062522,0.0015121337492018938,0.001942542614415288,0.0023351027630269527
0.002588403644040227,0.0026103327982127666,0.0024380988907068968,0.00220649316906929
0.0020248559303581715,0.0019027461530640721,0.0017860416555777192,0.001637323061004281
0.0014678251463919878,0.0013340519508346915,0.0013179301749914885,0.0014722921187058091
0.0017813661834225059,0.002176916692405939,0.002576674334704876,0.002928716130554676
0.003253886243328452,0.003622285323217511
0.004058637656271458,0.004488435573875904,0.00480144377797842,0.004988034255802631
0.0051671480759978294,0.005435789003968239,0.005773609969764948,0.006114515475928783
0.006442426238209009,0.006802390795201063,0.0072048199363052845,0.007552224211394787
0.007726709824055433,0.007715505547821522,0.007606971077620983,0.0074859438464045525
0.007344524376094341,0.007109200581908226,0.0067519680596888065,0.006332249380648136
0.005942993797361851,0.005644231103360653,0.005428006406873465
0.005238401237875223,0.005037445574998856,0.004852626472711563,0.004770895931869745
0.004897950682789087,0.005286737345159054,0.005885003134608269,0.006563108880072832
0.007177961990237236,0.007630081847310066,0.00788913108408451,0.007951978594064713
0.0077907671220600605,0.007375404238700867,0.00674422737210989,0.0060191527009010315
0.005317503586411476,0.004671894479542971,0.004069917369633913,0.003538411343470216
0.003156870836392045,0.002989491680637002,0.003019334515556693
0.0031613302417099476,0.0033325019758194685,0.003506612731143832,0.003697800450026989
0.0039026658050715923,0.0040637655183672905,0.004096915014088154,0.003969534300267696
0.003709607757627964,0.0033357657957822084,0.0028391729574650526,0.002227198565378785
0.0015479200519621372,0.0008678215090185404,0.00022456899750977755,-0.00039632245898246765
-0.0010229391045868397,-0.0016274660592898726,-0.0021165511570870876,-0.002416177885606885
-0.0025450384709984064,-0.0025782438460737467,-0.0025605913251638412
-0.0024860273115336895,-0.0023501107934862375,-0.0021902425214648247,-0.0020736991427838802
-0.002052656374871731,-0.0021308595314621925,-0.0022832707036286592,-0.002496311441063881
-0.002776132430881262,-0.00313102500513196,-0.0035496405325829983,-0.004003395792096853
-0.004465201869606972,-0.004901136737316847,-0.005266866646707058,-0.005537757184356451,-0.005731277167797089,-0.005888693034648895,-0.006028219126164913,-0.006128169596195221
-0.006167773623019457,-0.006169675849378109,-0.006189326290041208
-0.00627431645989418,-0.00643360149115324,-0.006634183693677187,-0.0068413387052714825
-0.007052346132695675,-0.0072818947955966,-0.007544077467173338,-0.007840210571885109
-0.008150842040777206,-0.008447796106338501,-0.008713047951459885,-0.008961115032434464
-0.009241199120879173,-0.009597212076187134,-0.010020863264799118,-0.010455586947500706
-0.01084281224757433,-0.01113484613597393,-0.011263608932495117,-0.011111822910606861
-0.010551584884524345,-0.009549382142722607,-0.008207540959119797
-0.006698646582663059,-0.00517916539683938,-0.0037478390149772167,-0.0024619661271572113
-0.001371679361909628,-0.0005311918212100863,2.0149280317127705e-05,0.00028338207630440593
0.00029620403074659407,0.00011022556282114238,-0.000233396771363914,-0.0007258356781676412
-0.001374307437799871,-0.002144678495824337,-0.002923180814832449,-0.0035558510571718216
-0.003939838148653507,-0.004062717780470848,-0.0039604427292943,-0.003660955699160695
-0.003174165263772011,-0.002517861081287265,-0.0017266962677240372
-0.0008441442623734474,9.472132660448551e-05,0.0010825945064425468,0.002111859153956175
0.003117386717349291,0.003977344371378422,0.0045830924063920975,0.004893452860414982
0.00491540040820837,0.0046625398099422455,0.004163097590208054,0.0034912843257188797,0.002750618616119027,0.002023831708356738,0.0013558019418269396
2.5379231374245137e-05,2.6998823159374297e-05,3.0544968467438594e-05,3.66418607882224e-05,4.5347453124122694e-05,5.5796714150346816e-05,6.616324390051886e-05,7.399994501611218e-05
7.700777496211231e-05,7.393674604827538e-05,6.519573798868805e-05,5.280313780531287e-05
3.949643360101618e-05,2.7548854632186703e-05,1.8102460671798326e-05,1.1269356036791578e-05
6.660337021457963e-06,3.8134494388941675e-06,2.303980863871402e-06,1.7457806507081841e-06
1.8923461766462424e-06,2.7036312530981377e-06,4.219788479531417e-06,6.395760465238709e-06,9.095203495235182e-06,1.2131076800869778e-05,1.5158067071752157e-05,1.757162499416154e-05,1.8695456674322486e-05,1.8137634469894692e-05,1.5962967154337093e-05,1.2588652680278756e-05,8.62917113408912e-06,4.831799742532894e-06,1.927788616740145e-06,3.4342946264587226e-07
1.7047923961399647e-08,4.898263341601705e-07,1.1859190180985024e-06,1.6747790141380392e-06,1.7695624592306558e-06,1.4859642760711722e-06,9.668194707046496e-07
4.2085653717549576e-07,6.330929380737871e-08,2.269088383854978e-08,2.2690376511036447e-07,4.0419828906124167e-07,3.158421293392166e-07,5.512903555882076e-08,1.0042388964848215e-07,1.0657470284058945e-06,3.4177278394054156e-06,7.402577921311604e-06,1.3044966181041673e-05,1.999304186028894e-05,2.7358162697055377e-05,3.385557283763774e-05,3.825548992608674e-05
3.985082366853021e-05,3.8660822610836476e-05,3.5369190300116315e-05,3.111137993982993e-05,2.7074196623289026e-05,2.4041819415288046e-05,2.2256963347899728e-05
2.1664349333150312e-05,2.2259629986365326e-05,2.427424624329433e-05,2.8129712518421002e-05
3.423648013267666e-05,4.268199700163677e-05,5.29484823346138e-05,6.397947436198592e-05
7.467666728189215e-05,8.435072959400713e-05,9.260346269002184e-05,9.893210517475381e-05,0.00010283097071805969,0.00010431251575937495,0.00010400347673567012,0.00010269273479934782
0.00010093633318319917,9.88978281384334e-05,9.618638432584703e-05,9.178975597023964e-05,8.45128670334816e-05,7.388855010503903e-05,6.077118086977862e-05
4.695469033322297e-05,3.426211333135143e-05,2.390616646152921e-05,1.6332516679540277e-05
1.139157666329993e-05,8.61562330101151e-06,7.488480605388759e-06,7.636242116859648e-06
8.836826054903213e-06,1.0884874427574687e-05,1.3503686204785481e-05,1.640433765714988e-05
1.9342198356753215e-05,2.203316216764506e-05,2.4033293811953627e-05,2.4810207833070308e-05
2.4033663066802546e-05,2.1737552742706612e-05,1.818337113945745e-05,1.376487944071414e-05
9.083540135179646e-06,4.897323833574774e-06,1.8573250599729363e-06
2.6933005869977933e-07,7.540106850001393e-08,9.604249271433218e-07,2.441095375615987e-06
4.001290562882787e-06,5.256044460111298e-06,6.013960046402644e-06,6.2426188378594816e-06
6.005506747897016e-06,5.3997359827917535e-06,4.541711405181559e-06,3.587330866139382e-06
2.6984057512891013e-06,1.9839624201267725e-06,1.4993079275882337e-06,1.276843704545172e-06
1.3633230082632508e-06,1.8703783553064568e-06,2.981540774271707e-06,4.861962679569842e-06,7.577956694149179e-06,1.115773557103239e-05,1.5698351489845663e-05
2.1325069610611536e-05,2.7947740818490274e-05,3.5005527024623007e-05,4.152814653934911e-05
4.6575914893765e-05,4.9684775149216875e-05,5.0919854402309284e-05,5.0559967348817736e-05
4.882374923909083e-05,4.590057142195292e-05,4.208094469504431e-05,3.7787493056384847e-05
3.354776345076971e-05,2.9900880690547638e-05,2.7252617655904032e-05,0.005078889429569244
0.0050540282391011715,0.005140424706041813,0.005321344826370478,0.0055721779353916645
0.00586746959015727,0.006186656188219786,0.0065131536684930325
0.006828367244452238,0.0071054017171263695,0.0073156533762812614,0.007454265374690294
0.007553321309387684,0.0076555791310966015,0.00777760474011302,0.007898598909378052
0.00796996708959341,0.007928593084216118,0.0077138557098805904,0.007290747482329607
0.006669727619737387,0.005908643826842308,0.005090107675641775,0.0042927260510623455
0.0035821846686303616,0.0030171070247888565,0.002647311193868518,0.002503079827874899
0.002584665548056364,0.0028564564418047667,0.0032556247897446156
0.0037136455066502094,0.0041692303493618965,0.004566418007016182,0.004850958939641714
0.004972865339368582,0.004898806102573872,0.0046246107667684555,0.0041678668931126595
0.003549557877704501,0.0027934059035032988,0.0019455838482826948,0.0010858343448489904
0.0003052725223824382,-0.00033309217542409897,-0.000808314245659858,-0.0011180526344105601
-0.0012525625061243773,-0.0012001520954072475,-0.0009752603946253657,-0.0006304202252067626
-0.00023235013941302896,0.00017345347441732883,0.0005649590748362243
0.0009105426725000143,0.001150740310549736,0.0012170076370239258,0.0010605975985527039
0.0006653252639807761,4.218169488012791e-05,-0.0007741722511127591,-0.0017156059620901942
-0.00267974566668272,-0.0035628718324005604,-0.004306255839765072,-0.004911542870104313
-0.005413230042904615,-0.005830629728734493,-0.0061384644359350204,-0.006287091411650181
-0.006252310238778591,-0.006063512060791254,-0.005789809860289097,-0.005504538305103779
-0.005260429810732603,-0.005091365892440081,-0.005025135353207588
-0.0050851646810770035,-0.005283645819872618,-0.005620687268674374,-0.006091976538300514
-0.006691453512758017,-0.007399743422865868,-0.008172286674380302,-0.00894535705447197
-0.009655347093939781,-0.010252737440168858,-0.010708421468734741,-0.011022759601473808
-0.011226399801671505,-0.011355774477124214,-0.011420381255447865,-0.011394941247999668
-0.01123972050845623,-0.010921784676611423,-0.010421003215014935,-0.009729625657200813,-0.008854100480675697,-0.007817531935870647,-0.006662210449576378
-0.00545277027413249,-0.004273893311619759,-0.00321739399805665,-0.0023632654920220375,-0.0017628944478929043,-0.0014326334930956364
-0.0013618730008602142,-0.0015260662185028195,-0.0018922503804787993,-0.0024167057126760483,-0.003041415475308895,-0.0036960039287805557,-0.00430855480954051,-0.004820859991014004
-0.0051962463185191154,-0.005414121318608522,-0.005459021311253309,-0.005313296336680651
-0.004959472455084324,-0.004393476527184248,-0.003632841631770134,-0.002708295825868845
-0.0016552957240492105,-0.000517665408551693,0.0006431413348764181,0.0017421719385311007
0.0026830960996448994,0.0033903555013239384,0.0038364005740731955,0.004041675943881273
0.0040512774139642715,0.003909732215106487,0.003650733968243003,0.0033021157141774893
0.002895323559641838,0.002471039304509759,0.0020801634527742863,0.001779751037247479
0.0016237013041973114,0.0016522661317139864,0.0018859743140637875,0.0023232223466038704
0.002933753188699484,0.003655165433883667,0.004409421235322952,0.0051330579444766045
0.005795259028673172,0.006386829074472189,0.006892443634569645,0.007273224648088217
0.007475094869732857,0.007462151348590851,0.00724949361756444,0.0068986425176262856
0.006473178509622812,0.005999966524541378,0.005478221923112869,0.0049218288622796535
0.004382418468594551,0.003928373567759991,0.0036094326060265303,0.003446167102083564
0.003444105852395296,0.0036070160567760468,0.003933632746338844,0.004404440056532621
0.004982417449355125,0.005632488057017326,0.006330456119030714
0.007045890670269728,0.007725099101662636,0.008307424373924732,0.008760971948504448
0.009092617779970169,0.009321901947259903,0.009446604177355766,0.009429109282791615
0.009211448952555656,0.008745808154344559,0.008019661530852318,0.007061055861413479
0.005931455176323652,0.004722583573311567,0.0035512573085725307,0.0025354421231895685
0.0017599605489522219,0.0012591781560331583,0.0010297081898897886,0.0010538010392338037,0.001305699348449707,0.001742686377838254,0.0022997017949819565
0.0028970190323889256,0.0034573746379464865,0.003920439630746841,0.004243327304720879,0.004390363115817308,0.004332294687628746,0.0040617892518639565,0.003606213489547372,0.003021733835339546,0.0023735538125038147,0.0017188915517181158,0.0011037092190235853,0.0005692314589396119,0.0001540492521598935,-0.00011356876348145306,-0.00022271632042247802,-0.0001773074036464095,1.2903547030873597e-05,0.0003357129171490669,0.0007647413294762373,0.0012458714190870523,0.001706309150904417,0.0020797490142285824
0.0023203850723803043,0.002395029179751873,0.002265649614855647,0.0018884064629673958
0.0012359304819256067,0.00031791883520781994,-0.0008163074962794781,-0.0020849378779530525
-0.003385029500350356,-0.004607801791280508,-0.005654648877680302,-0.006457207724452019
-0.006996060721576214,-0.0072976029478013515,-0.007405102718621492,-0.007350260391831398
-0.007152974605560303,-0.006845553405582905,-0.006489884108304977,-0.006162695121020079
-0.005922891665250063,-0.00579731073230505,-0.005796163808554411
-0.00593623798340559,-0.0062421765178442,-0.006719877012073994,-0.007334292400628328
-0.008016885258257389,-0.008685601875185966,-0.009258536621928215,-0.009664533659815788
-0.00985590647906065,-0.009822893887758255,-0.00960484053939581,-0.009285899810492992
-0.008964186534285545,-0.008709564805030823,-0.00854429230093956,-0.008454464375972748
-0.008409982547163963,-0.008374630473554134,-0.008307471871376038,-0.008166649378836155
-0.007916146889328957,-0.007529925554990768,-0.0069984691217541695
-0.006338799837976694,-0.0055969287641346455,-0.004839593544602394,-0.0041383360512554646
-0.003548866370692849,-0.003099156077951193,-0.0027972362004220486,-0.0026471044402569532
-0.0026525724679231644,-0.0028066677041351795,-0.003080312628298998,-0.0034231492318212986
-0.0037774730008095503,-0.004092687740921974,-0.004331243224442005,-0.0044676437973976135,-0.0044823577627539635,-0.004356008023023605,-0.004072538577020168,-0.003628634847700596,-0.0030377390794456005,-0.0023246295750141144,-0.0015168078243732452
-0.0006418952252715826,0.00026907032588496804,0.0011811367003247142,0.002055803081020713
0.0028478126041591167,0.0035078595392405987,0.003997626714408398,0.0043033454567193985
0.004432443529367447,0.004401157610118389,0.004225880838930607,0.003918543923646212
0.003489820286631584,0.0029635350219905376,0.0023915742058306932,0.0018536862917244434
0.0014336655149236321,0.0011851696763187647,0.0011203066678717732,0.0012302797986194491
0.0015081174205988646,0.0019513602601364255,0.0025547149125486612
0.0033061527647078037,0.004184169694781303,0.00514830369502306,0.006126816384494305,0.00702070165425539,0.007734792307019234,0.008214885368943214,0.008456493727862835,0.008479544892907143,0.008298248052597046,0.007919225841760635,0.007367925718426704
0.006709511391818523,0.006038907449692488,0.005444901995360851,0.004979051183909178
0.00466022128239274,0.004500523675233126,0.004510180559009314,0.004678469616919756,0.004967990331351757,0.00533704599365592,0.005765005946159363
0.006256371736526489,0.006826067343354225,0.0074770390056073666,0.008179498836398125,0.008867941796779633,0.009458073414862156,0.009866772219538689,0.01002505049109459,0.009884029626846313,0.009419100359082222,0.008637610822916031,0.007585481274873018,0.00634155236184597,0.005001315381377935,0.0036665969528257847,0.0024455892853438854
0.0014470373280346394,0.0007602265104651451,0.0004359710728749633,0.0004812741535715759
0.0008609864162281156,0.001502122264355421,0.002308186609297991
0.0031786663457751274,0.004017941188067198,0.004734301008284092,0.005242457613348961
0.005478811450302601,0.005420678295195103,0.005086857825517654,0.004518257454037666,0.0037584821693599224
0.0028468510136008263,0.001824437640607357,0.0007424964569509029,-0.0003357295645400882,-0.0013357435818761587,-0.0021776428911834955,-0.002794446423649788,-0.0031504055950790644
-0.003241550177335739,-0.003085663542151451,-0.0027193117421120405,-0.00220088055357337,-0.0016050650738179684,-0.001003154320642352,-0.00044696941040456295,2.6335881557315588e-05
0.00038059375947341323,0.0005747816758230329,0.0005691720871254802,0.0003398155386094004,-0.00010973750613629818,-0.0007458640029653907,-0.0015123630873858929,-0.0023460285738110542
-0.003191102296113968,-0.004006678704172373,-0.004768078215420246,-0.005458906292915344
-0.006054699420928955,-0.006513505708426237,-0.006787298712879419,-0.006855068728327751
-0.006752990651875734,-0.006564257200807333,-0.006371884141117334,-0.006218730937689543
-0.0061073326505720615
-0.006033765152096748,-0.006018297281116247,-0.006101636216044426,-0.006315173581242561
-0.006655327510088682,-0.007084409706294537,-0.007556659635156393,-0.008041809312999249
-0.008526085875928402,-0.009006716310977936,-0.009498647414147854,-0.010033553466200829
-0.010630413889884949,-0.011256861500442028,-0.011811891570687294,-0.012150957249104977
-0.012150337919592857,-0.011764445342123508,-0.011028457432985306,-0.010011643171310425
-0.008772233501076698,-0.00735627394169569,-0.005828621331602335
-0.004291061777621508,-0.002863118890672922,-0.0016419803723692894,-0.0006827614270150661,-1.834658905863762e-05,0.0003157227183692157,0.00029287446523085237,-7.02648248989135e-05
-0.0007038178737275302,-0.0015115565620362759,-0.00240476056933403,-0.0033128284849226475
-0.004167844541370869,-0.00489088287577033,-0.005405047908425331,-0.0056566232815384865
-0.005615916568785906,-0.005266448017209768,-0.004603841807693243,-0.0036483309231698513,-0.0024609749671071768,-0.001142673660069704,0.00019738380797207355
0.001475094584748149,0.0026284530758857727,0.0035920441150665283,0.004288208205252886
0.004647625144571066,0.00464257737621665,0.004301232285797596,0.003690865356475115
0.0028948483522981405,0.002004797337576747,0.0011188387870788574,0.0003311712061986327
-0.0002849033335223794,-0.0006869162316434085,-0.0008553977822884917,-0.0007730713114142418
-0.00041233282536268234,0.0002507776371203363,0.001200592378154397,0.0023570209741592407
0.003596340538933873,0.004803180694580078,0.005902311764657497
0.006849662866443396,0.007609454449266195,0.008146090433001518,0.008433924987912178
0.008472509682178497,0.008293213322758675,0.007950290106236935,0.007501041051000357
0.006990404333919287,0.006452181376516819,0.005919931922107935,0.005429503507912159
0.005008119624108076,0.0046674530021846294,0.0044166818261146545,0.004279905930161476
0.004289701581001282,0.004460540134459734,0.004770565778017044,0.005170140881091356
0.005612803623080254,0.006078856531530619,0.006570282392203808
0.007094322703778744,0.007647080812603235,0.008194101974368095,0.008671162649989128,0.009012119844555855,0.009167984127998352,0.009106280282139778,0.008813031949102879,0.008303428068757057,0.007625624071806669,0.006843448616564274,0.0060111903585493565
0.005168320145457983,0.004357210360467434,0.003641380462795496,0.003099696710705757
0.0027940208092331886,0.0027371463365852833,0.0028882683254778385,0.0031762667931616306,0.0035296811256557703,0.003889639163389802,0.004201261326670647
0.004404458217322826,0.004443653393536806,0.0042906347662210464,0.0039572808891534805
0.00348374480381608,0.0029130023904144764,0.002278774045407772,0.0016171045135706663
0.0009791514603421092,0.00042321858927607536,-7.014838047325611e-06,-0.0002959561243187636
-0.00044911610893905163,-0.00047750031808391213,-0.0003927299112547189,-0.00021453795488923788
1.9569415599107742e-05,0.00025647590518929064,0.00044668233022093773,0.000561332970391959,0.0005878614028915763,0.0005118122207932174,0.00031213765032589436
-1.563580008223653e-05,-0.00043839943828061223,-0.0009049961809068918,-0.0013899634359404445
-0.0019108298001810908,-0.0024976544082164764,-0.0031449145171791315,-0.003797668032348156
-0.004384847357869148,-0.004861941561102867,-0.005227819550782442,-0.00551115907728672
-0.005744965746998787,-0.005954736843705177,-0.006162467412650585,-0.006384961307048798
-0.006624535657465458,-0.006868284661322832,-0.007097477093338966,-0.007302301470190287
-0.007491338532418013,-0.007680282928049564,-0.007871631532907486
-0.00804896280169487,-0.008186779916286469,-0.00826592743396759,-0.008280660957098007
-0.008231410756707191,-0.008115292526781559,-0.007922517135739326,-0.007647112011909485
-0.007317290175706148,-0.007016182877123356,-0.0068544503301382065,-0.0069069573655724525
-0.007170835509896278,-0.007574733812361956,-0.008013325743377209,-0.008378120139241219
-0.008581357076764107,-0.008573019877076149,-0.00834747590124607,-0.007936567068099976
-0.007390702608972788,-0.006761470809578896,-0.006094228941947222
-0.005425404291599989,-0.004784055054187775,-0.0041974494233727455,-0.0036895342636853456
-0.003273315727710724,-0.0029524124693125486,-0.002732445253059268,-0.0026299324817955494
-0.002665282692760229,-0.0028378358110785484,-0.0031105177477002144,-0.0034267392475157976
-0.003735715290531516,-0.0039980788715183735,-0.004177916329354048,-0.004235929809510708
-0.004133355338126421,-0.00384308653883636,-0.003353187581524253,-0.0026664510369300842
-0.0018076011911034584,-0.0008303741924464703,0.00019127060659229755
0.0011870062444359064,0.0021075631957501173,0.002918962622061372,0.0035855420865118504
0.00406414270401001,0.004315121099352837,0.004322365391999483,0.004106421023607254,0.0037163859233260155,0.003207359230145812,0.0026270318776369095,0.0020198095589876175
0.0014336479362100363,0.0009192103752866387,0.0005244143540039659,0.000292269978672266
0.0002628054062370211,0.0004650845075957477,0.0008964285370893776,0.0015125677455216646
0.002246884163469076,0.003042904194444418,0.003869395237416029,0.00471061235293746
0.005546082276850939,0.006336885504424572,0.007030635606497526,0.0075791142880916595
0.007952319458127022,0.008143184706568718,0.00816231220960617,0.008026309311389923
0.007751496508717537,0.007358198519796133,0.006877120118588209,0.006349667906761169
0.005823732353746891,0.005350633058696985,0.004982650745660067,0.004761337768286467
0.004699935205280781,0.0047789947129786015,0.004960796795785427,0.005212110932916403,0.0055253650061786175,0.005930284503847361
0.0064732651226222515,0.007161690387874842,0.007929738610982895,0.008660894818603992
0.009234495460987091,0.00955922156572342,0.00958424061536789,0.00929776020348072
0.008723467588424683,0.007918179035186768,0.006967639084905386,0.005970024038106203
0.005014460999518633,0.004175618756562471,0.003521496895700693,0.0031110092531889677
0.002972434042021632,0.0030833983328193426,0.0033778941724449396,0.0037766944151371717
0.004208762664347887,0.0046092551201581955,0.004913985729217529
0.00506421085447073,0.005020471289753914,0.0047757807187736034,0.004355278331786394
0.0038062375970184803,0.0031841781456023455,0.0025343741290271282,0.0018834378570318222
0.0012520316522568464,0.0006732139736413956,0.0001947393175214529,-0.00014035141794010997
-0.0003202781081199646,-0.00037351768696680665,-0.0003493669501040131,-0.0002885226858779788,-0.00021187413949519396,-0.0001340779272140935,-7.984020339790732e-05,-8.214896661229432e-05,-0.00016965280519798398,-0.00035546810249798,-0.0006332523189485073
-0.0009847503388300538,-0.0013894947478547692,-0.001830289140343666,-0.0022983779199421406
-0.002794083673506975,-0.003318836446851492,-0.003865110455080867,-0.004410054534673691
-0.004915430210530758,-0.0053390804678201675,-0.00565218273550272,-0.005849848035722971
-0.005955568514764309,-0.006016297731548548,-0.006080123595893383,-0.0061729783192276955
-0.00629726517945528,-0.006449980661273003,-0.006640257313847542,-0.006886488292366266
-0.007197318132966757,-0.007558677811175585,-0.007937153801321983
-0.0082943644374609,-0.008596481755375862,-0.008817153982818127,-0.008942985907196999
-0.008973293006420135,-0.008911820128560066,-0.008764529600739479,-0.008551668375730515
-0.008326729759573936,-0.008175496011972427,-0.008179214783012867,-0.008368984796106815
-0.008706538006663322,-0.00909760594367981,-0.009427478536963463,-0.009598890319466591
-0.009548967704176903,-0.009248778223991394,-0.008706250227987766,-0.007970266044139862
-0.007121203932911158,-0.006244429387152195,-0.005400619003921747
-0.004620570223778486,-0.00392657658085227,-0.003345284378156066,-0.002898305654525757
-0.002591946395114064,-0.0024154328275471926,-0.002346196910366416,-0.002360382117331028
-0.002437802031636238,-0.0025572204031050205,-0.0026883401442319155,-0.002790875034406781
-0.0028249621391296387,-0.002761399606242776,-0.0025817356072366238,-0.002272907178848982
-0.0018270798027515411,-0.001248539425432682,-0.0005585683975368738,0.0002047757152467966
0.000988901942037046,0.0017376604955643415,0.0024085533805191517
0.002975007751956582,0.003413105383515358,0.003691788064315915,0.0037766024470329285
0.0036459157709032297,0.0033040251582860947,0.0027816209476441145,0.002134091919288039
0.0014386826660484076,0.0007807579822838306,0.00023222644813358784,-0.00016558001516386867
-0.0004034771118313074,-0.0004861045745201409,-0.0004083411186002195,-0.00015150138642638922
0.00029916403582319617,0.0009359705727547407,0.0017214196268469095,0.0025940213818103075
0.003481099847704172,0.004312647972255945,0.0050415163859725
0.005658972077071667,0.0061840033158659935,0.006635709665715694,0.007015332579612732
0.007306857034564018,0.007488955743610859,0.0075500886887311935,0.007499944418668747
0.0073699201457202435,0.007202776614576578,0.007041573524475098,0.006925676483660936
0.006886220537126064,0.006931847892701626,0.007039811462163925,0.007168466225266457
0.007279355078935623,0.007351950742304325,0.007381572853773832,0.007359430193901062
0.007267299573868513,0.007111683953553438,0.00694572227075696
0.006834932137280703,0.0068086981773376465,0.0068391673266887665,0.006849475204944611
0.006748562213033438,0.00647432915866375,0.006015752907842398,0.005408897064626217
0.004721520468592644,0.004036421421915293,0.0034344096202403307,0.002974693663418293
0.0026837352197617292,0.0025665618013590574,0.002625396242365241,0.002860716078430414
0.003255060873925686,0.003761912928894162,0.004318184219300747,0.004868410527706146
0.0053740511648356915,0.005802718922495842,0.006111892871558666
0.00624416908249259,0.006143359001725912,0.005783065687865019,0.005182632245123386
0.004394263494759798,0.0034785582683980465,0.0024952504318207502,0.0015118229202926159
0.0006151045672595501,-9.544845670461655e-05,-0.0005412925384007394,-0.0006999622564762831
-0.0006124356877990067,-0.0003593678120523691,-2.2711115889251232e-05,0.00033873325446620584
0.0006821308634243906,0.0009572237031534314,0.001096604741178453,0.001033751294016838
0.000732465588953346,0.00019591161981225014,-0.000547479372471571
-0.0014535327209159732,-0.002459572860971093,-0.003486908506602049,-0.004457932896912098
-0.005318384617567062,-0.0060433633625507355,-0.006621081847697496,-0.007035760208964348
-0.0072648352943360806,-0.007289009168744087,-0.007109126541763544,-0.0067552560940384865
-0.006283621769398451,-0.005768400151282549,-0.005285460967570543
4.330845968070207e-06,1.66394511325052e-06,5.8473887065702e-07,2.7847693218063796e-07,3.165776263358566e-07,6.715347353747347e-07,1.5276234535122057e-06,3.095520014539943e-06,5.540509391721571e-06,8.915901162254158e-06,1.298457027587574e-05,1.7052221664926037e-05
2.0108958779019304e-05,2.1305853806552477e-05,2.031462463492062e-05,1.732209238980431e-05
1.2933633115608245e-05,8.083656211965717e-06,3.8110147215775214e-06,9.630408612792962e-07
1.7096356275114744e-10
9.602658792573493e-07,3.4990007407031953e-06,6.9709221861558035e-06,1.057711324392585e-05,1.3526060683943797e-05,1.518746830697637e-05,1.525236166344257e-05,1.3813142686558422e-05
1.1302437997073866e-05,8.330645869136788e-06,5.508242793439422e-06,3.291932671345421e-06,1.8450044763085316e-06,1.0354025334891048e-06,6.172881512611639e-07,4.0347913454752415e-07
3.116701066119276e-07,3.425545287427667e-07,5.821947297590668e-07,1.2438626981747802e-06,2.6546920253167627e-06,5.170214535610285e-06,9.091777428693604e-06
1.457718917663442e-05,2.1541329260799102e-05,2.9640335924341343e-05,3.8403602957259864e-05,4.736229311674833e-05,5.5945998610695824e-05,6.326110451482236e-05,6.814187509007752e-05
6.966241198824719e-05,6.778373790439218e-05,6.343657150864601e-05,5.785403845948167e-05
5.191617310629226e-05,4.6055251004872844e-05,4.0498172893421724e-05,3.5547654988477007e-05
3.167961403960362e-05,2.937785211543087e-05,2.893422970373649e-05,3.0377432267414406e-05
3.3554297260707244e-05,3.8410820707213134e-05,4.524287214735523e-05
5.4467207519337535e-05,6.599691550945863e-05,7.882953650550917e-05,9.113531996263191e-05,0.00010062172077596188,0.00010501818178454414,0.00010268997721141204,9.332751506008208e-05
7.840004400350153e-05,6.077146827010438e-05,4.3541800550883636e-05,2.897433478210587e-05
1.8076718333759345e-05,1.0779875083244406e-05,6.3822567426541355e-06,4.000000444648322e-06
2.8871363610960543e-06,2.571280447227764e-06,2.8431720693333773e-06,3.6812195958191296e-06
5.168615643924568e-06,7.404611551464768e-06,1.0402461157354992e-05
1.40238680614857e-05,1.7937760276254267e-05,2.1553243641392328e-05,2.409675289527513e-05
2.4938057322287932e-05,2.3898252038634382e-05,2.1300851585692726e-05,1.7726515579852276e-05
1.3670057342096698e-05,9.49343120737467e-06,5.627837253996404e-06,2.5847261895250995e-06
7.048959105304675e-07,1.176732666863245e-08,3.1703569902674644e-07,1.3248302366264397e-06
2.6055613489006646e-06,3.62858963853796e-06,3.9875089896668214e-06,3.6102267131354893e-06
2.7379203402233543e-06,1.7462882624386111e-06,9.491002970207774e-07
4.779356572726101e-07,2.9491886266441725e-07,3.32006521830408e-07,6.509695822387584e-07
1.4952588571759406e-06,3.210113845852902e-06,6.1008377088001e-06,1.032365980790928e-05
1.590193460287992e-05,2.2793801690568216e-05,3.0769002478336915e-05,3.916410423698835e-05,4.692569564213045e-05,5.3115272748982534e-05,5.7467630540486425e-05,6.037374623701908e-05
6.22816733084619e-05,6.321399996522814e-05,6.291706813499331e-05,6.136197771411389e-05
5.894761852687225e-05,5.624892219202593e-05,5.368623533286154e-05
5.1444854761939496e-05,4.961440208717249e-05,4.829379395232536e-05,4.753237226395868e-05
4.7274064854718745e-05,4.761905438499525e-05,4.9297836085315794e-05,5.3689960623160005e-05
6.214454333530739e-05,7.507303962484002e-05,9.14219199330546e-05,0.00010907235991908237
0.00012573630374390632,0.000139140771352686,-0.012114958837628365,-0.012098975479602814
-0.01170878205448389,-0.010954144410789013,-0.009885403327643871,-0.008569077588617802
-0.007077549118548632,-0.005503921303898096,-0.003973501268774271
-0.002626645378768444,-0.0015787510201334953,-0.0008868307340890169,-0.000549228978343308,-0.0005357675836421549,-0.0008136084070429206,-0.0013399400049820542,-0.0020437731873244047
-0.0028310436755418777,-0.003604329191148281,-0.004280376248061657,-0.004799774847924709
-0.005119750276207924,-0.005201820284128189,-0.005015781614929438,-0.004552814178168774
-0.0038301562890410423,-0.0028873486444354057,-0.0017808673437684774,-0.0005811534356325865
0.0006277066422626376,0.0017551161581650376,0.002721164608374238
0.003475078847259283,0.004009280353784561,0.004355774261057377,0.004555500112473965
0.00462877843528986,0.004577063024044037,0.004401990212500095,0.004114891868084669
0.0037335767410695553,0.003278326243162155,0.002775991801172495,0.002266890835016966
0.0018011867068707943,0.00142060371581465,0.0011399445356801152,0.0009495108388364315
0.0008411259623244405,0.0008356950129382312,0.000983131118118763,0.0013312263181433082
0.001894091721624136,0.0026442171074450016,0.003522510640323162
0.004453943111002445,0.005361368414014578,0.006173408590257168,0.00683381175622344
0.007311676163226366,0.007597194518893957,0.007687998004257679,0.007584553677588701
0.007299382239580154,0.006871227640658617,0.006364455912262201,0.0058462307788431644
0.0053650918416678905,0.004949955269694328,0.004620371386408806,0.0043968684040009975,0.004303290508687496,0.0043566469103097916,0.0045591359958052635,0.004905573092401028,0.005398379638791084,0.006045883055776358,0.006832717917859554
0.0076995776034891605,0.008562607690691948,0.009340529330074787,0.009957848116755486
0.010337870568037033,0.010406017303466797,0.010103793814778328,0.009406384080648422
0.00833679735660553,0.006971578113734722,0.005433958023786545,0.003866648767143488
0.0023964475840330124,0.0011188460048288107,0.00010580208618193865,-0.0005831617745570838
-0.0009040554868988693,-0.0008430553716607392,-0.00042580609442666173,0.0002857234503608197
0.0012066606432199478,0.0022457933519035578,0.0033147395588457584
0.004326884169131517,0.005195437930524349,0.005843133665621281,0.006217801012098789,0.006292975973337889
0.006054048426449299,0.005496687721461058,0.004645191598683596,0.0035651028156280518
0.0023569518234580755,0.001138992141932249,2.3915315978229046e-05,-0.0008970422786660492
-0.001555462833493948,-0.0019115365575999022,-0.0019659213721752167,-0.0017558872932568192
-0.0013353885151445866,-0.0007556028431281447,-5.873886402696371e-05,0.0007083259988576174
0.0014693783596158028,0.00211067171767354,0.0025082638021558523,0.0025723339058458805
0.0022727700415998697,0.0016323209274560213,0.0007031086133792996,-0.00045299262274056673
-0.0017750085098668933,-0.003204361069947481,-0.004678228870034218,-0.006124795414507389
-0.007462472654879093,-0.00859853532165289,-0.009439000859856606,-0.00991521030664444
-0.010009292513132095,-0.009760364890098572,-0.009242224507033825,-0.008526651188731194
-0.007670839782804251,-0.0067381286062300205,-0.005813568830490112,-0.004988351371139288
-0.0043341717682778835
-0.0038984022103250027,-0.0037177824415266514,-0.0038218123372644186,-0.0042118774726986885
-0.00484329741448164,-0.005650191102176905,-0.006598341278731823,-0.007698352914303541
-0.00895312987267971,-0.01029243040829897,-0.0115596242249012,-0.012565813958644867,-0.013169302605092525,-0.013315818272531033,-0.01301591470837593,-0.012302889488637447,-0.011217382736504078,-0.009817558340728283,-0.008191395550966263,-0.006451694294810295,-0.004716038703918457,-0.0030948114581406116,-0.0016926343087106943
-0.0006071575917303562,8.328910917043686e-05,0.00033915822859853506,0.00017223111353814602
-0.0003607082471717149,-0.0011781075736507773,-0.002193018328398466,-0.0033179763704538345
-0.004454445093870163,-0.005489995237439871,-0.006323948502540588,-0.006899663712829351
-0.007206762209534645,-0.007249880116432905,-0.007013053633272648,-0.006459246855229139
-0.005567451473325491,-0.0043633729219436646,-0.0029200706630945206,-0.0013385675847530365
0.0002769450657069683,0.001829636050388217,0.0032265332993119955
0.004384289495646954,0.0052443603053689,0.005777743645012379,0.005975112318992615
0.005834467243403196,0.00535886874422431,0.004571487195789814,0.003539618570357561
0.0023760402109473944,0.0012054217513650656,0.00013519648928195238,-0.0007401510374620557,-0.0013293473748490214,-0.0015597972087562084,-0.0014104843139648438,-0.0009318727534264326
-0.00022136943880468607,0.0006365409353747964,0.0016082540387287736,0.002691586036235094
0.0038668448105454445,0.005068628117442131,0.00619884766638279
0.0071647209115326405,0.007909666746854782,0.008418368175625801,0.008702184073626995
0.008781371638178825,0.008679307997226715,0.008427025750279427,0.008059624582529068
0.007606206461787224,0.007091200910508633,0.00654119485989213,0.005984198767691851
0.0054466514848172665,0.004954699892550707,0.004536998458206654,0.004225776996463537,0.004058266058564186,0.0040757483802735806,0.004315788857638836,0.004806902725249529
0.005564929451793432,0.006575974635779858,0.007772959303110838
0.009029317647218704,0.010182412341237068,0.011077355593442917,0.01160384714603424,0.011704430915415287,0.011358018033206463,0.010564579628407955,0.009353547357022762,0.007805900648236275,0.006059296429157257,0.0042861332185566425,0.002656681463122368,0.0013060320634394884,0.0003245349507778883,-0.00023441790835931897,-0.0003526843211147934,-5.1471724873408675e-05,0.0006077196449041367,0.0015249971766024828,0.0025724205188453197,0.0036159097217023373,0.004539228975772858,0.005261225625872612
0.005740639753639698,0.005960837006568909,0.005906745325773954,0.005561469588428736
0.004923589527606964,0.004026792943477631,0.002942388877272606,0.0017550531774759293
0.0005371370352804661,-0.0006483601755462587,-0.0017276895232498646,-0.0026117709930986166,-0.0032211914658546448,-0.0035186035092920065,-0.0035120886750519276,-0.0032320828177034855
-0.0027105461340397596,-0.0019755938556045294,-0.001067133154720068,-6.109487731009722e-05,0.0009333522757515311,0.0018125860951840878,0.002508491277694702
0.0029724128544330597,0.0031434986740350723,0.002952342154458165,0.0023624415043741465
0.0014061888214200735,0.00017606292385607958,-0.0012211529538035393,-0.0027032785583287477
-0.00421408424153924,-0.0056974696926772594,-0.0070745861157774925,-0.008246365003287792
-0.009126389399170876,-0.009675228968262672,-0.009902813471853733,-0.009849397465586662
-0.009572524577379227,-0.009142974391579628,-0.008637758903205395,-0.008124636486172676
-0.007649062667042017,-0.007239493541419506,-0.006920501124113798
-0.006709705106914043,-0.0066071623004972935,-0.006596720777451992,-0.0066582332365214825,-0.006790225859731436,-0.0070278882049024105,-0.0074280607514083385,-0.008032090961933136,-0.008833367377519608,-0.00975784845650196,-0.01067153550684452,-0.01142400223761797
-0.011903163976967335,-0.012060657143592834,-0.011891689151525497,-0.011396977119147778
-0.010571817867457867,-0.009429489262402058,-0.008024912327528,-0.006453921087086201
-0.004827800206840038,-0.003244326449930668,-0.0017859959043562412
-0.0005369801074266434,0.0004189303144812584,0.001020072610117495,0.001238711178302765
0.0010759596480056643,0.0005562045844271779,-0.00026869180146604776,-0.001314096967689693
-0.002471990417689085,-0.0036333578173071146,-0.004704936407506466,-0.0056100869551301
-0.006281412672251463,-0.006657550577074289,-0.006689098197966814,-0.006350735668092966
-0.005656498018652201,-0.004668432753533125,-0.003480196464806795,-0.0021817113738507032
-0.0008371288422495127,0.0005079862894490361,0.0018027015030384064
0.0029758885502815247,0.003945418167859316,0.004640420898795128,0.005021075718104839
0.005084841512143612,0.004855537321418524,0.004371664021164179,0.0036855600774288177
0.002868751995265484,0.002016087993979454,0.0012339081149548292,0.0006151022389531136
0.00022812472889199853,0.00011890794849023223,0.00030712562147527933,0.0007848108652979136
0.001523676561191678,0.002483046380802989,0.0036189481616020203,0.0048858304508030415
0.006221753545105457,0.007538657169789076,0.008730018511414528,0.009685667231678963
0.010313967242836952,0.010561018250882626,0.010412313044071198,0.009888057596981525
0.009039420634508133,0.007941441610455513,0.006685345899313688,0.005370373837649822
0.004095636773854494,0.0029561491683125496,0.0020423750393092632,0.0014355960302054882
0.0011916711227968335,0.0013276060344651341,0.0018243002705276012,0.002634217031300068
0.0036980807781219482,0.004973527044057846,0.0064349425956606865,0.008029701188206673,0.009644681587815285,0.011120272800326347
0.012291062623262405,0.01302339043468237,0.013237711042165756,0.012915488332509995
0.012093479745090008,0.010847900994122028,0.009279759600758553,0.007511654868721962
0.005688014440238476,0.003967589698731899,0.002502035815268755,0.001405398827046156
0.0007369611412286758,0.000502394512295723,0.0006591379060409963,0.001129297073930502
0.0018198216566815972,0.002634271513670683,0.003474332857877016,0.004239753820002079
0.004837847780436277,0.0052026258781552315,0.005300818011164665
0.005118619650602341,0.004652691539376974,0.003920721355825663,0.0029727420769631863
0.0018782508559525013,0.0007057811599224806,-0.0004796093562617898,-0.0016101605724543333
-0.002612191950902343,-0.0034045069478452206,-0.0039055272936820984,-0.0040517281740903854
-0.0038147196173667908,-0.003210410475730896,-0.0022982333321124315,-0.0011707155499607325
5.678669549524784e-05,0.0012574208667501807,0.0023143296130001545,0.0031418774742633104
0.003689804580062628,0.003929115831851959,0.0038354871794581413
0.0033897978719323874,0.0025941142812371254,0.001485929125919938,0.00014170142821967602,-0.0013336208648979664,-0.002832564525306225,-0.004271687474101782,-0.005595576949417591,-0.006762547418475151,-0.007735363207757473,-0.008483786135911942,-0.008990317583084106,-0.009253090247511864,-0.009287308901548386,-0.009125467389822006,-0.008816917426884174,-0.00842752493917942,-0.008031938225030899,-0.007694601081311703,-0.00745119946077466,-0.007309225853532553,-0.007266643922775984,-0.0073209344409406185
-0.007458329666405916,-0.007644447032362223,-0.007833702489733696,-0.008001182228326797
-0.008173272013664246,-0.008413984440267086,-0.008772997185587883,-0.009245582856237888
-0.009766815230250359,-0.010230567306280136,-0.010524358600378036,-0.010567409917712212
-0.010327653028070927,-0.009813304990530014,-0.009061773307621479,-0.008133702911436558
-0.0071005383506417274,-0.006026574410498142,-0.004962170496582985,-0.003953887149691582
-0.0030533024109899998,-0.0023108164314180613,-0.001764130312949419
-0.0014306679368019104,-0.0013066284591332078,-0.0013738395646214485,-0.0016057771863415837
-0.0019680452533066273,-0.002418834250420332,-0.002913410309702158,-0.003411924233660102
-0.0038827378302812576,-0.004294049926102161,-0.004603762179613113,-0.004764832090586424
-0.004739420488476753,-0.004507364705204964,-0.004071407951414585,-0.003457027720287442
-0.00270391465164721,-0.0018574309069663286,-0.0009616983588784933,-4.9176509492099285e-05
0.0008655772544443607,0.0017718609888106585,0.00263523799367249
0.003387066535651684,0.003948877565562725,0.004271063953638077,0.004348044283688068,0.004208566155284643,0.003905543591827154,0.0035004899837076664,0.0030372259207069874,0.002533527323976159,0.0020024823024868965,0.00147490412928164,0.0010010708356276155,0.000641001621261239,0.00045361556112766266,0.0004797100555151701,0.0007234951481223106,0.0011526183225214481,0.0017203561728820205,0.002391799120232463,0.0031549124978482723,0.004009667783975601,0.004946387372910976,0.005930532701313496
0.00690290704369545,0.007792833726853132,0.00853281281888485,0.009069200605154037
0.009370176121592522,0.009425412863492966,0.009236562997102737,0.008812326937913895
0.008174913935363293,0.007368635851889849,0.006462497636675835,0.005542322527617216
0.004693126305937767,0.003982182126492262,0.0034485915675759315,0.003105172421783209
0.002962373895570636,0.003058801870793104,0.0034578130580484867,0.004201589152216911
0.0052667357958853245,0.006555649451911449,0.007920078933238983
0.009197525680065155,0.010240893810987473,0.01093902438879013,0.0112277427688241,0.011086303740739822,0.01052817888557911,0.009593461640179157,0.008343641646206379,0.006864010822027922,0.005269469227641821,0.0036997594870626926,0.0022951154969632626
0.001160354120656848,0.00034692196641117334,-0.00013471534475684166,-0.0002925582230091095
-0.00013933295849710703,0.00030069396598264575,0.0009733797633089125,0.0017958366079255939
0.002676427597180009,0.0035303442273288965,0.00429023802280426
0.00491262786090374,0.005373742431402206,0.005660635884851217,0.005764404311776161
0.00567658944055438,0.005388486199080944,0.004891458433121443,0.0041832816787064075
0.0032851346768438816,0.002250910736620426,0.0011541577987372875,7.06639839336276e-05
-0.0009284098632633686,-0.001780015416443348,-0.002438371069729328,-0.002890390809625387
-0.003160446882247925,-0.0032891526352614164,-0.003304567653685808,-0.003208788111805916
-0.002984881866723299,-0.0026258465368300676,-0.002167490543797612
-0.0016958347987383604,-0.0013205944560468197,-0.0011315469164401293,-0.0011720516486093402
-0.0014485705178231,-0.001955232350155711,-0.0026798583567142487,-0.0035927309654653072
-0.00464459415525198,-0.005774342454969883,-0.006910762749612331
-0.007969930768013,-0.008859040215611458,-0.009491351433098316,-0.0098080700263381
-0.009795399382710457,-0.009483493864536285,-0.008926580660045147,-0.008183550089597702
-0.007317100651562214,-0.006402835715562105,-0.005528334993869066,-0.0047799027524888515
-0.004230646416544914,-0.003938992507755756,-0.003957098349928856,-0.004335794597864151
-0.005099575035274029,-0.006205052137374878,-0.007540640886873007,-0.008970511145889759
-0.010365494526922703,-0.011600861325860023,-0.012549099512398243,-0.013092207722365856
-0.013152722269296646,-0.012716801837086678,-0.011827511712908745,-0.010562112554907799
-0.009018422104418278,-0.0073140887543559074,-0.005584961734712124,-0.0039690700359642506,-0.0025787404738366604,-0.001480622449889779,-0.0006993499118834734
-0.0002364572137594223,-8.362234802916646e-05,-0.00022400551824830472,-0.0006297741201706231
-0.001258295844309032,-0.002045423723757267,-0.00290245795622468,-0.003723361063748598
-0.004403437487781048,-0.004862852860242128,-0.005056488327682018,-0.004964563995599747
-0.004581652581691742,-0.003918667323887348,-0.003014512127265334,-0.0019424082711338997
-0.0007998852524906397,0.000314348959363997,0.0013237225357443094,0.0021871128119528294
0.0028957354370504618,0.0034512425772845745,0.0038398795295506716
0.004026752896606922,0.003977312706410885,0.0036867873277515173,0.00319199962541461
0.00256076967343688,0.001872447319328785,0.0012026096228510141,0.0006145866354927421
0.0001563408295623958,-0.00013921470963396132,-0.0002550326753407717,-0.0001891595165943727
5.234389391262084e-05,0.0004661174025386572,0.0010538825299590826,0.0018046798650175333
0.002676696050912142,0.003604150377213955,0.004519429989159107,0.005373080261051655
0.006142979487776756,0.0068239131942391396,0.007402982097119093
0.007848244160413742,0.00812503881752491,0.008221996948122978,0.008164457976818085
0.008003216236829758,0.007786546368151903,0.007541891187429428,0.007280378136783838
0.0070126852951943874,0.006759041454643011,0.0065511660650372505,0.0064249527640640736
0.006400524638593197,0.006466494873166084,0.006582926958799362,0.006702615413814783,0.006807355210185051,0.006927038077265024,0.007109194062650204,0.007370823994278908,0.007675172295421362,0.007935276255011559,0.008043593727052212
0.007916449569165707,0.007520527113229036,0.006872834172099829,0.0060317558236420155
0.005087458994239569,0.004144804086536169,0.0032933540642261505,0.0025801805313676596
0.002012871904298663,0.0015927935019135475,0.0013420508475974202,0.0012960023013874888
0.0014770962297916412,0.0018774857744574547,0.002458062954246998,0.0031614061444997787
0.003928923048079014,0.0047071403823792934,0.0054400223307311535,0.006063712295144796
0.006516591180115938,0.00675686402246356,0.00677137728780508
0.00656899344176054,0.006167031358927488,0.005581635050475597,0.0048294151201844215
0.00393802672624588,0.0029528874438256025,0.0019371197558939457,0.0009650960564613342
0.00010427460074424744,-0.0006049186922609806,-0.001150866155512631,-0.0015379302203655243
-0.0017797595355659723,-0.0019006651127710938,-0.0019349767826497555,-0.0019216894870623946
-0.001898187561891973,-0.0018951669335365295,-0.0019317471887916327,-0.002010935451835394
-0.0021168519742786884,-0.0022243806160986423,-0.002325611189007759
-0.0024460861459374428,-0.0026297327131032944,-0.00290822796523571,-0.003279255935922265
-0.0037104939110577106,-0.004163722507655621,-0.004613728262484074,-0.005053508095443249
-0.0054868184961378574,-0.005913558416068554,-0.00632528867572546,-0.006710363086313009
-0.00705562811344862,-0.007349710911512375,-0.007592238485813141,-0.0077946363016963005
-0.00796639733016491,-0.008099756203591824,-0.008168430998921394,-0.008144496008753777
-0.008017081767320633,-0.007799536921083927,-0.007532772608101368
-0.0072857048362493515,-0.007141414098441601,-0.007168647367507219,-0.007390851620584726
-0.007775796111673117,-0.008258279412984848,-0.008769566193223,-0.009245824068784714
-0.00962577573955059,-0.009853297844529152,-0.009881004691123962,-0.00967426411807537
-0.009222554042935371,-0.008552808314561844,-0.00773171940818429,-0.0068490938283503056
-0.005988735239952803,-0.005208231508731842,-0.004539127927273512,-0.003995879553258419
-0.0035785026848316193,-0.0032730898819863796,-0.003057940164580941
-0.002908828668296337,-0.002806763630360365,-0.0027498221024870872,-0.002750884974375367
-0.002820380963385105,-0.002950364490970969,-0.003111449768766761,-0.003266985295340419
-0.003387574339285493,-0.003451894735917449,-0.0034480139147490263,-0.0033767076674848795
-0.0032388686668127775,-0.0030193314887583256,-0.002694138092920184,-0.0022530124988406897
-0.0017101315315812826,-0.001092258607968688,-0.00041840982157737017,0.0003014448448084295
0.001047163037583232,0.001777990022674203,0.002445964142680168
0.003019072115421295,0.0034861224703490734,0.0038360648322850466,0.00404767133295536
0.004107967019081116,0.004030780866742134,0.003855054499581456,0.0036257244646549225
0.0033705104142427444,0.003094353247433901,0.0027995954733341932,0.002512096893042326
0.002286667237058282,0.002185885328799486,0.002250408288091421,0.002484744880348444
0.0028647773433476686,0.0033520401921123266,0.003904490964487195,0.004489019513130188
0.0050916653126478195,0.005710591096431017,0.006335232872515917
0.006932640448212624,0.0074508171528577805,0.007833387702703476,0.008039840497076511
0.008058728650212288,0.00790189579129219,0.007591762114316225,0.007155620027333498
0.006627268623560667,0.006053825840353966,0.0054987953044474125,0.005033412016928196,0.0047197286039590836,0.0045937723480165005
1.7515885701868683e-05,1.4534157344314735e-05,1.0951601325359661e-05,7.2423945312038995e-06,3.966788881371031e-06,1.599426582288288e-06,3.3054087111850095e-07,1.9073539969660658e-10,2.0245870757662487e-07,5.051691118751478e-07,6.602987241421943e-07,6.378222678904422e-07
5.070354518466047e-07,3.366067744536849e-07,1.7977977506689058e-07,7.865186546496261e-08
4.454150470678542e-08,8.092588643648924e-08,3.0139983664412284e-07,1.037756760524644e-06,2.7976334422419313e-06
6.0282864069449715e-06,1.0764380931505002e-05,1.6387051800847985e-05,2.177888927690219e-05
2.589022733445745e-05,2.8205842681927606e-05,2.872925870178733e-05,2.7716265321942046e-05
2.5463448764639907e-05,2.2303838704829104e-05,1.8725775589700788e-05,1.5359179087681696e-05,1.282091670873342e-05,1.1568356967472937e-05,1.186619556392543e-05,1.3896100426791236e-05
1.786931898095645e-05,2.4021821445785463e-05,3.253385875723325e-05,4.338818325777538e-05
5.608407445834018e-05,6.936762656550854e-05,8.137740223901346e-05
9.021211008075625e-05,9.458651038585231e-05,9.443494491279125e-05,9.1124493337702e-05
8.677215373609215e-05,8.302831702167168e-05,8.037163206608966e-05,7.834078132873401e-05
7.62288473197259e-05,7.362533506238833e-05,7.054486923152581e-05,6.726638093823567e-05
6.407788896467537e-05,6.098833546275273e-05,5.7610297517385334e-05,5.343993689166382e-05
4.832152262679301e-05,4.258158878656104e-05,3.669130819616839e-05,3.090422251261771e-05
2.524915907997638e-05,1.976173916773405e-05,1.4623120478063356e-05
1.0081222171720583e-05,6.3351217249874026e-06,3.506375378492521e-06,1.6241669982264284e-06
5.875327815374476e-07,1.5728748792298575e-07,4.133000430783795e-08,4.319381119444188e-08
1.7350001257909753e-07,6.87154397382983e-07,2.0565212253131904e-06,4.792028448719066e-06
9.058875548362266e-06,1.4402899978449568e-05,1.990338569157757e-05,2.454171954013873e-05
2.7395470169722103e-05,2.7607153242570348e-05,2.459291681589093e-05,1.8695367543841712e-05,1.1453133993200026e-05,4.94228561365162e-06,8.641411568532931e-07
1.8453816608143825e-07,3.247012728024856e-06,9.73264923231909e-06,1.8364931747782975e-05,2.6893629183177836e-05,3.2771346013760194e-05,3.428008858463727e-05,3.127333548036404e-05
2.4974855477921665e-05,1.7229669538210146e-05,9.852531547949184e-06,4.214572072669398e-06
9.841104429142433e-07,3.685083127535904e-09,4.1243293935622205e-07,1.0659222198228235e-06,1.0864633850360406e-06,3.9908863413984363e-07,3.7297731125818245e-08,1.8724183519225335e-06,7.722629561612848e-06,1.834818067436572e-05,3.2983360142679885e-05
4.956777047482319e-05,6.545965152326971e-05,7.833178096916527e-05,8.674585114931688e-05
9.007192420540377e-05,8.818817877909169e-05,8.156010153470561e-05,7.147913129301742e-05
5.986167525406927e-05,4.855749648413621e-05,3.87204963772092e-05,3.077236033277586e-05,2.48075357376365e-05,2.090041925839614e-05,1.9159531802870333e-05,1.9758555936277844e-05
2.3089900423656218e-05,2.987869447679259e-05,4.0932613046607e-05,5.64574875170365e-05,7.537107012467459e-05,9.512153337709606e-05,0.00011211622768314555
0.00012264211545698345,0.00012397886894177645,0.0001151313481386751,9.71075933193788e-05
7.303938764380291e-05,4.7651072236476466e-05,2.5717219614307396e-05,1.036654612107668e-05
2.285773234689259e-06,8.899674774909272e-09,8.242670332947455e-07,1.9870424239343265e-06
1.9256258383393288e-06,7.726230819571356e-07,4.132476169615984e-05,0.0012744751293212175
0.0026992629282176495,0.004175435286015272,0.005557081662118435,0.006712379865348339
0.007538805715739727,0.007969323545694351,0.00797479972243309
0.0075610242784023285,0.006761350203305483,0.005634718108922243,0.004268991760909557
0.002783282659947872,0.0013201669789850712,2.0814593881368637e-05,-0.0010057237232103944
-0.0017004956025630236,-0.0020510884933173656,-0.002076167380437255,-0.0018182398052886128,-0.0013470712583512068,-0.0007582396501675248,-0.00015527254436165094,0.0003803689032793045,0.0008067350136116147,0.001107692252844572,0.0012646993855014443,0.0012420949060469866,0.0009972472907975316,0.000505392556078732,-0.00022255332442000508
-0.0011379619827494025,-0.0021641377825289965,-0.0032170889899134636,-0.004229533486068249
-0.00515915360301733,-0.0059807030484080315,-0.006673336029052734,-0.007204924710094929
-0.00752798980101943,-0.0076005649752914906,-0.007413615472614765,-0.007006448693573475
-0.006465142127126455,-0.0058991010300815105,-0.005408035591244698,-0.005057004280388355
-0.004867187701165676,-0.0048323338851332664,-0.0049452586099505424,-0.005203885026276112
-0.005598492920398712,-0.006098199635744095,-0.0066486927680671215
-0.007185759954154491,-0.007663406897336245,-0.008079234510660172,-0.008465168997645378
-0.008846472948789597,-0.009210435673594475,-0.009504775516688824,-0.009657841175794601
-0.009611310437321663,-0.009346086531877518,-0.008886381052434444,-0.008289318531751633
-0.00762646459043026,-0.0069619109854102135,-0.006336064077913761,-0.005762395448982716,-0.00524335028603673,-0.00479239784181118,-0.004436529241502285,-0.004200177267193794,-0.004089551977813244,-0.004087063949555159,-0.004158146679401398
-0.004263031296432018,-0.004360096994787455,-0.004404651001095772,-0.004358548671007156
-0.00420877430588007,-0.003976889420300722,-0.0037058598827570677,-0.0034321225248277187
-0.0031713542994111776,-0.002927241614088416,-0.0027026718016713858,-0.002501104259863496
-0.002318535465747118,-0.002136220457032323,-0.0019293806981295347,-0.0016840574098750949
-0.001402274938300252,-0.0010901896748691797,-0.000743072247132659,-0.0003508256049826741
7.797672878950834e-05,0.0005051178159192204,0.0008803307428024709
0.0011724090436473489,0.0013867293018847704,0.0015518373111262918,0.001687261858023703,0.0017855474725365639
0.0018250762950628996,0.0017965047154575586,0.001719270832836628,0.001638535875827074
0.0016047253739088774,0.0016459011239930987,0.00175023905467242,0.0018773536430671811
0.00198949733749032,0.002072172937914729,0.002135815564543009,0.0022097663022577763
0.002333833370357752,0.002544485032558441,0.0028570126742124557,0.0032587384339421988
0.0037264099810272455,0.004250644240528345,0.0048348382115364075,0.005471324548125267
0.006127172149717808,0.006751746870577335,0.00729404715821147,0.007715254556387663
0.007991082966327667,0.008111465722322464,0.008086541667580605,0.007955605164170265
0.007780310697853565,0.007613418158143759,0.007468553259968758,0.007323701400309801
0.007163237780332565,0.007025706581771374,0.0069997417740523815,0.007154321298003197,0.0074757542461156845,0.007877961732447147,0.008259730413556099,0.008545857854187489,0.008691955357789993
0.008669271133840084,0.008454432711005211,0.00803725142031908,0.007432787679135799,0.006680383812636137,0.005832562688738108,0.004946806002408266,0.004083039704710245,0.0033024202566593885,0.002666537882760167,0.002229575999081135,0.002019499661400914,0.0020225849002599716,0.002188176615163684,0.002453105989843607,0.002763222437351942
0.0030756511259824038,0.0033519503194838762,0.003557744901627302,0.0036712349392473698
0.0036902439314872026,0.003628486068919301,0.003504384309053421
0.003330631647258997,0.003114157123491168,0.0028648762963712215,0.002594160847365856
0.0023060468956828117,0.0020010648295283318,0.0016860231989994645,0.0013764246832579374
0.0010928966803476214,0.0008543358417227864,0.0006723880069330335,0.0005492194322869182
0.00047357543371617794,0.0004203436546958983,0.0003630637365859002,0.0002898436796385795
0.00020542877609841526,0.00011933523637708277,3.175441815983504e-05,-7.481657667085528e-05
-0.00023272329417522997,-0.0004747276834677905,-0.0008167118648998439
-0.0012483792379498482,-0.0017380282515659928,-0.0022500951308757067,-0.0027670185081660748
-0.003296818118542433,-0.003855296643450856,-0.004442521836608648,-0.00503865722566843
-0.005618924740701914,-0.006169989239424467,-0.006690038368105888,-0.007175574544817209
-0.007617810275405645,-0.008013149723410606,-0.008367250673472881,-0.008682481944561005
-0.00894185807555914,-0.009109609760344028,-0.009152950718998909,-0.009064560756087303
-0.008864262141287327,-0.008581947535276413,-0.008240960538387299
-0.007863294333219528,-0.007491332478821278,-0.007191096432507038,-0.007029694505035877
-0.007047602441161871,-0.007230447139590979,-0.0074986657127738,-0.007741604931652546
-0.007870040833950043,-0.007844180800020695,-0.007669271435588598,-0.007369268219918013
-0.006963364779949188,-0.006463947705924511,-0.0058828312903642654,-0.005235627293586731
-0.004547699820250273,-0.0038550090976059437,-0.003198371035978198,-0.0026226660702377558
-0.00217899470590055,-0.0019169417209923267,-0.001868674298748374
-0.0020403130911290646,-0.002418016316369176,-0.002972184680402279,-0.0036461048293858767
-0.0043525658547878265,-0.005002767778933048,-0.005543834529817104,-0.005960932932794094
-0.006243871059268713,-0.006362958811223507,-0.006278478540480137,-0.005967097356915474
-0.0054383352398872375,-0.004724842496216297,-0.003860856406390667,-0.0028752328362315893
-0.0017991021741181612,-0.0006758468225598335,0.0004344258923083544,0.0014642976457253098
0.0023561445996165276,0.0030673015862703323,0.0035676928237080574
0.003846151754260063,0.00391802191734314,0.003822800237685442,0.0036085431929677725
0.0033084077294915915,0.002932257018983364,0.0024842426646500826,0.001988413743674755
0.0015009271446615458,0.0010991410817950964,0.0008534142980352044,0.0008006930002011359
0.0009364992729388177,0.0012295846827328205,0.0016460728365927935,0.002159714698791504,0.002746102400124073,0.0033788890577852726,0.004031559452414513,0.004672709386795759,0.005253655835986137,0.005708221811801195,0.005981135182082653
0.006065357476472855,0.006007474847137928,0.005872868467122316,0.005708114709705114
0.0055359224788844585,0.0053766691125929356,0.005263978615403175,0.005235316697508097
0.005312707275152206,0.005497502628713846,0.0057808044366538525,0.006152336485683918
0.006591754034161568,0.007063127588480711,0.007541921455413103,0.008041780441999435,0.008595784194767475,0.009206054732203484,0.009810321033000946,0.010298186913132668,0.010561805218458176,0.010535981506109238,0.010205349884927273
0.00958768930286169,0.008712263777852058,0.007618527393788099,0.006376416888087988,0.005088751204311848,0.0038631241768598557,0.002787195146083832,0.0019263520371168852
0.0013308634515851736,0.0010368230286985636,0.0010594148188829422,0.0013838440645486116,0.001959078013896942,0.002702448982745409,0.0035186372697353363,0.004320149309933186
0.005032157059758902,0.005587263032793999,0.005926371552050114,0.006006348878145218
0.00581097649410367,0.005359928123652935,0.004704983904957771
0.00391688197851181,0.0030718029011040926,0.0022376379929482937,0.0014676712453365326,0.0008064245339483023,0.000292983022518456,-4.640314728021622e-05,-0.00020359671907499433,-0.00018461563740856946,-6.164118531160057e-06,0.0003013278474099934,0.0006871309014968574,0.0010788310319185257,0.0013971521984785795,0.0015797996893525124,0.0015929032815620303
0.001427277224138379,0.001090877689421177,0.0006000864086672664,-2.742506330832839e-05
-0.0007728126365691423,-0.0016107811825349927,-0.0025035792496055365
-0.0034007392823696136,-0.004246779717504978,-0.0049890754744410515,-0.005584781989455223
-0.006012501660734415,-0.006279962603002787,-0.006417348049581051,-0.0064630345441401005
-0.006449161563068628,-0.006391187664121389,-0.006292333826422691,-0.006165004335343838
-0.006049985531717539,-0.00600933562964201,-0.006090429145842791,-0.0062936111353337765,-0.006579183042049408,-0.0069022877141833305,-0.007235802710056305,-0.007564885541796684,-0.007866530679166317,-0.008104059845209122,-0.0082547003403306,-0.008342217653989792,-0.00842963345348835,-0.008574460633099079,-0.008792898617684841,-0.009061736986041069,-0.009339163079857826,-0.009574107825756073,-0.009703918360173702,-0.00966026820242405,-0.009393963031470776,-0.008904878981411457,-0.008248458616435528,-0.007510791998356581,-0.00677377637475729,-0.006091850344091654,-0.005486365873366594,-0.004954634699970484,-0.004486178047955036,-0.0040764701552689075,-0.003730066819116473,-0.00345145957544446,-0.003233264898881316,-0.0030581867322325706
-0.0029163574799895287,-0.0028152454178780317,-0.0027667100075632334,-0.0027665167581290007
-0.002791056875139475,-0.0028138882480561733,-0.002821938367560506,-0.0028169576544314623
-0.0028045226354151964,-0.002784804906696081,-0.002758036833256483,-0.002732250839471817
-0.0027131857350468636,-0.002684432314708829,-0.0026044915430247784,-0.002432631328701973
-0.002160488162189722,-0.0018119774758815765,-0.0014113655779510736,-0.0009633457520976663
-0.00046834954991936684,5.5579119361937046e-05,0.0005723873036913574
0.0010465902741998434,0.0014637105632573366,0.0018323000986129045,0.002166664693504572
0.0024681310169398785,0.002718919888138771,0.0028975578024983406,0.003004874335601926
0.0030727728735655546,0.003148334799334407,0.0032685415353626013,0.0034437908325344324
0.003661993658170104,0.0039055536035448313,0.004161471966654062,0.00442012632265687
0.004671619273722172,0.004910110030323267,0.005143056623637676,0.005385519936680794
0.005640599876642227,0.005889522843062878,0.006103899795562029
0.0062703704461455345,0.0063990643247962,0.0065010045655071735,0.006561702582985163
0.006547288969159126,0.006441004108637571,0.006271188613027334,0.006094674114137888
0.005949009209871292,0.005830647423863411,0.005723181646317244,0.005633573047816753
0.0055987536907196045,0.005674532614648342,0.005917741451412439,0.0063597108237445354
0.00698612816631794,0.007733664475381374,0.008499128744006157,0.00915682502090931
0.009584184736013412,0.009695694781839848
0.009469659067690372,0.008945917710661888,0.008195558562874794,0.007291149813681841,0.006301138084381819,0.0052969991229474545,0.004350441507995129,0.0035210205242037773,0.0028465664945542812,0.002346799476072192,0.002037637634202838,0.0019341096049174666
0.0020380280911922455,0.002329909708350897,0.002770564053207636,0.003309088759124279
0.0038908030837774277,0.004454928450286388,0.004929541144520044,0.005239620339125395,0.005329304374754429,0.005185340531170368,0.00483757583424449
0.004328772891312838,0.00368701433762908,0.002929902169853449,0.002086540451273322,0.0012090543750673532,0.00035948678851127625,-0.0004180089454166591,-0.0011040763929486275
-0.0016769948415458202,-0.002091331873089075,-0.0022957967594265938,-0.002272446174174547
-0.0020565870217978954,-0.0017179197166115046,-0.0013265848392620683,-0.0009371257619932294
-0.0005900287069380283,-0.00031628779834136367,-0.00013785151531919837,-6.210480933077633e-05
-8.12708749435842e-05,-0.00018968146468978375,-0.00040285076829604805
-0.0007445558439940214,-0.0012088424991816282,-0.0017423790413886309,-0.002267505507916212
-0.0027259427588433027,-0.003107517957687378,-0.003443422494456172,-0.0037792478688061237,-0.004152812063694,-0.004580904729664326,-0.005054001696407795,-0.005546850152313709,-0.006040199659764767,-0.006533143576234579,-0.007037334609776735,-0.007560061290860176,-0.00808758195489645,-0.008585790172219276,-0.009018274024128914,-0.009359318763017654
-0.00959700159728527,-0.009737147018313408,-0.009809862822294235
-0.009866565465927124,-0.009952349588274956,-0.01007230393588543,-0.010189678519964218
-0.010254067368805408,-0.010227901861071587,-0.010093824937939644,-0.009844859130680561
-0.009471630677580833,-0.008962264284491539,-0.008312063291668892,-0.007533386815339327
-0.006666088476777077,-0.005778204649686813,-0.004943563137203455,-0.004211882129311562
-0.003595659974962473,-0.0030795224010944366,-0.002642709296196699,-0.0022750599309802055
-0.0019739759154617786,-0.0017347579123452306,-0.0015508149517700076
-0.0014237741706892848,-0.0013738340931013227,-0.0014352512080222368,-0.0016311887884512544
-0.0019478964386507869,-0.0023349535185843706,-0.0027330894954502583,-0.0031030350364744663
-0.003431428223848343,-0.0037161046639084816,-0.003949614241719246,-0.004113730974495411
-0.004184661898761988,-0.004141411744058132,-0.003968521486967802,-0.0036529069766402245
-0.003183649154379964,-0.0025589640717953444,-0.001796905416995287,-0.0009394518565386534
-4.333280958235264e-05,0.0008279582252725959,0.0016037054592743516
0.002214007778093219,0.0026118182577192783,0.0027934741228818893,0.00280076009221375
0.002699257107451558,0.002546055940911174,0.002369111170992255,0.0021726449485868216
0.001965257339179516,0.0017853197641670704,0.001696394057944417,0.0017586692702025175
0.0020043307449668646,0.0024285640101879835,0.0029935073107481003,0.0036419471725821495
0.004314819350838661,0.00496976263821125,0.005592998117208481,0.006187366787344217
0.0067430040799081326,0.0072215041145682335,0.007572471629828215
0.007771058939397335,0.00783577561378479,0.007802189327776432,0.007689950987696648
0.007504720706492662,0.007258408237248659,0.006978095509111881,0.006695832125842571,0.00642860634252429,0.006172874476760626,0.005923492833971977,0.005697361193597317
0.005534706171602011,0.00548194907605648,0.005577434785664082,0.0058402796275913715
0.006265508010983467,0.006826038472354412,0.0074637215584516525,0.00807709526270628
0.008537465706467628,0.008731340989470482,0.008595941588282585,0.008130826987326145
0.007388493046164513,0.006455073133111,0.0054333885200321674,0.004425350576639175
0.0035111713223159313,0.0027406057342886925,0.002141119446605444,0.0017295824363827705
0.0015179287875071168,0.0015104352496564388,0.0016999233048409224,0.002069542184472084
0.002590789692476392,0.0032167306635528803,0.0038832598365843296,0.004515986889600754
0.005038047209382057,0.0053835297003388405,0.005512284114956856,0.005420581437647343,0.0051404559053480625,0.004722490906715393
0.004214398562908173,0.0036459960974752903,0.0030271639116108418,0.002364167245104909
0.001677381806075573,0.0009999502217397094,0.0003634823951870203,-0.0002090014168061316
-0.0006938267033547163,-0.0010559329530224204,-0.0012570004910230637,-0.0012767740990966558
-0.0011261055478826165,-0.0008413587929680943,-0.0004694047383964062,-6.275443593040109e-05
0.0003163136134389788,0.0006052665412425995,0.0007624035933986306,0.0007730502402409911
0.0006363862776197493,0.0003487953799776733,-0.00010059779742732644
-0.0007170491153374314,-0.001485294196754694,-0.002365077380090952,-0.0032965345308184624
-0.0042143575847148895,-0.0050627971068024635,-0.005805754102766514,-0.006433100905269384
-0.006954187992960215,-0.007379073183983564,-0.007711007725447416,-0.007954403758049011
-0.008120846934616566,-0.008230049163103104,-0.008305331692099571,-0.008360507898032665
-0.008389191702008247,-0.008367500267922878,-0.008272028528153896,-0.00810272991657257
-0.007887940853834152,-0.007675703149288893,-0.0075315446592867374
-0.007525648456066847,-0.0076954360119998455,-0.008015990257263184,-0.008409138768911362,-0.008786185644567013,-0.009093184024095535,-0.009318963624536991,-0.009457545354962349
-0.009470821358263493,-0.009296653792262077,-0.008889429271221161,-0.008252840489149094
-0.0074441079050302505,-0.006549078971147537,-0.0056467135436832905,-0.004792436026036739
-0.004026865120977163,-0.0033862977288663387,-0.002898209495469928,-0.002568645868450403
-0.0023806123062968254,-0.002313962671905756,-0.0023648932110518217
-0.00254016718827188,-0.002836669096723199,-0.0032264625187963247,-0.0036555686965584755
-0.004059464670717716,-0.004384180996567011,-0.004595508333295584,-0.004677365068346262
-0.004627659916877747,-0.004451222717761993,-0.004151070490479469,-0.003724155016243458
-0.00316567812114954,-0.0024803776759654284,-0.0016949782148003578,-0.0008617434650659561
-4.4227694161236286e-05,0.000704874109942466,0.0013544218381866813,0.0018890916835516691
0.002296080347150564,0.0025597454514354467,0.0026704708579927683
0.0026329047977924347,0.002462611999362707,0.002181616611778736,0.001822359743528068
0.001434331526979804,0.0010806664358824492,0.0008177007548511028,0.0006742029800079763
0.0006567281670868397,0.0007704836898483336,0.0010262669529765844,0.0014337727334350348
0.0019910417031496763,0.0026723535265773535,0.003425834933295846,0.004188745282590389,0.004907007794827223,0.005542958155274391,0.0060712965205311775,0.0064715915359556675
0.006728944834321737,0.006844099145382643,0.006837059278041124
0.006739701144397259,0.006589147262275219,0.006423286162316799,0.006275230553001165
0.006170334294438362,0.006123556289821863,0.006137837190181017,0.006210747174918652
0.006341453641653061,0.006527089513838291,0.006756028160452843,0.007011274341493845
0.007287728134542704,0.007602449506521225,0.007974160835146904,0.00839446485042572
0.008822347968816757,0.009193327277898788,0.009430242702364922,0.009459534659981728
0.009229146875441074,0.008717990480363369,0.007940649054944515
0.006952123716473579,0.005846980027854443,0.004745266865938902,0.003762473352253437
0.002979893237352371,0.0024347335565835238,0.0021261731162667274,0.0020313451532274485
0.0021238052286207676,0.0023754038847982883,0.0027474602684378624,0.0031945123337209225
0.0036773544270545244,0.004167972132563591,0.004640110768377781,0.005057052709162235
0.005372730083763599,0.005546465516090393,0.005559911485761404,0.005420857109129429
0.005149136297404766,0.004761887714266777,0.00427220668643713
0.00369621766731143,0.0030607893131673336,0.002401593839749694,0.0017519795801490545
0.0011402959935367107,0.0005898689851164818,0.00011268426897004247,-0.00029003468807786703,-0.0006238063215278089,-0.0008967710309661925,-0.0011069439351558685,-0.0012370937038213015
-0.001270452281460166,-0.0012070321245118976,-0.0010681748390197754,-0.000896720914170146
-0.0007473716977983713,-0.0006646948168054223,-0.0006657278863713145,-0.0007383624324575067
-0.0008602120215073228,-0.0010293119121342897,-0.0012754879426211119
-0.001639463473111391,-0.0021421294659376144,-0.002769079292193055,-0.003475332632660866
-0.004205015487968922,-0.004918335936963558,-0.005605610087513924,-0.006274083629250526
-0.006922287400811911,-0.007529981900006533,-0.008071155287325382,-0.008526885882019997
-0.008882868103682995,-0.009123435243964195,-0.00923407543450594,-0.009209280833601952
-0.009054041467607021,-0.008776776492595673,-0.008387269452214241,-0.007910427637398243
-0.0074092065915465355,-0.006992080248892307,-0.006778512615710497
-0.0068381899036467075,-0.007157960440963507,-0.0076596420258283615,-0.008244076743721962
-0.008827362209558487,-0.009353883564472198,-0.009787076152861118,-0.01008741743862629
-0.010202256962656975,-0.010080254636704922,-0.009692163206636906,-0.009043930098414421,-0.008178066462278366,-0.007159240078181028,-0.006060618907213211
5.006051651434973e-06,4.099857505934779e-06,2.9268496746226447e-06,1.8441237443767022e-06,1.0565071306700702e-06,5.772036502094124e-07,3.255798333157145e-07,2.2173242086864775e-07
2.2729021509348968e-07,3.6898944699714775e-07,7.700036803726107e-07,1.6857591162988683e-06
3.5371738249523332e-06,6.87657120579388e-06,1.2183574654045515e-05,1.9513920051394962e-05
2.829764889611397e-05,3.757382364710793e-05,4.63957512693014e-05,5.397156564868055e-05
5.956747554591857e-05,6.247472629183903e-05
6.222746014827862e-05,5.8920115407090634e-05,5.327533290255815e-05,4.63950855191797e-05
3.943993215216324e-05,3.333824861329049e-05,2.8575959731824696e-05,2.5198900402756408e-05
2.2982098016655073e-05,2.1659729100065306e-05,2.1194411601754837e-05,2.1989499146002345e-05
2.4842351194820367e-05,3.058871516259387e-05,3.9588278013980016e-05,5.130662611918524e-05
6.433781527448446e-05,7.685766468057409e-05,8.710907422937453e-05,9.370824409415945e-05
9.579329343978316e-05,9.310645691584796e-05,8.598493877798319e-05
7.519171049352735e-05,6.182291690493003e-05,4.739534415421076e-05,3.372662831679918e-05
2.236530781374313e-05,1.4022613868291955e-05,8.532259016647004e-06,5.256920303509105e-06
3.5279995245218743e-06,2.8775189093721565e-06,3.117385176665266e-06,4.350213202997111e-06
6.874378414067905e-06,1.1008725778083317e-05,1.697015432000626e-05,2.4787441361695528e-05
3.4114338632207364e-05,4.3966356315650046e-05,5.27195334143471e-05,5.854732444277033e-05,5.995988249196671e-05,5.626591882901266e-05
4.7909972636261955e-05,3.6427463783184066e-05,2.400219818810001e-05,1.2848228834627662e-05
4.694096787716262e-06,5.212378368923964e-07,4.501761452502251e-07,3.7427566894621123e-06
8.986936336441431e-06,1.4473363989964128e-05,1.8681204892345704e-05,2.062694329652004e-05
1.9956105461460538e-05,1.6896188753889874e-05,1.2196882380521856e-05,7.069859748298768e-06
2.884568630179274e-06,5.338753226169501e-07,1.7228520832190952e-08,6.64621154555789e-07
1.6848066479724366e-06,2.509030082364916e-06,2.8043402835464804e-06
2.409186890872661e-06,1.4048322327653295e-06,3.0546624429916847e-07,1.1172558345151629e-07
2.0414959180925507e-06,7.054518846416613e-06,1.5394611182273366e-05,2.640626007632818e-05,3.876434493577108e-05,5.096755558042787e-05,6.17099940427579e-05,6.990262045292184e-05
7.465321687050164e-05,7.554111653007567e-05,7.294031092897058e-05,6.796092930017039e-05
6.199273047968745e-05,5.619097646558657e-05,5.1234943384770304e-05,4.7459998313570395e-05
4.52278763987124e-05,4.5213178964331746e-05,4.832450213143602e-05
5.5357311794068664e-05,6.666351691819727e-05,8.19064662209712e-05,9.986721124732867e-05
0.00011835018085548654,0.0001343473995802924,0.00014482607366517186,0.00014798075426369905
0.00014380906941369176,0.00013354183465708047,0.00011870315211126581,0.00010064194066217169
8.083828288363293e-05,6.121631304267794e-05,4.365907807368785e-05,2.9312685001059435e-05
1.845828228397295e-05,1.0824022865563165e-05,5.886311100766761e-06,3.0060605240578298e-06
1.523693526905845e-06,8.792003427515738e-07,7.048836891954124e-07
8.519071457158134e-07,1.3573671822086908e-06,2.3836889795347815e-06,4.137952146265889e-06
6.7677083279704675e-06,1.0275472959619947e-05,1.4460636521107517e-05,1.8876178728532977e-05,2.287871393491514e-05,2.5773279048735276e-05,2.6928564693662338e-05,2.5899886168190278e-05
2.261820191051811e-05,1.7523767382954247e-05,-0.0033987965434789658,-0.002436361275613308
-0.0013592797331511974,-0.00023433251772075891,0.0008732923888601363,0.001901687472127378,0.0027915064711123705,0.0034904545173048973,0.003966448828577995
0.00421358086168766,0.004239920526742935,0.004056711681187153,0.003683926071971655
0.003160652006044984,0.0025472561828792095,0.0019169687293469906,0.0013426607474684715
0.0008834244217723608,0.000573796103708446,0.00042406050488352776,0.000434008747106418
0.0006086274515837431,0.0009622001089155674,0.0015069679357111454,0.0022316810209304094,0.003087244462221861,0.003996934276074171,0.004880456253886223,0.005672763101756573,0.006337893661111593,0.0068750279024243355,0.00730659207329154
0.007653702981770039,0.007916675880551338,0.00807497650384903,0.008106309920549393
0.008005639538168907,0.007789058145135641,0.007487110327929258,0.007137013599276543
0.006778012495487928,0.00644562067463994,0.0061710793524980545,0.006000445690006018
0.006005831994116306,0.006255036219954491,0.006764936726540327,0.007479441352188587
0.008284211158752441,0.009045060724020004,0.009642536751925945,0.009990107268095016
0.010037820786237717,0.00976286455988884,0.009158210828900337
0.008234169334173203,0.0070321750827133656,0.005633208435028791,0.004146847408264875,0.0026895166374742985,0.0013713780790567398,0.00029376428574323654,-0.00045819522347301245,-0.0008291044505313039,-0.000801620539277792,-0.00039998942520469427,0.00031175551703199744,0.0012436478864401579,0.0022995811887085438,0.0033912723883986473,0.00443923007696867,0.005366643890738487,0.006104653235524893,0.006605194881558418,0.006841955706477165,0.00680270791053772,0.006486244034022093,0.005906468722969294
0.005097886547446251,0.004114609211683273,0.0030229929834604263,0.0018947974313050508
0.000802656402811408,-0.00018524110782891512,-0.0010081015061587095,-0.0016121796797960997
-0.001959007466211915,-0.0020407969132065773,-0.0018823608988896012,-0.0015262868255376816
-0.0010190956527367234,-0.0004097626078873873,0.00024335150374099612,0.0008677165606059134
0.001378234475851059,0.0016866936348378658,0.0017202491872012615,0.0014425142435356975
0.000869081704877317,6.385124288499355e-05,-0.0008911649929359555
-0.0019293265650048852,-0.0030113784596323967,-0.004114165902137756,-0.00520387152209878,-0.006215787027031183
-0.00706280255690217,-0.0076663680374622345,-0.007989278063178062,-0.008049564436078072
-0.007906060665845871,-0.007632753346115351,-0.007300599943846464,-0.0069653005339205265
-0.006661466788500547,-0.00641197944059968,-0.006243436131626368,-0.006188360042870045
-0.006269482430070639,-0.006480989046394825,-0.006796298082917929,-0.0071988035924732685
-0.007687620352953672,-0.008252407424151897,-0.008859654888510704,-0.009457500651478767
-0.009981727227568626,-0.010363510809838772,-0.01054105069488287,-0.010472344234585762
-0.010143251158297062,-0.009568613953888416,-0.00879458524286747,-0.007896827533841133
-0.0069603328593075275,-0.006050869356840849,-0.005202149972319603,-0.004424446262419224
-0.003721104934811592,-0.003100636648014188,-0.0025808054488152266,-0.0021851863712072372
-0.0019358384888619184,-0.00184783770237118,-0.0019256100058555603,-0.0021592010743916035
-0.0025232573971152306
-0.0029773004353046417,-0.0034681479446589947,-0.003941743168979883,-0.004358362872153521
-0.004696606192737818,-0.004943870007991791,-0.005083480849862099,-0.00509393448010087
-0.004958076868206263,-0.0046653831377625465,-0.004214249085634947,-0.0036211179103702307
-0.0029202550649642944,-0.002154736081138253,-0.001372464932501316,-0.000621637562289834
5.875329952687025e-05,0.0006443494348786771,0.001127546769566834,0.0015151300467550755
0.0018181030172854662,0.0020464796107262373,0.0022123479284346104
0.0023283069021999836,0.002396887168288231,0.002403950784355402,0.0023334110155701637
0.0021940164733678102,0.0020271255634725094,0.0018840791890397668,0.001794331008568406
0.0017543290741741657,0.0017420545918866992,0.001740007079206407,0.0017543265130370855
0.0018210585694760084,0.001996089704334736,0.0023331250995397568,0.002856993582099676,0.0035512996837496758,0.004368637688457966,0.005244347732514143,0.006104730069637299,0.0068831550888717175,0.007540348917245865,0.008063038811087608
0.008441939949989319,0.00865609385073185,0.008677737787365913,0.00849582813680172
0.008139768615365028,0.007678966503590345,0.007197753991931677,0.006762742530554533
0.0063996524550020695,0.006103808991611004,0.0058881058357656,0.005813583731651306
0.005955759435892105,0.006340503226965666,0.0069101168774068356,0.00754205696284771
0.008099237456917763,0.008472716435790062,0.008597606793045998,0.00844658724963665
0.008019348606467247,0.007345020771026611,0.006483962293714285
0.0055090999230742455,0.004479449242353439,0.0034314156509935856,0.0023972669150680304
0.0014357345644384623,0.000640065292827785,0.00010306702461093664,-0.00013017549645155668
-7.136363274184987e-05,0.00024526065681129694,0.0007985386182554066,0.0015784301795065403
0.0025519239716231823,0.003643014235422015,0.00475794542580843,0.005827674642205238
0.006815524771809578,0.007685092743486166,0.008372453972697258,0.008794626221060753
0.008880255743861198,0.008590813726186752,0.00792190432548523
0.006894104648381472,0.0055474485270679,0.003948765806853771,0.0022033830173313618
0.0004513354506343603,-0.0011574496747925878,-0.0024950162041932344,-0.0034765261225402355
-0.004063578322529793,-0.004258151166141033,-0.004094845615327358,-0.0036286120302975178,-0.0029219090938568115,-0.0020424549002200365,-0.0010706810280680656,-0.0001052244333550334
0.0007428476237691939,0.0013641309924423695,0.0016668140888214111,0.0015969135565683246
0.0011566919274628162,0.0004061836516484618,-0.0005588920321315527
-0.0016451553674414754,-0.002784758573397994,-0.003921532072126865,-0.004986729472875595,-0.005900619551539421,-0.006596599705517292,-0.007043455261737108,-0.007248647511005402,-0.007245237939059734,-0.007084786891937256,-0.006839525420218706,-0.0065889908000826836
-0.006392328068614006,-0.006276358850300312,-0.0062467060051858425,-0.006306764204055071
-0.006470330059528351,-0.0067567480728030205,-0.00717796990647912,-0.007734771817922592
-0.008414414711296558,-0.009185820817947388,-0.01000212598592043
-0.010803716257214546,-0.011513997800648212,-0.012042578309774399,-0.012306831777095795
-0.012254606932401657,-0.011870232410728931,-0.011170548386871815,-0.0102017130702734
-0.009035943076014519,-0.0077626341953873634,-0.00646923016756773,-0.005220707971602678
-0.004055713303387165,-0.0029994635842740536,-0.002081639599055052,-0.0013478966429829597
-0.0008512693457305431,-0.0006273820763453841,-0.0006761163822375238,-0.0009619436459615827
-0.0014307057717815042,-0.0020294897258281708,-0.002710419474169612
-0.003419637680053711,-0.004093579016625881,-0.004670268855988979,-0.005102667957544327
-0.005364694632589817,-0.0054473066702485085,-0.005350086372345686,-0.005081736017018557
-0.0046693324111402035,-0.004160190932452679,-0.0036044223234057426,-0.00303045311011374
-0.002439726609736681,-0.0018223600927740335,-0.001172156655229628,-0.0004912865115329623
0.00020766654051840305,0.0008980640559457242,0.0015414196532219648,0.002101560588926077
0.0025593815371394157,0.002912865485996008,0.003162812441587448
0.003296460257843137,0.0032880182843655348,0.0031204852275550365,0.0028086856473237276
0.002407363150268793,0.0020023249089717865,0.0016873914282768965,0.0015338448574766517
0.0015692454762756824,0.0017826587427407503,0.0021468985360115767,0.002629360184073448
0.0031875702552497387,0.0037727211602032185,0.004345030523836613,0.004882302135229111
0.005374145694077015,0.0058043720200657845,0.006134329363703728,0.00631128903478384
0.006301453337073326,0.006118364632129669,0.005822290200740099
0.005487502086907625,0.0051648481748998165,0.004875500686466694,0.004635852295905352,0.004480393603444099,0.0044560180976986885,0.004593541380017996,0.004887044429779053
0.005305444356054068,0.005827557295560837,0.006460546050220728,0.007220893166959286
0.008106465451419353,0.00908235926181078,0.010075600817799568,0.010981469415128231
0.011682191863656044,0.012071141041815281,0.012078906409442425,0.011686437763273716
0.010918515734374523,0.009831435978412628,0.008499521762132645,0.0070041692815721035
0.005433290731161833,0.00387892359867692,0.002425085287541151,0.001143846893683076
0.00010776834096759558,-0.0006033609388396144,-0.0009225874091498554,-0.0008294867584481835
-0.00036422780249267817,0.0003917822614312172,0.0013477315660566092,0.002417041454464197
0.0035117194056510925,0.004536936059594154,0.005394081585109234,0.005994516424834728
0.006281306967139244,0.006242644041776657,0.005903854034841061,0.0053054532036185265,0.004491050727665424,0.003517123404890299
0.002463898854330182,0.0014239547308534384,0.0004763768520206213,-0.00033243122743442655
-0.0009872328955680132,-0.001476646983064711,-0.0017653959803283215,-0.0018064375035464764
-0.0015845984453335404,-0.0011428606230765581,-0.0005678373854607344,5.002430407330394e-05
0.0006463300669565797,0.001175394863821566,0.0015878789126873016,0.0018333927728235722
0.0018765347776934505,0.0016974033787846565,0.0012840037234127522,0.0006348707247525454
-0.00022808165522292256,-0.0012508501531556249,-0.0023578268010169268
-0.003479133825749159,-0.004572034813463688,-0.00561734102666378,-0.006596613675355911
-0.007473993580788374,-0.008198918774724007,-0.008724940940737724,-0.009026287123560905
-0.009101558476686478,-0.008973347023129463,-0.008687246590852737,-0.008302990347146988
-0.00788130983710289,-0.00747264688834548,-0.007109554018825293,-0.00681049469858408
-0.0065990593284368515,-0.006521483883261681,-0.0066375103779137135,-0.006983151193708181
-0.007535942830145359,-0.008217028342187405,-0.008925220929086208
-0.009566091932356358,-0.010060593485832214,-0.010345174930989742,-0.01037454791367054
-0.010131189599633217,-0.009630858898162842,-0.008913611993193626,-0.008034581318497658
-0.007063991390168667,-0.0060812681913375854,-0.005156842991709709,-0.004337160848081112
-0.0036445879377424717,-0.003088400699198246,-0.0026728245429694653,-0.002391090150922537
-0.00222003529779613,-0.0021339331287890673,-0.0021214105654507875,-0.0021853726357221603
-0.0023337779566645622,-0.002570582553744316,-0.0028874531853944063
-0.0032596958335489035,-0.003652295796200633,-0.004033292643725872,-0.004378343001008034
-0.004662503954023123,-0.004856939427554607,-0.004940277896821499,-0.004906590096652508
-0.004750250838696957,-0.004446770530194044,-0.003959871828556061,-0.003268239088356495
-0.002388468710705638,-0.0013778114225715399,-0.00031208049040287733,0.0007400145987048745
0.001723430585116148,0.0025913810823112726,0.00330053037032485,0.003809654852375388
0.004088044166564941,0.004130919463932514,0.003964663483202457
0.0036339445505291224,0.003179214894771576,0.0026229526847600937,0.001981910550966859
0.0012941788882017136,0.0006303206318989396,7.927953265607357e-05,-0.00027995638083666563
-0.00040435732807964087,-0.00029017700580880046,4.8493529902771115e-05,0.0006005527684465051
0.001355436397716403,0.0022863668855279684,0.003346575889736414,0.004482393618673086
0.005641227588057518,0.006763220764696598,0.007770588621497154,0.008576310239732265
0.009111466817557812,0.009344861842691898,0.009280278347432613
0.008942216634750366,0.008364852517843246,0.007593410089612007,0.006693854462355375
0.0057547311298549175,0.004875320941209793,0.0041479552164673805,0.0036500522401183844
0.003451588563621044,0.003612297121435404,0.00415431335568428,0.005042559467256069
0.006195404566824436,0.007503476459532976,0.008834727108478546,0.010032473132014275,0.010927610099315643,0.011380570009350777,0.011329786852002144,0.010798728093504906,0.009860745631158352,0.008604694157838821,0.007128074765205383
0.005546886939555407,0.003988299053162336,0.0025628642179071903,0.0013527548871934414
0.0004239561967551708,-0.00016498391050845385,-0.00037107733078300953,-0.00018508876382838935
0.00035651217331178486,0.0011811265721917152,0.0022021157201379538,0.0033314689062535763
0.004481583368033171,0.005566242150962353,0.006504625082015991,0.007228151895105839
0.0076855942606925964,0.007844379171729088,0.0076943133026361465,0.007252281066030264
0.00655736867338419,0.0056603108532726765,0.004614955745637417
0.0034695561043918133,0.0022669790778309107,0.001056172652170062,-0.00010767625644803047
-0.0011755524901673198,-0.0021033764351159334,-0.002838629763573408,-0.003323010168969631
-0.003513926174491644,-0.003403898561373353,-0.003026830032467842,-0.0024485508911311626
-0.0017503355629742146,-0.0010199021780863404,-0.00034077069722115993,0.00022556300973519683,0.0006385671440511942,0.0008558898116461933,0.0008246554061770439,0.0004995730123482645,-0.00012988329399377108,-0.001022121636196971,-0.002091609872877598
-0.003238040255382657,-0.0043764542788267136,-0.0054557425901293755,-0.006452368572354317
-0.007343875244259834,-0.008092787116765976,-0.008653512224555016,-0.008993223309516907
-0.009113136678934097,-0.00904739648103714,-0.008838091045618057,-0.008519724011421204
-0.00812513381242752,-0.007689477875828743,-0.007242295891046524,-0.006805455312132835
-0.006412873510271311,-0.006132794078439474,-0.006052343174815178,-0.006226124241948128
-0.006640841253101826,-0.007224756758660078,-0.007881873287260532
-0.00852368213236332,-0.009084198623895645,-0.009520011022686958,-0.009804030880331993
-0.009914998896420002,-0.009831651113927364,-0.009541756473481655,-0.009057644754648209,-0.008421385660767555,-0.007689550053328276,-0.006907847709953785
-0.006097627803683281,-0.005261182319372892,-0.004401365295052528,-0.003542511258274317
-0.002735643647611141,-0.0020476875361055136,-0.001544426428154111,-0.0012737972429022193
-0.001256019459106028,-0.0014808934647589922,-0.0019079158082604408,-0.0024762891698628664
-0.003125367220491171,-0.0038031763397157192,-0.00445665093138814,-0.0050229160115122795
-0.005430599674582481,-0.005610162857919931,-0.005513214971870184,-0.005130293779075146
-0.004492003004997969,-0.003652196377515793,-0.0026681730523705482,-0.0015972454566508532
-0.0005040396936237812,0.0005472665652632713,0.0015090921660885215,0.0023522572591900826
0.003057332243770361,0.003601363394409418,0.003950908314436674,0.004079652950167656
0.0039911577478051186,0.0037175000179558992,0.0033050139900296926
0.0028039279859513044,0.002258758991956711,0.001702162902802229,0.0011580651625990868
0.0006507952930405736,0.00021574198035523295,-9.689363650977612e-05,-0.0002324976958334446
-0.00015309095033444464,0.00014471712347585708,0.0006289268494583666,0.0012476429110392928
0.001952661550603807,0.0027168847154825926,0.003527142573148012,0.004364934749901295
0.005201155319809914,0.005997256375849247,0.0067050643265247345,0.007276022806763649
0.007676567882299423,0.007904214784502983,0.007995039224624634
0.008001049049198627,0.007953646592795849,0.007854437455534935,0.007694277912378311
0.007474943064153194,0.007215970195829868,0.006951889954507351,0.006738943047821522
0.006651126313954592,0.006739161908626556,0.006994544994086027,0.007359074894338846
0.0077552092261612415,0.00810915045440197,0.008361699990928173,0.008467551320791245
0.008393721655011177,0.008123361505568027,0.007661113981157541,0.007037170697003603
0.006301826797425747,0.005510349757969379,0.004712691530585289
0.003953615669161081,0.003273092908784747,0.0026977933011949062,0.0022355716209858656
0.0018902057781815529,0.0016817143186926842,0.0016435426659882069,0.0017987131141126156
0.0021394281648099422,0.0026291203685104847,0.003224825020879507,0.0038921311497688293
0.004599197767674923,0.005305858328938484,0.005958721973001957,0.006496507674455643
0.0068656811490654945,0.007033635396510363,0.006989187095314264,0.006729986518621445
0.006250572390854359,0.005550265312194824,0.0046524894423782825
0.00361048337072134,0.0024926015175879,0.0013626490253955126,0.0002716183662414551
-0.0007369961822405457,-0.0016171351308003068,-0.0023212209343910217,-0.0028117778711020947
-0.0030686361715197563,-0.0030937236733734608,-0.002917386358603835,-0.0025989599525928497
-0.002215157262980938,-0.0018345117568969727,-0.001493567251600325,-0.0011992441723123193
-0.0009547780500724912,-0.0007835420547053218,-0.000731437758076936,-0.0008449003216810524
-0.0011416841298341751,-0.0015979763120412827,-0.002158718416467309
-0.0027644746005535126,-0.003380273934453726,-0.00400405190885067,-0.004646907094866037
-0.005309016443789005,-0.005972567014396191,-0.0066056400537490845,-0.007172555197030306
-0.00765009131282568,-0.008036707527935505,-0.00834733247756958,-0.008599510416388512
-0.008801158517599106,-0.008948808535933495,-0.009037476032972336,-0.009077147580683231
-0.00910410936921835,-0.009172862395644188,-0.009332206100225449,-0.009603065438568592
-0.009967549704015255,-0.01036742888391018,-0.01071415189653635
-0.010920173488557339,-0.010936332866549492,-0.010760318487882614,-0.010412626899778843
-0.009906710125505924,-0.00924115814268589,-0.008421145379543304,-0.0074819535948336124
-0.0064852130599319935,-0.005493295844644308,-0.004549792967736721,-0.003684057854115963
-0.002927599009126425,-0.0023131314665079117,-0.001851589884608984,-0.0015214430168271065
-0.0012931257952004671,-0.001157898921519518,-0.0011280522448942065,-0.0012174216099083424
-0.0014244730118662119,-0.0017337312456220388,-0.00213277293369174
-0.0026179086416959763,-0.0031741459388285875,-0.003751507494598627,-0.004269950091838837
-0.004654495511204004,-0.004864298272877932,-0.004888497292995453,-0.004726138431578875
-0.004377574194222689,-0.0038534379564225674,-0.0031873525585979223,-0.002429315820336342
-0.0016216812655329704,-0.0007851613918319345,6.956036668270826e-05,0.000913951254915446
0.0016874470748007298,0.002317165955901146,0.0027540726587176323,0.002994344336912036
0.003068638266995549,0.0030116275884211063,0.002850480377674103
0.0026235540863126516,0.0023927141446620226,0.0022227733861654997,0.002147171413525939
0.002154277404770255,0.002211228245869279,0.002307239919900894,0.002470877021551132
0.0027448898181319237,0.003147527575492859,0.0036533409729599953,0.004207332618534565
0.004754083231091499,0.005252454429864883,0.005675371736288071,0.00600700918585062
0.006240095943212509,0.006377389654517174,0.006434272974729538,0.006430948153138161
0.006381611339747906,0.006294560618698597,0.006181634031236172
0.006065732799470425,0.005972026381641626,0.0059088002890348434,0.005864379927515984
0.0058277677744627,0.005816736724227667,0.005892118439078331,0.006135451607406139
0.006594634149223566,0.007245124317705631,0.00799702387303114,0.008731655776500702
0.009338813833892345,0.009737316519021988,0.009878951124846935,0.009741701185703278
0.009319661185145378,0.008622581139206886,0.007684357929974794,0.006568118929862976
0.0053644441068172455,0.004179391078650951,0.0031138863414525986
0.0022477498278021812,0.0016341435257345438,0.0013023792998865247,0.0012607051758095622
0.0014910808531567454,0.0019471101695671678,0.0025639976374804974,0.003271152265369892
0.004002374596893787,0.004701328929513693,0.005319745279848576,0.005818042904138565,0.006168486084789038,0.006350866984575987
1.1980660019617062e-05,1.707247611193452e-05,2.2377602363121696e-05,2.7548956495593302e-05
3.252238457207568e-05,3.743279739865102e-05,4.2311115976190194e-05,4.6816046960884705e-05
5.036639413447119e-05,5.2646682888735086e-05,5.3922642109682783e-05,5.483820859808475e-05
5.599500218522735e-05,5.772555959993042e-05,6.026013943483122e-05,6.403455336112529e-05
6.964896601857617e-05,7.757666753605008e-05,8.803007222013548e-05,0.00010089490388054401
0.00011549994087545201,0.00013032840797677636
0.0001429828116670251,0.0001507405686425045,0.00015159024042077363,0.00014501879923045635
0.00013194857456255704,0.00011401528172427788,9.304049308411777e-05,7.106088742148131e-05
5.028478699387051e-05,3.2594369258731604e-05,1.903895099530928e-05,9.743464943312574e-06
4.161383003520314e-06,1.3754835208601435e-06,3.219233519757836e-07,5.920720624885689e-08
3.224618794206435e-08,1.0546519035870006e-07,3.846334664103779e-07,1.039575295180839e-06
2.2347801404976053e-06,4.109857400180772e-06,6.722098532918608e-06
9.938512448570691e-06,1.3367654901230708e-05,1.6463409338030033e-05,1.8754351913230494e-05,1.9980034267064184e-05,2.0073359337402508e-05,1.9104456441709772e-05,1.72472409758484e-05
1.4740396181878168e-05,1.1832668860733975e-05,8.762940524320584e-06,5.787998816231266e-06
3.192761823811452e-06,1.2495518149080453e-06,1.7264461860122537e-07,8.977446697144842e-08
9.995817435992649e-07,2.729130073930719e-06,4.938450729241595e-06,7.159933829825604e-06
8.888476259016898e-06,9.758687156136148e-06,9.699559996079188e-06
8.915013495425228e-06,7.73438296164386e-06,6.486788151960354e-06,5.433203114080243e-06
4.732109118776862e-06,4.437880306795705e-06,4.5307738218980376e-06,4.965233074472053e-06
5.714554390578996e-06,6.801342351536732e-06,8.297085514641367e-06,1.0265090168104507e-05,1.2657570550800301e-05,1.5229622476908844e-05,1.7569836927577853e-05,1.93082305486314e-05
2.0372108338051476e-05,2.1032101358287036e-05,2.1676636606571265e-05,2.2523630832438357e-05
2.3518896341556683e-05,2.4517494239262305e-05,2.5543742594891228e-05
2.6815545425051823e-05,2.8561333238030784e-05,3.0840616091154516e-05,3.3466447348473594e-05
3.6097917472943664e-05,3.8489462895086035e-05,4.081326551386155e-05,4.3750165787059814e-05
4.80744092783425e-05,5.4101907153381035e-05,6.141479389043525e-05,6.891206430736929e-05
7.513917807955295e-05,7.875149458413944e-05,7.902688957983628e-05,7.615124923177063e-05
7.091581210261211e-05,6.420160207198933e-05,5.674913336406462e-05,4.907748370897025e-05,4.146768696955405e-05,3.408428528928198e-05,2.713262256293092e-05
2.0962415874237195e-05,1.5984365745680407e-05,1.2408466318447609e-05,1.0136856872122735e-05
8.916817023418844e-06,8.527566933480557e-06,8.869308658177033e-06,9.943602890416514e-06
1.173682994703995e-05,1.4111200471234042e-05,1.682641959632747e-05,1.9641465769382194e-05
2.236523687315639e-05,2.4839626348693855e-05,2.6874444301938638e-05,2.8196644052513875e-05
2.8492320780060254e-05,2.7499358111526817e-05,2.5104816813836806e-05,2.1415627998067066e-05
1.6805524865048937e-05,1.1902504411409609e-05
7.4020749707415234e-06,3.832459242403274e-06,1.452540345781017e-06,2.559507095156732e-07,9.933499356407083e-09,3.418369658447773e-07,9.018054356602079e-07,1.4754580206499668e-06
1.9452759261184838e-06,2.2053554857848212e-06,2.1640244085574523e-06,1.8319542505196296e-06
1.3549307595894788e-06,9.099723570216156e-07,-0.0007692266372032464,-0.000639496196527034
-0.0005831907037645578,-0.0006097915465943515,-0.0007129859295673668,-0.0008704477222636342,-0.0010628900490701199,-0.0013004462234675884,-0.001630175393074751
-0.0021112917456775904,-0.002769088838249445,-0.0035656895488500595,-0.00441882386803627,-0.005247822962701321,-0.006006482057273388,-0.006690989714115858,-0.00732406647875905
-0.007924973964691162,-0.00848966185003519,-0.008988555520772934,-0.009378944523632526,-0.009632183238863945,-0.009753912687301636,-0.009777889586985111,-0.009748024865984917
-0.009705640375614166,-0.009680761024355888,-0.009684319607913494,-0.00970322173088789,-0.009701492264866829,-0.009630879387259483,-0.00944914948195219
-0.009134034626185894,-0.008684234693646431,-0.008114388212561607,-0.007454744540154934
-0.006757606752216816,-0.006094891577959061,-0.005532979033887386,-0.005106066353619099
-0.00481152581050992,-0.004621515981853008,-0.004500777460634708,-0.0044192420318722725
-0.004351792857050896,-0.004277931526303291,-0.004190570674836636,-0.004099824465811253
-0.004014814272522926,-0.003921475261449814,-0.003791851457208395,-0.00361612718552351
-0.0034198882058262825,-0.0032481029629707336,-0.003129821503534913
-0.0030650938861072063,-0.0030482234433293343,-0.0030882542487233877,-0.0031983437947928905
-0.0033711930736899376,-0.003569390857592225,-0.0037410606164485216,-0.003843465121462941
-0.003848621854558587,-0.0037316586822271347,-0.003465072251856327,-0.0030307015404105186
-0.0024365149438381195,-0.0017185050528496504,-0.0009265393018722534,-0.00011179293505847454
0.0006760173127986491,0.0013938803458586335,0.0020166076719760895,0.0025391150265932083
0.0029651098884642124,0.003290891880169511,0.003494874807074666
0.003545172978192568,0.0034260086249560118,0.0031618354842066765,0.002814105711877346
0.00245090015232563,0.0021192629355937243,0.001843429054133594,0.0016375171253457665
0.0015131128020584583,0.0014833899913355708,0.0015696225455030799,0.001803966355510056
0.0022172676399350166,0.0028136076871305704,0.0035553574562072754,0.004374613054096699
0.005198972299695015,0.005971427075564861,0.006655499804764986,0.007229475770145655
0.007675827015191317,0.00797099620103836,0.00808584876358509
0.00800276454538107,0.007734416518360376,0.0073242648504674435,0.006830696947872639,0.0063109248876571655
0.00582069531083107,0.005430202931165695,0.005222545471042395,0.005258794873952866
0.00555010000243783,0.006062011234462261,0.006729494780302048,0.007463708519935608
0.008158408105373383,0.00870959646999836,0.009040825068950653,0.009119005873799324
0.008954295888543129,0.008581431582570076,0.008033527061343193,0.007331530563533306
0.006495750043541193,0.0055591813288629055,0.004566864110529423,0.003567830193787813
0.002613976364955306,0.0017703799530863762,0.0011170373763889074,0.0007224599830806255
0.0006108139641582966,0.0007583003025501966,0.001118804095312953,0.0016525157261639833
0.00233393139205873,0.003135525621473789,0.004007761366665363,0.004879532847553492
0.005681831855326891,0.006367634050548077,0.006904947571456432,0.007256127428263426
0.007372415624558926,0.00721612386405468,0.006787833292037249,0.006124828010797501
0.005274168215692043
0.004273014608770609,0.0031527886167168617,0.0019619809463620186,0.0007817803416401148
-0.0002967451000586152,-0.001210871385410428,-0.00193242565728724,-0.002448027953505516
-0.0027441985439509153,-0.0028083333745598793,-0.002640736987814307,-0.0022645078133791685
-0.0017268334049731493,-0.001098928041756153,-0.000474802334792912,4.153029294684529e-05
0.0003598849871195853,0.00042914398363791406,0.0002487959573045373,-0.00014919834211468697
-0.0007336502894759178,-0.001487096888013184,-0.002387687796726823
-0.003387137781828642,-0.004415568895637989,-0.005403113551437855,-0.006292055360972881
-0.007037559058517218,-0.007609830237925053,-0.008005555719137192,-0.008253805339336395
-0.008399927988648415,-0.008478676900267601,-0.008498024195432663,-0.00844593159854412
-0.008316870778799057,-0.008138773962855339,-0.007976672612130642,-0.007907519116997719
-0.007981104776263237,-0.008192434906959534,-0.00849134474992752,-0.008814702741801739
-0.009103674441576004,-0.009307623840868473,-0.009391745552420616
-0.009343286976218224,-0.00916893407702446,-0.008886521682143211,-0.008518898859620094
-0.008095070719718933,-0.0076490361243486404,-0.007213245145976543,-0.006814680993556976
-0.00646516028791666,-0.00614946847781539,-0.0058351620100438595,-0.0054989405907690525
-0.005142868030816317,-0.0047904122620821,-0.004467500373721123,-0.004186432808637619
-0.003953311126679182,-0.0037867575883865356,-0.0037158806808292866,-0.003753980854526162
-0.0038758886512368917,-0.004025714471936226,-0.004148182459175587
-0.004210183396935463,-0.004197367001324892,-0.004100164398550987,-0.003907280974090099
-0.0036119918804615736,-0.0032229346688836813,-0.002765403361991048,-0.002265600021928549
-0.0017318378668278456,-0.0011586889158934355,-0.0005510260816663504,6.154755828902125e-05
0.0006360987317748368,0.001141623593866825,0.0015683799283578992,0.0019116946496069431
0.002156906295567751,0.002288411371409893,0.0023108406458050013,0.002254487480968237
0.0021566711366176605,0.0020356527529656887,0.0018823310965672135
0.0016780386213213205,0.001418889150954783,0.0011286071967333555,0.0008561246795579791
0.0006577321328222752,0.0005749411066062748,0.0006234214524738491,0.0007969493744894862
0.0010822698241099715,0.001473393989726901,0.0019728830084204674,0.0025805304758250713
0.0032818696927279234,0.004044745117425919,0.0048232595436275005,0.005564882420003414
0.006216781213879585,0.006736828479915857,0.007109205704182386,0.0073496075347065926
0.007492472883313894,0.007566499058157206,0.007578690070658922
0.007527721580117941,0.007431762292981148,0.007333147805184126,0.00727475481107831
0.0072836559265851974,0.007382810581475496,0.0076016527600586414,0.00795743241906166
0.008427351713180542,0.00894409604370594,0.009418126195669174,0.009766271337866783
0.009926799684762955,0.009858349338173866,0.009535293094813824,0.008952533826231956
0.0081377774477005,0.007155711762607098,0.00609457166865468,0.005038281437009573
0.00404029106721282,0.0031205425038933754,0.0022863394115120173
0.0015564360655844212,0.0009675220353528857,0.0005605920450761914,0.00036686513340100646
0.00040512645500712097,0.000680009659845382,0.001175488461740315,0.0018506319029256701
0.002644176362082362,0.003490197006613016,0.004333158489316702,0.005125480704009533
0.005816942546516657,0.0063569024205207825,0.006705884821712971,0.006842219736427069
0.006760899443179369,0.006466994062066078,0.005968880373984575,0.005276734009385109
0.00440634461119771,0.0033894386142492294,0.0022837554570287466
0.0011677942238748074,0.00012541771866381168,-0.000766401703003794,-0.0014469616580754519
-0.0018784038256853819,-0.0020518768578767776,-0.001991325058043003,-0.0017418088391423225
-0.0013497791951522231,-0.0008580982685089111,-0.0003120795590803027,0.00024120562011376023
0.0007555875927209854,0.0011816835030913353,0.0014620132278651,0.00153362937271595
0.001345797092653811,0.0008871211903169751,0.0002013396006077528,-0.0006250382284633815
-0.0015029313508421183,-0.002383090555667877,-0.0032671941444277763
-0.0041787466034293175,-0.005120099056512117,-0.0060537331737577915,-0.006918652914464474
-0.0076613049022853374,-0.008258230984210968,-0.008716478943824768,-0.009054519236087799
-0.009285414591431618,-0.00941171869635582,-0.009425998665392399,-0.00931701809167862
-0.009085727855563164,-0.008768349885940552,-0.008446368388831615,-0.008217569440603256
-0.008140752092003822,-0.00820868369191885,-0.00837028305977583,-0.008565307594835758
-0.0087423175573349,-0.008859686553478241,-0.008883729577064514
-0.008801020681858063,-0.00863071158528328,-0.008407439105212688,-0.008149312809109688,-0.007849512621760368,-0.007499684579670429,-0.007117896806448698,-0.006744747515767813
-0.006405715364962816,-0.006081918720155954,-0.005725820083171129,-0.005306835286319256
-0.004836922977119684,-0.004353698343038559,-0.003885757876560092,-0.0034371670335531235
-0.0030055902898311615,-0.002614164026454091,-0.002319680294021964,-0.002182035008445382
-0.002223977353423834,-0.002419187454506755,-0.0027162483893334866,-0.0030728445854038
-0.0034660138189792633,-0.0038745927158743143,-0.004260753281414509,-0.0045721507631242275
-0.004759572446346283,-0.004786573350429535,-0.004622636362910271,-0.004239218309521675
-0.003620683215558529,-0.002779548056423664,-0.0017642669845372438,-0.0006508128717541695
0.0004806864308193326,0.0015605906955897808,0.002523156115785241,0.0033005070872604847
0.0038363535422831774,0.004112035036087036,0.004155403934419155,0.004010055214166641,0.003695924300700426,0.0032121019903570414
0.00257799937389791,0.0018642740324139595,0.001179686514660716,0.0006289021112024784
0.0002841348177753389,0.00018548633670434356,0.00034750415943562984,0.0007560765370726585
0.0013647202868014574,0.0021051536314189434,0.0029176988173276186,0.003779994323849678,0.0046946024522185326,0.005641535855829716,0.00655220914632082,0.007334577850997448
0.0079226428642869,0.008303835988044739,0.008501564152538776,0.008537395857274532,0.008415945805609226,0.008138716220855713,0.007719789166003466
0.007188208866864443,0.00658272672444582,0.005948618985712528,0.0053465054370462894
0.004867923445999622,0.0046222317032516,0.004685378633439541,0.005061832256615162
0.005692744627594948,0.00648903613910079,0.007358913775533438,0.008214348927140236
0.008966540917754173,0.00952901504933834,0.00982842780649662,0.00981491431593895
0.009468330070376396,0.00880192220211029,0.00786425918340683,0.00673203868791461
0.005491494666785002,0.004222071263939142,0.0029914602637290955
0.0018573515117168427,0.0008751212153583765,0.00010769732762128115,-0.0003795663360506296
-0.0005423299153335392,-0.0003741576801985502,0.00010275907698087394,0.0008566018659621477
0.0018458216218277812,0.003001360222697258,0.0042215073481202126,0.005398474633693695
0.006453182082623243,0.0073372358456254005,0.008005766198039055,0.008404815569519997
0.008487927727401257,0.008238276466727257,0.007674516644328833,0.006835647393018007
0.005761678330600262,0.00449416832998395,0.0030929958447813988
0.0016425519715994596,0.00023916224017739296,-0.0010290214559063315,-0.002100540790706873
-0.0029433444142341614,-0.0035376879386603832,-0.003864827798679471,-0.003919114358723164
-0.003723341040313244,-0.003321076277643442,-0.002753725741058588,-0.0020534158684313297
-0.0012607851531356573,-0.00044283783063292503,0.0003108849050477147,0.0009046720806509256
0.0012485184706747532,0.0012712557800114155,0.0009427940240129828,0.0002887175651267171
-0.0006226401310414076,-0.0017146461177617311,-0.002930957358330488
-0.004237131215631962,-0.005596701987087727,-0.006941321771591902,-0.008162451907992363
-0.009140938520431519,-0.009794723242521286,-0.010101734660565853,-0.01008627936244011
-0.009795691817998886,-0.009289287962019444,-0.00863690860569477,-0.007915109395980835
-0.007206403184682131,-0.006606224458664656,-0.006215441972017288,-0.006110324990004301
-0.006313171703368425,-0.0067804064601659775,-0.00741519033908844,-0.008105151355266571
-0.00876384973526001,-0.009345990605652332,-0.009831877425312996
-0.010204765945672989,-0.010436386801302433,-0.010484539903700352,-0.010308269411325455
-0.009887619875371456,-0.00923248939216137,-0.008383804000914097,-0.007404448464512825
-0.006357902195304632,-0.005292351357638836,-0.0042401524260640144,-0.0032269684597849846
-0.0022858900483697653,-0.0014643268659710884,-0.000815759995020926,-0.00038959761150181293
-0.00022747513139620423,-0.0003577964089345187,-0.0007868753164075315,-0.00149149086792022
-0.0024142777547240257,-0.0034676087088882923,-0.004547167103737593
-0.005546976812183857,-0.00637140404433012,-0.00694322120398283,-0.007208043709397316
-0.007137382868677378,-0.0067299408838152885,-0.006008120719343424,-0.005012145731598139
-0.0037998883053660393,-0.0024509881623089314,-0.00106067955493927,0.0002797545166686177
0.0014956756494939327,0.002522445050999522,0.0032958798110485077,0.0037625159602612257
0.003906028810888529,0.0037611087318509817,0.0034034226555377245,0.0029310651589185,0.0024445767048746347,0.0020257793366909027,0.0017246659845113754
0.001559233060106635,0.0015275173354893923,0.0016283253207802773,0.0018736351048573852
0.002279473003000021,0.002844877541065216,0.0035350837279111147,0.0042809052392840385
0.004997920244932175,0.005611345637589693,0.006072362884879112,0.0063640340231359005
0.006494688335806131,0.006485308054834604,0.006362768821418285,0.006153326015919447
0.005874240770936012,0.0055393255315721035,0.005176270846277475,0.0048329830169677734
0.004564165603369474,0.004406810272485018,0.004365990404039621
0.004429642576724291,0.004593599122017622,0.0048705050721764565,0.005289088003337383
0.005882063880562782,0.006654840428382158,0.007562957238405943,0.008519512601196766
0.009418553672730923,0.010158227756619453,0.010656608268618584,0.01085948757827282
0.010742182843387127,0.01030188798904419,0.009549281559884548,0.008519369177520275
0.007290882524102926,0.005984582472592592,0.004735838621854782,0.0036558792926371098
0.002804818795993924,0.002196446293964982,0.0018199479673057795
0.0016502286307513714,0.0016495309537276626,0.0017744374927133322,0.0019839173182845116
0.002242820803076029,0.002525804564356804,0.002819748828187585,0.003116187173873186,0.0033983737230300903,0.0036388894077390432,0.00381664652377367
0.003940267954021692,0.004045984707772732,0.004165203310549259,0.004302456043660641
0.004444545134902,0.004577210638672113,0.0046888613142073154,0.0047613997012376785
0.0047617643140256405,0.004649742506444454,0.004397664684802294,0.0040032388642430305
0.0034832984674721956,0.002852298552170396,0.0021095655392855406,0.0012541513424366713
0.00031090329866856337,-0.0006638166960328817,-0.0016016862355172634,-0.0024431743659079075
-0.0031429473310709,-0.0036642258055508137,-0.003974487539380789,-0.004052286501973867
-0.003899552393704653,-0.003546824213117361,-0.0030477778054773808,-0.002468640450388193
-0.001883031101897359,-0.0013689472107216716,-0.0009904055623337626,-0.0007705253083258867,-0.0006924751796759665,-0.000741202849894762,-0.0009454500395804644
-0.001369475619867444,-0.0020604960154742002,-0.003008953295648098,-0.00415375642478466
-0.005413882900029421,-0.006714432034641504,-0.007989127188920975,-0.009168464690446854
-0.010178521275520325,-0.010955411940813065,-0.011461653746664524,-0.01169566810131073
-0.011688592843711376,-0.011487727984786034,-0.011138681322336197,-0.010680641047656536
-0.010150222107768059,-0.009576587937772274,-0.00897384062409401,-0.008351447060704231
-0.007737860549241304,-0.00719089712947607,-0.006781323812901974
-0.006559713743627071,-0.006529433187097311,-0.006646391469985247,-0.00684148957952857,-0.007042919285595417,-0.007187873125076294,-0.0072258515283465385,-0.007118246052414179
-0.00683942437171936,-0.006379499565809965,-0.005747748073190451,-0.004974905401468277
-0.004110774956643581,-0.003219645470380783,-0.0023761005140841007,-0.0016536854673177004
-0.0011084912111982703,-0.0007767928764224052,-0.0006838655681349337,-0.0008398884674534202,-0.0012233322486281395,-0.0017726668156683445,-0.002400206634774804
-0.00302207306958735,-0.0035779241006821394,-0.00402694521471858,-0.004335906356573105
-0.0044771223329007626,-0.004434047266840935,-0.004201999865472317,-0.003785437438637018
-0.003199260449036956,-0.002470747334882617,-0.0016401458997279406,-0.0007604038110002875
0.00011189060751348734,0.000928177498281002,0.0016447091475129128,0.0022149269934743643
0.0025946975219994783,0.002757764421403408,0.0027115698903799057,0.002496178960427642
0.0021622655913233757,0.0017509800381958485,0.0012917768908664584
0.0008144532330334187,0.00036043464206159115,-2.038688398897648e-05,-0.00027703182422555983
-0.0003563289064913988,-0.00020534491341095418,0.00021371236653067172,0.0009027532069012523
0.0018133609555661678,0.002857130952179432,0.003943204879760742,0.005014300346374512
0.00605115108191967,0.007043925113976002,0.007959939539432526,0.008738742209970951
0.009315800853073597,0.009651239961385727,0.009742587804794312,0.009618961252272129
0.009322749450802803,0.008890196681022644,0.008349251002073288
0.007734289858490229,0.0071011134423315525,0.006534074433147907,0.006131434813141823
0.005962948314845562,0.0060376389883458614,0.006313037127256393,0.006719483528286219
0.007174083963036537,0.007593777030706406,0.007911537773907185,0.008089423179626465
0.008119543083012104,0.008006976917386055,0.007751611527055502,0.007348648272454739
0.006800438277423382,0.006124276667833328,0.0053537869825959206,0.0045327963307499886
0.003705416340380907,0.002913852222263813,0.0021977347787469625
0.0015878835693001747,0.0011060727993026376,0.0007715990068390965,0.0006102420156821609
0.000661660626064986,0.0009660372161306441,0.0015320302918553352,0.002324724104255438
0.0032877810299396515,0.00436423160135746,0.005488637834787369,0.006567866075783968
0.007484010886400938,0.008126720786094666,0.008423816412687302,0.008344164118170738
0.00788562186062336,0.007068038918077946,0.005933284293860197,0.004548071417957544
0.003003617748618126,0.0014080516993999481,-0.00012503727339208126
-0.0014906260184943676,-0.002610347233712673,-0.0034422229509800673,-0.0039704712107777596
-0.004189027473330498,-0.004096212796866894,-0.003703654045239091,-0.0030539347790181637
-0.0022309254854917526,-0.001345059834420681,-0.000499891466461122,0.00023469392908737063
0.0008253842242993414,0.0012532026739791036,0.001486597117036581,0.0014779461780562997
0.0011857922654598951,0.0006006961921229959,-0.00024279550416395068,-0.0012709321454167366
-0.0023918193764984608,-0.003523790743201971,-0.0046134404838085175
-0.005636096931993961,-0.006580617278814316,-0.007429210469126701,-0.008149798959493637
-0.00870468933135271,-0.009067527949810028,-0.009236572310328484,-0.00923282653093338
-0.00908848736435175,-0.008842410519719124,-0.008546672761440277,-0.008271576836705208
-0.00809701532125473,-0.008091071620583534,-0.008287232369184494,-0.008671753108501434
-0.009183538146317005,-0.009726492688059807,-0.010193975642323494,-0.010494796559214592
-0.010570740327239037,-0.010403929278254509,-0.010011939331889153
-0.009432043880224228,-0.008704271167516708,-0.00786099024116993,-0.006924324203282595
-0.005916169844567776,-0.00487816845998168,-0.0038807778619229794,-0.003007305320352316
-0.002324233064427972,-0.0018637396860867739,-0.001627957564778626,-0.0015999289462342858
-0.001752208569087088,-0.002055457793176174,-0.0024849441833794117,-0.003020071191713214
-0.0036348619032651186,-0.004287008661776781,-0.004919886123389006,-0.005479937419295311
-0.005932676140218973,-0.006259594578295946,-0.006442756857722998
-0.006459795869886875,-0.00629268167540431,-0.0059345620684325695,-0.005388491787016392
-0.004662693478167057,-0.003767229150980711,-0.0027177792508155107,-0.0015468315687030554
-0.00031393696554005146,0.0008974545635282993,0.002003410831093788,0.002943428698927164,0.00367874838411808,0.004179785959422588
3.0269457056419924e-05,3.295741407782771e-05,3.710722376126796e-05,4.2968651541741565e-05
5.0615482905413955e-05,5.979928027954884e-05,6.980523176025599e-05,7.936062320368364e-05
8.674859418533742e-05,9.024569590110332e-05,8.88414288056083e-05,8.276468724943697e-05
7.331062806770205e-05,6.21110521024093e-05,5.0489619752625003e-05,3.932410982088186e-05
2.918909194704611e-05,2.0447219867492095e-05,1.3313213457877282e-05,7.89815476309741e-06
4.166205599176465e-06
1.8944840576295974e-06,7.189337338786572e-07,2.3179275387974485e-07,8.82493154108488e-08
9.619132868010638e-08,2.7848597028423683e-07,8.865784479894501e-07,2.3316517854254926e-06
5.051826519775204e-06,9.36905144044431e-06,1.5351910406025127e-05,2.26911433856003e-05
3.06636247842107e-05,3.823049337370321e-05,4.421510311658494e-05,4.758707291330211e-05
4.7820230975048617e-05,4.5003791456110775e-05,3.964046481996775e-05,3.247990389354527e-05
2.447273800498806e-05,1.6683223293512128e-05,1.007977880362887e-05
5.25051063959836e-06,2.2567337509826757e-06,7.391892040686798e-07,1.5625590776835452e-07,1.3451829872224152e-08,7.059432899358953e-11,2.1459607424390015e-09,3.705932272168866e-08,1.60337791044185e-07,3.8982540218057693e-07,6.86302939811867e-07,9.694693972051027e-07
1.1299454172331025e-06,1.0593404340397683e-06,7.426493766615749e-07,3.2668137350810866e-07,3.873449472280299e-08,5.0206249824213955e-08,4.5611125187861035e-07,1.359093289465818e-06,2.9255413664941443e-06,5.33161937710247e-06,8.639090992801357e-06
1.2728150068141986e-05,1.7356158423353918e-05,2.2306881874101236e-05,2.754487650236115e-05
3.324175122543238e-05,3.964943243772723e-05,4.686927059083246e-05,5.460811371449381e-05
6.218567432370037e-05,6.889191718073562e-05,7.447551615769044e-05,7.94806910562329e-05
8.504646393703297e-05,9.210172720486298e-05,0.00010063762601930648,0.00010967878915835172
0.00011780414206441492,0.00012360821710899472,0.00012575791333802044,0.00012304793926887214
0.00011496963270474225,0.00010230850602965802,8.692475239513442e-05
7.094348984537646e-05,5.61293272767216e-05,4.3705418647732586e-05,3.4369659260846674e-05
2.8256652512936853e-05,2.4964421754702926e-05,2.3745009457343258e-05,2.3730643079034053e-05
2.4172606572392397e-05,2.466814112267457e-05,2.5194420231855474e-05,2.5907560484483838e-05
2.690526525839232e-05,2.811873855534941e-05,2.931426206487231e-05,3.0156897992128506e-05,3.0356195566128008e-05,2.9826034733559936e-05,2.870662501663901e-05,2.7232905267737806e-05
2.5583645765436813e-05,2.3832437364035286e-05,2.2029687897884287e-05
2.0321655028965324e-05,1.89315924217226e-05,1.7978276446228847e-05,1.732155760691967e-05
1.6589621736784466e-05,1.5408186300192028e-05,1.3678157301910687e-05,1.1599444405874237e-05
9.430477803107351e-06,7.306025509024039e-06,5.245945885690162e-06,3.2756340715422994e-06
1.5527867844866705e-06,3.688532785872667e-07,5.8935745173016585e-09,5.950714125901868e-07
2.1166160877328366e-06,4.48549326392822e-06,7.507564987463411e-06,1.0722860679379664e-05
1.3453716746880673e-05,1.5151614206843078e-05,1.5716133930254728e-05
1.5455256288987584e-05,1.4735764125362039e-05,1.3706476238439791e-05,1.2329054698057007e-05
1.0592141734377947e-05,8.668794180266559e-06,6.868805940030143e-06,5.478745606524171e-06,4.678055120166391e-06,4.573608748614788e-06,5.302006684360094e-06,7.11175152900978e-06,1.0335198567190673e-05,1.5238826563290786e-05,0.004675667732954025,0.005478440318256617
0.0062768226489424706,0.007037912495434284,0.007707914803177118,0.008219074457883835
0.008522385731339455,0.008610188961029053,0.00851108692586422
0.008265307173132896,0.007910766638815403,0.007499479688704014,0.007107848301529884,0.006809944286942482,0.006647150963544846,0.006624242290854454,0.006723212078213692,0.006915499921888113,0.007159534376114607,0.007396512199193239,0.007562772370874882
0.007610262371599674,0.007521949242800474,0.007314080838114023,0.007018988486379385
0.006660686805844307,0.006241421680897474,0.005748439580202103,0.005176792852580547
0.004541956353932619,0.003868051338940859,0.0031760784331709146
0.002496319590136409,0.0018866166938096285,0.0014223905745893717,0.0011624241014942527
0.0011241231113672256,0.0012897034175693989,0.0016335510881617665,0.002140600699931383
0.002798258326947689,0.0035763494670391083,0.00441957451403141,0.005258194170892239
0.006028265692293644,0.006684689316898584,0.007190555799752474,0.0074961562640964985
0.007540096528828144,0.007274804636836052,0.006693173199892044,0.00583784282207489
0.004781830590218306,0.0035957973450422287,0.002337003592401743
0.0010642614215612411,-0.00014594628009945154,-0.001203206367790699,-0.0020297530572861433
-0.0025884031783789396,-0.0028871381655335426,-0.0029568844474852085,-0.0028190393932163715
-0.0024747399147599936,-0.0019344226457178593,-0.0012578126043081284,-0.0005578419659286737,3.810791531577706e-05,0.0004365425556898117,0.0005992107908241451,0.0005295889568515122
0.0002489859180059284,-0.00021775212371721864,-0.0008492831839248538,-0.0016262290300801396,-0.0025177565403282642,-0.0034707970917224884,-0.004414287395775318
-0.005274011287838221,-0.005988660268485546,-0.006519628688693047,-0.006853936240077019
-0.0070052919909358025,-0.007013630587607622,-0.006934382487088442,-0.006817635148763657
-0.006693987175822258,-0.00657878490164876,-0.006497337017208338,-0.006513835862278938
-0.0067214067094028,-0.007183050271123648,-0.007876520045101643,-0.008695511147379875
-0.009499885141849518,-0.010173121467232704,-0.010650129988789558,-0.01090383529663086
-0.010920311324298382,-0.010693921707570553,-0.010235825553536415
-0.009582105092704296,-0.008797669783234596,-0.007967343553900719,-0.007171100936830044,-0.0064570228569209576
-0.005830856505781412,-0.005271243862807751,-0.004759008064866066,-0.004295714199542999
-0.0039030839689075947,-0.0036113751120865345,-0.003444160334765911,-0.0034123179502785206,-0.0035197357647120953,-0.0037623525131493807,-0.004117010161280632,-0.00453739520162344
-0.004961891565471888,-0.005328312050551176,-0.005590802524238825,-0.005726960022002459
-0.0057313996367156506,-0.005603304132819176,-0.005337816197425127,-0.004930735565721989
-0.004389512352645397,-0.003735115984454751,-0.0029939638916403055,-0.0021928560454398394
-0.0013646157458424568,-0.0005542585859075189,0.00018588395323604345,0.0008077147649601102
0.0012760974932461977,0.0015723155811429024,0.0016909772530198097,0.001634562504477799
0.0014174483949318528,0.001077264896593988,0.0006777527742087841,0.0002941769198514521
-1.2788630556315184e-05,-0.00021289133292157203,-0.0002966276078950614,-0.00025649587041698396,-8.0539146438241e-05
0.00024345792189706117,0.0007204141584224999,0.0013393528060987592,0.002067204099148512
0.0028495886363089085,0.0036246415693312883,0.004345778375864029,0.0049935076385736465
0.005568304099142551,0.006075367331504822,0.006510548759251833,0.006856171414256096
0.007089505437761545,0.007193021476268768,0.007160955108702183,0.007004599552601576
0.006753196474164724,0.0064491452649235725,0.0061410050839185715,0.005871886853128672
0.0056646764278411865,0.005517636891454458,0.00541723845526576
0.00536390533670783,0.0053948150016367435,0.0055699474178254604,0.0059217168018221855
0.0064244624227285385,0.007010886911302805,0.0076051633805036545,0.00814149435609579
0.008564215153455734,0.008821673691272736,0.008864135481417179,0.008654674515128136
0.00818872544914484,0.00750508438795805,0.006680926773697138,0.005808149464428425
0.004963386803865433,0.004195699002593756,0.003532598726451397,0.0029914584010839462
0.002587653696537018,0.0023315714206546545,0.0022213684860616922
0.002247306052595377,0.002401568228378892,0.0026781081687659025,0.003062743227928877,0.0035222379956394434,0.004003840032964945,0.004449633881449699,0.004812873899936676
0.005067623220384121,0.005213264375925064,0.005269517656415701,0.005262531340122223,0.00521059287711978,0.005115319509059191,0.004965178668498993,0.004748785402625799
0.004460410680621862,0.004094609059393406,0.0036460203118622303,0.003119005588814616,0.002537403954192996,0.0019403055775910616,0.0013638781383633614
0.0008329451084136963,0.00036841118708252907,-5.972629878669977e-06,-0.00026619326672516763
-0.00040164499660022557,-0.00042881135595962405,-0.0003874863323289901,-0.0003193100856151432
-0.0002444869896862656,-0.00015741464449092746,-5.1879906095564365e-05,4.417934542289004e-05
6.34550815448165e-05,-6.413220398826525e-05,-0.000364838691893965,-0.0008063397835940123
-0.0013221874833106995,-0.0018482647137716413,-0.002347453497350216,-0.002815490821376443
-0.003270253539085388,-0.0037329914048314095,-0.004208523780107498
-0.004677049815654755,-0.005110630765557289,-0.005495354067534208,-0.0058348835445940495
-0.006144388113170862,-0.006445060949772596,-0.006755261681973934,-0.0070823500864207745
-0.007426245603710413,-0.007799561135470867,-0.008246734738349915,-0.008824191987514496
-0.009545495733618736,-0.010353230871260166,-0.011143174022436142,-0.011801179498434067
-0.012223456054925919,-0.012328964658081532,-0.012077872641384602,-0.011489704251289368,-0.010637670755386353,-0.009615059942007065,-0.008503783494234085
-0.007368416991084814,-0.006268905475735664,-0.005275477189570665,-0.0044679949060082436
-0.003906039521098137,-0.003589876927435398,-0.0034550034906715155,-0.0034119465854018927
-0.0033990892115980387,-0.003403269685804844,-0.003435968654230237,-0.003501027589663863
-0.003589534666389227,-0.0036962400190532207,-0.003829273395240307,-0.004001485649496317
-0.0042148157954216,-0.004451214335858822,-0.004678702913224697,-0.004867772571742535,-0.005001839250326157,-0.005078565329313278,-0.0051036495715379715
-0.005079605150967836,-0.0050043147057294846,-0.004877702333033085,-0.004697355907410383
-0.00444745272397995,-0.004101126454770565,-0.0036359273362904787,-0.0030494097154587507
-0.002365700202062726,-0.001625727629289031,-0.0008713672868907452,-0.00014108908362686634
0.0005285722436383367,0.0011060823453590274,0.001571875181980431,0.0019265292212367058
0.0021900818683207035,0.0023868433199822903,0.002528445329517126,0.002607485046610236,0.002606011927127838,0.0025162859819829464,0.00235680746845901
0.0021680535282939672,0.001995394006371498,0.0018768843729048967,0.0018409498734399676,0.0019103740341961384,0.002104405779391527,0.0024296091869473457,0.0028738328255712986,0.0034202008973807096,0.00406059343367815,0.004786525387316942,0.005566128995269537
0.006332446821033955,0.007001766934990883,0.007510855793952942,0.00784220639616251
0.008012447506189346,0.00803733617067337,0.007918531075119972,0.007660883944481611
0.007292504888027906,0.006869242526590824,0.0064621674828231335
0.006146846804767847,0.006001115310937166,0.0060902927070856094,0.0064421845600008965
0.0070325094275176525,0.007787303067743778,0.0086038988083601,0.009379414841532707
0.010025008581578732,0.010462673380970955,0.010619969107210636,0.010437472723424435
0.009890344925224781,0.009004206396639347,0.0078485868871212,0.006515168119221926
0.005093008279800415,0.0036525423638522625,0.002249967772513628,0.0009445180185139179
-0.00019452301785349846,-0.0010960192885249853,-0.001697275321930647
-0.001952520222403109,-0.001839519594796002,-0.0013644769787788391,-0.0005646911449730396,0.0004976585041731596,0.0017473929328843951,0.003104676026850939,0.00449023675173521
0.005830040201544762,0.007055210880935192,0.008097229525446892,0.008888042531907558
0.009368235245347023,0.00949760153889656,0.009259393438696861,0.008655926212668419
0.007707813289016485,0.0064650229178369045,0.005015802104026079,0.003471383824944496
0.001934062223881483,0.00048270751722157,-0.0008149683126248419,-0.0018872714135795832,-0.0026644605677574873,-0.0031075477600097656,-0.0032294709235429764,-0.0030803566332906485,-0.0027168316300958395,-0.002189775463193655,-0.0015529922675341368,-0.000875622034072876,-0.00024096854031085968,0.00026943007833324373,0.0005875560455024242,0.0006609956035390496
0.0004568389558698982,-3.1570030841976404e-05,-0.000774428597651422,-0.0016969338757917285
-0.0026955713983625174,-0.003678161883726716,-0.004590094089508057,-0.005408629775047302,-0.006120721809566021,-0.0066986242309212685
-0.0070886570028960705,-0.007228114176541567,-0.007086087949573994,-0.006701478268951178
-0.006180646829307079,-0.0056517841294407845,-0.005213205236941576,-0.004912535194307566
-0.004773376509547234,-0.004839392378926277,-0.0051773348823189735,-0.005828209221363068
-0.006758596282452345,-0.00786232203245163,-0.00900537334382534,-0.01006518118083477
-0.010938813909888268,-0.011539098806679249,-0.01180329080671072,-0.01171812228858471
-0.011334066279232502,-0.010735700838267803,-0.009988600388169289
-0.009116564877331257,-0.008125096559524536,-0.007043203338980675,-0.005940994713455439
-0.004904261324554682,-0.003994670696556568,-0.003234945237636566,-0.002628524787724018
-0.002190291415899992,-0.001953290542587638,-0.001943924929946661,-0.0021584671922028065
-0.0025656665675342083,-0.0031240370590239763,-0.0037990184500813484,-0.004565572366118431
-0.005387177225202322,-0.006195423658937216,-0.006898770574480295,-0.007411804981529713
-0.007673274260014296,-0.0076432242058217525,-0.007297568954527378
-0.006634665187448263,-0.005687125958502293,-0.004520179703831673,-0.003213701769709587
-0.0018441611900925636,-0.00048152683302760124,0.0008006029529497027,0.0019219486275687814
0.002812601625919342,0.0034349667839705944,0.003785307053476572,0.00387434265576303
0.0037099800538271666,0.0032998251263052225,0.0026730364188551903,0.0018965017516165972,0.0010588206350803375,0.00023549387697130442,-0.0005290802218951285,-0.001208120258525014
-0.0017648485954850912,-0.0021431390196084976,-0.002288108691573143
-0.002170087769627571,-0.001784956781193614,-0.0011437663342803717,-0.0002720829797908664
0.0007848822278901935,0.0019595343619585037,0.0031701663974672556,0.004344504326581955
0.005441109649837017,0.006447283085435629,0.007355310954153538,0.008138532750308514
0.00874773133546114,0.009132390841841698,0.009269852191209793,0.009180119261145592
0.00891741644591093,0.00854401383548975,0.008106864988803864,0.007634793873876333
0.007151082623749971,0.006693486124277115,0.006335861049592495
0.0061794728972017765,0.006299691274762154,0.0066997897811234,0.007312481291592121
0.008029693737626076,0.0087350532412529,0.009329061023890972,0.009741805493831635
0.009934958070516586,0.0098929014056921,0.009605249390006065,0.009059717878699303
0.008257994428277016,0.0072356462478637695,0.006063407752662897,0.004831254016608
0.00362700829282403,0.0025200892705470324,0.00155500671826303,0.0007565449923276901
0.00014357303734868765,-0.0002660286263562739,-0.00046009960351511836
-0.0004300838627386838,-0.0001684485760051757,0.000323942513205111,0.0010267964098602533
0.001895052962936461,0.002867345931008458,0.0038817324675619602,0.004882142413407564
0.005814552307128906,0.006623918190598488,0.007259659934788942,0.007685803808271885
0.007881654426455498,0.007830148562788963,0.0075117372907698154,0.0069166794419288635
0.006064849440008402,0.005012511275708675,0.0038390373811125755,0.0026251603849232197
0.001438257982954383,0.0003329911269247532,-0.0006348692113533616
-0.0013985747937113047,-0.0018948516808450222,-0.0020931409671902657,-0.002008384559303522
-0.0016908914549276233,-0.0012079777661710978,-0.0006321554537862539,-4.167377483099699e-05
0.0004844354698434472,0.0008832122548483312,0.00111195701174438,0.0011359339114278555
0.0009207410039380193,0.0004374367417767644,-0.0003212386218365282,-0.0013231148477643728
-0.0024933842942118645,-0.0037281170953065157,-0.004920211620628834,-0.005987927317619324
-0.006886785849928856,-0.007601685356348753,-0.00813077762722969
-0.008471271023154259,-0.008616951294243336,-0.008570151403546333,-0.008357259444892406
-0.008030403405427933,-0.007649238221347332,-0.0072645749896764755,-0.006928207352757454
-0.006711253896355629,-0.006696001626551151,-0.0069426982663571835,-0.007461437955498695
-0.008207574486732483,-0.009090408682823181,-0.009981690905988216,-0.010737059637904167
-0.011236418038606644,-0.011413230560719967,-0.011255277320742607,-0.010789010673761368
-0.010062023997306824,-0.009136776439845562,-0.008089059963822365
-0.006993369199335575,-0.005904819816350937,-0.004858191125094891,-0.003884490579366684
-0.0030287832487374544,-0.0023486940190196037,-0.001891538966447115,-0.0016744680469855666
-0.00168446428142488,-0.001894596265628934,-0.002282620407640934,-0.0028311717323958874
-0.003508206456899643,-0.0042563630267977715,-0.005009403917938471,-0.005716709420084953
-0.006348281633108854,-0.0068762032315135,-0.007254151161760092,-0.0074211787432432175
-0.007329102139919996,-0.006964069791138172,-0.006341618951410055
-0.005492005031555891,-0.004456851165741682,-0.0032881773076951504,-0.0020432446617633104
-0.0007848802488297224,0.00041452900040894747,0.0014759362675249577,0.0023291073739528656
0.0029360621701925993,0.003301223274320364,0.0034580708015710115
0.0034478632733225822,0.0033007205929607153,0.003028217237442732,0.002640398684889078
0.002170427469536662,0.001678617438301444,0.0012346123112365603,0.000890122726559639
0.000660424237139523,0.0005334673332981765,0.0004961167578585446,0.0005491804331541061
0.0007035392336547375,0.0009676103363744915,0.0013400919269770384,0.0018140694592148066
0.002378046978265047,0.003006687853485346,0.0036559337750077248,0.00427159434184432
0.00481227645650506,0.005273142363876104,0.005682177376002073,0.00606684572994709,0.006423643324524164,0.0067193531431257725,0.006920793559402227,0.007025339175015688
0.007063492201268673,0.007068987935781479,0.007049160078167915,0.006984981708228588
0.006857532076537609,0.00668687978759408,0.006547828204929829
0.006530480459332466,0.006684345193207264,0.007000818382948637,0.007428307086229324
0.00789421983063221,0.008326212875545025,0.008666001260280609,0.00887344777584076
0.008928079158067703,0.008824426680803299,0.008558981120586395,0.008125833235681057
0.007528459187597036,0.006790234707295895,0.005952033214271069,0.005062200129032135
0.004164504818618298,0.0032920376397669315,0.0024734141770750284,0.0017412430606782436
0.0011314719449728727,0.0006793346256017685,0.0004206733428873122
0.000392987800296396,0.0006249416619539261,0.0011159672867506742,0.00182630424387753
0.002693002112209797,0.003656130749732256,0.004667718429118395,0.005674634128808975
0.006597462110221386,0.007340766955167055,0.00782695785164833,0.008010739460587502
0.007868986576795578,0.007394114043563604,0.006598901003599167,0.005524200852960348
0.004244019743055105,0.002860207110643387,0.0014825309626758099,0.0002033943310379982
-0.000917379162274301,-0.0018473570235073566,-0.002560890046879649
-0.0030214295256882906,-0.003185016568750143,-0.0030266051180660725,-0.0025636230129748583
-0.0018578236922621727,-0.0010053243022412062,-0.00012040382716804743,0.0006863941671326756
0.0013280995190143585,0.0017515344079583883,0.00192917138338089,0.0018408983014523983
0.0014670563396066427,0.0007948466809466481,-0.00016834971029311419,-0.0013772761449217796
-0.0027408290188759565,-0.0041356333531439304,-0.005433039274066687,-0.006526719778776169
-0.007351559586822987,-0.007887065410614014,-0.008144956082105637
-0.008151371031999588,-0.00793747790157795,-0.00754139618948102,-0.007018170319497585
-0.006448484491556883,-0.005934421438723803,-0.005586203187704086,-0.005507001653313637
-0.005772863980382681,-0.006409777328372002,-0.007381242699921131,-0.008595775812864304
-0.009926230646669865,-0.011228717863559723,-0.012358342297375202,-0.013181687332689762
-0.013587921857833862,-0.013506741262972355,-0.012931371107697487,-0.011924744583666325
-0.01059582270681858,-0.009062397293746471,-0.007428208366036415
-0.005781958345323801,-0.004206340294331312,-0.002788436133414507,-0.0016187592409551144
-0.0007739171851426363,-0.00029952661134302616,-0.000205634452868253,-0.00047377345617860556
-0.0010631004115566611,-0.0019067837856709957,-0.0029127260204404593,-0.003978404216468334
-0.005010353401303291,-0.005939811933785677,-0.006727918516844511,-0.007353021763265133
-0.007791496347635984,-0.008013598620891571,-0.007992247119545937,-0.0077124908566474915
-0.007176683284342289,-0.006400743965059519,-0.005410392768681049
-0.004247280303388834,-0.0029765423387289047,-0.0016856372822076082,-0.0004681297577917576
0.0006008435739204288,0.0014739616308361292,0.002122958190739155,0.002533039078116417
0.0027079249266535044,0.0026753765996545553,0.002481400500983,0.0021743043325841427
0.0017946627922356129,0.0013753747334703803,0.0009486449416726828,0.0005575136747211218
0.0002571697114035487,0.00010285308235324919,0.00013529574789572507,0.000368927838280797
0.0007864715880714357,0.0013407607330009341,0.001966554904356599
0.0026006116531789303,0.0031950538977980614,0.003719413885846734,0.004158094525337219
0.004502374213188887,0.004741035867482424,0.0048642847687006,0.00487916823476553
0.004818907007575035,0.004742717370390892,0.004725523293018341,0.004830168094485998
0.005077768117189407,0.0054415324702858925,0.005871191155165434,0.006330580450594425
0.006807024125009775,0.0072820913046598434,0.00770672969520092,0.008017407730221748
0.008188953623175621,0.008270728401839733,0.008351681753993034
0.008488992229104042,0.008676186203956604,0.008862913586199284,0.008992146700620651
0.009025013074278831,0.008942325599491596,0.008733514696359634,0.00839424878358841
0.007938945665955544,0.007408461533486843,0.006853523198515177,0.006302807480096817
0.00575077161192894,0.005181825719773769,0.004598977509886026,0.004026320297271013
0.003493429394438863,0.003021316137164831,0.0026205629110336304,0.0023003369569778442
0.0020749180112034082,0.001958203501999378,0.0019581776577979326
0.002083367435261607,0.0023471128661185503,0.002756363246589899,0.0032972991466522217
0.003933151252567768,0.004613454453647137,0.005286477506160736,0.005903822369873524
0.006414519157260656,0.006766599137336016,0.006922729779034853,0.006871403194963932
0.006621660199016333,0.00618323776870966,0.005548445973545313,0.004702514037489891
0.0036579021252691746,0.0024729352444410324,0.0012373230420053005,4.27919439971447e-05
-0.0010384962661191821,-0.001956627005711198,-0.0026772546116262674
-0.0031763415317982435,-0.003434321377426386,-0.003439091145992279,-0.003201025538146496
-0.002760361647233367,-0.002181800315156579,-0.0015448816120624542,-0.0009289156878367066
-0.0003984258510172367,-1.8387800082564354e-07,0.00023194072127807885,0.00027019527624361217,8.897781663108617e-05,-0.000329366244841367
1.979451371880714e-05,1.1346221981511917e-05,6.513993866974488e-06,4.107593667868059e-06
3.2284399367199512e-06,3.3979370073211612e-06,4.4967769099457655e-06,6.5773115238698665e-06
9.641559699957725e-06,1.3457924069371074e-05,1.7545664377394132e-05,2.137787851097528e-05
2.4571718313382007e-05,2.691794725251384e-05,2.830215271387715e-05,2.857754225260578e-05
2.760500501608476e-05,2.5540170099702664e-05,2.297918217664119e-05,2.0670689991675317e-05
1.907521982502658e-05
1.8195230950368568e-05,1.7741367628332227e-05,1.7420974472770467e-05,1.708216586848721e-05
1.6618918380117975e-05,1.5832976714591496e-05,1.4464749256148934e-05,1.238524873770075e-05
9.761705769051332e-06,7.000982805038802e-06,4.498941507335985e-06,2.455040430504596e-06
9.471095268054341e-07,1.0932088656545602e-07,1.1693676071899972e-07,1.002478711598087e-06
2.5742981506482465e-06,4.532531420409214e-06,6.598063464480219e-06,8.52628090797225e-06
1.0131689123227261e-05,1.1381818694644608e-05,1.2402048923831899e-05
1.3301933904585894e-05,1.3999815564602613e-05,1.4287438716564793e-05,1.409293690812774e-05,1.3670410226040985e-05,1.3522202607418876e-05,1.4124324479780626e-05,1.569915548316203e-05,1.8143051420338452e-05,2.109796514560003e-05,2.418125222902745e-05,2.7209736799704842e-05
3.0145278287818655e-05,3.2918087526923046e-05,3.5466699046082795e-05,3.785377703025006e-05
4.020111373392865e-05,4.250248457537964e-05,4.447415631148033e-05,4.5651711843675e-05
4.583359259413555e-05,4.5494747610064223e-05,4.563921538647264e-05
4.714890746981837e-05,5.0209568144055083e-05,5.428267832030542e-05,5.860419332748279e-05
6.267039134399965e-05,6.6256572608836e-05,6.911758828209713e-05,7.07540602888912e-05
7.052687578834593e-05,6.810808554291725e-05,6.380210834322497e-05,5.836118361912668e-05
5.2559033065335825e-05,4.691633876063861e-05,4.16178627347108e-05,3.6525212635751814e-05
3.12432021019049e-05,2.5371331503265537e-05,1.896774301712867e-05,1.2737547876895405e-05,7.5977745837008115e-06,4.062574589625001e-06,2.0307772956584813e-06
1.0470837423781632e-06,6.76437650781736e-07,6.959004394957446e-07,1.1486140465422068e-06,2.3431775844073854e-06,4.738008556159912e-06,8.721311132831033e-06,1.4459538761002477e-05,2.1897685655858368e-05,3.069582817261107e-05,3.993525024270639e-05,4.797661313205026e-05,5.2916515414835885e-05,5.345708632376045e-05,4.956513657816686e-05,4.2355120967840776e-05,3.334483699291013e-05,2.3884960683062673e-05,1.5099279153218959e-05,7.948673555802088e-06,3.078306008319487e-06,5.812800054627587e-07,1.0625643476203095e-08
6.618004704250779e-07,1.8392395304545062e-06,2.967679847643012e-06,3.626535544754006e-06,3.5976595427200664e-06,2.9262205316626932e-06,1.8846958482754417e-06,8.454415478809096e-07
1.5777781925407908e-07,1.7502955529380415e-08,3.4935581538775295e-07,7.944179287733277e-07
9.318702041127835e-07,6.371682275130297e-07,1.7866669566046767e-07,1.479719191621598e-08,6.816201789661136e-07,2.9106176953064278e-06,7.611251476191683e-06,1.5326722859754227e-05,2.5460145479883067e-05,3.620776260504499e-05,4.5515949750551954e-05
5.2112787670921534e-05,5.569064524024725e-05,5.650680395774543e-05,5.509474067366682e-05
5.218941441853531e-05,4.869480471825227e-05,4.567539508570917e-05,4.436798189999536e-05
4.6117806050460786e-05,5.2172930736560374e-05,6.331767508527264e-05,7.927147817099467e-05,9.812703501665965e-05,0.00011658084986265749,-0.011450422927737236,-0.011796575970947742
-0.011810618452727795,-0.011493693105876446,-0.010874932631850243,-0.010021391324698925,-0.009030046872794628,-0.007999246940016747,-0.0070070382207632065
-0.006114129442721605,-0.0053785513155162334,-0.00485602580010891,-0.00457270722836256
-0.004494064021855593,-0.004529627971351147,-0.00458129495382309,-0.004596544895321131
-0.004577153362333775,-0.004538916051387787,-0.004470848012715578,-0.004343712702393532
-0.004151259548962116,-0.003924580290913582,-0.003710006596520543,-0.0035394213628023863
-0.0034149563871324062,-0.003321791300550103,-0.0032523644622415304,-0.003214490134268999
-0.003220699727535248,-0.003268393687903881,-0.003331834217533469
-0.0033790236338973045,-0.003389311721548438,-0.003349963342770934,-0.0032437958288937807
-0.00304599292576313,-0.0027331700548529625,-0.002298590261489153,-0.0017634546384215355
-0.001170589355751872,-0.0005618437426164746,3.481673775240779e-05,0.0005957391113042831
0.001088159391656518,0.0014657707652077079,0.0016779531724750996,0.0016970607684925199
0.0015356194926425815,0.0012293732725083828,0.000817060237750411,0.00034567981492727995
-0.00011486199218779802,-0.00047454069135710597,-0.0006542896153405309
-0.0006204426172189415,-0.000379753764718771,5.5129698012024164e-05,0.0006823008880019188
0.001497043063864112,0.00247311987914145,0.0035648082848638296,0.004721290431916714
0.005885509308427572,0.0069845267571508884,0.00793902575969696,0.008690092712640762
0.009214064106345177,0.00950801931321621,0.00956696830689907,0.009381307289004326
0.008953503333032131,0.008316801860928535,0.007538113743066788,0.006707850378006697
0.005938335321843624,0.005356792360544205,0.005067157093435526
0.005108676850795746,0.005449687130749226,0.006011048797518015,0.006696134805679321
0.007409479469060898,0.008057687431573868,0.008548587560653687,0.008803550153970718
0.008777208626270294,0.00846965704113245,0.00791902095079422,0.007180429063737392
0.006314050871878862,0.005388843826949596,0.00448192423209548,0.0036594332195818424
0.00295226345770061,0.0023580582346767187,0.0018767262808978558,0.0015374214854091406,0.0013849098468199372,0.0014460013480857015,0.0017097786767408252
0.0021341450046747923,0.0026679520960897207,0.0032691718079149723,0.003910216037184,0.004571525380015373
0.005230461247265339,0.0058573707938194275,0.006423030514270067,0.006907069589942694
0.007296349387615919,0.007573594339191914,0.007706277538090944,0.0076509020291268826
0.007374065462499857,0.006869944743812084,0.006160625722259283,0.005285516381263733
0.004290794488042593,0.0032281349413096905,0.002159930532798171,0.0011556264944374561
0.0002779109636321664,-0.0004304907633922994,-0.000952879199758172,-0.0012963003246113658
-0.0014900676906108856,-0.0015808130847290158,-0.0016108064446598291,-0.0015974362613633275
-0.0015378663083538413,-0.001437457394786179,-0.0013387547805905342,-0.0013175567146390676
-0.001439031446352601,-0.001713418634608388,-0.0020949572790414095,-0.002519639441743493
-0.0029407599940896034,-0.0033347969874739647,-0.0036908737383782864,-0.004008876159787178
-0.004301800392568111,-0.0045881690457463264,-0.004877416417002678,-0.005161396227777004
-0.005424372851848602
-0.005662617273628712,-0.005891653709113598,-0.006138078402727842,-0.006421633996069431
-0.006740485318005085,-0.007085922174155712,-0.00747193768620491,-0.007931457832455635
-0.008481347933411598,-0.009095916524529457,-0.009705962613224983,-0.010219734162092209
-0.01055118814110756,-0.010638797655701637,-0.010456826537847519,-0.010024597868323326,-0.009403134696185589,-0.008671934716403484,-0.007896644994616508,-0.007112360559403896,-0.006343199871480465,-0.005636928137391806,-0.00506510678678751
-0.004682114813476801,-0.004487783648073673,-0.004430982284247875,-0.004447609186172485
-0.004490900319069624,-0.004529336001724005,-0.00453356746584177,-0.004477586597204208
-0.004354200325906277,-0.004188442602753639,-0.004030539188534021,-0.003925997298210859
-0.0038854454178363085,-0.0038866386748850346,-0.003910623490810394,-0.003967126831412315
-0.0040725115686655045,-0.004213250707834959,-0.004347433801740408,-0.004437609575688839
-0.004476179834455252,-0.004479849245399237,-0.0044601913541555405
-0.004405966494232416,-0.004292809404432774,-0.004098854959011078,-0.0038143557030707598
-0.0034441002644598484,-0.0029963369015604258,-0.002471954794600606,-0.001868505496531725,-0.0011891522444784641,-0.0004494268214330077,0.0003203309024684131,0.001077999477274716,0.0017734208377078176,0.002357102930545807,0.002793511375784874,0.003066261997446418,0.003174819750711322,0.003126330440863967,0.0029269757214933634,0.0025894814170897007,0.0021538513246923685,0.0016911032143980265,0.001277365256100893
0.0009637249168008566,0.0007724515162408352,0.000714339897967875,0.0008012309554032981
0.0010453775757923722,0.0014528199099004269,0.0020161073189228773,0.0027112108655273914
0.0035023042000830173,0.004346111323684454,0.005188338458538055,0.00596233643591404
0.006603333633393049,0.007073231972754002,0.007371770218014717,0.007522353436797857
0.007552523631602526,0.007484571076929569,0.007340352516621351,0.00716589717194438
0.00704216631129384,0.007050187326967716,0.007228404749184847
0.007555584888905287,0.00795593298971653,0.008332038298249245,0.008610663935542107
0.008762037381529808,0.008785698562860489,0.008686653338372707,0.008462662808597088
0.008111221715807915,0.007646448910236359,0.0071066985838115215,0.006545265670865774
0.006007414776831865,0.005507133901119232,0.005025235470384359,0.004531212151050568
0.004005865193903446,0.0034454355482012033,0.0028539227787405252,0.0022463768254965544
0.001662772847339511,0.0011678319424390793,0.000827376265078783
0.0006785786827094853,0.0007235216326080263,0.0009486890048719943,0.0013390083331614733
0.0018779754173010588,0.002546202391386032,0.003314306726679206,0.00413429643958807
0.004942559637129307,0.005671377293765545,0.006260614842176437,0.00666466262191534
0.00685865618288517,0.006847500801086426,0.006661621853709221,0.006331992335617542
0.005866928491741419,0.005253806244581938,0.004489450249820948,0.0036136768758296967
0.0027034322265535593,0.0018349853344261646,0.0010608576703816652
0.00040615524630993605,-0.00012799870455637574,-0.0005517309764400125,-0.0008772591827437282
-0.0011170078068971634,-0.0012750700116157532,-0.0013408756349235773,-0.001299564028158784
-0.0011541343992576003,-0.0009489650838077068,-0.0007722914451733232,-0.0007194782956503332,-0.0008417893550358713,-0.0011262197513133287,-0.0015222564106807113,-0.001987094758078456
-0.0025082912761718035,-0.003091345075517893,-0.0037329355254769325,-0.004407091066241264,-0.005072537809610367,-0.005689769051969051,-0.006231910083442926
-0.006682496517896652,-0.007032181601971388,-0.0072869835421442986,-0.007474561221897602
-0.007639591582119465,-0.007836857810616493,-0.008113270625472069,-0.008483946323394775
-0.008931559510529041,-0.009419279173016548,-0.009890368208289146,-0.010265558958053589
-0.010459208860993385,-0.010408812202513218,-0.010100012645125389,-0.009574048221111298
-0.008908240124583244,-0.008182409219443798,-0.0074566807597875595,-0.006761628203094006
-0.006101665552705526,-0.005480111110955477,-0.004926682915538549
-0.004497067537158728,-0.004238449968397617,-0.004150167107582092,-0.0041800253093242645
-0.004260700196027756,-0.004353937692940235,-0.0044685667380690575,-0.004637937061488628
-0.004880156368017197,-0.005183061584830284,-0.005517455283552408,-0.005849216133356094
-0.006144308019429445,-0.006375391501933336,-0.006520044524222612,-0.006554081104695797
-0.0064598992466926575,-0.006239545531570911,-0.005910458043217659,-0.005490496754646301
-0.004991775844246149,-0.004430277738720179,-0.0038399617187678814
-0.003265413921326399,-0.0027291534934192896,-0.002210615435615182,-0.0016602519899606705
-0.0010320497676730156,-0.00031167303677648306,0.0004734831163659692,0.0012652634177356958
0.001990803750231862,0.0025735325179994106,0.0029529703315347433,0.003107665805146098
0.0030546258203685284,0.002830586861819029,0.002477457746863365,0.0020364616066217422
0.0015475924592465162,0.0010471355635672808,0.0005611579399555922,0.00011192436795681715
-0.00026054622139781713,-0.0004921000218018889,-0.0005156639381311834,-0.0002911619667429477
0.00017345938249491155,0.0008221563184633851,0.0015738910296931863,0.0023560402914881706
0.0031304117292165756,0.0038973288610577583,0.0046735117211937904,0.00545776030048728
0.006212390959262848,0.006877114064991474,0.0074033415876328945,0.007777412422001362,0.00801231898367405,0.008122546598315239,0.00811091996729374,0.007975231856107712
0.007727515883743763,0.007418371737003326,0.007136981468647718,0.006968194618821144,0.006948952097445726,0.0070649925619363785
0.007278261240571737,0.007556180935353041,0.007876453921198845,0.008208796381950378
0.008508872240781784,0.008735274896025658,0.008860794827342033,0.008865563198924065
0.008724961429834366,0.008408280089497566,0.007894528098404408,0.007191560696810484
0.006341168191283941,0.00540826003998518,0.004463563673198223,0.0035666851326823235
0.002757027745246887,0.002060916740447283,0.0015040182042866945,0.001114274957217276
0.0009186245733872056,0.0009350986802019179,0.0011631858069449663
0.0015843573492020369,0.002168694045394659,0.002878244500607252,0.003668696852400899
0.004485714249312878,0.005256494507193565,0.005893079563975334,0.006315005477517843
0.006476875394582748,0.0063819256611168385,0.006072016432881355,0.005599630065262318
0.005002404563128948,0.0042994967661798,0.0035093058831989765,0.002668804954737425
0.0018334637861698866,0.0010583212133497,0.00038293947000056505,-0.0001615229411982
-0.0005313053261488676,-0.0006713656475767493,-0.0005558061529882252
-0.00022476178128272295,0.00022433706908486784,0.0006787511520087719,0.0010504676029086113
0.0012928509386256337,0.0013936320319771767,0.0013565714471042156,0.0011858309153467417
0.0008817471098154783,0.00044426420936360955,-0.0001243485021404922,-0.0008150379871949553
-0.0016008790116757154,-0.002425889950245619,-0.0032054311595857143,-0.003849056549370289
-0.0043028248474001884,-0.004582836292684078,-0.004768986254930496,-0.004955880343914032
-0.005197306163609028,-0.005491504445672035,-0.005814427509903908
-0.006161196622997522,-0.0065554105676710606,-0.0070266928523778915,-0.007589536253362894
-0.008246046490967274,-0.008992645889520645,-0.00980608444660902,-0.010630317032337189,-0.011386953294277191,-0.011991864070296288,-0.012365104630589485,-0.012440466322004795
-0.012174843810498714,-0.011558683589100838,-0.010627925395965576,-0.0094680180773139
-0.008203952573239803,-0.006971616763621569,-0.0058741788379848,-0.004953500349074602,-0.004204434342682362,-0.0036192862316966057,-0.003217334160581231
-0.00302768312394619,-0.0030483698938041925,-0.003231875831261277,-0.00350753590464592
-0.003809585701674223,-0.004088415764272213,-0.004310033284127712,-0.004455395042896271
-0.004524029791355133,-0.004538389388471842,-0.004539015702903271,-0.004567420110106468
-0.00464829383417964,-0.0047855256125330925,-0.004975046031177044,-0.005219179205596447
-0.005522571969777346,-0.005871710833162069,-0.006220522802323103,-0.00649872375652194
-0.006638989318162203,-0.006603395566344261,-0.00638784933835268
-0.005999909248203039,-0.005433971527963877,-0.004674823023378849,-0.0037260944955050945
-0.002629081252962351,-0.0014505719300359488,-0.0002520608250051737,0.0009285225532948971
0.002063281135633588,0.0031041051261126995,0.003972945269197226,0.004590330645442009
0.004918892867863178,0.0049809981137514114,0.004833534359931946,0.004527257289737463
0.0040900735184550285,0.0035398767795413733,0.002907145069912076,0.002247124444693327
0.0016307977493852377,0.0011311979033052921,0.0008231163956224918
0.0007786378846503794,0.0010417908197268844,0.0015981318429112434,0.0023689931258559227
0.003247749526053667,0.004153060261160135,0.005046668462455273,0.005906954407691956
0.006700255908071995,0.007379606366157532,0.007902783341705799,0.008243994787335396
0.008387773297727108,0.008319349959492683,0.008028404787182808,0.007529175840318203
0.006884169299155474,0.006206938996911049,0.005627098958939314,0.005239709746092558
0.005087759345769882,0.005180612672120333,0.005501812789589167
0.0059935241006314754,0.006559549830853939,0.0071064867079257965,0.0075825853273272514
0.007976904511451721,0.00828555878251791,0.00848148949444294,0.008519080467522144
0.00835985504090786,0.007989221252501011,0.007419461850076914,0.006682693958282471
0.0058217644691467285,0.004890182055532932,0.003953736741095781,0.0030781200621277094
0.002306886948645115,0.0016532533336430788,0.0011211043456569314,0.0007336424896493554
0.0005322928773239255,0.0005503459251485765,0.0007952939486131072
0.0012495059054344893,0.0018818385433405638,0.002658633980900049,0.0035363235510885715
0.004446857143193483,0.005303212441504002,0.006020423956215382,0.00653642974793911
0.0068253627978265285,0.006891960743814707,0.006749333813786507,0.0064058564603328705
0.005874332506209612,0.005185728892683983,0.0043867407366633415,0.003524220082908869
0.0026329902466386557,0.0017372521106153727,0.0008670783136039972,7.230881601572037e-05
-0.0005873801419511437,-0.001065448741428554,-0.0013415672583505511
-0.0014205258339643478,-0.0013257915852591395,-0.0011002800893038511,-0.0008131206268444657
-0.000548746669664979,-0.0003743995912373066,-0.0003187687252648175,-0.0003806240565609187,-0.0005552861839532852,-0.0008548202458769083,-0.001299841795116663
-0.0018924224423244596,-0.0025993024464696646,-0.0033542143646627665,-0.004076478071510792
-0.00469606276601553,-0.005168304778635502,-0.00547902612015605,-0.005647039972245693
-0.005715638864785433,-0.005729216150939465,-0.005710273049771786,-0.005655189044773579,-0.005554424598813057,-0.0054237330332398415,-0.0053252712823450565,-0.005359753966331482
-0.005617393180727959,-0.006121207494288683,-0.006819960195571184,-0.007625415455549955
-0.008446807973086834,-0.009204170666635036,-0.00982791930437088,-0.010253006592392921
-0.01041729748249054,-0.01027766615152359,-0.009839227423071861,-0.009167658165097237
-0.008371369913220406,-0.007567157037556171,-0.00684182858094573,-0.006230119150131941
-0.005724649876356125,-0.005301203578710556,-0.004937491379678249
-0.004622851498425007,-0.004359634593129158,-0.004155772738158703,-0.004018392413854599
-0.003954129293560982,-0.003968466073274612,-0.004059331491589546,-0.004212092142552137
-0.004406314343214035,-0.004628543742001057,-0.004877162631601095,-0.005156149156391621
-0.005461720749735832,-0.005772678647190332,-0.006057870574295521,-0.006293628364801407
-0.006463019642978907,-0.0065363016910851,-0.006468880921602249,-0.006227743811905384
-0.005815465468913317,-0.005265241488814354,-0.0046145436353981495
-0.0038859201595187187,-0.0030913075897842646,-0.0022519847843796015,-0.0014111746568232775
-0.0006214060122147202,8.364836685359478e-05,0.0007015738519839942,0.0012424540473148227
0.001700972206890583,0.0020505664870142937,0.0022644768469035625,0.0023414716124534607
0.002309183357283473,0.0022022277116775513,0.002045291941612959,0.001860294141806662
0.0016723296139389277,0.0014986793976277113,0.0013449958059936762,0.001217012875713408
0.00113253656309098,0.001127028139308095,0.0012440276332199574
0.0015132817206904292,0.001942733651958406,0.0025249426253139973,0.0032389722764492035
0.004053307697176933,0.004933882970362902,0.005843193270266056,0.006730770692229271
0.007535265758633614,0.008202191442251205,0.008694482035934925,0.008987771347165108
0.009068419225513935,0.008940900675952435,0.008632290177047253,0.00819334201514721
0.007701461669057608,0.007248635403811932,0.006910413503646851,0.006725610233843327
0.006694633513689041,0.0067803747951984406,0.0069178370758891106
0.007039680145680904,0.007099127396941185,0.007077333517372608,0.006980703677982092
0.0068334126845002174,0.006671133916825056,0.00653621694073081,0.006458695977926254
0.00642869807779789,0.006393719930201769,0.00628688745200634,0.006060538813471794
0.005703337024897337,0.005234588403254747,0.004688319284468889,0.0041017974726855755
0.0035102993715554476,0.002947708824649453,0.002448052866384387,0.0020413899328559637
0.0017513763159513474,0.0016029005637392402,0.0016289851628243923
0.00186251662671566,0.0023180716671049595,0.0029789400286972523,0.003798256628215313
0.004710896871984005,0.005643590819090605,0.006518533453345299,0.007253515999764204
0.007764203008264303,0.007977853529155254,0.00785217434167862,0.007380480878055096
0.0065818289294838905,0.005495020188391209,0.004190295469015837,0.0027769990265369415
0.001375505467876792,7.24398996680975e-05,-0.0010950128780677915,-0.0021138531155884266
-0.0029547205194830894,-0.00355759309604764,-0.0038615355733782053
-0.0038454688619822264,-0.0035409259144216776,-0.0030180057510733604,-0.0023634026292711496
-0.0016616655047982931,-0.0009845395106822252,-0.00038588838651776314,9.828503243625164e-05,0.00044439174234867096,0.0006362288841046393,0.0006574217695742846,0.000480462156701833
7.347326027229428e-05,-0.0005699723842553794,-0.0014104427536949515,-0.0023728141095489264
-0.0033768373541533947,-0.0043651689775288105,-0.005308370105922222,-0.006188923493027687,-0.006984713952988386,-0.007666664198040962,-0.008206138387322426
-0.008588195778429508,-0.008832043968141079,-0.008996028453111649,-0.009147885255515575
-0.009322060272097588,-0.009499507024884224,-0.009622891433537006,-0.00963151827454567
-0.009492821991443634,-0.009214043617248535,-0.00882791168987751,-0.008366276510059834
-0.007844606414437294,-0.00727057084441185,-0.006670654285699129,-0.0061073605902493
-0.005661521106958389,-0.005388658493757248,-0.005289088003337383,-0.00531315291300416
-0.005385819356888533,-0.005430757068097591,-0.005387537647038698
-0.005222138948738575,-0.004934020806103945,-0.004562439862638712,-0.004179754294455051
-0.003861507400870323,-0.003653743304312229,-0.0035647093318402767,-0.003586048260331154
-0.0037199410144239664,-0.003978530876338482,-0.004359439481049776,-0.00483423937112093
-0.005360888317227364,-0.005899433977901936,-0.006419195793569088,-0.0068949442356824875
-0.007294254377484322,-0.007572527974843979,-0.007679611444473267,-0.007568769156932831
-0.007213503587990999,-0.006622966844588518,-0.005826909560710192
-0.0048442711122334,-0.003680270630866289,-0.0023552565835416317,-0.0009313009213656187
0.000491187209263444,0.0018070983933284879,0.002940905513241887,0.003850421868264675
0.00450406689196825,0.004862419329583645,0.0048852358013391495,0.004561771173030138
0.003935819957405329,0.0030975022818893194,0.0021525404881685972,0.0011976310051977634
0.00031410728115588427,-0.0004275719984434545,-0.0009679894428700209,-0.0012624007649719715
-0.0012727663852274418,-0.000961091136559844,-0.0003071030369028449
0.0006675274344161153,0.00189348089043051,0.0032609528861939907,0.004636995028704405
0.005900890566408634,0.006977473385632038,0.007837679237127304,0.008474419824779034
0.008884354494512081,0.009066177532076836,0.009024422615766525,0.008769853971898556,0.008322130888700485,0.007717590779066086
7.47249669075245e-06,1.022201104206033e-05,1.4242365068639629e-05,1.951126614585519e-05,2.5697590899653733e-05,3.2227842893917114e-05,3.842223304673098e-05,4.355884448159486e-05
4.687946056947112e-05,4.760308365803212e-05,4.5074091758579016e-05,3.916944842785597e-05
3.0645227525383234e-05,2.099531229760032e-05,1.1956145499425475e-05,5.011986104364041e-06
1.024925040837843e-06,1.790053261174762e-08,1.282935500057647e-06,3.787341029237723e-06
6.524861419165973e-06
8.664786946610548e-06,9.621952813176904e-06,9.119829883275088e-06,7.262348844960798e-06
4.583887857734226e-06,1.957140966624138e-06,2.9390415079433296e-07,1.0844527764675149e-07,1.2454750049073482e-06,3.071896799156093e-06,4.90792035634513e-06,6.239642061700579e-06
6.656383447989356e-06,5.820087153551867e-06,3.7450154195539653e-06,1.2512657576735364e-06
1.1652187895117017e-11,1.7876052424981026e-06,7.63855132390745e-06,1.746697489579674e-05
3.0344548576977104e-05,4.483865632209927e-05,5.923249409534037e-05
7.188435847638175e-05,8.173527021426708e-05,8.865461859386414e-05,9.339104144601151e-05
9.709961159387603e-05,0.00010078920604428276,0.00010507628758205101,0.00011002787505276501
0.00011493584315758198,0.00011843728862004355,0.00011916009680135176,0.0001164934437838383
0.00011086519953096285,0.0001032745058182627,9.457686974201351e-05,8.515540685039014e-05
7.510367868235335e-05,6.463965110015124e-05,5.4325093515217304e-05,4.488606646191329e-05
3.686334457597695e-05,3.04079512716271e-05,2.5288802135037258e-05
2.106012834701687e-05,1.7292550182901323e-05,1.374876683257753e-05,1.0476578609086573e-05,7.755465048830956e-06,5.872293513675686e-06,4.938277015753556e-06,4.921369509247597e-06,5.800575308967382e-06,7.672343599551823e-06,1.0751896297733765e-05,1.524665185570484e-05
2.1130244931555353e-05,2.8009919333271682e-05,3.523663690430112e-05,4.212207204545848e-05
4.806090873898938e-05,5.25291143276263e-05,5.505264925886877e-05,5.525151937035844e-05,5.295339724398218e-05,4.82483119412791e-05,4.149507003603503e-05
3.3353626349708065e-05,2.470554318279028e-05,1.6459081962238997e-05,9.39798974286532e-06
4.10500342695741e-06,9.425538110008347e-07,3.42769812533561e-09,1.0340487506255158e-06
3.4815232083929004e-06,6.634864803345408e-06,9.75152215687558e-06,1.2165491170890164e-05
1.3387150829657912e-05,1.320444789598696e-05,1.1750272278732155e-05,9.445424439036287e-06
6.839197340013925e-06,4.448102117748931e-06,2.6233431071887026e-06,1.473015004194167e-06
8.903152206585219e-07,6.911428727107705e-07,7.591585244881571e-07
1.1068236744904425e-06,1.8958344298880547e-06,3.476283836789662e-06,6.373892574629281e-06
1.108077140088426e-05,1.769809750840068e-05,2.5726880267029628e-05,3.420293069211766e-05
4.204598371870816e-05,4.8350615543313324e-05,5.2554380090441555e-05,5.455201244330965e-05
5.461391629069112e-05,5.303360740072094e-05,4.9960075557464734e-05,4.5770368160447106e-05
4.1498340578982607e-05,3.860657670884393e-05,3.821580685325898e-05,4.0575803723186255e-05
4.511996667133644e-05,5.086795863462612e-05,5.684580173692666e-05
6.22512015979737e-05,6.639766797889024e-05,6.87438587192446e-05,6.905938789714128e-05
6.744020356563851e-05,6.409914931282401e-05,5.923186836298555e-05,5.3136125643504784e-05
4.638249447452836e-05,3.977324740844779e-05,3.4040458558592945e-05,2.9454533432726748e-05
2.5674675271147862e-05,2.2041382180759683e-05,0.004255576524883509,0.003738804953172803
0.0031820875592529774,0.002640257589519024,0.002157914452254772,0.0017729932442307472
0.0015293692704290152,0.0014675810234621167,0.0016029528342187405
0.0019173265900462866,0.002373971277847886,0.002940313657745719,0.0035923088435083628
0.00429800059646368,0.00500612985342741,0.005654223263263702,0.006181462202221155,0.006535820197314024,0.006677347235381603,0.006578182335942984,0.0062299142591655254
0.005657060071825981,0.004914442542940378,0.004068977665156126,0.0031862722244113684
0.00232892157509923,0.001559411408379674,0.000935882912017405,0.0004929384449496865,0.0002223238698206842,8.158106356859207e-05,2.529540506657213e-05
2.3115782823879272e-05,5.551644790102728e-05,0.00010580194793874398,0.00015383193385787308
0.0001729260984575376,0.00013746775221079588,3.4235199564136565e-05,-0.00013755100371781737
-0.0003759110113605857,-0.0006793844513595104,-0.0010381423635408282,-0.001426780829206109
-0.001812764210626483,-0.002176763955503702,-0.002527510281652212,-0.002897425554692745
-0.0033203710336238146,-0.00380382570438087,-0.004319333471357822,-0.004827811848372221
-0.005316893104463816,-0.005812734365463257,-0.006351966876536608
-0.006940416991710663,-0.00754974689334631,-0.008155079558491707,-0.008760988712310791
-0.009387178346514702,-0.010034112259745598,-0.01065685972571373,-0.01116531528532505
-0.011453809216618538,-0.011440347880125046,-0.01109563559293747,-0.01045046467334032
-0.00957520306110382,-0.008554127998650074,-0.007479768246412277,-0.0064483447931706905,-0.0055408417247235775,-0.004809392150491476,-0.004280830267816782,-0.003970762714743614,-0.003892708569765091,-0.004051451105624437,-0.004428238607943058
-0.00496964156627655,-0.005587200168520212,-0.006173505447804928,-0.006633378565311432
-0.006912754382938147,-0.007002804894000292,-0.006920438259840012,-0.006688258145004511
-0.006327470298856497,-0.005863836035132408,-0.005339117720723152,-0.004810327664017677
-0.004335498437285423,-0.0039593977853655815,-0.003703635185956955,-0.0035678267013281584
-0.003543224884197116,-0.0036257635802030563,-0.003816325217485428,-0.004104128573089838
-0.004445483908057213,-0.004762954544275999,-0.004970064386725426
-0.004995017312467098,-0.004789094440639019,-0.004331245087087154,-0.003623692784458399,-0.002677466720342636
-0.0015162683557718992,-0.00019779126159846783,0.0011807497357949615,0.0025043226778507233
0.0036725010722875595,0.004616172052919865,0.005290095694363117,0.005658443551510572
0.0056929937563836575,0.005389340687543154,0.004785726312547922,0.003963964059948921
0.003027463098987937,0.0020732542034238577,0.0011819705832749605,0.0004237429238855839
-0.00014392391312867403,-0.0004906704416498542,-0.0006164648802950978,-0.0005302322097122669
-0.0002225695934612304,0.0003375940432306379,0.0011732347775250673,0.0022632181644439697
0.0035331095568835735,0.004875726532191038,0.0061838580295443535,0.007374907843768597
0.008393647149205208,0.009200233966112137,0.00975823774933815,0.010031451471149921
0.010000931099057198,0.009694431908428669,0.009192777797579765,0.008601395413279533
0.008012339472770691,0.007475166115909815,0.0069882869720458984,0.0065216608345508575
0.0060562314465641975
0.005611778702586889,0.0052430275827646255,0.005007481202483177,0.004933640826493502
0.005009521264582872,0.005192727781832218,0.005433190148323774,0.005690173711627722
0.005933497101068497,0.006134487688541412,0.00625809608027339,0.006264582276344299
0.006120116915553808,0.00580799113959074,0.005329667590558529,0.00470165116712451
0.003964628092944622,0.003194874618202448,0.002496679313480854,0.001974138431251049
0.0016963763628154993,0.0016820247983559966,0.0019151607993990183
0.0023685749620199203,0.0030111363157629967,0.0038037775084376335,0.004692449234426022
0.0056029390543699265,0.0064476607367396355,0.007142310030758381,0.0076161702163517475
0.007813607342541218,0.007694834377616644,0.007239182945340872,0.0064544957131147385
0.005387301556766033,0.004119258839637041,0.0027494062669575214,0.0013745864853262901
7.909419946372509e-05,-0.0010626886505633593,-0.001979135675355792,-0.002603583736345172
-0.0028920574113726616,-0.002845066599547863,-0.0025111085269600153
-0.0019652654882520437,-0.0012816982343792915,-0.0005243163323029876,0.00024312076857313514
0.0009485523914918303,0.0015151132829487324,0.0018704026006162167,0.001956729218363762
0.0017415734473615885,0.0012303153052926064,0.00047448172699660063,-0.0004413950373418629
-0.0014309837715700269,-0.0024312366731464863,-0.003404493909329176,-0.0043183970265090466
-0.005125544965267181,-0.0057670436799526215,-0.006195210386067629,-0.006394691299647093
-0.0063939462415874004,-0.006264333613216877,-0.0061034862883389
-0.006013796199113131,-0.006086430512368679,-0.006385846994817257,-0.006934087257832289
-0.00770595483481884,-0.008638571947813034,-0.00964366178959608,-0.01061816606670618
-0.011458602733910084,-0.012074366211891174,-0.012393135577440262,-0.012365373782813549
-0.011977845802903175,-0.011270389892160892,-0.010335053317248821,-0.009282476268708706
-0.008195534348487854,-0.007112420164048672,-0.006050487980246544,-0.005041394382715225
-0.00414044875651598,-0.0034004589542746544,-0.002841444918885827
-0.0024487413465976715,-0.002195269800722599,-0.0020636082626879215,-0.002046918263658881
-0.002133300993591547,-0.002301946748048067,-0.0025371150113642216,-0.002836632076650858,-0.0032049943692982197,-0.0036413862835615873,-0.004130503162741661,-0.004642728250473738
-0.005143296904861927,-0.0055985357612371445,-0.005979779176414013,-0.006269560195505619,-0.006460952572524548,-0.0065485513769090176,-0.006520969793200493,-0.006359010003507137,-0.006041422951966524,-0.005559256300330162,-0.004927593749016523
-0.004184741526842117,-0.0033828525338321924,-0.002574197482317686,-0.0017973952926695347
-0.0010742973536252975,-0.0004183199489489198,0.0001602717093192041,0.0006551929982379079
0.0010624226415529847,0.001377627020701766,0.0015984466299414635,0.0017301053740084171
0.0017878403887152672,0.0017914918716996908,0.0017538630636408925,0.0016758780693635345
0.0015592117561027408,0.0014250681269913912,0.0013217923697084188,0.0013121010269969702
0.0014451215974986553,0.0017357353353872895,0.0021642674691975117
0.0026925154961645603,0.003287362866103649,0.003934659995138645,0.0046327849850058556
0.005374455824494362,0.006129652261734009,0.006842682138085365,0.007450292818248272
0.007906150072813034,0.008189012296497822,0.008294403553009033,0.008227357640862465,0.008004361763596535,0.007661440409719944,0.007259340025484562,0.0068732816725969315
0.006571552716195583,0.006399744655936956,0.006372573785483837,0.006468435283750296
0.006631484720855951,0.00678691640496254,0.006867341697216034
0.006840456742793322,0.0067186434753239155,0.006537905428558588,0.0063287946395576
0.006109276320785284,0.005892176181077957,0.0056891292333602905,0.005510582588613033
0.005365324672311544,0.00526206661015749,0.005210962146520615,0.005214774049818516
0.005251547787338495,0.005269824527204037,0.005209159571677446,0.005033084191381931
0.00474350294098258,0.004366354085505009,0.003938299138098955,0.003507009707391262
0.0031253371853381395,0.0028391897212713957,0.0026826155371963978
0.0026758480817079544,0.002822621027007699,0.0031098604667931795,0.003507931949570775
0.003978542052209377,0.0044899978674948215,0.005017313174903393,0.005525136366486549
0.0059571941383183,0.00624349107965827,0.006320097949355841,0.006146300118416548
0.005707071162760258,0.005008412525057793,0.0040771448984742165,0.002966386266052723
0.0017591731157153845,0.0005623700562864542,-0.0005111302016302943,-0.0013674420770257711
-0.001949615660123527,-0.0022384249605238438,-0.0022427812218666077
-0.0019912519492208958,-0.001528946217149496,-0.0009151466656476259,-0.00021747674327343702
0.0004912338918074965,0.0011314589064568281,0.001622101292014122,0.0018935874104499817
0.0018997039878740907,0.001625766046345234,0.0010921753710135818,0.0003468473441898823
-0.0005550963105633855,-0.0015695730689913034,-0.002666228450834751,-0.003818569239228964
-0.004990570247173309,-0.006128673441708088,-0.0071633923798799515,-0.008022991940379143
-0.008658578619360924,-0.009066130965948105,-0.009293286129832268,-0.009426025673747063
-0.009551959112286568,-0.00972006469964981,-0.00992896780371666,-0.010146977379918098
-0.010338477790355682,-0.01047524530440569,-0.010530184954404831,-0.010470430366694927
-0.010270308703184128,-0.00993091519922018,-0.009479998610913754,-0.008959951810538769
-0.008419742807745934,-0.007904134690761566,-0.007435382343828678,-0.007002986967563629
-0.006574087776243687,-0.006118069868534803,-0.005628783721476793,-0.005127673037350178,-0.00464684097096324,-0.0042068264447152615
-0.003806918626651168,-0.0034400434233248234,-0.0031189494766294956,-0.002880099229514599
-0.002759229624643922,-0.0027705905959010124,-0.0029127008747309446,-0.0031866198405623436
-0.003597548231482506,-0.00413511972874403,-0.004758540540933609,-0.005407520569860935
-0.006026712246239185,-0.006573961116373539,-0.007007341366261244,-0.007277731783688068
-0.007340851705521345,-0.007173037156462669,-0.006777129601687193,-0.006175467744469643
-0.005396099295467138,-0.004464840050786734,-0.00340562267228961
-0.0022473749704658985,-0.0010327426716685295,0.0001831422559916973,0.0013441923074424267
0.002402517944574356,0.003317521885037422,0.004048507194966078,0.004553400911390781,0.004801817238330841,0.004789411090314388,0.004537668079137802,0.00408564368262887
0.0034843040630221367,0.002791478531435132,0.002065716776996851,0.001361100235953927
0.0007252986542880535,0.00020371656864881516,-0.0001572557957842946,-0.0003185124951414764
-0.0002606490161269903,1.0020317859016359e-05,0.00045919333933852613
0.0010323646711185575,0.0016776563134044409,0.0023630294017493725,0.003072047606110573
0.003785162465646863,0.004465222358703613,0.005063014104962349,0.005536315962672234
0.0058649322018027306,0.006054253317415714,0.006131231784820557,0.006134159862995148
0.006105567794293165,0.006105043459683657,0.006213030777871609,0.006493608001619577
0.006956953555345535,0.007560668047517538,0.008228839375078678,0.008867651224136353
0.009381381794810295,0.009689923375844955,0.009746131487190723
0.009548421949148178,0.009136896580457687,0.008574853651225567,0.007928318344056606
0.007249549962580204,0.006573556922376156,0.00592817272990942,0.005342287011444569
0.004847690928727388,0.004473057575523853,0.004228990525007248,0.004101513884961605
0.004058897495269775,0.0040566157549619675,0.004042621701955795,0.003974027466028929
0.0038392366841435432,0.0036653513088822365,0.003497338853776455,0.003370325779542327
0.003306668484583497,0.0033270784188061953,0.003448826028034091
0.00367329572327435,0.00398087315261364,0.004339995793998241,0.004719431512057781
0.005090503953397274,0.00542042963206768,0.005668564233928919,0.005793462041765451
0.005767087452113628,0.005583261605352163,0.005252062808722258,0.004787334240972996
0.004201285075396299,0.003513392759487033,0.0027623740024864674,0.0019994473550468683
0.0012652184814214706,0.0005786899710074067,-5.0754984840750694e-05,-0.0006052700337022543
-0.0010547026759013534,-0.0013731758808717132,-0.0015565621433779597
-0.0016221435507759452,-0.001598788658156991,-0.0015199115732684731,-0.0014168469933792949
-0.00131122930906713,-0.001214591902680695,-0.001139243715442717,-0.0011132555082440376
-0.00117862515617162,-0.0013651920016855001,-0.0016729726921766996,-0.002083449624478817
-0.002577594481408596,-0.0031425971537828445,-0.0037713872734457254,-0.004459804855287075
-0.005199009552598,-0.005963033996522427,-0.006701932288706303,-0.007351523730903864
-0.007861783728003502,-0.008232787251472473,-0.008526415564119816
-0.008827237412333488,-0.0091791283339262,-0.009559623897075653,-0.009909378364682198
-0.010173535905778408,-0.010319073684513569,-0.010328936390578747,-0.010188686661422253
-0.009884471073746681,-0.009416172280907631,-0.008806987665593624,-0.008099552243947983
-0.00734831765294075,-0.006614245939999819,-0.005957499612122774,-0.005423982627689838
-0.005029778927564621,-0.00475721200928092,-0.004573110491037369,-0.004453545436263084
-0.004389222711324692,-0.004373017232865095,-0.004387061111629009
-0.004402679391205311,-0.004393864423036575,-0.004347117617726326,-0.004259317182004452
-0.0041349814273417,-0.003990821074694395,-0.003863550489768386,-0.0038067514542490244
-0.003866239683702588,-0.00405230512842536,-0.004338884260505438,-0.00468846969306469
-0.005074574612081051,-0.005480373278260231,-0.005879479460418224,-0.00622565345838666
-0.0064654541201889515,-0.006558606401085854,-0.006480825133621693,-0.006208006292581558
-0.0057083433493971825,-0.004956625401973724,-0.0039572445675730705
-0.0027528968639671803,-0.0014103606808930635,-1.0507646948099136e-06,0.0014044782146811485
0.0027293965686112642,0.003886768128722906,0.0047918641939759254,0.005381527356803417
0.005623184610158205,0.005515102297067642,0.005088801495730877,0.0044127036817371845
0.003583409357815981,0.002695624250918627,0.0018105274066329002,0.0009561472106724977
0.00015685881953686476,-0.0005423404509201646,-0.0010742221493273973,-0.001367781194858253
-0.0013756584376096725,-0.0010903680231422186,-0.0005399041110649705
0.0002277679741382599,0.0011604882311075926,0.002211453625932336,0.003338245442137122
0.00449484633281827,0.005624943412840366,0.00666439812630415,0.007555035874247551,0.008255401626229286,0.008736196905374527,0.008972285315394402
0.008954061195254326,0.008720342069864273,0.008368058130145073,0.008003709837794304
0.007683877367526293,0.007407097145915031,0.007151145953685045,0.00691138906404376
0.0067076897248625755,0.00655780453234911,0.006453408859670162,0.006372321397066116
0.006306779570877552,0.006273161619901657,0.006299762986600399,0.006401498336344957
0.006558456923812628,0.0067181759513914585,0.006815331522375345,0.006791059859097004
0.0066073304042220116,0.006254204083234072,0.005748676136136055,0.005127296317368746
0.004436897579580545,0.0037293480709195137,0.003059669630602002,0.002482806099578738
0.0020489932503551245,0.0018016481772065163,0.0017746466910466552,0.001981112640351057
0.0024041705764830112,0.0030032522045075893,0.003723629517480731
0.004499755799770355,0.005261915735900402,0.005946754477918148,0.0065033151768147945
0.006892398465424776,0.007083382457494736,0.007055945228785276,0.0068095093593001366
0.006368398200720549,0.005771886557340622,0.005058703478425741,0.004259090404957533
0.003401770256459713,0.002529781311750412,0.001698660897091031,0.0009527734946459532
0.00031008897349238396,-0.00022832554532215,-0.0006564481882378459,-0.0009517931030131876
-0.0010888540418818593,-0.0010660086991265416,-0.0009219664498232305
-0.0007267090841196477,-0.0005462819244712591,-0.00041073112515732646,-0.00031764566665515304
-0.0002607168862596154,-0.00025218413793481886,-0.0003235788899473846,-0.0005122818984091282
-0.00084702018648386,-0.0013312078081071377,-0.0019313464872539043,-0.0025852113030850887
-0.0032243034802377224,-0.00379729550331831,-0.004283207468688488,-0.00468912348151207
-0.005041229538619518,-0.005372851621359587,-0.005708814132958651,-0.006062950473278761
-0.006459694821387529,-0.006952663417905569,-0.007607737556099892
-0.008457129821181297,-0.009463534690439701,-0.010528802871704102,-0.011535685509443283
-0.012379948049783707,-0.012977473437786102,-0.013264135457575321,-0.013202770613133907
-0.01279420405626297,-0.012079150415956974,-0.011123372241854668,-0.010001419112086296
-0.008793300949037075,-0.00758522842079401,-0.0064660548232495785,-0.00551231624558568
-0.004762916825711727,-0.0042087058536708355,-0.003810191759839654,-0.0035275251138955355
-0.0033397877123206854,-0.003240225836634636,-0.0032177986577153206
-0.0032495721243321896,-0.0033103213645517826,-0.0033838595263659954,-0.0034630452282726765
-0.003540852339938283,-0.003607413964346051,-0.003661536378785968,-0.0037232250906527042
-0.0038279169239103794,-0.004005555063486099,-0.0042641013860702515,-0.0045849839225411415
-0.004929128102958202,-0.005252163857221603,-0.00551763828843832,-0.005697304382920265
-0.0057634697295725346,-0.00568828359246254,-0.0054564992897212505,-0.005079162772744894
-0.004591126460582018,-0.004030568990856409,-0.0034178837668150663
-0.00275501050055027,-0.00204521045088768,-0.001313020009547472,-0.0006009035278111696
5.902274278923869e-05,0.000662331294734031,0.0012145949294790626,0.0017035279888659716
0.0020927791483700275,0.0023420359939336777,0.0024352960754185915,0.002391495741903782
0.00225062295794487,0.0020541108679026365,0.001835414208471775,0.0016203531995415688
0.0014311070553958416,0.0012895426480099559,0.0012225534301251173,0.0012717412319034338
0.0014944897266104817,0.0019424648489803076,0.002631647512316704
0.003529943060129881,0.004569998010993004,0.005676981993019581,0.006787899415940046
0.007848665118217468,0.008802391588687897,0.009584944695234299,0.010132899507880211
0.01040143147110939,0.010376237332820892,0.01007618848234415,0.009565710090100765
0.008959310129284859,0.008385101333260536,0.007930605672299862,0.0076155466958880424
0.007405844051390886,0.007250357884913683,0.0071115349419415,0.0069727227091789246
0.0068200514651834965,0.006622242275625467,0.006338949780911207
0.005952116101980209,0.005487166345119476,0.005002180114388466,0.0045508709736168385
0.004150057677179575,0.0037800802383571863,0.0034138569608330727,0.003044363111257553
0.002690037479624152,0.0023822321090847254,0.002148012164980173,0.0020018641371279955
0.0019487510435283184,0.001989529235288501,0.0021240776404738426,0.0023514002095907927
0.0026712045073509216,0.0030883057042956352,0.003610054263845086,0.004232869949191809
0.004928589798510075,0.005644862540066242,0.006322083529084921
0.006913891527801752,0.0073907626792788506,0.0077244131825864315,0.007875106297433376
0.007797212805598974,0.0074623278342187405,0.006879524327814579,0.006087595131248236
0.005131883081048727,0.004057508427649736,0.002923441119492054,0.0018151372205466032
0.0008327593095600605,5.4737553000450134e-05,-0.000495725660584867,-0.0008475211216136813
-0.0010416402947157621,-0.0010965698165819049,-0.0010094144381582737,-0.0007815159624442458
-0.0004459591000340879,-7.388077210634947e-05,0.0002498347021173686
0.00045417732326313853,0.0004888880648650229,0.00032543460838496685,-3.3646763768047094e-05
-0.0005472411867231131,-0.0011442803079262376,-0.0017530048498883843,-0.0023324256762862206
-0.002878475934267044,-0.0034013204276561737,-0.003891922999173403,-0.004306112416088581
-0.004587436560541391,-0.004709254018962383,-0.004695289768278599,-0.004608616232872009
-0.004522788338363171,-0.004494454246014357,-0.004561884328722954,-0.004767352715134621
-0.0051655033603310585,-0.005799444392323494,-0.006671734154224396
-0.007735274266451597,-0.008898954838514328,-0.010038021951913834,-0.011016687378287315
-0.011725429445505142,-0.012108898721635342,-0.01216769590973854,-0.011940322816371918
-0.011477069929242134,-0.010821159929037094,-0.01000863965600729,-0.009083200246095657,-0.008106054738163948,-0.007146564312279224
5.923325829826354e-07,7.385497724499146e-08,1.4992497199273203e-06,4.127755801164312e-06
7.128957804525271e-06,9.802996828511823e-06,1.1548539077921305e-05,1.1912854461115785e-05
1.0802481483551674e-05,8.548974619770888e-06,5.733645593863912e-06,2.9969660317874514e-06
9.474172770751466e-07,3.440053930603426e-08,2.919023813774402e-07,1.2454552233975846e-06
2.2430731405620463e-06,2.848962139978539e-06,2.891223175538471e-06,2.328403752471786e-06
1.273248699362739e-06,2.2143102285099303e-07
2.056789440985085e-07,2.5787369395402493e-06,8.494850590068381e-06,1.8457561964169145e-05
3.2199121051235124e-05,4.876695675193332e-05,6.66571722831577e-05,8.41124783619307e-05
9.946884529199451e-05,0.00011117538815597072,0.0001177311351057142,0.00011826740228570998
0.00011335672024870291,0.0001047685946105048,9.439653513254598e-05,8.3496532170102e-05
7.251332135638222e-05,6.141601625131443e-05,5.032457193010487e-05,3.985462535638362e-05
3.088504308834672e-05,2.404403312539216e-05,1.9432114640949294e-05
1.6785194020485505e-05,1.579069248691667e-05,1.6248201063717715e-05,1.807992157409899e-05
2.1292324163368903e-05,2.5872266633086838e-05,3.15564357151743e-05,3.7573190638795495e-05
4.264609742676839e-05,4.54037835879717e-05,4.4935666664969176e-05,4.113471368327737e-05
3.473899050732143e-05,2.708960346353706e-05,1.9648037778097205e-05,1.3495237908500712e-05
9.073919500224292e-06,6.294049399002688e-06,4.8577680900052655e-06,4.537318091024645e-06
5.334718480298761e-06,7.566207841591677e-06,1.1833488315460272e-05
1.8803733837557957e-05,2.8816248232033104e-05,4.146479113842361e-05,5.5379790865117684e-05
6.845969619462267e-05,7.842996274121106e-05,8.331804565386847e-05,8.185976184904575e-05
7.391070539597422e-05,6.067630965844728e-05,4.452902066987008e-05,2.8297103199292906e-05
1.4497704796667676e-05,4.929798251396278e-06,4.242098157192231e-07,6.367767468873353e-07,4.146612809563521e-06,9.005070751300082e-06,1.3385970305535011e-05,1.5995579815353267e-05,1.6212390619330108e-05,1.407045238011051e-05,1.0244537406833842e-05
5.918450824538013e-06,2.3567304197058547e-06,3.7667828678422666e-07,5.068923059070585e-08
7.91864636084938e-07,1.7193262920045527e-06,2.1005209873692365e-06,1.6832980236358708e-06
7.63326511332707e-07,4.369714190488594e-08,4.323016469243157e-07,2.8170593395770993e-06
7.824660315236542e-06,1.55867946887156e-05,2.5522800569888204e-05,3.621521682362072e-05
4.570857709040865e-05,5.240175232756883e-05,5.590655928244814e-05,5.718114334740676e-05
5.791753937955946e-05,5.959930058452301e-05,6.29428614047356e-05
6.80453231325373e-05,7.47362500987947e-05,8.263780182460323e-05,9.099939052248374e-05
9.855411190073937e-05,0.00010365636990172789,0.00010484830272616819,0.00010154156916541979,9.431436046725139e-05,8.459526725346223e-05,7.396008732030168e-05,6.357883103191853e-05
5.407809294410981e-05,4.5693912397837266e-05,3.850484063150361e-05,3.259932782384567e-05
2.8120140996179543e-05,2.518031578802038e-05,2.375121221120935e-05,2.361823499086313e-05
2.4377119189011864e-05,2.5465295038884506e-05,2.6299143428332172e-05
2.649601810844615e-05,2.5973407900892198e-05,2.4808385205687955e-05,2.304812915099319e-05
2.0730019969050772e-05,1.805950523703359e-05,1.54381305037532e-05,1.3306244909472298e-05
1.201552731799893e-05,1.1805503163486719e-05,1.2860325114161242e-05,1.5370285836979747e-05
1.9463775970507413e-05,-0.005000225733965635,-0.005606654565781355,-0.006151414010673761
-0.006564602721482515,-0.006791374180465937,-0.0067955441772937775,-0.0065573640167713165
-0.006067660171538591,-0.005324056372046471,-0.004333385266363621
-0.003119275439530611,-0.0017308546230196953,-0.0002510072663426399,0.0012070119846612215,0.0025268730241805315,0.0036225218791514635,0.004446221515536308,0.0049721370451152325,0.005180663429200649,0.005057675298303366,0.004607378970831633,0.0038664666935801506,0.0029062596149742603,0.0018254087772220373,0.0007419460453093052,-0.00022155058104544878,-0.0009646380203776062,-0.001428949530236423,-0.0015949206426739693,-0.0014650410739704967,-0.0010491148568689823,-0.00035577535163611174,0.0006044851033948362
0.0018011019565165043,0.0031632394529879093,0.00457795849069953,0.005916504189372063
0.007071600295603275,0.007972797378897667,0.008579462766647339,0.008877079002559185
0.00887816771864891,0.00862206146121025,0.008181493729352951,0.00765946926549077
0.007159392815083265,0.006755402777343988,0.006482402794063091,0.006334823556244373
0.006273049395531416,0.006242668721824884,0.006200703326612711,0.006138035096228123
0.006081742234528065,0.00607107812538743,0.006127298343926668
0.006238874513655901,0.006370740942656994,0.006492578890174627,0.006597026716917753
0.006686619482934475,0.006749448832124472,0.006755152717232704,0.00667476374655962
0.006496402435004711,0.006213937886059284,0.005809776019304991,0.005268563516438007
0.004613046068698168,0.0039170351810753345,0.003277283161878586,0.002771413652226329
0.002437541028484702,0.002282744972035289,0.0023001490626484156,0.00247633783146739
0.0027877497486770153,0.0031987568363547325,0.0036702922079712152
0.004168730229139328,0.00466440012678504,0.005126544274389744,0.005523890722543001
0.005828327964991331,0.006016594357788563,0.006067682523280382,0.005961650516837835
0.005689660087227821,0.005264704581350088,0.004718588665127754,0.00408898526802659
0.00340542895719409,0.002691463101655245,0.0019855669233947992,0.0013489569537341595
0.0008423787076026201,0.0004915037425234914,0.00027482566656544805,0.00015065015759319067
9.54674615059048e-05,0.00011008844012394547,0.00019425738719291985
0.0003264692204538733,0.0004632308264262974,0.0005514436052180827,0.0005464900168590248
0.00042254020809195936,0.00017397766350768507,-0.00018876598915085196,-0.0006495596608147025
-0.001190608600154519,-0.0017912881448864937,-0.002436402253806591,-0.0031227446161210537
-0.0038478844799101353,-0.0045908777974545956,-0.005303605925291777,-0.005926588550209999
-0.0064235869795084,-0.006807621102780104,-0.007143371272832155,-0.007523558102548122
-0.008024005219340324,-0.008663950487971306,-0.009397740475833416,-0.010138370096683502
-0.010790613479912281,-0.011272072792053223,-0.011520931497216225,-0.011495712213218212
-0.011172594502568245,-0.010552083142101765,-0.009673363529145718,-0.008621633052825928
-0.00752081535756588,-0.006507521960884333,-0.0056915623135864735,-0.005127512384206057
-0.00481566833332181,-0.004725182894617319,-0.004821425303816795,-0.0050779907032847404
-0.005465170368552208,-0.0059324949979782104,-0.006404506973922253,-0.0067939478904008865
-0.007026985753327608,-0.007062148302793503
-0.006889563985168934,-0.006525030825287104,-0.00601267209276557,-0.005424960982054472
-0.004850628320127726,-0.004371182527393103,-0.004038854502141476,-0.003874316578730941
-0.0038752732798457146,-0.004020959138870239,-0.004275989718735218,-0.004596783313900232
-0.00493824016302824,-0.005257175303995609,-0.005512826144695282,-0.0056632766500115395
-0.005659150425344706,-0.005449310410767794,-0.005000575445592403,-0.004312788136303425
-0.003418232314288616,-0.002370167523622513,-0.0012310536112636328
-6.692740134894848e-05,0.0010541515657678246,0.0020673880353569984,0.0029208410996943712
0.003582000732421875,0.004037555307149887,0.004285859875380993,0.004329819697886705
0.0041722143068909645,0.0038093409966677427,0.003237946890294552,0.0024788873270154
0.0015949015505611897,0.0006885484326630831,-0.00012121244799345732,-0.0007352582179009914
-0.0010987580753862858,-0.0011971876956522465,-0.001038523856550455,-0.0006372444331645966
-3.406952600926161e-06,0.0008518355898559093,0.0018997821025550365
0.003088372992351651,0.004346238449215889,0.005586586892604828,0.006714335177093744,0.007644187193363905,0.008324923925101757,0.00875029992312193,0.008944441564381123,0.00894290953874588,0.008796332404017448,0.008576568216085434,0.008358773775398731,0.008195456117391586,0.008098682388663292,0.008037555031478405,0.007959019392728806,0.007816482335329056,0.007586621679365635,0.0072722830809652805,0.006894201040267944,0.006479667499661446,0.006059942301362753,0.00567217543721199
0.005349833983927965,0.005104952026158571,0.0049237217754125595,0.004782839212566614
0.004669602029025555,0.004587540868669748,0.004546645097434521,0.004547801800072193
0.004572593607008457,0.004584096372127533,0.0045385221019387245,0.0044058458879590034
0.004189302679151297,0.003930394537746906,0.003694175509735942,0.003540490986779332
0.0035000459756702185,0.0035717026330530643,0.0037374633830040693,0.0039794836193323135
0.0042821504175662994,0.00461598252877593,0.004929487593472004
0.005169077776372433,0.005303788464516401,0.0053285579197108746,0.005250034388154745
0.005069915670901537,0.004781116731464863,0.0043810089118778706,0.00388472736813128,0.003323679557070136,0.002735026180744171,0.0021512298844754696,0.0015965146012604237
0.0010974889155477285,0.0006951261311769485,0.0004353625699877739,0.0003432765370234847
0.00040914377314038575,0.0005981272552162409,0.0008659132290631533,0.0011625871993601322
0.0014307715464383364,0.0016144798137247562,0.001675821142271161
0.0016015346627682447,0.0013922923244535923,0.0010441031772643328,0.0005432297475636005
-0.00011641299352049828,-0.0009139343164861202,-0.0017984082223847508,-0.0027004615403711796
-0.0035490798763930798,-0.004286665003746748,-0.004883588291704655,-0.00534407515078783
-0.005694440566003323,-0.005965991877019405,-0.006179007235914469,-0.006330444477498531
-0.006407412234693766,-0.006430800072848797,-0.006485795136541128,-0.006691599730402231
-0.0071246437728405,-0.007767573464661837,-0.008529063314199448
-0.009305160492658615,-0.01002413034439087,-0.010644325986504555,-0.011121808551251888
-0.011393430642783642,-0.011398564092814922,-0.0111109409481287,-0.010546346195042133
-0.009752919897437096,-0.008802170865237713,-0.007784757763147354,-0.006801620125770569
-0.00593587476760149,-0.005223370622843504,-0.004657004494220018,-0.004220259375870228
-0.003913977183401585,-0.003752519376575947,-0.0037359579000622034,-0.003829121822491288
-0.003971833270043135,-0.004110181704163551,-0.004219932481646538
-0.004302185028791428,-0.004359355196356773,-0.004384769592434168,-0.004376777447760105,-0.004353462718427181,-0.004346566274762154,-0.0043781353160738945,-0.004448717460036278
-0.00454749446362257,-0.0046614715829491615,-0.004777713678777218,-0.0048833731561899185
-0.004960482008755207,-0.004985264502465725,-0.004937084391713142,-0.004805339500308037
-0.00458742817863822,-0.004280676133930683,-0.003877924522385001,-0.003377155400812626
-0.002793873893097043,-0.0021557097788900137,-0.0014858720824122429
-0.0007952287560328841,-9.323866106569767e-05,0.0005891033797524869,0.00119297718629241,0.0016597656067460775,0.001968528376892209,0.0021430826745927334,0.002223772695288062
0.002234580460935831,0.002175006316974759,0.0020390055142343044,0.001838467549532652
0.001608179765753448,0.0013879629550501704,0.0012045472394675016,0.0010752341477200389,0.001021944684907794,0.0010736840777099133,0.0012528265360742807,0.001559765194542706
0.0019734599627554417,0.0024651624262332916,0.0030112292151898146
0.0035975745413452387,0.004213002976030111,0.004836822859942913,0.005435847211629152,0.005976734217256308,0.00644197640940547,0.006834854371845722
0.0071739982813596725,0.007491703145205975,0.00782845914363861,0.008207596838474274
0.008614718914031982,0.00900251604616642,0.009305465966463089,0.009460831061005592
0.009430773556232452,0.009203329682350159,0.008779244497418404,0.008170940913259983
0.007413471583276987,0.006574078928679228,0.0057481131516397,0.005028777755796909,0.004473716951906681,0.004103228449821472,0.0039164964109659195,0.003900763811543584,0.004032587632536888,0.004275068640708923,0.004577024839818478,0.004880950786173344,0.005136754363775253,0.005310403183102608,0.00538051500916481,0.005329839885234833,0.0051485756412148476,0.004852672107517719,0.00449358532205224,0.004139146767556667,0.003843252081423998,0.0036349743604660034,0.0035283532924950123,0.0035344210918992758,0.003658244851976633,0.003883686615154147,0.004172051325440407
0.004481631331145763,0.004784843884408474,0.005067718215286732,0.005318999290466309
0.005519559606909752,0.005637282505631447,0.005634153261780739,0.0054815285839140415
0.005170456599444151,0.0047111245803534985,0.004119680263102055,0.0034065356012433767
0.0025837428402155638,0.0016802905593067408,0.0007504378445446491,-0.00012599816545844078
-0.0008574998937547207,-0.0013700268464162946,-0.0016355299158021808,-0.0016782507300376892
-0.001551681780256331,-0.0013088320847600698,-0.0009913200046867132
-0.0006345511646941304,-0.00027662073262035847,3.453358658589423e-05,0.0002394668699707836
0.00027231447165831923,7.310805085580796e-05,-0.0003920546732842922,-0.0011095977388322353
-0.002015793928876519,-0.0030251718126237392,-0.004064371343702078,-0.005080949980765581
-0.006033673882484436,-0.006882091518491507,-0.007584933657199144,-0.008113710209727287
-0.00847543589770794,-0.008722927421331406,-0.008932912722229958,-0.009162776172161102,-0.009421720169484615,-0.009674103930592537,-0.00986335426568985
-0.00993832852691412,-0.009872621856629848,-0.009671841748058796,-0.00936147477477789
-0.00896313227713108,-0.008485798723995686,-0.007939149625599384,-0.007352310232818127,-0.006783252116292715,-0.006305975373834372,-0.0059784478507936,-0.0058176335878670216
-0.005796986166387796,-0.005858387798070908,-0.005932358093559742,-0.00596255948767066
-0.005918883718550205,-0.0057928599417209625,-0.005587013438344002,-0.005307530518621206,-0.00496459798887372,-0.004576793871819973,-0.004173437599092722
-0.003797130426391959,-0.0035031037405133247,-0.003348797094076872,-0.0033785745035856962
-0.0036132021341472864,-0.0040469421073794365,-0.004648005124181509,-0.0053597427904605865
-0.00610392726957798,-0.006789361126720905,-0.007325733080506325,-0.0076353843323886395
-0.007660314440727234,-0.0073660025373101234,-0.006745113991200924,-0.005826108157634735
-0.004675393924117088,-0.0033822013065218925,-0.002038594800978899,-0.0007265745662152767
0.00048724294174462557,0.0015514774713665247,0.0024277474731206894
0.0030886088497936726,0.003516577184200287,0.003706646151840687,0.0036680838093161583
0.0034221597015857697,0.0030047574546188116,0.0024738351348787546,0.001906989375129342
0.001380361383780837,0.0009432963561266661,0.0006139108445495367,0.0003935660934075713
0.00027909502387046814,0.0002660536556504667,0.000349026988260448,0.0005265664076432586
0.000807879725471139,0.0012059310683980584,0.0017161194700747728,0.0023016594350337982
0.0029000751674175262,0.0034453195985406637,0.0038921223022043705
0.004228916950523853,0.0044740354642271996,0.004661922343075275,0.004825294017791748
0.00498273316770792,0.005142968147993088,0.005321954842656851,0.0055612241849303246
0.005924747325479984,0.006457111332565546,0.007137963082641363,0.007883671671152115
0.008591411635279655,0.009180746041238308,0.009601207450032234,0.009814087301492691
0.009784908965229988,0.009498381055891514,0.008973727002739906,0.008264841511845589
0.00744645856320858,0.00659924978390336,0.005799317732453346
0.005105533171445131,0.004552084021270275,0.004152380395680666,0.0039047293830662966
0.0037982510402798653,0.003818672150373459,0.003945593722164631,0.0041467174887657166
0.004381224513053894,0.004609694704413414,0.0048029012978076935,0.0049452572129666805
0.005030556581914425,0.005057673901319504,0.0050334082916378975,0.004976016469299793
0.004913012031465769,0.004871837794780731,0.004872084595263004,0.004930132068693638
0.005063188262283802,0.005277435295283794,0.005551779177039862
0.005834683775901794,0.00605801260098815,0.006161691155284643,0.0061109233647584915
0.005892433691769838,0.0055019003339111805,0.004938014782965183,0.004208927042782307
0.00334665784612298,0.002408500760793686,0.0014586932957172394,0.0005516036180779338
-0.00026882399106398225,-0.0009585568914189935,-0.0014654414262622595,-0.0017363366205245256
-0.001738407532684505,-0.0014797906624153256,-0.0010166603606194258,-0.0004423276986926794
0.00013563514221459627,0.0006205175304785371,0.0009493474499322474
0.0011044639395549893,0.0010997395729646087,0.0009465718176215887,0.0006315660430118442
0.00012699002400040627,-0.0005803100066259503,-0.001464266562834382,-0.0024567125365138054
-0.003472553100436926,-0.0044422089122235775,-0.005325522273778915,-0.006105801556259394
-0.0067783924750983715,-0.0073422035202383995,-0.007798725739121437,-0.008162738755345345
-0.008470158092677593,-0.008763695135712624,-0.009069761261343956,-0.009389868006110191
-0.00970099214464426,-0.009955788031220436,-0.01009468175470829
-0.010075381956994534,-0.009897650219500065,-0.009599740616977215,-0.009233975782990456
-0.00884336605668068,-0.008449720218777657,-0.008060386404395103,-0.007686377968639135,-0.007348780520260334,-0.00707184849306941
-0.006874021142721176,-0.006756233051419258,-0.006693702656775713,-0.006640851031988859
-0.006544071715325117,-0.006356933154165745,-0.00605543190613389,-0.00564609793946147
-0.005162951536476612,-0.004651474300771952,-0.004146651830524206,-0.0036676982417702675
-0.0032349140383303165,-0.0028816128615289927,-0.0026427230332046747,-0.0025375178083777428
-0.0025699022226035595,-0.0027403770945966244,-0.0030496709514409304,-0.003491421230137348
-0.004043365828692913,-0.004664061591029167,-0.005299231968820095,-0.005892427638173103
-0.0063896384090185165,-0.00674127321690321,-0.006907240487635136,-0.006856607273221016
-0.0065640960820019245,-0.0060167470946908,-0.005223243497312069,-0.0042157950811088085
-0.0030483203008770943,-0.0017896268982440233,-0.0005122781731188297,0.0007164912531152368
0.0018401285633444786,0.00280951289460063,0.0035730809904634953,0.004078159108757973
0.004287208896130323,0.00419415719807148,0.0038319281302392483,0.003267215797677636
0.0025822666939347982,0.0018537810537964106,0.0011419898364692926,0.0004957230994477868
-3.539083991199732e-05,-0.0003989202668890357,-0.0005482923588715494,-0.0004462031938601285
-6.62964885123074e-05,0.0005945659941062331,0.0015036725671961904,0.002590107498690486
0.0037574702873826027,0.004913097247481346,0.005992918275296688
0.0069616856053471565,0.007796453312039375,0.008471815846860409,0.008954324759542942
0.009206771850585938,0.0092096496373415,0.008995801210403442,0.008655582554638386
0.008288697339594364,0.007951317355036736,0.007645810022950172,0.007345747202634811
0.007025646511465311,0.006675351411104202,0.006304052192717791,0.005938307847827673
0.005607600323855877,0.00533126899972558,0.00512287812307477,0.005001697689294815
0.004995143041014671,0.005126591771841049,0.005397555883973837
0.005778279155492783,0.006209413055330515,0.006611752323806286,0.006901742424815893
0.0070071108639240265,0.006879459600895643,0.006505967117846012,0.005913546308875084
0.0051574367098510265,0.004303604364395142,0.003418310545384884,0.002567760879173875
0.001822526566684246,0.0012549355160444975,0.000926242908462882,0.0008762796642258763
0.001123850466683507,0.0016728235641494393,0.002510585356503725,0.0035926643759012222
0.004831388592720032,0.006103028543293476,0.007267333101481199
0.008194513618946075,0.008788990788161755,0.008996033109724522,0.00879574939608574
0.008196795359253883,0.007237462792545557,0.00598844513297081,0.0045427666045725346
0.0030005015432834625,0.0014627270866185427,2.5200657546520233e-05,-0.0012308284640312195
-0.0022402459289878607,-0.0029490171000361443,-0.0033098661806434393,-0.003289715852588415
-0.00288742920383811,-0.0021414475049823523,-0.0011237019207328558,6.542017217725515e-05
0.0013016574084758759,0.0024511455558240414,0.003392361104488373
0.004034120123833418,0.004316931590437889,0.0041994513012468815,0.0036506932228803635
0.002655928023159504,0.0012263711541891098,-0.0005888043669983745,-0.002692585811018944
-0.0049416739493608475,-0.00715965311974287,-0.009165793657302856,-0.010812675580382347
-0.012005982920527458,-0.012703071348369122,-0.012912794016301632,-0.012697937898337841
-0.012163488194346428,-0.011428690515458584,-0.010597741231322289,-0.009743914939463139
-0.008906709030270576,-0.008097568526864052,-0.007319640833884478
-0.006596210412681103,-0.005982912145555019,-0.005551723297685385,-0.00536021264269948
-0.005422600079327822,-0.005699463188648224,-0.006117125973105431,-0.006598191801458597
-0.007079487666487694,-0.007515463046729565,-0.007870074361562729,-0.008106964640319347,-0.00819323305040598,-0.00811015348881483,-0.00784977525472641,-0.00740445964038372
-0.006776477210223675,-0.0060010734014213085,-0.005153760779649019,-0.004333078395575285
-0.003628816455602646,-0.003099170746281743,-0.002775009023025632
-0.002675247611477971,-0.0028106102254241705,-0.0031762293074280024,-0.0037423591129481792
-0.004455432295799255,-0.005253126844763756,-0.006072927266359329,-0.00684327632188797
-0.007478577084839344,-0.007892215624451637,-0.008018401451408863,-0.007826384156942368
-0.007312815170735121,-0.0064860982820391655,-0.005372407380491495,-0.004033857490867376
-0.002563921269029379,-0.0010581414680927992,0.0004101379308849573,0.0017862566746771336
0.0030089577194303274,0.003996699117124081,0.0046692294999957085
0.004984878934919834,0.004956161603331566,0.004633188713341951,0.004076564684510231
0.003344911150634289,0.0025007566437125206,0.0016186719294637442,0.00078212795779109
7.237715180963278e-05,-0.00044134227209724486,-0.0007114229374565184,-0.0007257002871483564
-0.0005137088010087609,-0.00013146811397746205,0.0003669352154247463,0.0009491634555160999
0.0015989026287570596,0.0022910009138286114,0.0029809195548295975,0.0036266499664634466
0.004215896129608154,0.004765673540532589,0.005295698530972004
0.00580316036939621,0.006267406512051821,0.006679138634353876,0.007053311914205551
0.007412513718008995,0.007772570475935936,0.008141234517097473,0.00851484201848507
0.00887276604771614,0.009172208607196808,0.009347017854452133,0.009322136640548706
0.00904372800141573,0.00850951112806797,0.007777554914355278,0.006942802108824253
0.006098438054323196,0.005309110973030329,0.004609501920640469,0.0040263282135128975
0.003600246040150523,0.0033818825613707304,0.0034056261647492647
0.0036609226372092962,0.004081602208316326,0.004564584232866764,0.005003037396818399
0.005311368964612484,0.005437049083411694,0.005361634772270918,0.005094063468277454
0.004666398279368877,0.004135324619710445,0.0035800307523459196,0.0030873632058501244,0.0027278773486614227
1.0138185643882025e-05,7.449812983395532e-06,3.7216204873402603e-06,6.723323622281896e-07,2.7319509854351054e-07,3.969407316617435e-06,1.206233173434157e-05,2.3649421564186923e-05,3.701794412336312e-05,5.015194619772956e-05,6.11169234616682e-05,6.825684249633923e-05
7.048757106531411e-05,6.778467650292441e-05,6.146589294075966e-05,5.3831299737794325e-05
4.7168152377707884e-05,4.289761636755429e-05,4.149555752519518e-05,4.28374478360638e-05
4.647144305636175e-05,5.182849781704135e-05
5.845877967658453e-05,6.607313844142482e-05,7.424992509186268e-05,8.210897067328915e-05
8.833492756821215e-05,9.16798016987741e-05,9.159309411188588e-05,8.83674219949171e-05
8.276677544927225e-05,7.558363722637296e-05,6.740406388416886e-05,5.8642162912292406e-05
4.972624083166011e-05,4.116840136703104e-05,3.339357499498874e-05,2.657065306266304e-05
2.068921094178222e-05,1.5760422684252262e-05,1.1879345038323663e-05,9.079963092517573e-06
7.202211236290168e-06,5.976241936878068e-06,5.218822479946539e-06
4.930346221954096e-06,5.269740086077945e-06,6.516747816931456e-06,9.032065463543404e-06
1.313674874836579e-05,1.894141678349115e-05,2.626909190439619e-05,3.4711254556896165e-05
4.3675383494701236e-05,5.2345454605529085e-05,5.969859194010496e-05,6.465974729508162e-05
6.631809810642153e-05,6.416082760551944e-05,5.826276901643723e-05,4.933220043312758e-05
3.856829789583571e-05,2.7359375962987542e-05,1.698595588095486e-05,8.511544365319423e-06,2.764976215985371e-06,1.784764123158311e-07,5.24105246313411e-07
2.924092086686869e-06,6.263152044994058e-06,9.53180278884247e-06,1.1862361134262756e-05
1.262614932784345e-05,1.1711883416865021e-05,9.581340236763936e-06,6.9320099100878e-06
4.341380190453492e-06,2.1938137706456473e-06,7.42708550660609e-07,7.82892968231863e-08
3.839677020778254e-08,2.525849254197965e-07,3.6706776995742985e-07,2.546135249303916e-07
4.653560026213199e-08,5.8096333077628515e-08,7.102476047293749e-07,2.407487954769749e-06
5.370441613194998e-06,9.618927833798807e-06,1.514606447017286e-05
2.200051130785141e-05,3.0082212106208317e-05,3.8868209230713546e-05,4.7488669224549085e-05
5.513092764886096e-05,6.137097807368264e-05,6.636352190980688e-05,7.077185000525787e-05
7.520705548813567e-05,7.97229222371243e-05,8.383301610592753e-05,8.670000534038991e-05
8.728893590159714e-05,8.462955156574026e-05,7.830803951947019e-05,6.896105332998559e-05
5.815028271172196e-05,4.7551049647154287e-05,3.825866588158533e-05,3.076207576668821e-05
2.524852243368514e-05,2.1746660422650166e-05,2.0083120034541935e-05
1.9892400814569555e-05,2.0786723325727507e-05,2.2522131985169835e-05,2.492832027201075e-05,2.7653100914903916e-05,3.0027187676751055e-05,3.1254188797902316e-05,3.0820603569736704e-05
2.872534969355911e-05,2.532891812734306e-05,2.1117888536537066e-05,1.6617297660559416e-05
1.2381940905470401e-05,8.919671017793007e-06,6.533393843710655e-06,5.261730166239431e-06
5.005000275559723e-06,5.711933226848487e-06,7.49327773519326e-06,1.0627049960021395e-05
1.5453046216862276e-05,2.2169337171362713e-05,3.057086360058747e-05
3.9870345062809065e-05,4.881299537373707e-05,5.6070963182719424e-05,6.064751505618915e-05
6.19414568063803e-05,5.950271588517353e-05,5.306660750648007e-05,4.3077990994788706e-05
3.102047412539832e-05,1.8994129277416505e-05,8.987361979961861e-06,2.435491978758364e-06
1.7188906298315487e-08,-0.0011816470650956035,-0.002261725254356861,-0.0030246495734900236
-0.0034367237240076065,-0.003507135668769479,-0.0032694258261471987,-0.0027654662262648344
-0.002044728957116604,-0.0011752503924071789,-0.000247160904109478
0.0006398116238415241,0.0013969338033348322,0.0019545252434909344,0.00224896939471364
0.0022145528346300125,0.0018012539949268103,0.001001328113488853,-0.00014231959357857704
-0.0015477871056646109,-0.0031101382337510586,-0.004717766772955656,-0.006267404183745384
-0.007665526121854782,-0.008826587349176407,-0.009693916887044907,-0.01026883628219366
-0.010604176670312881,-0.010756876319646835,-0.010746415704488754,-0.010557192377746105
-0.010171357542276382,-0.009596320800483227,-0.008869118988513947
-0.008041717112064362,-0.007168307434767485,-0.006309144664555788,-0.0055324663408100605
-0.004900107625871897,-0.004454654175788164,-0.004217267036437988,-0.004188546910881996
-0.004355433862656355,-0.0047013117000460625,-0.005206139758229256,-0.0058368188329041
-0.006534436717629433,-0.0072130365297198296,-0.007785947062075138,-0.008196474052965641
-0.008416078984737396,-0.008420645259320736,-0.008181758224964142,-0.007684715092182159
-0.0069525172002613544,-0.00604902533814311,-0.00506193283945322
-0.0040858956053853035,-0.003212524577975273,-0.002524629235267639,-0.0020930517930537462
-0.0019684797152876854,-0.002166654448956251,-0.002659686142578721,-0.0033838129602372646,-0.004258573986589909,-0.005201996304094791,-0.006131795234978199,-0.006957479752600193
-0.0075799948535859585,-0.007910016924142838,-0.0078929103910923,-0.007517283782362938
-0.006804077886044979,-0.005793472286313772,-0.004539986606687307,-0.003114044200628996
-0.001599885057657957,-8.49943608045578e-05,0.001345103490166366
0.002609110437333584,0.0036419120151549578,0.004399848636239767,0.004853592254221439
0.00498921750113368,0.004816390573978424,0.004366985056549311,0.0036878841929137707
0.0028398530557751656,0.0018981203902512789,0.0009437089320272207,4.7413050197064877e-05
-0.0007354303961619735,-0.0013500986387953162,-0.0017301549669355154,-0.0018106781644746661
-0.001556074246764183,-0.000977048766799271,-0.00012460595462471247,0.000932644063141197
0.0021268182899802923,0.0033919187262654305,0.004661061335355043
0.005871496628969908,0.006970054470002651,0.007912634871900082,0.00866025872528553
0.009184803813695908,0.009491248056292534,0.009623954072594643,0.009635976515710354
0.009561574086546898,0.009419716894626617,0.009224353358149529,0.008981956169009209
0.008685749024152756,0.008320065215229988,0.007873381488025188,0.007351905573159456
0.006788294762372971,0.006235459819436073,0.00574582489207387,0.00535586616024375
0.005082968156784773,0.0049277255311608315,0.004878457635641098,0.004912864416837692
0.00499899685382843,0.005100710317492485,0.005182331893593073,0.005211112555116415
0.0051605599001049995,0.005016211420297623,0.004783611744642258,0.004487440921366215
0.004155565518885851,0.0038065481930971146,0.0034568619448691607,0.0031368029303848743
0.002894243923947215,0.002775386907160282,0.0027997461147606373,0.0029610616620630026
0.0032481495290994644,0.003654776606708765,0.004172355402261019,0.004775267094373703
0.005410080775618553,0.0060045733116567135
0.006491347681730986,0.006819212343543768,0.006950002163648605,0.006855875253677368
0.006520949769765139,0.005948954727500677,0.005169246811419725,0.004229854326695204
0.003184426575899124,0.002086373046040535,0.000991240842267871,-4.1596125811338425e-05
-0.0009558233432471752,-0.001711653545498848,-0.0022895021829754114,-0.002675867173820734
-0.0028503388166427612,-0.002794431522488594,-0.0025145397521555424,-0.002051645191386342
-0.0014688982628285885,-0.0008304956136271358,-0.00018930330406874418
0.0004051298601552844,0.00089396967086941,0.0012156286975368857,0.0013240582775324583
0.0012028544442728162,0.0008679935708642006,0.0003522344632074237,-0.00031582050723955035
-0.001115019666031003,-0.00202188384719193,-0.003005183069035411,-0.004028746392577887
-0.005063588265329599,-0.006104246247559786,-0.007167119067162275,-0.008263252675533295
-0.009369373321533203,-0.010422755032777786,-0.011339928954839706,-0.012036615051329136
-0.012438913807272911,-0.012494358234107494,-0.012181131169199944
-0.01151201780885458,-0.010536947287619114,-0.009340411052107811,-0.008031408302485943
-0.006731135305017233,-0.005557492841035128,-0.00460673775523901,-0.003942955285310745,-0.0035999142564833164,-0.003585649887099862,-0.003879982279613614,-0.004429594613611698
-0.005152549594640732,-0.005952340550720692,-0.006732206791639328,-0.007401794195175171
-0.0078765032812953,-0.008082135580480099,-0.007970633916556835,-0.0075354925356805325
-0.006818977650254965,-0.0059079620987176895,-0.004910724237561226
-0.003924655262380838,-0.003019817406311631,-0.0022439451422542334,-0.0016399703454226255
-0.0012589243706315756,-0.0011502018896862864,-0.001345183583907783,-0.0018511619418859482
-0.002642870880663395,-0.00365498592145741,-0.004788949154317379,-0.005930855870246887
-0.006975035648792982,-0.00783803965896368,-0.008449734188616276,-0.008744392544031143
-0.00867126602679491,-0.008206464350223541,-0.007354432716965675,-0.006146111525595188
-0.0046379962004721165,-0.0029133143834769726,-0.0010806352365761995
0.0007357338909059763,0.0024127638898789883,0.003848923370242119,0.004976342432200909
0.005755776539444923,0.006166077218949795,0.006204957142472267,0.005894768051803112
0.00528137618675828,0.004430548753589392,0.0034237890504300594,0.002349310088902712
0.0012959681916981936,0.0003579655895009637,-0.00036272831493988633,-0.0007719581481069326
-0.0008112440118566155,-0.0004785998025909066,0.00017658836441114545,0.0010834538843482733
0.002175798872485757,0.0033937348052859306
0.0046709515154361725,0.0059282295405864716,0.007079042494297028,0.008042857050895691,0.008767746388912201,0.0092583317309618,0.009575990960001945,0.009788766503334045,0.009919365867972374,0.009945191442966461,0.009831937961280346,0.009561501443386078,0.009139077737927437,0.00858338549733162,0.007920825853943825,0.0071930051781237125
0.006461056414991617,0.005796459037810564,0.005263836123049259,0.004900326021015644,0.004703138023614883,0.004641291685402393,0.004683702252805233
0.00481795147061348,0.005046180449426174,0.005360865034162998,0.00572056882083416
0.00605357252061367,0.00628871051594615,0.0063815307803452015,0.006313828751444817
0.006077767349779606,0.00567287253215909,0.005125497467815876,0.004501141607761383
0.003885155078023672,0.0033519635908305645,0.0029482292011380196,0.0026948824524879456,0.0026006398256868124,0.0026706987991929054,0.0029027434065937996,0.0032787774689495564,0.003762737847864628,0.00430552801117301,0.004853522405028343
0.005353611893951893,0.005752144381403923,0.005996433552354574,0.006044941022992134
0.0058774640783667564,0.005492241121828556,0.004895960446447134,0.004107624292373657
0.0031728558242321014,0.0021661054342985153,0.0011734690051525831,0.0002675914438441396
-0.0005026293219998479,-0.0011002571554854512,-0.0014913498889654875,-0.001656085136346519
-0.0016048214165493846,-0.0013819570885971189,-0.001051971223205328,-0.000672721303999424
-0.0002783007803373039,0.00011216942220926285,0.00046713624033145607
0.0007242683786898851,0.0008095729863271117,0.0006799867260269821,0.00034285360015928745
-0.00016390092787332833,-0.0008043107227422297,-0.0015601186314597726,-0.002420285018160939
-0.0033590835519135,-0.004331639967858791,-0.005290625616908073,-0.006199405528604984
-0.007035742048174143,-0.007794482167810202,-0.00848277285695076,-0.009108688682317734
-0.00967288576066494,-0.010163706727325916,-0.010552840307354927,-0.010790917091071606
-0.010819475166499615,-0.010604782961308956,-0.010159594938158989
-0.009530296549201012,-0.00876759272068739,-0.007914498448371887,-0.00702072074636817,-0.006154391448944807,-0.005388633348047733,-0.0047769141383469105,-0.004340951330959797
-0.004079611971974373,-0.00398838147521019,-0.004066964611411095,-0.0043069105595350266
-0.004674027673900127,-0.005105419084429741,-0.005530091002583504,-0.005896996706724167
-0.006182655226439238,-0.0063751027919352055,-0.006457420997321606,-0.006409349385648966
-0.006224077194929123,-0.005920667666941881,-0.005537433084100485,-0.005115134175866842
-0.004686491098254919,-0.004276695195585489,-0.003914046101272106,-0.003638897556811571
-0.0034898952580988407,-0.0034765435848385096,-0.003572256537154317,-0.003739378647878766
-0.003959271591156721,-0.004228504374623299,-0.004528925288468599,-0.004815998021513224
-0.005034129600971937,-0.005136272870004177,-0.0050894091837108135,-0.004864881280809641
-0.00443170266225934,-0.0037657306529581547,-0.002872208599001169,-0.0018062763847410679,-0.0006667596753686666,0.00043761718552559614
0.0014197370037436485,0.0022211691830307245,0.0027995314449071884,0.0031194607727229595
0.003162254812195897,0.002939511789008975,0.0024906923063099384,0.001871839864179492
0.0011487039737403393,0.00039007910527288914,-0.0003367333556525409,-0.0009629536652937531
-0.0014149036724120378,-0.0016178754158318043,-0.0015147372614592314,-0.0010914633749052882
-0.00038137356750667095,0.0005543549777939916,0.0016439948230981827,0.002811926417052746
0.003981989808380604,0.0050855763256549835,0.00607642624527216
0.006934057455509901,0.007645913865417242,0.008188779465854168,0.008536694571375847
0.008699429221451283,0.008746001869440079,0.008771231397986412,0.008838627487421036
0.008951609954237938,0.009062874130904675,0.009106782265007496,0.00903080590069294
0.00880697276443243,0.008424665778875351,0.007886318489909172,0.007219545543193817
0.0064875418320298195,0.00577540323138237,0.00515719735994935,0.0046714479103684425
0.004325966350734234,0.004117980599403381,0.004040705040097237
0.004072456620633602,0.004168253391981125,0.0042695095762610435,0.004326412919908762
0.004314121324568987,0.0042301383800804615,0.004081098362803459,0.003880459815263748
0.003658948466181755,0.003465366316959262,0.0033507703337818384,0.0033493349328637123
0.003469600575044751,0.003705817274749279,0.00405651843175292,0.004524552263319492
0.005099534522742033,0.005743471905589104,0.006387968547642231,0.006941499654203653
0.007309675682336092,0.007426035590469837,0.007276056334376335
0.0068943193182349205,0.006338578183203936,0.005667652003467083,0.004935178440064192
0.004189435392618179,0.0034710124600678682,0.002807673066854477,0.0022117288317531347
0.0016866456717252731,0.001237644231878221,0.0008724456420168281,0.0005935095832683146
0.0003955463180318475,0.0002706927480176091,0.0002132107620127499,0.00021790678147226572
0.00027404396678321064,0.0003628027334343642,0.00045997329289093614,0.000536423409357667
0.0005574218230322003,0.0004892378346994519,0.00030922811129130423
7.972557796165347e-06,-0.0004144686972722411,-0.0009453222737647593,-0.0015548670198768377
-0.002209864091128111,-0.0028945589438080788,-0.003609943203628063,-0.004346437752246857
-0.005059870891273022,-0.005684306845068932,-0.006172768771648407,-0.006522262003272772
-0.006768600549548864,-0.0069683692418038845,-0.007173977326601744,-0.007412262260913849
-0.007682695984840393,-0.007965361699461937,-0.00822810921818018,-0.008437881246209145
-0.008572464808821678,-0.00862459372729063,-0.008599070832133293
-0.008507982827723026,-0.008367292582988739,-0.00819303561002016,-0.007998686283826828
-0.007795197423547506,-0.0075876726768910885,-0.007371596992015839,-0.00713880080729723
-0.0068915109150111675,-0.0066467346623539925,-0.00641905702650547,-0.00620367331430316
-0.00598596828058362,-0.0057661100290715694,-0.005564477294683456,-0.0053965868428349495
-0.005247818771749735,-0.0050799669697880745,-0.0048614367842674255,-0.00458889827132225
-0.004285893402993679,-0.003990810364484787,-0.003749655792489648
-0.003612215630710125,-0.003620286239311099,-0.003791148541495204,-0.004112605936825275
-0.0045515247620642185,-0.0050628772005438805,-0.0055972496047616005,-0.006108688656240702
-0.006555672734975815,-0.0068975468166172504,-0.007092562038451433,-0.0070997788570821285
-0.006889991462230682,-0.006457053124904633,-0.005815568845719099,-0.0049919807352125645
-0.004023561254143715,-0.0029631685465574265,-0.00187712162733078,-0.0008330766577273607
0.00011368817649781704,0.000924463733099401,0.0015706977574154735
0.002030447358265519,0.002291429787874222,0.002352943178266287,0.00222883652895689
0.0019531711004674435,0.0015827513998374343,0.0011898111552000046,0.0008412129245698452
0.0005786613910458982,0.0004208044265396893,0.00037985204835422337,0.0004668773035518825
0.0006793203065171838,0.0009913031244650483,0.0013694394147023559,0.0018031280487775803
0.0023121302947402,0.0029194699600338936,0.003615854773670435,0.0043515306897461414
0.00506353285163641,0.005709320306777954,0.006279293913394213
0.0067841121926903725,0.007231374736875296,0.007618643809109926,0.007952654734253883
0.008260661736130714,0.008567346259951591,0.008867692202329636,0.009126953780651093
0.00930018536746502,0.009350941516458988,0.009255485609173775,0.00899916235357523
0.008578568696975708,0.00800810381770134,0.00732500059530139,0.0065849944949150085
0.005846929736435413,0.00516507076099515,0.004589291755110025,0.004153848625719547
0.0038662818260490894,0.0037102007772773504,0.0036545677576214075
0.0036680903285741806,0.003729666583240032,0.0038279204163700342,0.003961400128901005
0.00413465965539217,0.0043436093255877495,0.004569119308143854,0.004788626916706562,0.004990553017705679,0.005177529063075781,0.005357626359909773
0.005532792303711176,0.00569954514503479,0.0058592804707586765,0.006017424166202545
0.006169821135699749,0.006292710080742836,0.006348303519189358,0.006307740230113268
0.006171735003590584,0.005964008625596762,0.005706306081265211,0.005404858849942684
0.005055680871009827,0.004654366057366133,0.0041987053118646145,0.003683653427287936
0.0031028741504997015,0.0024652222637087107,0.001805545063689351,0.0011707894736900926
0.0005974211962893605,0.00010587956057861447,-0.00028714636573567986,-0.0005564652965404093
-0.0006739177624695003,-0.0006285154959186912,-0.00043500139145180583,-0.00012436672113835812
0.00026314432034268975,0.0006765270372852683,0.0010549291037023067,0.0013358634896576405,0.0014681783504784107,0.0014205265324562788,0.001177290454506874
0.0007330711232498288,9.91449342109263e-05,-0.0006866417243145406,-0.0015625966480001807
-0.002463879995048046,-0.0033469898626208305,-0.004190452396869659,-0.004972209222614765
-0.005659609101712704,-0.006227135192602873,-0.006679624784737825,-0.007060621399432421
-0.00743845896795392,-0.007870366796851158,-0.008370102383196354,-0.008906571194529533
-0.009422393515706062,-0.009852918796241283,-0.010140221565961838,-0.010242089629173279
-0.010143104009330273,-0.009862002916634083,-0.009441940113902092
-0.00892980769276619,-0.008362749591469765,-0.0077722808346152306,-0.007195706479251385
-0.006677098106592894,-0.006255720742046833,-0.005952737759798765,-0.005767592694610357,-0.005684299860149622,-0.005675461143255234,-0.0057001239620149136,-0.005708533804863691
-0.005658579058945179,-0.005528608802706003,-0.005316422786563635,-0.005032210145145655
-0.004695919808000326,-0.0043389685451984406,-0.004002934321761131,-0.003733146470040083,-0.003569986904039979,-0.003541891695931554,-0.003664136864244938
-0.00393940694630146,-0.004353553056716919,-0.0048722922801971436,-0.005446628201752901
-0.00602130638435483,-0.006542888469994068,-0.006968982983380556,-0.007271699141710997
-0.007434719707816839,-0.007450373377650976,-0.0073143187910318375,-0.007017739582806826
-0.006546125281602144,-0.005888249725103378,-0.005049332045018673,-0.004058351740241051
-0.002964373677968979,-0.001828227424994111,-0.0007127451244741678,0.00032918830402195454
0.0012574305292218924,0.0020339845214039087,0.0026190299540758133
0.0029834723100066185,0.0031200950033962727,0.0030418403912335634,0.0027770039159804583
0.0023694171104580164,0.0018780899699777365,0.0013705341843888164,0.0009090157691389322
0.0005362549563869834,0.0002770376158878207,0.0001547837455291301,0.000199647547560744
0.00043760493281297386,0.0008723671780899167,0.0014772603753954172,0.002206738106906414
0.003016963368281722,0.0038712741807103157,0.004728658124804497,0.005535032134503126
0.006230596452951431,0.006771334446966648,0.0071415770798921585
0.007343741599470377,0.007395260501652956,0.007351444102823734,0.007312360219657421
0.007383550051599741,0.007624520920217037,0.008024636656045914,0.008514449000358582
0.008997606113553047,0.009381571784615517,0.009599130600690842,0.00961807370185852
0.00943708885461092,0.009079004637897015,0.00858935248106718,0.008029946126043797
0.007460995111614466,0.006921908352524042,0.006424723193049431,0.005964864045381546
0.005537001881748438,0.0051401834934949875,0.0047709462232887745
0.004415558185428381,0.004052686505019665,0.00366579438559711,0.0032566252630203962
0.0028513139113783836,0.0024903728626668453,0.0022128098644316196,0.002054275944828987
0.0020477063953876495,0.002212644089013338,0.0025480869226157665,0.0030387374572455883
0.0036655094008892775,0.004406062886118889,0.005222797393798828,0.006055754609405994
0.006833817809820175,0.007490348070859909,0.007970042526721954,0.00823221355676651
0.008251337334513664,0.008017042651772499,0.007536919321864843
0.006836057640612125,0.0059559401124715805,0.004954145289957523,0.0038926214911043644
0.0028201336972415447,0.001770074013620615,0.0007752832025289536,-0.00011508818715810776
-0.0008368976996280253,-0.0013389482628554106,-0.0016116207698360085,-0.0016853117849677801
-0.0016027576057240367,-0.0013961882796138525,-0.001093595172278583,-0.0007418608292937279
-0.00041089311707764864,-0.00016672757919877768,-4.0310173062607646e-05,-2.5068962713703513e-05
-0.00010490382555872202,-0.00028383295284584165,-0.0005848035216331482
-0.0010162019170820713,-0.001551309134811163,-0.0021481928415596485,-0.002778793917968869
-0.003433437552303076,-0.004099724814295769,-0.004744553007185459,-0.005324866622686386
-0.0058098845183849335,-0.006193766836076975,-0.006501778494566679,-0.006785938050597906
-0.007101609371602535,-0.00747954985126853,-0.007917280308902264,-0.008385781198740005
-0.008836677297949791,-0.009208878502249718,-0.00943826138973236,-0.009475639089941978
-0.00930744968354702,-0.00896373949944973,-0.008505345322191715
-0.007997212931513786,-0.00748851802200079,-0.00701212277635932,-0.00659666582942009,-0.006274950224906206,-0.006075168028473854,-0.006001362577080727,-0.006028961855918169
-0.006125349085777998,-0.006269438192248344,-0.006446256302297115,-0.00662979343906045
-0.006784238386899233,-0.006883614230901003,-0.006919295061379671,-0.006887874100357294
-0.00678036967292428,-0.006582986563444138,-0.006286349147558212,-0.005897034425288439,-0.005438539199531078,-0.004937766585499048,-0.004415230359882116
-0.0038928710855543613,-0.003409323049709201,-0.0030212218407541513,-0.0027806584257632494
-0.0027085605543106794,-0.002792589832097292,-0.003004471305757761,-0.003311353735625744
-0.0036746938712894917,-0.004047257825732231,-0.004375778138637543,-0.004609148483723402,-0.0047085583209991455,-0.00464895274490118
7.587469008285552e-05,8.359052299056202e-05,8.701249316800386e-05,8.708989480510354e-05
8.494293433614075e-05,8.141947910189629e-05,7.712668593740091e-05,7.24507262930274e-05
6.750616012141109e-05,6.231461884453893e-05,5.709088145522401e-05,5.233714546193369e-05
4.870412521995604e-05,4.669875488616526e-05,4.6462180762318894e-05,4.773706314153969e-05
4.995182825950906e-05,5.240899190539494e-05,5.440979657578282e-05,5.517801037058234e-05
5.385661279433407e-05,4.979261211701669e-05
4.295273174648173e-05,3.408109841984697e-05,2.4428767574136145e-05,1.5374725990113802e-05
8.107631401799154e-06,3.285158527432941e-06,8.249078859989822e-07,4.257316277289647e-08
6.16303310607691e-08,1.7716435252168594e-07,7.666398005312658e-08,3.978663087877976e-08
9.610673714632867e-07,4.00616045226343e-06,1.0208381354459561e-05,2.0330493498477153e-05
3.474409459158778e-05,5.2982311899540946e-05,7.322612509597093e-05,9.239592327503487e-05,0.00010708379704738036,0.00011471421748865396,0.00011410356819396839
0.00010540975199546665,9.001952275866643e-05,7.039335469016805e-05,4.961240847478621e-05
3.0668219551444054e-05,1.5742823961772956e-05,5.871220309927594e-06,9.882653557724552e-07
5.056287477600563e-08,1.3180408586777048e-06,2.9537245609390084e-06,3.69506028619071e-06
3.1859235605224967e-06,1.8591989601191017e-06,5.477965032696375e-07,2.026063344873208e-10
5.069966277915228e-07,1.8091324136548792e-06,3.2365294373448705e-06,3.984996965300525e-06
3.538565351846046e-06,2.0741831576742698e-06,5.026332132729294e-07
6.085073067652047e-08,1.8442799500917317e-06,6.544280950038228e-06,1.4197824384609703e-05
2.394591319898609e-05,3.4113811125280336e-05,4.278069536667317e-05,4.853152495343238e-05
5.078301182948053e-05,4.964048639521934e-05,4.582990368362516e-05,4.074636672157794e-05
3.611377178458497e-05,3.332125561428256e-05,3.304189522168599e-05,3.5287732316646725e-05
3.9636262954445556e-05,4.550690937321633e-05,5.240256723482162e-05,5.990356658003293e-05
6.742875120835379e-05,7.407692464767024e-05,7.882471982156858e-05
8.103957952698693e-05,8.081254782155156e-05,7.871381239965558e-05,7.527445995947346e-05
7.076578185660765e-05,6.54254763503559e-05,5.970975325908512e-05,5.414835686678998e-05
4.9050129746319726e-05,4.452017674339004e-05,4.0687533328309655e-05,3.7766931200167164e-05
3.5886849218513817e-05,3.491007009870373e-05,3.4459862945368513e-05,3.414166712900624e-05
3.369774640304968e-05,3.29283247992862e-05,3.159992047585547e-05,2.9541610274463892e-05
2.68181502178777e-05,2.3764250727253966e-05,2.0777128156623803e-05
1.8086959244101308e-05,1.5780620742589235e-05,1.3949463209428359e-05,1.2700721526925918e-05,1.2079653970431536e-05,1.2064017028023954e-05,1.2640291970456019e-05,1.3889154615753796e-05
1.599418646947015e-05,1.9126004190184176e-05,2.3223723474075086e-05,2.778711677819956e-05
3.189631752320565e-05,3.451209340710193e-05,3.4817232517525554e-05,3.242795355618e-05
2.7511539883562364e-05,2.0826775653404184e-05,1.3585337001131848e-05,7.101449682522798e-06,2.4319992917298805e-06,1.8381713573489833e-07,4.4548099253916007e-07
2.7856212909682654e-06,6.36184222457814e-06,1.014359531836817e-05,1.3124943507136777e-05
1.4510860637528822e-05,1.3963610399514437e-05,1.176948626380181e-05,8.687290574016515e-06
5.555189090955537e-06,2.977932808789774e-06,1.2409985856720596e-06,3.3984747460635845e-07
3.8030574245340176e-08,6.612564902752638e-06,6.294777267612517e-05,0.0003967419033870101
0.001022965763695538,0.0019264809088781476,0.003050600178539753,0.004303598776459694
0.005585825070738792,0.0068102991208434105,0.007901417091488838
0.008795658126473427,0.009462235495448112,0.009918701834976673,0.010211313143372536
0.010371611453592777,0.010388148948550224,0.010216223075985909,0.009814182296395302
0.009176255203783512,0.00833793357014656,0.007356347981840372,0.006292717531323433
0.005215458571910858,0.004210862796753645,0.0033745095133781433,0.0027828020974993706
0.002473156899213791,0.0024468053597956896,0.0026801142375916243,0.0031320499256253242
0.0037460143212229013,0.0044500501826405525,0.005162474699318409
0.005801583640277386,0.006296984851360321,0.0066008190624415874,0.0066898842342197895
0.006558574736118317,0.006213000044226646,0.005671571474522352,0.004971898160874844
0.004181784112006426,0.0033993502147495747,0.0027267467230558395,0.0022374417167156935
0.0019650657195597887,0.0019167918944731355,0.0021006681490689516,0.002534295432269573
0.003219455946236849,0.004117009229958057,0.005145392380654812,0.006198380142450333
0.0071686613373458385,0.007958566769957542,0.008481157943606377
0.008665801957249641,0.00847160816192627,0.007902639918029308,0.007008142303675413
0.0058642602525651455,0.004553632345050573,0.003157703671604395,0.001762630883604288,0.0004620279651135206,-0.0006557771703228354,-0.0015246262773871422,-0.0021081706508994102
-0.0023981938138604164,-0.0024050078354775906,-0.0021470263600349426,-0.0016499263001605868
-0.0009537840960547328,-0.00012036703992635012,0.0007654638611711562,0.001600902178324759,0.0022777095437049866,0.0027033560909330845,0.002819088287651539
0.002601723885163665,0.0020567646715790033,0.0012175708543509245,0.00014042365364730358
-0.0011140300193801522,-0.002488944213837385,-0.003922513220459223,-0.005345882382243872
-0.0066931601613759995,-0.007919142954051495,-0.009010342881083488,-0.009966002777218819
-0.010767308063805103,-0.011374050751328468,-0.011745893396437168,-0.011855869553983212
-0.011688473634421825,-0.01124374009668827,-0.01055250596255064,-0.009680768474936485
-0.00871070846915245,-0.007716741878539324,-0.0067573850974440575
-0.005881572142243385,-0.005140095949172974,-0.0045896354131400585,-0.004279111512005329
-0.004228247795253992,-0.004415890667587519,-0.0047816867008805275,-0.005239581689238548
-0.005703913979232311,-0.006112589966505766,-0.006428657099604607,-0.0066284132190048695
-0.006693997420370579,-0.0066164410673081875,-0.006401253864169121,-0.006067987065762281
-0.005643952172249556,-0.005155777093023062,-0.004629482049494982,-0.004102116916328669
-0.0036328579299151897,-0.003297935938462615,-0.003162718378007412,-0.0032549051102250814
-0.0035636788234114647,-0.004054162185639143,-0.0046793511137366295,-0.005383742973208427
-0.006099160760641098,-0.0067455763928592205,-0.007248999085277319,-0.007561348844319582
-0.0076616606675088406,-0.007544883526861668,-0.007215914782136679,-0.006693621166050434
-0.006010180339217186,-0.005194419529289007,-0.004258695058524609,-0.0032095760107040405
-0.002072193194180727,-0.0009030853398144245,0.00022326456382870674,0.0012405216693878174
0.002105474239215255,0.002796158194541931
0.003302286844700575,0.0036178433801978827,0.0037406794726848602,0.003682138863950968
0.0034781843423843384,0.0031824903562664986,0.0028445215430110693,0.0024999361485242844
0.0021795749198645353,0.0019173342734575272,0.001746195601299405,0.0016861858312040567
0.001735172001644969,0.0018716789782047272,0.002069278620183468,0.0023131761699914932
0.0025997445918619633,0.002918119076639414,0.0032403580844402313,0.003534079296514392
0.003788010450080037,0.0040230825543403625,0.004275754559785128
0.004584399051964283,0.004990424029529095,0.005532251670956612,0.0062324414029717445
0.0070798639208078384,0.00800858810544014,0.008900037966668606,0.00962035357952118
0.010068133473396301,0.010200364515185356,0.010023212060332298,0.009564840234816074
0.008862672373652458,0.007970703765749931,0.0069664218463003635,0.005944977048784494
0.005000898614525795,0.004208284430205822,0.003612038679420948,0.0032307077199220657
0.0030657723546028137,0.0031101079657673836,0.0033460238482803106
0.0037334782537072897,0.004205059260129929,0.00468123983591795,0.0051001450046896935
0.005439123138785362,0.00570458360016346,0.00589913222938776,0.006004895083606243
0.005999993998557329,0.00588793121278286,0.00570871913805604,0.005515601485967636
0.005337963812053204,0.0051690200343728065,0.00498947873711586,0.004799144808202982
0.004621492698788643,0.004480571020394564,0.004377556033432484,0.0042890445329248905
0.004188317805528641,0.00406685471534729,0.003933900035917759
0.003800875274464488,0.0036679760087281466,0.0035217227414250374,0.0033482261933386326,0.003146915463730693,0.0029242730233818293,0.0026818914338946342,0.0024178186431527138,0.0021339606028050184,0.0018396490486338735,0.0015460556605830789,0.0012554862769320607
0.0009615959133952856,0.0006596128223463893,0.0003536652075126767,5.693646380677819e-05
-0.00021802994888275862,-0.0004706087929662317,-0.000709924497641623,-0.0009418384870514274
-0.0011600378202274442,-0.00134967640042305,-0.0015015493845567107
-0.001627321820706129,-0.0017596750985831022,-0.0019335976103320718,-0.0021686190739274025
-0.002466809004545212,-0.002819949062541127,-0.0032164629083126783,-0.0036484738811850548
-0.004122320096939802,-0.004667565226554871,-0.005327626131474972,-0.006127050146460533
-0.007042184937745333,-0.008002139627933502,-0.00891253724694252,-0.009680073708295822
-0.010230712592601776,-0.010520192794501781,-0.010538368485867977,-0.010309955105185509
-0.009883606806397438,-0.00931136216968298,-0.008636558428406715
-0.007899250835180283,-0.0071507105603814125,-0.00645661074668169,-0.0058806464076042175
-0.0054679857566952705,-0.0052403113804757595,-0.005192714277654886,-0.005294430069625378
-0.005501934327185154,-0.0057758730836212635,-0.0060898298397660255,-0.006428712047636509
-0.006777327973395586,-0.007106884848326445,-0.0073735532350838184,-0.007531053852289915
-0.007549360394477844,-0.007424636743962765,-0.007165873423218727,-0.006775094661861658
-0.006253705359995365,-0.005631770007312298,-0.004983175545930862
-0.004402374383062124,-0.003961630631238222,-0.0036902709398418665,-0.0035891521256417036
-0.00365400779992342,-0.003876681672409177,-0.0042247651144862175,-0.004630019888281822
-0.005004651844501495,-0.005273932591080666,-0.005396087653934956,-0.0053518288768827915
-0.005120749119669199,-0.004672042094171047,-0.003978703636676073,-0.0030440904665738344
-0.001916704699397087,-0.000680555822327733,0.0005683386698365211,0.0017431562300771475
0.0027772856410592794,0.0036231365520507097,0.004242458380758762
0.004602119326591492,0.004683203063905239,0.0044930195435881615,0.004067711997777224
0.0034620417281985283,0.0027344292029738426,0.001944915158674121,0.0011649101506918669
0.0004733173409476876,-6.299751112237573e-05,-0.000400761142373085,-0.000518054177518934
-0.0004084545944351703,-7.806721259839833e-05,0.00045471731573343277,0.0011610656511038542
0.002004769165068865,0.002944255480542779,0.003936531953513622,0.004938936326652765
0.005901433993130922,0.0067680599167943,0.007508192677050829
0.008141337893903255,0.008712241426110268,0.009242484346032143,0.009704714640974998
0.010034460574388504,0.010164372622966766,0.01005209144204855,0.009690487757325172
0.009104738011956215,0.008346179500222206,0.007493216544389725,0.00665082223713398
0.005929291248321533,0.005406583659350872,0.00510565796867013,0.005007201340049505
0.00507861515507102,0.005282561760395765,0.005563446786254644,0.0058425599709153175
0.006035100668668747,0.006076257675886154,0.005933448206633329
0.005595558322966099,0.005060251802206039,0.004340425133705139,0.0034832805395126343,0.0025777060072869062,0.00173284113407135,0.0010392784606665373
0.0005478768143802881,0.0002853826736100018,0.0002820133522618562,0.0005740524502471089
0.0011769153643399477,0.002056513214483857,0.0031311153434216976,0.00430368771776557
0.0054910327307879925,0.006624547764658928,0.007630499079823494,0.008421704173088074
0.008916928432881832,0.009066758677363396,0.00886271707713604,0.00833042897284031
0.007517777383327484,0.006486224941909313,0.005307998042553663,0.004058741498738527
0.002802516333758831,0.0015907457564026117,0.0004812534898519516,-0.00044680299470201135
-0.0011047167936339974,-0.0014324365183711052,-0.0014328088145703077,-0.0011642355239018798
-0.0006985095096752048,-9.414233500137925e-05,0.0005904643912799656,0.0012691726442426443
0.001825949177145958,0.002151430118829012,0.0021836531814187765,0.0019133116584271193,0.0013559756334871054,0.0005322331562638283,-0.0005224675987847149
-0.0017435805639252067,-0.003039821283891797,-0.004311985336244106,-0.0054788049310445786
-0.006487483158707619,-0.007303385529667139,-0.007902286946773529,-0.008280390873551369
-0.008470943197607994,-0.008540883660316467,-0.008557284250855446,-0.008554298430681229
-0.008530805818736553,-0.008469182066619396,-0.008356473408639431,-0.008197741582989693
-0.008009348064661026,-0.007799055427312851,-0.0075613693334162235,-0.007296371273696423
-0.007030104752629995,-0.006811383180320263,-0.006682718172669411
-0.006654184777289629,-0.006708442699164152,-0.0068251388147473335,-0.006990194786339998
-0.007180811371654272,-0.00734909949824214,-0.007431349717080593,-0.007382123731076717
-0.007201169617474079,-0.006926806643605232,-0.006601221859455109,-0.006239975802600384
-0.005834074225276709,-0.0053814733400940895,-0.004915217403322458,-0.00449404027312994
-0.004165193066000938,-0.003944475203752518,-0.0038315667770802975,-0.0038347116205841303
-0.003974351100623608,-0.004263526760041714,-0.004685522057116032
-0.00518984068185091,-0.005710554774850607,-0.006192521657794714,-0.006601684261113405
-0.006906004622578621,-0.007051710970699787,-0.006971179507672787,-0.006618395913392305
-0.005999880842864513,-0.0051741101779043674,-0.0042181722819805145,-0.0031936573795974255
-0.0021431990899145603,-0.00111276819370687,-0.0001647446770220995,0.000637367251329124
0.0012542088516056538,0.0016804829938337207,0.0019327555783092976,0.002033907687291503
0.0020098667591810226,0.0018908712081611156,0.0017113975482061505
0.0015072267269715667,0.001311802421696484,0.001155863399617374,0.0010642026318237185
0.0010522905504330993,0.001127500319853425,0.0012873881496489048,0.0015179688343778253
0.0017988538602367043,0.0021097352728247643,0.0024323719553649426,0.002752690576016903
0.0030667977407574654,0.003380706999450922,0.003700102912262082,0.004021571483463049
0.004331355914473534,0.004614830948412418,0.004870222881436348,0.005104463547468185
0.005324188154190779,0.005553695373237133,0.005847609601914883
0.006258143112063408,0.006791907362639904,0.007400461006909609,0.008001214824616909
0.008505311794579029,0.008836356922984123,0.008942991495132446,0.008813928812742233
0.00848395936191082,0.008014476858079433,0.0074643902480602264,0.006881109904497862
0.00631089648231864,0.005808092653751373,0.005428145173937082,0.005204122047871351
0.005127924960106611,0.005156505387276411,0.005237606819719076,0.0053329262882471085
0.005416243802756071,0.005450185388326645,0.005382418166846037
0.005177793093025684,0.004844501614570618,0.004421350080519915,0.003946268931031227
0.003440926317125559,0.0029245230834931135,0.002440299838781357,0.0020610264036804438
0.0018624113872647285,0.0018907058984041214,0.0021519428119063377,0.0026245838962495327
0.003277069889008999,0.004067492671310902,0.004927230067551136,0.005761844106018543
0.006481951102614403,0.007029061205685139,0.007368394639343023,0.007468196097761393
0.007296707946807146,0.00683857686817646,0.006111243739724159
0.005164352711290121,0.004063498694449663,0.002878307830542326,0.0016848442610353231
0.0005686965305358171,-0.00038288533687591553,-0.0010964341927319765,-0.001527011627331376
-0.0016593451146036386,-0.0014931978657841682,-0.0010366120841354132,-0.0003194729797542095
0.00058711227029562,0.0015654064482077956,0.002474528271704912,0.0031913763377815485
0.0036375944036990404,0.0037772615905851126,0.0035939300432801247,0.003073309548199177
0.0022141567897051573,0.0010561407543718815,-0.0003083969932049513
-0.0017554773949086666,-0.003171296091750264,-0.004482421092689037,-0.005646077916026115
-0.0066161686554551125,-0.007337750401347876,-0.0077893780544400215,-0.008026979863643646
-0.008169532753527164,-0.008325520902872086,-0.00853068009018898,-0.008753381669521332
-0.008945019915699959,-0.009083438664674759,-0.0091799795627594,-0.009252526797354221
-0.009300180710852146,-0.009309476241469383,-0.009273715317249298,-0.009194796904921532
-0.0090712308883667,-0.008893609046936035,-0.008654691278934479
-0.00835908018052578,-0.008019401691854,-0.007646976504474878,-0.0072504379786551
-0.006839912850409746,-0.006422919221222401,-0.005995865911245346,-0.00554976612329483
-0.005088550504297018,-0.004639906343072653,-0.004248667974025011,-0.003957325126975775
-0.0037857573479413986,-0.003727045375853777,-0.0037638661451637745,-0.003886361373588443
-0.004093518480658531,-0.0043794093653559685,-0.004717088770121336,-0.0050616818480193615
-0.005373514257371426,-0.005632484331727028,-0.005832693073898554
-0.005967870820313692,-0.006023092195391655,-0.0059857177548110485,-0.005861152429133654
-0.005670137237757444,-0.005433657206594944,-0.00516420416533947,-0.004867312032729387,-0.004547647666186094,-0.004215133376419544
-0.003887859405949712,-0.0035823979414999485,-0.003295015310868621,-0.0029985771980136633
-0.0026587534230202436,-0.002248600358143449,-0.0017486435826867819,-0.0011423069518059492
-0.00042718113400042057,0.00036532117519527674,0.001169706927612424,0.001909255632199347
0.002521221060305834,0.002969541121274233,0.003244871273636818,0.0033578742295503616
0.003332264721393585,0.0031984129454940557,0.0029891792219132185,0.0027391158509999514
0.002481844276189804,0.002249942161142826,0.00208101118914783,0.0020170332863926888
0.002090648515149951,0.0023105181753635406,0.002660586964339018,0.003117804881185293
0.0036717397160828114,0.004318365827202797,0.005033805500715971,0.005766312591731548
0.0064648212864995,0.007121617440134287,0.007774934638291597,0.008451281115412712
0.009114665910601616,0.009681519120931625,0.01006939448416233,0.01022323314100504
0.010108569636940956,0.009698575362563133,0.008982532657682896,0.00799231231212616
0.006816755514591932,0.005586907267570496,0.004441640339791775,0.0034953588619828224
0.002824797760695219,0.002471046056598425,0.002442740136757493,0.0027167885564267635
0.0032403371296823025,0.003935011103749275,0.0047045438550412655,0.005450285039842129
0.0060905469581484795,0.006571180187165737,0.006862489506602287
0.006945050787180662,0.006797818932682276,0.006409317720681429,0.00580703467130661
0.00507160322740674,0.004315861966460943,0.0036476426757872105,0.003146716393530369
0.002863541478291154,0.0028283833526074886,0.0030515361577272415,0.0035078320652246475
0.004128971137106419,0.0048204390332102776,0.005490799434483051,0.00607635173946619
0.006542928982526064,0.006862094160169363,0.0069912634789943695,0.006882177200168371
0.006507392041385174,0.005875676404684782,0.005025119055062532
0.004011122509837151,0.002899849321693182,0.0017629365902394056,0.0006738631054759026
-0.00029702798929065466,-0.0010917842155322433,-0.001671454287134111,-0.0020142022985965014
-0.002109199296683073,-0.001957450294867158,-0.0015802800189703703,-0.001026985701173544
-0.00037354265805333853,0.0002948843757621944,0.0009072308312170208,0.0014151043724268675
0.0017844291869550943,0.001984157832339406,0.001985670533031225,0.0017727392259985209
0.001349249854683876,0.0007348996587097645,-4.610721953213215e-05
-0.0009677739581093192,-0.001992256613448262,-0.003064326010644436,-0.004121848847717047
-0.005111511796712875,-0.006005915813148022,-0.0068174744956195354,-0.007585900370031595
-0.008343452587723732,-0.009089639410376549,-0.009788017719984055,-0.010378570295870304
-0.010798141360282898,-0.011005548760294914,-0.010999737307429314,-0.010812770575284958
-0.010483510792255402,-0.010039319284260273,-0.009500757791101933,-0.00889937486499548
-0.008283911272883415,-0.007702667731791735,-0.007181311957538128
-0.00672190822660923,-0.006319703999906778,-0.005975555628538132,-0.005694149527698755
-0.0054744696244597435,-0.005307113751769066,-0.005184725858271122,-0.005108927376568317
-0.005081538110971451,-0.005094599444419146,-0.005130710545927286,-0.005167794413864613
-0.005184656009078026,-0.005165933631360531,-0.005105272401124239,-0.005010074470192194
-0.004902122542262077,-0.004808265715837479,-0.004750245250761509,-0.004736622795462608
-0.004755811765789986,-0.004784415941685438,-0.0048116352409124374
-0.004852218087762594,-0.004933662246912718,-0.005072620697319508,-0.005260171368718147
-0.00546509912237525,-0.00565195782110095,-0.005794274155050516,-0.005864547099918127
-0.005817117169499397,-0.005592203699052334,-0.005141605623066425,-0.004457408562302589
-0.0035796714946627617,-0.002572303870692849,-0.001493674237281084,-0.0003883461467921734
0.0007035285816527903,0.0017297433223575354,0.002623226959258318,0.003324418095871806
0.003804108826443553,0.004064101725816727,0.004120192490518093
0.003986021503806114,0.0036773469764739275,0.003230728441849351,0.0027074229437857866
0.0021771974861621857,0.001701489556580782,0.0013284560991451144,0.0011010115267708898
0.0010646452428773046,0.0012569553218781948,0.0016858030576258898,0.0023203319869935513
0.00310021685436368,0.003952620550990105,0.0048050847835838795,0.00558748934417963
0.006233118940144777,0.0066890413872897625,0.006936570163816214,0.007015187293291092
0.007017064373940229,0.007034139707684517,0.007104217540472746
0.007207106798887253,0.0073005445301532745,0.007348751649260521,0.007322461809962988
0.007194462697952986,0.00695136608555913,0.006610814947634935,0.006222901865839958
0.005845259875059128,0.005516048055142164,0.00525617552921176,0.005084900185465813
0.005021004471927881,0.005072992295026779,0.00522842351347208,0.0054463837295770645
0.005661579314619303,0.0058023398742079735,0.005813524592667818,0.005674504209309816
0.005398403853178024,0.005012516397982836,0.004547118674963713
0.0040413192473351955,0.003546613035723567,0.0031232668552547693,0.0028312928043305874
0.0027177261654287577,0.002809869358316064,0.003111355472356081,0.003597463248297572
0.004219550173729658,0.004917509853839874,0.005628951359540224,0.0062945205718278885
0.006862645037472248,0.007289152592420578,0.0075328899547457695,0.007557368371635675
0.00734170014038682,0.006891924887895584,0.006238909903913736,0.005423408467322588
0.004489450249820948,0.003492557443678379,0.0025029436219483614
0.0015951425302773714,0.0008309893310070038,0.0002445568097755313,-0.00015915307449176908
-0.00039357150672003627,-0.00047936633927747607,-0.0004354694683570415,-0.0002771907311398536
-2.3021188098937273e-05,0.0003018616116605699,0.00066992302890867,0.0010519017232581973,0.001409205375239253
7.811416253389325e-06,6.137837317510275e-06,6.319196472759359e-06,8.346853064722382e-06
1.2629241609829478e-05,1.9642708139144816e-05,2.966862484754529e-05,4.264402377884835e-05
5.798931670142338e-05,7.444714719895273e-05,9.011168731376529e-05,0.00010282031871611252
0.0001107559073716402,0.00011290685506537557,0.00010918983025476336,0.00010023645154433325
8.72309974511154e-05,7.196769001893699e-05,5.6554999900981784e-05,4.270420686225407e-05
3.132976053166203e-05,2.2646048819296993e-05
1.6465623048134148e-05,1.2490756489569321e-05,1.0449317414895631e-05,1.0120845217898022e-05
1.1348327461746521e-05,1.398688618792221e-05,1.7780252164811827e-05,2.2266089217737317e-05
2.6768833777168766e-05,3.0418808819376864e-05,3.223162639187649e-05,3.143960566376336e-05
2.7928010240430012e-05,2.230862810392864e-05,1.560639066156e-05,8.966021596279461e-06
3.5472285162541084e-06,4.373075626062928e-07,3.656090825643332e-07,3.3609219372010557e-06
8.651570169604383e-06,1.481529398006387e-05,2.019746898440644e-05
2.3474258341593668e-05,2.4005272280192003e-05,2.1906891561229713e-05,1.793335104594007e-05,1.3211071745899972e-05,8.837841960485093e-06,5.486359441420063e-06,3.2931020541582257e-06,2.044766915787477e-06,1.440925643692026e-06,1.2725229225907242e-06,1.4881616152706556e-06,2.2003944195603253e-06,3.658197783806827e-06,6.167735136841657e-06,1.0002047929447144e-05,1.5389789041364565e-05,2.2493331925943494e-05,3.120586552540772e-05,4.101118611288257e-05,5.1378021453274414e-05,6.234829197637737e-05,7.433810969814658e-05
8.726770465727895e-05,0.00010002104681916535,0.00011064892169088125,0.00011710738181136549
0.00011808678391389549,0.0001134259655373171,0.00010394173295935616,9.103791671805084e-05
7.637459930265322e-05,6.155321898404509e-05,4.788499427377246e-05,3.627002297434956e-05
2.7145095373271033e-05,2.053803655144293e-05,1.618758324184455e-05,1.3689340448763687e-05
1.2640310160350055e-05,1.2707285350188613e-05,1.3623542145069223e-05,1.5159209397097584e-05,1.7052148905349895e-05,1.8930773876491003e-05,2.034537828876637e-05
2.0949884856236167e-05,2.0695439161499962e-05,1.9805756892310455e-05,1.8551500033936463e-05,1.7126141756307334e-05,1.5701118172728457e-05,1.4473879673460033e-05,1.3653847418026999e-05
1.3441775081446394e-05,1.4011456187290605e-05,1.5481644368264824e-05,1.785294443834573e-05
2.0935791326337494e-05,2.439456875436008e-05,2.791664701362606e-05,3.127609670627862e-05
3.419784479774535e-05,3.6272940633352846e-05,3.707530413521454e-05,3.6337201891001314e-05,3.403594018891454e-05,3.0352039175340906e-05,2.5620633095968515e-05
2.034709723375272e-05,1.513273218733957e-05,1.0494240086700302e-05,6.725183538947022e-06,3.884136731358012e-06,1.8999936628461e-06,6.782732384635892e-07,1.064521910620897e-07,7.611013153052681e-09,1.590527318739987e-07,3.625075635227404e-07,4.866919312007667e-07,4.7524486035399605e-07,3.4553463024167286e-07,1.7937199459083786e-07,6.274782293758108e-08,1.4706811768405714e-08,3.655781899425392e-09,4.378213347422388e-09,1.6721626749927054e-08
6.177749156677237e-08,1.8510220911593933e-07,4.6245619955698203e-07
1.004982550512068e-06,1.9906121906387853e-06,3.728749334186432e-06,6.672684776276583e-06
1.1287339475529734e-05,1.7930984540726058e-05,2.7001915441360325e-05,3.904528057319112e-05
5.434052582131699e-05,7.232333155116066e-05,9.149965626420453e-05,0.00010982855746988207
0.00012521266762632877,-0.01165546290576458,-0.011848493479192257,-0.011754942126572132
-0.011388842947781086,-0.010798906907439232,-0.010058116167783737,-0.00924069993197918
-0.008399429731070995,-0.007563778664916754,-0.006759914569556713
-0.00602513225749135,-0.0054015289060771465,-0.004922010935842991,-0.004602479748427868
-0.004442030098289251,-0.004428240470588207,-0.00454303715378046,-0.004763580858707428
-0.005059265531599522,-0.005395233165472746,-0.005740031134337187,-0.0060633085668087006
-0.006329937372356653,-0.0065043228678405285,-0.006560010369867086,-0.006487983278930187
-0.006301967427134514,-0.006035714875906706,-0.00572953000664711,-0.005413664039224386
-0.005107126664370298,-0.004832404665648937,-0.004618419334292412
-0.004482137970626354,-0.004415597766637802,-0.0043960921466350555,-0.0044030239805579185
-0.004424205981194973,-0.004450780339539051,-0.004469817969948053,-0.004467652644962072
-0.004439865704625845,-0.004391537047922611,-0.004323363304138184,-0.004215652123093605
-0.004030164331197739,-0.0037347229663282633,-0.003325969912111759,-0.0028252871707081795
-0.002256590174511075,-0.0016326126642525196,-0.0009622480720281601,-0.0002636436838656664
0.00044152975897304714,0.0011412221938371658,0.0018266707193106413
0.002478649141266942,0.003068269696086645,0.0035659351851791143,0.00394895626232028
0.004206728655844927,0.004336927551776171,0.00433391984552145,0.004186672158539295
0.0038926205597817898,0.0034721503034234047,0.002971361158415675,0.0024545229971408844,0.001989245880395174,0.0016318288398906589,0.001427438692189753,0.0014205781044438481,0.001653406536206603,0.0021468333434313536,0.002885882742702961,0.0038365493528544903,0.004975426010787487,0.006282860413193703,0.00770850945264101
0.009152202866971493,0.010471275076270103,0.011513695120811462,0.012162581086158752
0.01235644519329071,0.012080587446689606,0.011354682967066765,0.010228089988231659
0.00878720823675394,0.007163923233747482,0.005517760291695595,0.003997980151325464
0.0027189357206225395,0.0017566853202879429,0.0011555221863090992,0.0009372439235448837
0.0011047956068068743,0.0016364667098969221,0.0024801339022815228,0.0035557630471885204
0.004760912619531155,0.005975024309009314,0.007070072460919619
0.007928802631795406,0.008464418351650238,0.008635657839477062,0.008445773273706436
0.007926875725388527,0.0071308971382677555,0.006136186886578798,0.005051239859312773
0.003999221604317427,0.0030917031690478325,0.0024077584967017174,0.0019926410168409348
0.001875019632279873,0.002073726849630475,0.002581571927294135,0.003346978919580579
0.004273286089301109,0.005244782194495201,0.006157205440104008,0.006920719053596258
0.00744838360697031,0.007658578455448151,0.007493922021239996,0.006939207203686237
0.006023595575243235,0.004812777042388916,0.003400079905986786,0.0018941604066640139
0.00040345662273466587,-0.0009759922977536917,-0.0021641510538756847,-0.0030914098024368286
-0.0036916728131473064,-0.003911653067916632,-0.00373697723262012,-0.003203872125595808
-0.002385021187365055,-0.0013721587602049112,-0.000268375501036644,0.0008124908781610429
0.0017539323307573795,0.0024606778752058744,0.0028761771973222494,0.0029734913259744644
0.0027355393394827843,0.0021501239389181137
0.0012197373434901237,-2.4321721866726875e-05,-0.001510906731709838,-0.0031382886227220297,-0.004808992147445679,-0.006460017524659634,-0.00805613212287426,-0.009553967043757439,-0.010879400186240673,-0.011943502351641655,-0.012671084143221378,-0.013010045513510704,-0.012928277254104614,-0.012416979297995567,-0.011502315290272236,-0.010253558866679668,-0.008779882453382015,-0.007220050320029259,-0.00572823965921998,-0.004450816195458174,-0.0034945784136652946,-0.002906379522755742,-0.0026818381156772375
-0.0027880314737558365,-0.003173579229041934,-0.003767355578020215,-0.0044841160997748375
-0.005241641774773598,-0.005978728644549847,-0.00666026072576642,-0.0072635761462152
-0.007756919600069523,-0.0080941841006279,-0.008237018249928951,-0.008177710697054863,-0.007935864850878716,-0.0075425803661346436,-0.007030372507870197,-0.006428971886634827
-0.00577180041000247,-0.005107388366013765,-0.0044952151365578175,-0.003990645986050367,-0.003637765534222126,-0.0034683626145124435,-0.003500407561659813
-0.003731566248461604,-0.004126772750169039,-0.004617593251168728,-0.005122440867125988
-0.005569562315940857,-0.005908912513405085,-0.006116028875112534,-0.006186254322528839
-0.006114640273153782,-0.005882007069885731,-0.0054697622545063496,-0.004884436260908842
-0.004162303637713194,-0.003355981782078743,-0.002516215667128563,-0.0016810684464871883
-0.0008828954305499792,-0.00015808804892003536,0.00045846562716178596,0.0009444839088246226
0.0012970473617315292,0.0015345399733632803,0.0016892974963411689
0.0017933871131390333,0.0018674021121114492,0.0019206192810088396,0.0019636936485767365
0.0020148372277617455,0.0020841332152485847,0.0021601556800305843,0.0022219689562916756
0.0022583489771932364,0.0022814106196165085,0.0023382636718451977,0.0025018141604959965
0.0028347736224532127,0.003355679800733924,0.004029352217912674,0.00478604668751359
0.005551240872591734,0.006266175769269466,0.006906529888510704,0.007493507117033005
0.008072865195572376,0.00867091678082943,0.009259537793695927
0.009752864018082619,0.010044259950518608,0.010059565305709839,0.009783880785107613
0.009253507480025291,0.008535121567547321,0.007707688957452774,0.006851508282124996
0.006039055064320564,0.005325465463101864,0.004747200291603804,0.004329072777181864
0.004089453257620335,0.004036196507513523,0.004161804914474487,0.004446554929018021
0.004858318716287613,0.00534784235060215,0.00585126131772995,0.006296904291957617
0.0066133104264736176,0.006742333527654409,0.006651528179645538
0.0063400836661458015,0.005839172750711441,0.005204465240240097,0.004501537419855595
0.0037915660068392754,0.003125968622043729,0.002553328638896346,0.002126490231603384
0.0018938921857625246,0.0018836999079212546,0.0021008653566241264,0.002534208819270134
0.003158646635711193,0.003926593344658613,0.004756501875817776,0.005542821250855923
0.006190811283886433,0.006641320418566465,0.006868294440209866,0.006865260656923056
0.006632301025092602,0.006169144529849291,0.005482268054038286
0.004604199901223183,0.0036066812463104725,0.0025874460116028786,0.001639287918806076
0.0008296584710478783,0.00020154204685240984,-0.00021288610878400505,-0.00038447463884949684
-0.00029838777845725417,2.8593960450962186e-05,0.0005431621102616191,0.0011650493834167719
0.001802622340619564,0.002362868282943964,0.0027575320564210415,0.0029130629263818264
0.0027811559848487377,0.0023504849523305893,0.0016543834935873747,0.0007542424136772752
-0.00029374612495303154,-0.0014527610037475824,-0.002689515706151724
-0.003948400262743235,-0.005144026130437851,-0.006187887862324715,-0.007031847257167101
-0.007692056708037853,-0.0082296347245574,-0.008700720965862274,-0.009117008186876774
-0.009446940384805202,-0.009648704901337624,-0.009696351364254951,-0.009581645019352436
-0.009309312328696251,-0.008897396735846996,-0.008380422368645668,-0.0078088813461363316
-0.0072388784028589725,-0.006717937532812357,-0.006278257817029953,-0.005938204936683178
-0.005704058799892664,-0.005570706911385059,-0.0055275061167776585
-0.005565236322581768,-0.005676747299730778,-0.005850532092154026,-0.0060611688531935215
-0.0062712146900594234,-0.006445975974202156,-0.006562222260981798,-0.006609461270272732
-0.006592930760234594,-0.006528961472213268,-0.006428966764360666,-0.006295098457485437
-0.006139308679848909,-0.005998031701892614,-0.00591637147590518,-0.005917631555348635
-0.005991915240883827,-0.006114687770605087,-0.006272975355386734,-0.00647092005237937
-0.006711752153933048,-0.006974325515329838,-0.007208528928458691
-0.0073537747375667095,-0.0073594944551587105,-0.007196576800197363,-0.006857302971184254,-0.006346828769892454,-0.005683256313204765,-0.004904331173747778
-0.004060651175677776,-0.003200273495167494,-0.0023646377958357334,-0.0015924866311252117
-0.000918789766728878,-0.00037133321166038513,3.139337059110403e-05,0.00028333914815448225
0.0003944610361941159,0.00039475347148254514,0.00033193040871992707,0.0002563806774560362
0.0002083275467157364,0.00021899644343648106,0.00031594885513186455,0.000518972345162183
0.0008257515146397054,0.0012031937949359417,0.0015959902666509151,0.0019478866597637534
0.0022286083549261093,0.0024533297400921583,0.002670388203114271,0.002917279489338398
0.0031900766771286726,0.0034589716233313084,0.0037048805970698595,0.003933262545615435
0.004153920337557793,0.004358329344540834,0.00452589662745595,0.004646802321076393
0.004738383926451206,0.0048506795428693295,0.0050479453057050705,0.0053713517263531685,0.005824025254696608,0.006384238135069609,0.007014862727373838
0.0076585374772548676,0.00823865458369255,0.00868164375424385,0.008943244814872742
0.009016128256917,0.008915049955248833,0.008657394908368587,0.008262550458312035
0.007763220928609371,0.007204542867839336,0.006628741510212421,0.006065512076020241
0.005538127850741148,0.005072420462965965,0.00469537079334259,0.004426920786499977
0.004272887483239174,0.004220533184707165,0.004244664683938026,0.0043241363018751144
0.004447095096111298,0.004597344435751438,0.004745312966406345
0.004857963882386684,0.004912620410323143,0.0049027190543711185,0.004836513660848141
0.00473423209041357,0.0046286070719361305,0.0045573352836072445,0.0045439754612743855
0.004593103192746639,0.004704507067799568,0.004879476968199015,0.005113142542541027
0.005385734140872955,0.005658520385622978,0.005882346536964178,0.006023270543664694
0.006078582257032394,0.006058222148567438,0.00596245750784874,0.005783027969300747
0.005508471745997667,0.005126392003148794,0.00463104946538806
0.004033961333334446,0.003370935097336769,0.002696386305615306,0.002064180327579379
0.0015112883411347866,0.0010546124540269375,0.0006948579102754593,0.00042735389433801174
0.00025694939540699124,0.00019378805882297456,0.00022768259805161506,0.00031602647504769266
0.00040013238321989775,0.0004298046405892819,0.0003765404690057039,0.00022640329552814364
-3.680161898955703e-05,-0.0004329008224885911,-0.0009675934561528265,-0.001618904178030789
-0.0023473056498914957,-0.0031196624040603638,-0.003916846588253975
-0.004713622387498617,-0.00546093937009573,-0.006110799964517355,-0.00666609825566411
-0.007187839597463608,-0.007741916459053755,-0.008339498192071915,-0.008923450484871864
-0.009405035525560379,-0.009715551510453224,-0.009835276752710342,-0.009784724563360214
-0.009592615999281406,-0.009275322780013084,-0.00884726271033287,-0.00834383349865675
-0.007822716608643532,-0.0073376549407839775,-0.006913616321980953,-0.006545411888509989
-0.006215548608452082,-0.005916152149438858,-0.005658281967043877
-0.005460983607918024,-0.005330153740942478,-0.00524872075766325,-0.005189854186028242
-0.005134856328368187,-0.005080437753349543,-0.005039487034082413,-0.005028732120990753
-0.005051264539361,-0.005096299108117819,-0.005151538643985987,-0.005215570330619812
-0.005304546095430851,-0.005446687340736389,-0.005664508789777756,-0.0059541924856603146
-0.00627983408048749,-0.006590006873011589,-0.006840729154646397,-0.007005132734775543
-0.0070677949115633965,-0.00701941316947341,-0.006858689710497856
-0.00659528560936451,-0.0062529658898711205,-0.00586399482563138,-0.005450576543807983
-0.005013656336814165,-0.004541303031146526,-0.004027061630040407,-0.003481148276478052
-0.002924904227256775,-0.0023767913226038218,-0.0018444969318807125,-0.0013287500478327274
-0.000831170822493732,-0.00036045932210981846,6.291462341323495e-05,0.0004117127391509712
0.000665661005768925,0.000820244662463665,0.0008894193451851606,0.0009036061819642782
0.000898523663636297,0.0009016788098961115
0.0009285041014663875,0.0009885136969387531,0.001091161509975791,0.0012418997939676046
0.0014351916033774614,0.001660526148043573,0.00191691261716187,0.0022154669277369976
0.0025667466688901186,0.0029671473894268274,0.0033954218961298466,0.0038218002300709486
0.004221252631396055,0.004573609679937363,0.004854035563766956,0.0050380416214466095
0.005125661846250296,0.005166555289179087,0.005252608563750982,0.005466178059577942
0.005834756884723902,0.006331070326268673,0.0068961563520133495
0.0074600474908947945,0.00795495044440031,0.008319058455526829,0.008502507582306862
0.008489828556776047,0.008313523605465889,0.008033517748117447,0.007706832140684128
0.007372701074928045,0.007055087946355343,0.0067730615846812725,0.0065435972064733505
0.006377481389790773,0.006279672961682081,0.006256293971091509,0.006316412705928087
0.0064552053809165955,0.006633494980633259,0.006780884228646755,0.006820477545261383
0.006698346231132746,0.006401984952390194,0.005952313542366028
0.005381630267947912,0.004725906997919083,0.0040311068296432495,0.003355170600116253
0.0027578589506447315,0.0022888665553182364,0.0019908857066184282,0.0019080003257840872
0.0020764018408954144,0.0025025196373462677,0.003155290614813566,0.003984177019447088
0.004939249251037836,0.005967914126813412,0.0069941570982337,0.007905108854174614,0.008566556498408318,0.008862989954650402,0.008735686540603638,0.008190931752324104,0.007275321986526251,0.006051432806998491,0.004595236852765083
0.0030021783895790577,0.0013846128713339567,-0.00014438549987971783,-0.0014917312655597925
-0.002593072596937418,-0.003401273861527443,-0.003872013883665204,-0.003971411380916834,-0.0036967017222195864,-0.003081057220697403,-0.002180785872042179
-0.0010708440095186234,0.0001440206542611122,0.001328457030467689,0.0023415014147758484
0.003067435696721077,0.003425648668780923,0.0033624600619077682,0.002852589124813676
0.0019158185459673405,0.0006255421321839094,-0.0009007637854665518,-0.0025228240992873907
-0.004104314371943474,-0.005537508986890316,-0.006764235906302929,-0.0077837808057665825
-0.008625699207186699,-0.009306990541517735,-0.009820407256484032,-0.010150402784347534
-0.010285947471857071,-0.010220869444310665,-0.009952525608241558,-0.00949427392333746
-0.008891304023563862,-0.008217912167310715,-0.007556455209851265,-0.006973489187657833
-0.006513639353215694,-0.006213149521499872,-0.006101042963564396,-0.006175579968839884
-0.006394497584551573,-0.006699298042804003,-0.007044398225843906
-0.0074021462351083755,-0.007740562316030264,-0.008000275120139122,-0.008104244247078896
-0.00799480453133583,-0.007663961499929428,-0.0071538835763931274,-0.00652881758287549
-0.0058495053090155125,-0.005172316450625658,-0.00455409474670887,-0.004048725124448538
-0.003700524102896452,-0.0035350059624761343,-0.0035534792114049196,-0.003740187268704176
-0.004072352312505245,-0.0045177266001701355,-0.0050279684364795685,-0.005546210333704948
-0.006019470281898975,-0.0063995420932769775,-0.006639326922595501
-0.006690874695777893,-0.006512858439236879,-0.006094485986977816,-0.005472345277667046
-0.0047189658507704735,-0.003911617677658796,-0.0031062555499374866,-0.0023386823013424873
-0.001641896553337574,-0.001049100887030363,-0.0005802881205454469,-0.00023896247148513794
-2.5308196200057864e-05,5.5386233725585043e-05,-2.3895718186395243e-06,-0.00019025396613869816
-0.000473265303298831,-0.0007973688188940287,-0.0011117151007056236,-0.0013821236789226532
-0.0015858933329582214,-0.0016942739021033049,-0.0016663427231833339
-0.0014682933688163757,-0.0010929849231615663,-0.0005575910909101367,0.00011011841706931591
0.0008820417569950223,0.0017309922259300947,0.0026264414191246033,0.003536929376423359
0.004438832402229309,0.005316415801644325,0.006151427514851093,0.006914027500897646
0.007565046660602093,0.008072670549154282,0.008428041823208332,0.00864656176418066
0.008767003193497658,0.008846571668982506,0.008936239406466484,0.009054949507117271
0.009186767041683197,0.009291230700910091,0.009311145171523094
0.009183148853480816,0.008863653987646103,0.00835637841373682,0.0077126952819526196
0.0070045338943600655,0.006293744780123234,0.005621229764074087,0.005018892232328653
0.004518972244113684,0.004145306069403887,0.003901717020198703,0.003774391720071435
0.003747873706743121,0.0038155626971274614,0.003969031386077404,0.004177016671746969
0.00438346853479743,0.0045374492183327675,0.0046208761632442474,0.004642544314265251
0.004614012315869331,0.004536059219390154,0.004408839158713818
0.004249027464538813,0.004087824374437332,0.003949991427361965,0.003836748655885458
0.00373883917927742,0.00366890337318182,0.0036693066358566284,0.003786837449297309
0.004046190995723009,0.004443426616489887,0.004954786039888859,0.005543800536543131
0.0061552864499390125,0.006712872069329023,0.007141126319766045,0.007392025087028742
0.007443482521921396,0.007280710153281689,0.006892445497214794,0.006282655056566
0.0054765078239142895,0.004514593631029129,0.003446205984801054
0.002329085720703006,0.0012281937524676323,0.0002060446422547102,-0.0006894046673551202
-0.0014280593022704124,-0.0019907280802726746,-0.0023634054232388735,-0.0025372395757585764
-0.0025107008405029774,-0.0022982493974268436,-0.0019389437511563301,-0.001489869668148458
-0.0010092677548527718,-0.0005429141456261277,-0.00012132548727095127,0.00023139765835367143
0.00048739611520431936,0.0006141428602859378,0.000577808590605855,0.0003430594224482775
-0.00012245256220921874,-0.0008323088986799121,-0.0017647770000621676
-0.0028618318028748035,-0.004055306315422058,-0.005303136073052883,-0.006591855548322201
-0.007902048528194427,-0.009180422872304916,-0.010337992571294308,-0.011267270892858505
-0.011870569549500942,-0.012085407972335815,-0.011897828429937363,-0.011340269818902016
-0.01048135943710804,-0.009422767907381058,-0.008288087323307991,-0.00718922121450305
-0.0062001240439713,-0.005358890630304813,-0.0046816980466246605,-0.0041717360727488995
-0.003821586025878787,-0.003617722075432539,-0.003551655216142535
-0.0036280720960348845,-0.0038571953773498535,-0.004234055057168007,-0.0047272127121686935
-0.0052863359451293945,-0.005854290444403887,-0.006373978685587645,-0.006788197439163923
-0.007039369083940983,-0.007082684896886349,-0.006907787639647722,-0.006548922974616289
-0.006076099816709757,-0.0055739083327353,-0.0051208981312811375,-0.004783452022820711
-0.004619016777724028,-0.004666966386139393,-0.004931166768074036,-0.005376417189836502
-0.005938839167356491,-0.006543170195072889,-0.007119268178939819
-0.007607657462358475,-0.007954923436045647,-0.008106018416583538,-0.008007687516510487
-0.007628457620739937,-0.006975866388529539,-0.0060920133255422115,-0.0050314441323280334
-0.0038413698785007,-0.00255844509229064,-0.0012210891582071781,0.00011627154890447855
0.0013839907478541136,0.0025143115781247616,0.0034597408957779408,0.004194512031972408
0.004695710726082325,0.0049290731549263,0.004862281959503889,0.004494199529290199
0.0038700455334037542,0.0030678329057991505,0.0021729327272623777
0.0012632638681679964,0.0004114151233807206,-0.0003064351622015238,-0.0008199946023523808
-0.00108681945130229,-0.0010943298693746328,-0.0008451854810118675,-0.0003446634509600699
0.00039810268208384514,0.0013503333320841193,0.0024409068282693624,0.003575020469725132
0.004665465094149113,0.005650065839290619
